Customer ID,Customer Name,Segment,Location_ID
DP-13000,Darren Powers,Consumer,US-Cen-Tex-Hou-77095
PO-19195,Phillina Ober,Home Office,US-Cen-Ill-Nap-60540
MB-18085,Mick Brown,Consumer,US-Eas-Pen-Phi-19143
ME-17320,Maria Etezadi,Home Office,US-Sou-Ken-Hen-42420
JO-15145,Jack O'Briant,Corporate,US-Sou-Geo-Ath-30605
LS-17230,Lycoris Saunders,Consumer,US-Wes-Cal-Los-90049
VS-21820,Vivek Sundaresam,Consumer,US-Cen-Tex-Hun-77340
MS-17830,Melanie Seite,Consumer,US-Cen-Tex-Lar-78041
AJ-10780,Anthony Jacobs,Corporate,US-Sou-Vir-Spr-22153
SV-20365,Seth Vernon,Consumer,US-Eas-Del-Dov-19901
CS-12250,Chris Selesnick,Corporate,US-Sou-Lou-Bos-71111
BD-11605,Brian Dahlen,Consumer,US-Wes-Cal-San-94109
MM-17920,Michael Moore,Consumer,US-Eas-Ohi-New-43055
ND-18370,Natalie DeCherney,Consumer,US-Sou-Sou-Mou-29464
BS-11590,Brendan Sweed,Corporate,US-Eas-Pen-Phi-19140
EH-13990,Erica Hackney,Consumer,US-Sou-Geo-Ros-30076
DL-13315,Delfina Latchford,Consumer,US-Eas-Pen-Phi-19134
DW-13195,David Wiener,Corporate,US-Wes-Ore-Spr-97477
TS-21340,Toby Swindell,Consumer,US-Wes-Ari-Sco-85254
XP-21865,Xylona Preis,Consumer,US-Cen-Mic-Wes-48185
MV-17485,Mark Van Huff,Consumer,US-Wes-Cal-Los-90049
MM-18280,Muhammed MacIntyre,Corporate,US-Sou-Ten-Smy-37167
HL-15040,Hunter Lopez,Consumer,US-Sou-Ark-Jon-72401
TB-21400,Tom Boeckenhauer,Consumer,US-Sou-Flo-Mia-33180
SG-20605,Speros Goranitis,Consumer,US-Cen-Ind-Laf-47905
IM-15055,Ionia McGrath,Consumer,US-Wes-Nev-Las-89115
SD-20485,Shirley Daniels,Home Office,US-Sou-Vir-Ale-22304
CA-11965,Carol Adams,Corporate,US-Cen-Sou-Rap-57701
EJ-13720,Ed Jacobs,Consumer,US-Wes-Cal-San-92037
JC-15340,Jasper Cacioppo,Consumer,US-Eas-New-New-10024
MV-18190,Mike Vittorini,Consumer,US-Cen-Mic-Det-48234
LC-17050,Liz Carlisle,Consumer,US-Wes-Cal-Mis-92691
BD-11500,Bradley Drucker,Consumer,US-Cen-Wis-Gre-54302
EB-13930,Eric Barreto,Consumer,US-Sou-Flo-Sai-33710
CD-12790,Cynthia Delaney,Home Office,US-Wes-Cal-San-92037
TB-21400,Tom Boeckenhauer,Consumer,US-Wes-Was-Sea-98105
DB-13270,Deborah Brumfield,Home Office,US-Wes-Cal-San-92024
MH-17440,Mark Haberlin,Corporate,US-Wes-Cal-Esc-92025
ND-18460,Neil Ducich,Corporate,US-Sou-Vir-Che-23320
DL-13315,Delfina Latchford,Consumer,US-Cen-Ill-Rom-60441
CK-12760,Cyma Kinney,Corporate,US-Eas-New-Lin-7036
CS-12250,Chris Selesnick,Corporate,US-Eas-New-New-10024
NM-18445,Nathan Mautz,Home Office,US-Wes-Nev-Nor-89031
GA-14725,Guy Armstrong,Consumer,US-Cen-Mis-Col-65203
NF-18385,Natalie Fritzler,Consumer,US-Sou-Vir-Che-23320
SC-20095,Sanjit Chand,Consumer,US-Wes-Cal-Con-94521
ML-17395,Marina Lichtenstein,Corporate,US-Wes-Was-Sea-98103
ST-20530,Shui Tom,Consumer,US-Cen-Tex-Hou-77095
BF-11020,Barry Französisch,Corporate,US-Wes-Was-Sea-98105
MN-17935,Michael Nguyen,Consumer,US-Cen-Tex-Dal-75220
DL-13315,Delfina Latchford,Consumer,US-Cen-Ill-Chi-60653
AB-10015,Aaron Bergman,Consumer,US-Cen-Tex-Arl-76017
TB-21595,Troy Blackwell,Consumer,US-Cen-Tex-Lub-79424
LC-16930,Linda Cazamias,Corporate,US-Cen-Ind-Ric-47374
SR-20740,Steven Roelle,Home Office,US-Wes-Cal-Los-90049
TM-21010,Tamara Manning,Consumer,US-Cen-Ill-Woo-60098
SA-20830,Sue Ann Reed,Consumer,US-Wes-Cal-Mor-92553
MG-17875,Michael Grace,Home Office,US-Cen-Tex-El -79907
JH-15430,Jennifer Halladay,Consumer,US-Wes-Ore-Med-97504
JS-16030,Joy Smith,Consumer,US-Eas-Ohi-Col-43229
VF-21715,Vicky Freymann,Home Office,US-Cen-Ill-Elm-60126
DB-13060,Dave Brooks,Consumer,US-Wes-Was-Sea-98115
SC-20380,Shahid Collister,Consumer,US-Cen-Tex-El -79907
HR-14770,Hallie Redmond,Home Office,US-Eas-New-New-10035
GW-14605,Giulietta Weimer,Consumer,US-Cen-Tex-Hou-77036
KN-16705,Kristina Nunn,Home Office,US-Eas-New-New-10009
NH-18610,Nicole Hansen,Corporate,US-Eas-Pen-Phi-19120
AJ-10945,Ashley Jarboe,Consumer,US-Sou-Nor-Wil-28403
JS-15595,Jill Stevenson,Corporate,US-Eas-Ohi-Col-43229
SC-20020,Sam Craven,Consumer,US-Cen-Tex-Hou-77095
EJ-14155,Eva Jacobs,Consumer,US-Wes-Cal-San-92037
AP-10720,Anne Pryor,Home Office,US-Eas-New-New-10035
SC-20095,Sanjit Chand,Consumer,US-Sou-Flo-Mar-33063
CL-12565,Clay Ludtke,Consumer,US-Sou-Sou-Col-29203
AB-10150,Aimee Bixby,Consumer,US-Eas-New-Yon-10701
CM-12715,Craig Molinari,Corporate,US-Wes-Was-Sea-98103
AB-10015,Aaron Bergman,Consumer,US-Wes-Was-Sea-98103
NP-18685,Nora Pelletier,Home Office,US-Wes-Was-Des-98198
KT-16480,Kean Thornton,Consumer,US-Wes-Col-Den-80219
SW-20275,Scott Williamson,Consumer,US-Cen-Mic-Roy-48073
RB-19435,Richard Bierner,Consumer,US-Wes-Cal-Ros-95661
FM-14215,Filia McAdams,Corporate,US-Sou-Ken-Ric-40475
CK-12205,Chloris Kastensmidt,Consumer,US-Eas-Ohi-Col-43229
KA-16525,Kelly Andreada,Consumer,US-Eas-New-New-10024
CK-12325,Christine Kargatis,Home Office,US-Sou-Vir-Che-23320
DK-13225,Dean Katz,Corporate,US-Wes-Cal-Hun-92646
NF-18475,Neil Französisch,Home Office,US-Sou-Flo-Jac-32216
JF-15295,Jason Fortune-,Consumer,US-Wes-Uta-Log-84321
RB-19465,Rick Bensley,Home Office,US-Cen-Ill-Chi-60653
AS-10240,Alan Shonely,Consumer,US-Sou-Flo-Tam-33614
KN-16705,Kristina Nunn,Home Office,US-Sou-Nor-Ral-27604
MH-17440,Mark Haberlin,Corporate,US-Sou-Mis-Jac-39212
QJ-19255,Quincy Jones,Corporate,US-Eas-Pen-Phi-19134
CP-12340,Christine Phan,Corporate,US-Eas-New-New-10024
BN-11515,Bradley Nguyen,Consumer,US-Cen-Min-Lak-55044
AZ-10750,Annie Zypern,Consumer,US-Cen-Tex-Dal-75217
SM-20320,Sean Miller,Home Office,US-Sou-Flo-Jac-32216
SC-20050,Sample Company A,Home Office,US-Wes-Cal-Bur-91505
EK-13795,Eileen Kiefer,Home Office,US-Wes-Cal-San-94110
MC-17605,Matt Connell,Corporate,US-Sou-Flo-Lak-33801
KH-16690,Kristen Hastings,Corporate,US-Sou-Vir-Spr-22153
GM-14440,Gary McGarr,Consumer,US-Sou-Ten-Kno-37918
CB-12025,Cassandra Brandow,Consumer,US-Eas-Ohi-Ham-45011
TS-21205,Thomas Seio,Corporate,US-Sou-Nor-Ash-28806
BF-11275,Beth Fritzler,Corporate,US-Wes-Ari-Tuc-85705
CC-12685,Craig Carroll,Consumer,US-Sou-Nor-Gre-27405
VM-21835,Vivian Mathis,Consumer,US-Cen-Ind-Por-46368
BG-11740,Bruce Geld,Consumer,US-Sou-Flo-Del-33445
PO-18865,Patrick O'Donnell,Consumer,US-Wes-Cal-Los-90036
MS-17710,Maurice Satty,Consumer,US-Wes-Cal-Fre-93727
CD-11920,Carlos Daly,Consumer,US-Eas-New-New-10024
AZ-10750,Annie Zypern,Consumer,US-Eas-New-New-10009
CA-12265,Christina Anderson,Consumer,US-Wes-Cal-San-94110
CS-12505,Cindy Stewart,Consumer,US-Wes-Cal-Pom-91767
JD-15895,Jonathan Doherty,Corporate,US-Wes-Cal-Los-90036
DK-12835,Damala Kotsonis,Corporate,US-Wes-Cal-San-94122
CV-12295,Christina VanderZanden,Consumer,US-Cen-Iow-Des-50315
DR-12940,Daniel Raglin,Home Office,US-Wes-New-Alb-87105
MP-18175,Mike Pelletier,Home Office,US-Eas-Ohi-Spr-45503
MG-18145,Mike Gockenbach,Consumer,US-Cen-Tex-Pla-75023
MP-17470,Mark Packer,Home Office,US-Cen-Tex-Bro-78521
NC-18340,Nat Carroll,Consumer,US-Cen-Min-App-55124
Dl-13600,Dorris liebe,Corporate,US-Wes-Was-Sea-98105
SG-20890,Susan Gilcrest,Corporate,US-Eas-New-New-10009
KM-16720,Kunst Miller,Consumer,US-Eas-New-Lon-11561
GA-14725,Guy Armstrong,Consumer,US-Wes-Cal-San-94110
TG-21640,Trudy Glocke,Consumer,US-Sou-Flo-Tam-33614
KB-16240,Karen Bern,Corporate,US-Sou-Flo-Mia-33180
DD-13570,Dorothy Dickinson,Consumer,US-Cen-Ill-Chi-60610
JO-15280,Jas O'Carroll,Consumer,US-Eas-Pen-Phi-19120
AA-10315,Alex Avila,Consumer,US-Wes-Cal-San-94122
KM-16720,Kunst Miller,Consumer,US-Wes-Cal-Val-94591
KH-16330,Katharine Harms,Corporate,US-Eas-Mas-Rev-2151
AH-10690,Anna Häberlin,Corporate,US-Sou-Vir-Vir-23464
RD-19585,Rob Dowd,Consumer,US-Sou-Geo-Ath-30605
KE-16420,Katrina Edelman,Corporate,US-Wes-Cal-Los-90008
KB-16585,Ken Black,Corporate,US-Sou-Lou-Laf-70506
MS-17710,Maurice Satty,Consumer,US-Cen-Mic-Det-48205
MZ-17515,Mary Zewe,Corporate,US-Wes-Cal-Los-90008
PK-18910,Paul Knutson,Home Office,US-Wes-Cal-San-94109
JG-15805,John Grady,Corporate,US-Cen-Ill-Dec-62521
RP-19855,Roy Phan,Corporate,US-Sou-Ken-Ric-40475
GM-14695,Greg Maxwell,Corporate,US-Sou-Vir-Ale-22304
RD-19900,Ruben Dartt,Consumer,US-Cen-Mic-Dea-48127
TH-21550,Tracy Hopkins,Home Office,US-Eas-New-New-10035
FH-14275,Frank Hawley,Corporate,US-Wes-Cal-Los-90004
SC-20260,Scott Cohen,Corporate,US-Wes-Was-Sea-98115
SD-20485,Shirley Daniels,Home Office,US-Eas-Pen-Phi-19143
GP-14740,Guy Phonely,Corporate,US-Eas-Pen-Lan-17602
AY-10555,Andy Yotov,Corporate,US-Wes-Cal-Los-90049
PJ-19015,Pauline Johnson,Consumer,US-Sou-Ala-Mob-36608
VM-21685,Valerie Mitchum,Home Office,US-Sou-Geo-Mar-30062
RS-19765,Roland Schwarz,Corporate,US-Sou-Sou-Col-29203
JM-15655,Jim Mitchum,Corporate,US-Wes-Ari-Gle-85301
JS-15880,John Stevenson,Consumer,US-Eas-Ohi-Tol-43615
PC-19000,Pauline Chand,Home Office,US-Wes-Ari-Cha-85224
NM-18445,Nathan Mautz,Home Office,US-Wes-Cal-Con-94521
RA-19885,Ruben Ausman,Corporate,US-Sou-Ala-Dec-35601
JK-15370,Jay Kimmel,Consumer,US-Sou-Flo-Mia-33180
MM-18055,Michelle Moray,Consumer,US-Wes-Mon-Gre-59405
GM-14455,Gary Mitchum,Home Office,US-Cen-Tex-Aus-78745
SE-20110,Sanjit Engle,Consumer,US-Wes-Ida-Lew-83501
KN-16450,Kean Nguyen,Corporate,US-Wes-Cal-Red-90278
EH-13765,Edward Hooks,Corporate,US-Wes-Cal-Lod-95240
SV-20785,Stewart Visinsky,Consumer,US-Cen-Ind-Blo-47401
BF-11170,Ben Ferrer,Home Office,US-Eas-Mar-Bal-21215
JD-15895,Jonathan Doherty,Corporate,US-Eas-Pen-Phi-19140
PS-18970,Paul Stevenson,Home Office,US-Wes-Cal-Los-90049
SP-20650,Stephanie Phelps,Corporate,US-Sou-Nor-Wil-28403
KM-16720,Kunst Miller,Consumer,US-Cen-Tex-Hou-77095
JL-15835,John Lee,Consumer,US-Wes-Cal-Los-90049
AG-10390,Allen Goldenen,Consumer,US-Sou-Vir-Arl-22204
SV-20365,Seth Vernon,Consumer,US-Cen-Tex-Hou-77070
BP-11230,Benjamin Patterson,Consumer,US-Wes-Cal-Los-90045
DB-13555,Dorothy Badders,Corporate,US-Sou-Ken-Hen-42420
AA-10375,Allen Armold,Consumer,US-Wes-Cal-Los-90008
AH-10030,Aaron Hawkins,Corporate,US-Eas-New-Tro-12180
NM-18445,Nathan Mautz,Home Office,US-Wes-Cal-San-94109
TS-21160,Theresa Swint,Corporate,US-Eas-Pen-Phi-19134
LB-16795,Laurel Beltran,Home Office,US-Eas-Ohi-Col-43229
DA-13450,Dianna Arnett,Home Office,US-Cen-Tex-Hou-77095
BT-11305,Beth Thompson,Home Office,US-Wes-Cal-San-91776
LC-16885,Lena Creighton,Consumer,US-Sou-Nor-Wil-28403
MH-17290,Marc Harrigan,Home Office,US-Wes-Cal-Los-90036
AG-10300,Aleksandra Gannaway,Corporate,US-Wes-Cal-Los-90049
GB-14530,George Bell,Corporate,US-Eas-Ohi-New-43055
DS-13180,David Smith,Corporate,US-Eas-New-Jam-14701
MY-18295,Muhammed Yedwab,Corporate,US-Eas-Mar-Bal-21215
AI-10855,Arianne Irving,Consumer,US-Wes-Cal-San-94122
LA-16780,Laura Armstrong,Corporate,US-Sou-Ten-Mem-38109
KH-16360,Katherine Hughes,Consumer,US-Eas-Del-Dov-19901
LL-16840,Lauren Leatherbury,Consumer,US-Eas-New-Roc-14609
HG-14845,Harry Greene,Consumer,US-Sou-Lou-Lak-70601
TM-21010,Tamara Manning,Consumer,US-Sou-Mis-Jac-39212
JM-16195,Justin MacKendrick,Consumer,US-Sou-Ken-Lou-40214
AR-10510,Andrew Roberts,Consumer,US-Eas-Ohi-Col-43229
CS-11860,Cari Schnelling,Consumer,US-Sou-Flo-Lak-33801
JS-15940,Joni Sundaresam,Home Office,US-Cen-Wis-App-54915
NC-18415,Nathan Cano,Consumer,US-Eas-New-Yon-10701
NC-18340,Nat Carroll,Consumer,US-Cen-Tex-Hou-77036
BS-11365,Bill Shonely,Corporate,US-Wes-Was-Sea-98105
PM-18940,Paul MacIntyre,Consumer,US-Cen-Mic-Jac-49201
GD-14590,Giulietta Dortch,Corporate,US-Sou-Vir-Arl-22204
KH-16330,Katharine Harms,Corporate,US-Cen-Ill-Fre-61032
PF-19120,Peter Fuller,Consumer,US-Sou-Ken-Ric-40475
SN-20710,Steve Nguyen,Home Office,US-Wes-Cal-Los-90004
HP-14815,Harold Pawlan,Home Office,US-Wes-Cal-Los-90049
CT-11995,Carol Triggs,Consumer,US-Eas-Mas-Law-1841
KT-16480,Kean Thornton,Consumer,US-Eas-Pen-Phi-19134
SB-20290,Sean Braxton,Corporate,US-Sou-Ken-Hen-42420
PG-18820,Patrick Gardner,Consumer,US-Wes-Cal-San-94110
AI-10855,Arianne Irving,Consumer,US-Wes-Was-Ken-98031
GM-14680,Greg Matthias,Consumer,US-Wes-Cal-San-95123
AF-10885,Art Foster,Consumer,US-Eas-Pen-Phi-19134
VW-21775,Victoria Wilson,Corporate,US-Cen-Tex-Hun-77340
RM-19375,Raymond Messe,Consumer,US-Cen-Tex-Hou-77095
BG-11695,Brooke Gillingham,Corporate,US-Eas-New-Wat-13601
HD-14785,Harold Dahlen,Home Office,US-Cen-Ill-Chi-60610
PG-18895,Paul Gonzalez,Consumer,US-Cen-Tex-For-76106
KT-16480,Kean Thornton,Consumer,US-Eas-Mas-Fra-2038
HL-15040,Hunter Lopez,Consumer,US-Cen-Wis-Mil-53209
AH-10030,Aaron Hawkins,Corporate,US-Wes-Cal-Los-90004
EH-14005,Erica Hernandez,Home Office,US-Sou-Flo-Hia-33012
AG-10270,Alejandro Grove,Consumer,US-Wes-Uta-Wes-84084
NP-18325,Naresj Patel,Consumer,US-Wes-Cal-Oak-94601
AJ-10795,Anthony Johnson,Corporate,US-Sou-Flo-Sai-33710
CC-12475,Cindy Chapman,Consumer,US-Wes-Cal-San-94122
PW-19030,Pauline Webber,Corporate,US-Wes-Cal-Los-90036
PA-19060,Pete Armstrong,Home Office,US-Cen-Wis-Eau-54703
GA-14515,George Ashbrook,Consumer,US-Cen-Tex-Dal-75220
TT-21070,Ted Trevino,Consumer,US-Eas-Ohi-Akr-44312
BS-11755,Bruce Stewart,Consumer,US-Eas-Ohi-Cle-44105
TD-20995,Tamara Dahlen,Consumer,US-Sou-Vir-Vir-23464
JH-15820,John Huston,Consumer,US-Cen-Mic-Mid-48640
RF-19345,Randy Ferguson,Corporate,US-Eas-New-Dov-3820
MC-17590,Matt Collister,Corporate,US-Cen-Tex-San-78666
KH-16360,Katherine Hughes,Consumer,US-Cen-Tex-Hou-77070
BT-11530,Bradley Talbott,Home Office,US-Wes-Cal-San-92037
MW-18235,Mitch Willingham,Corporate,US-Sou-Vir-Vir-23464
FG-14260,Frank Gastineau,Home Office,US-Eas-Mas-Law-1841
EH-14185,Evan Henry,Consumer,US-Sou-Ala-Dec-35601
GT-14710,Greg Tran,Consumer,US-Eas-New-New-10035
AR-10510,Andrew Roberts,Consumer,US-Eas-Pen-Phi-19134
EH-13990,Erica Hackney,Consumer,US-Wes-Was-Bel-98006
RP-19390,Resi Pölking,Consumer,US-Eas-Mar-Bal-21215
JL-15235,Janet Lee,Consumer,US-Cen-Ill-Chi-60623
BW-11065,Barry Weirich,Consumer,US-Eas-New-New-10035
MM-18055,Michelle Moray,Consumer,US-Cen-Ill-Chi-60623
HF-14995,Herbert Flentye,Consumer,US-Wes-Cal-Los-90008
ML-17395,Marina Lichtenstein,Corporate,US-Wes-Cal-Los-90008
Dp-13240,Dean percer,Home Office,US-Wes-Uta-Mur-84107
MH-17785,Maya Herman,Corporate,US-Wes-Cal-San-92105
LC-16885,Lena Creighton,Consumer,US-Wes-Cal-San-94109
LE-16810,Laurel Elliston,Consumer,US-Cen-Ill-Chi-60653
PJ-18835,Patrick Jones,Corporate,US-Wes-Was-Sea-98115
MM-17260,Magdelene Morse,Consumer,US-Wes-Was-Sea-98105
LW-16825,Laurel Workman,Corporate,US-Eas-New-New-10024
EB-13840,Ellis Ballard,Corporate,US-Sou-Vir-Ric-23223
MC-17425,Mark Cousins,Corporate,US-Cen-Ill-Chi-60623
SS-20410,Shahid Shariari,Consumer,US-Cen-Ill-Buf-60089
JG-15160,James Galang,Consumer,US-Eas-New-New-10024
JK-15625,Jim Karlsson,Consumer,US-Sou-Mis-Jac-39212
DW-13480,Dianna Wilson,Home Office,US-Cen-Min-Lak-55044
CR-12625,Corey Roper,Home Office,US-Eas-New-Lak-8701
QJ-19255,Quincy Jones,Corporate,US-Cen-Mic-Det-48234
LT-17110,Liz Thompson,Consumer,US-Sou-Ark-Lit-72209
CK-12325,Christine Kargatis,Home Office,US-Wes-Uta-Ore-84057
SV-20785,Stewart Visinsky,Consumer,US-Sou-Geo-Ros-30076
RE-19450,Richard Eichhorn,Consumer,US-Cen-Ill-Dec-62521
SC-20725,Steven Cartwright,Consumer,US-Wes-Was-Sea-98115
RB-19795,Ross Baird,Home Office,US-Cen-Mic-Mid-48640
MP-17470,Mark Packer,Home Office,US-Eas-Ohi-Col-43229
BT-11440,Bobby Trafton,Consumer,US-Eas-New-New-10035
SV-20785,Stewart Visinsky,Consumer,US-Sou-Flo-Jac-32216
SB-20170,Sarah Bern,Consumer,US-Cen-Ill-Chi-60623
GT-14635,Grant Thornton,Corporate,US-Eas-New-Lon-11561
VT-21700,Valerie Takahito,Home Office,US-Cen-Tex-Hou-77070
BM-11785,Bryan Mills,Consumer,US-Eas-New-Roc-14609
NR-18550,Nick Radford,Consumer,US-Cen-Ill-Aur-60505
BP-11095,Bart Pistole,Corporate,US-Cen-Ill-Peo-61604
KE-16420,Katrina Edelman,Corporate,US-Sou-Ten-Bri-37620
RD-19480,Rick Duston,Consumer,US-Eas-New-Lon-11561
CS-11950,Carlos Soltero,Consumer,US-Wes-Was-Sea-98115
BH-11710,Brosina Hoffman,Consumer,US-Wes-Cal-Los-90032
CW-11905,Carl Weiss,Home Office,US-Cen-Tex-Hun-77340
TS-21205,Thomas Seio,Corporate,US-Wes-Nev-Nor-89031
CM-12445,Chuck Magee,Consumer,US-Wes-Cal-San-94122
FO-14305,Frank Olsen,Consumer,US-Sou-Vir-Har-22801
HK-14890,Heather Kirkland,Corporate,US-Cen-Mic-Det-48234
FM-14215,Filia McAdams,Corporate,US-Wes-Cal-Los-90032
SR-20425,Sharelle Roach,Home Office,US-Cen-Mic-Det-48234
PS-18760,Pamela Stobb,Consumer,US-Cen-Tex-El -79907
KL-16555,Kelly Lampkin,Corporate,US-Cen-Tex-San-78207
CK-12205,Chloris Kastensmidt,Consumer,US-Eas-New-Hem-11550
SC-20575,Sonia Cooley,Consumer,US-Cen-Ind-Mis-46544
JF-15415,Jennifer Ferguson,Consumer,US-Cen-Ill-Chi-60653
GH-14425,Gary Hwang,Consumer,US-Wes-Was-Sea-98105
DB-13660,Duane Benoit,Consumer,US-Eas-Del-New-19711
MC-18100,Mick Crebagga,Consumer,US-Wes-Cal-Los-90036
SC-20020,Sam Craven,Consumer,US-Cen-Tex-Pla-75023
Co-12640,Corey-Lock,Consumer,US-Cen-Okl-Law-73505
NW-18400,Natalie Webber,Consumer,US-Eas-Pen-Phi-19120
SV-20785,Stewart Visinsky,Consumer,US-Wes-Col-Pue-81001
DB-13060,Dave Brooks,Consumer,US-Eas-New-Lak-8701
RM-19375,Raymond Messe,Consumer,US-Eas-Con-Mer-6450
NP-18325,Naresj Patel,Consumer,US-Sou-Vir-Way-22980
TB-21280,Toby Braunhardt,Consumer,US-Eas-New-New-10024
JG-15160,James Galang,Consumer,US-Eas-New-Lon-11561
TB-21280,Toby Braunhardt,Consumer,US-Wes-Ari-Pho-85023
DV-13465,Dianna Vittorini,Consumer,US-Cen-Min-Min-55407
AA-10645,Anna Andreadi,Consumer,US-Eas-Pen-Che-19013
JE-15745,Joel Eaton,Consumer,US-Wes-Col-Lou-80027
BS-11665,Brian Stugart,Consumer,US-Eas-Pen-Phi-19143
DL-13330,Denise Leinenbach,Consumer,US-Sou-Nor-Con-28027
LP-17080,Liz Pelletier,Consumer,US-Wes-Ari-Tuc-85705
GK-14620,Grace Kelly,Corporate,US-Wes-Ore-Sal-97301
NS-18640,Noel Staavos,Corporate,US-Wes-Cal-Los-90049
LM-17065,Liz MacKendrick,Consumer,US-Sou-Mis-Sou-38671
RW-19630,Rob Williams,Corporate,US-Cen-Mic-Det-48234
CA-12775,Cynthia Arntzen,Consumer,US-Eas-Pen-Phi-19140
JK-15625,Jim Karlsson,Consumer,US-Eas-New-New-10024
DL-12865,Dan Lawera,Consumer,US-Eas-Ohi-Cin-45231
AR-10825,Anthony Rawles,Corporate,US-Wes-Cal-Los-90004
MS-17980,Michael Stewart,Corporate,US-Cen-Tex-Hou-77095
BD-11620,Brian DeCherney,Consumer,US-Sou-Nor-Wil-28403
CS-11860,Cari Schnelling,Consumer,US-Eas-New-New-10011
RA-19915,Russell Applegate,Consumer,US-Cen-Ill-Chi-60653
HA-14905,Helen Abelman,Consumer,US-Eas-New-New-10024
LW-16825,Laurel Workman,Corporate,US-Sou-Flo-Del-32725
EH-13945,Eric Hoffmann,Consumer,US-Eas-New-Pla-7060
KE-16420,Katrina Edelman,Corporate,US-Wes-Col-Aur-80013
MS-17770,Maxwell Schwartz,Consumer,US-Sou-Vir-Ric-23223
DW-13195,David Wiener,Corporate,US-Sou-Ten-Kno-37918
DM-13525,Don Miller,Corporate,US-Sou-Flo-Pal-32137
MC-17845,Michael Chen,Consumer,US-Sou-Mis-Jac-39212
DC-12850,Dan Campbell,Consumer,US-Cen-Tex-Hou-77036
DP-13390,Dennis Pardue,Home Office,US-Wes-Cal-Los-90004
EP-13915,Emily Phan,Consumer,US-Eas-New-New-10011
BC-11125,Becky Castell,Home Office,US-Wes-Cal-El -92020
JL-15835,John Lee,Consumer,US-Eas-Pen-Phi-19120
MH-18025,Michelle Huthwaite,Consumer,US-Eas-New-Buf-14215
EB-13705,Ed Braxton,Corporate,US-Wes-Cal-San-94122
GH-14410,Gary Hansen,Home Office,US-Wes-Cal-Los-90049
BM-11650,Brian Moss,Corporate,US-Cen-Tex-Dal-75217
DS-13030,Darrin Sayre,Home Office,US-Wes-Cal-San-94122
LA-16780,Laura Armstrong,Corporate,US-Eas-New-Hac-7601
MN-17935,Michael Nguyen,Consumer,US-Cen-Tex-El -79907
MH-17455,Mark Hamilton,Consumer,US-Eas-New-New-10011
JK-15205,Jamie Kunitz,Consumer,US-Eas-New-Nia-14304
ME-17725,Max Engle,Consumer,US-Cen-Ill-Chi-60610
AC-10420,Alyssa Crouse,Corporate,US-Wes-Cal-San-94122
PV-18985,Paul Van Hugh,Home Office,US-Cen-Tex-Lea-77573
BF-11170,Ben Ferrer,Home Office,US-Wes-Cal-Los-90036
CL-12565,Clay Ludtke,Consumer,US-Wes-Was-Sea-98115
GK-14620,Grace Kelly,Corporate,US-Wes-Cal-Los-90049
ST-20530,Shui Tom,Consumer,US-Eas-Pen-Phi-19140
SS-20515,Shirley Schmidt,Home Office,US-Eas-Del-New-19711
PB-19150,Philip Brown,Consumer,US-Wes-Ari-Pho-85023
AW-10930,Arthur Wiediger,Home Office,US-Cen-Ill-Aur-60505
BF-10975,Barbara Fisher,Corporate,US-Eas-New-New-10009
VW-21775,Victoria Wilson,Corporate,US-Cen-Sou-Sio-57103
AH-10120,Adrian Hane,Home Office,US-Wes-Ari-Tuc-85705
JL-15130,Jack Lebron,Consumer,US-Eas-New-New-10801
CA-12310,Christine Abelman,Corporate,US-Eas-Con-Bri-6010
EM-14140,Eugene Moren,Home Office,US-Wes-Mon-Gre-59405
SW-20245,Scot Wooten,Consumer,US-Eas-Ohi-Spr-45503
KM-16375,Katherine Murray,Home Office,US-Cen-Tex-Dal-75217
CC-12145,Charles Crestani,Consumer,US-Wes-Cal-San-92105
RD-19720,Roger Demir,Consumer,US-Wes-Cal-San-94122
JD-15895,Jonathan Doherty,Corporate,US-Wes-Cal-Riv-92503
HM-14860,Harry Marie,Corporate,US-Cen-Tex-Dal-75217
ME-18010,Michelle Ellison,Corporate,US-Wes-Cal-San-94122
PG-18820,Patrick Gardner,Consumer,US-Cen-Neb-Oma-68104
NP-18325,Naresj Patel,Consumer,US-Wes-Cal-San-94122
EM-14065,Erin Mull,Consumer,US-Eas-New-New-10024
AB-10255,Alejandro Ballentine,Home Office,US-Wes-Cal-Los-90008
JL-15850,John Lucas,Consumer,US-Cen-Tex-Hou-77095
NC-18535,Nick Crebassa,Corporate,US-Wes-Cal-San-94122
AG-10270,Alejandro Grove,Consumer,US-Eas-New-New-10011
AG-10900,Arthur Gainer,Consumer,US-Wes-Ari-Tuc-85705
KL-16645,Ken Lonsdale,Consumer,US-Wes-Cal-San-94122
VF-21715,Vicky Freymann,Home Office,US-Wes-Cal-Los-90045
SG-20470,Sheri Gordon,Consumer,US-Sou-Geo-Atl-30318
LF-17185,Luke Foster,Consumer,US-Cen-Tex-San-78207
KM-16720,Kunst Miller,Consumer,US-Wes-Nev-Nor-89031
CL-11890,Carl Ludwig,Consumer,US-Cen-Ill-Chi-60623
JO-15145,Jack O'Briant,Corporate,US-Wes-Uta-Dra-84020
AS-10045,Aaron Smayling,Corporate,US-Eas-New-New-10035
GW-14605,Giulietta Weimer,Consumer,US-Wes-Cal-San-94122
BB-10990,Barry Blumstein,Corporate,US-Wes-Cal-Los-90036
CK-12205,Chloris Kastensmidt,Consumer,US-Sou-Flo-Apo-32712
TS-21430,Tom Stivers,Corporate,US-Wes-Was-Sea-98103
IL-15100,Ivan Liston,Consumer,US-Wes-Cal-San-94122
BF-10975,Barbara Fisher,Corporate,US-Sou-Nor-Cha-28205
AS-10630,Ann Steele,Home Office,US-Eas-Pen-Phi-19120
NZ-18565,Nick Zandusky,Home Office,US-Cen-Mis-Spr-65807
BK-11260,Berenike Kampe,Consumer,US-Eas-New-New-10035
GH-14410,Gary Hansen,Home Office,US-Wes-Ari-Gle-85301
BS-11755,Bruce Stewart,Consumer,US-Wes-Col-Den-80219
ML-17395,Marina Lichtenstein,Corporate,US-Eas-Mai-Ban-4401
VD-21670,Valerie Dominguez,Consumer,US-Wes-Uta-Ple-84062
SS-20590,Sonia Sunley,Consumer,US-Wes-Cal-San-94122
SP-20650,Stephanie Phelps,Corporate,US-Eas-New-New-10009
RS-19420,Ricardo Sperren,Corporate,US-Eas-Con-Mer-6450
GZ-14470,Gary Zandusky,Consumer,US-Cen-Tex-Tex-77590
CS-12130,Chad Sievert,Consumer,US-Wes-Cal-Los-90004
RF-19735,Roland Fjeld,Consumer,US-Sou-Sou-Col-29203
TB-21625,Trudy Brown,Consumer,US-Eas-New-New-10035
MA-17560,Matt Abelman,Home Office,US-Cen-Mic-Tre-48183
TM-21010,Tamara Manning,Consumer,US-Wes-Cal-Vac-95687
LR-16915,Lena Radford,Consumer,US-Wes-Cal-San-92024
VG-21790,Vivek Gonzalez,Consumer,US-Sou-Flo-Jac-32216
MB-17305,Maria Bertelson,Consumer,US-Wes-Ari-Gle-85301
AG-10525,Andy Gerbode,Corporate,US-Sou-Flo-Sai-33710
MG-17650,Matthew Grinstein,Home Office,US-Wes-Was-Sea-98103
RD-19720,Roger Demir,Consumer,US-Wes-Ari-Pho-85023
GM-14500,Gene McClure,Consumer,US-Wes-Cal-Fre-93727
JH-15985,Joseph Holt,Consumer,US-Wes-Was-Sea-98103
ED-13885,Emily Ducich,Home Office,US-Wes-Cal-San-92037
GM-14680,Greg Matthias,Consumer,US-Wes-Was-Sea-98105
KL-16645,Ken Lonsdale,Consumer,US-Eas-New-New-10035
BW-11200,Ben Wallace,Consumer,US-Wes-Cal-San-94122
DH-13675,Duane Huffman,Home Office,US-Sou-Flo-Mia-33180
LL-16840,Lauren Leatherbury,Consumer,US-Sou-Geo-Woo-30188
CS-12175,Charles Sheldon,Corporate,US-Eas-New-Lak-8701
BD-11605,Brian Dahlen,Consumer,US-Wes-Cal-San-94122
CS-12355,Christine Sundaresam,Consumer,US-Sou-Flo-Hol-33021
KH-16510,Keith Herrera,Consumer,US-Cen-Tex-Dal-75081
CS-12355,Christine Sundaresam,Consumer,US-Eas-Con-Fai-6824
TS-21610,Troy Staebel,Consumer,US-Eas-Pen-Phi-19143
DJ-13510,Don Jones,Corporate,US-Sou-Ark-Lit-72209
KB-16585,Ken Black,Corporate,US-Cen-Tex-Hou-77095
DW-13195,David Wiener,Corporate,US-Wes-Cal-Los-90045
MS-17770,Maxwell Schwartz,Consumer,US-Eas-Ohi-Col-43229
LH-16900,Lena Hernandez,Consumer,US-Sou-Ark-Jon-72401
BS-11365,Bill Shonely,Corporate,US-Sou-Geo-Col-31907
JK-15625,Jim Karlsson,Consumer,US-Eas-Ohi-Col-43229
NC-18535,Nick Crebassa,Corporate,US-Sou-Vir-Ham-23666
CR-12730,Craig Reiter,Consumer,US-Cen-Ill-Chi-60610
DE-13255,Deanra Eno,Home Office,US-Eas-Ohi-Lak-44107
JF-15415,Jennifer Ferguson,Consumer,US-Cen-Mis-Sai-63301
JP-15520,Jeremy Pistek,Consumer,US-Sou-Flo-Nor-33161
AP-10915,Arthur Prichep,Consumer,US-Wes-Col-Den-80219
RH-19495,Rick Hansen,Consumer,US-Eas-New-New-10009
CR-12625,Corey Roper,Home Office,US-Cen-Mic-Gra-49505
RB-19645,Robert Barroso,Corporate,US-Wes-Cal-Los-90032
JP-15460,Jennifer Patt,Corporate,US-Eas-New-Oce-11572
RB-19645,Robert Barroso,Corporate,US-Wes-Mon-Bil-59102
DW-13585,Dorothy Wardle,Corporate,US-Sou-Ken-Owe-42301
MW-18220,Mitch Webber,Consumer,US-Wes-Was-Sea-98103
JM-15265,Janet Molinari,Corporate,US-Wes-Cal-Los-90036
JE-15715,Joe Elijah,Consumer,US-Cen-Tex-Hou-77070
RC-19960,Ryan Crowe,Consumer,US-Eas-Ohi-Col-43229
BS-11590,Brendan Sweed,Corporate,US-Eas-Ohi-Col-43229
PP-18955,Paul Prost,Home Office,US-Eas-Del-New-19711
KB-16315,Karl Braun,Consumer,US-Eas-Del-New-19711
FM-14290,Frank Merwin,Home Office,US-Wes-Cal-Los-90032
MM-17920,Michael Moore,Consumer,US-Sou-Vir-Spr-22153
ZD-21925,Zuschuss Donatelli,Consumer,US-Wes-Cal-San-94109
CC-12610,Corey Catlett,Corporate,US-Sou-Vir-Spr-22153
RA-19945,Ryan Akin,Consumer,US-Sou-Flo-Mia-33178
HH-15010,Hilary Holden,Corporate,US-Wes-Cal-San-94110
AT-10735,Annie Thurman,Consumer,US-Eas-Con-Bri-6010
SJ-20500,Shirley Jackson,Consumer,US-Wes-New-San-87505
JL-15130,Jack Lebron,Consumer,US-Cen-Tex-Hou-77036
LH-16900,Lena Hernandez,Consumer,US-Eas-New-New-10009
LT-16765,Larry Tron,Consumer,US-Wes-Cal-Esc-92025
AG-10525,Andy Gerbode,Corporate,US-Cen-Tex-Hou-77095
CL-12565,Clay Ludtke,Consumer,US-Eas-New-New-10009
CV-12295,Christina VanderZanden,Consumer,US-Cen-Ill-Chi-60653
KD-16345,Katherine Ducich,Consumer,US-Eas-New-New-10009
BM-11785,Bryan Mills,Consumer,US-Cen-Ill-Buf-60089
JM-16195,Justin MacKendrick,Consumer,US-Eas-New-Wat-13601
SC-20095,Sanjit Chand,Consumer,US-Sou-Ark-Fay-72701
AG-10390,Allen Goldenen,Consumer,US-Eas-New-New-10009
MR-17545,Mathew Reese,Home Office,US-Cen-Tex-Hou-77095
PR-18880,Patrick Ryan,Consumer,US-Sou-Flo-Sai-33710
NP-18700,Nora Preis,Consumer,US-Eas-Ohi-Bow-43402
VP-21760,Victoria Pisteka,Corporate,US-Wes-Cal-San-94109
SZ-20035,Sam Zeldin,Home Office,US-Cen-Tex-Hou-77036
TB-21400,Tom Boeckenhauer,Consumer,US-Cen-Okl-Tul-74133
DK-13375,Dennis Kane,Consumer,US-Eas-New-New-10024
SS-20410,Shahid Shariari,Consumer,US-Cen-Ill-Osw-60543
RB-19465,Rick Bensley,Home Office,US-Cen-Okl-Tul-74133
SB-20290,Sean Braxton,Corporate,US-Eas-Pen-Phi-19134
LR-17035,Lisa Ryan,Corporate,US-Wes-Cal-San-95051
DP-13390,Dennis Pardue,Home Office,US-Wes-Cal-San-94110
BM-11140,Becky Martin,Consumer,US-Cen-Tex-San-78207
MC-17275,Marc Crier,Consumer,US-Wes-Was-Pas-99301
TT-21070,Ted Trevino,Consumer,US-Sou-Vir-Che-23320
LH-17020,Lisa Hazard,Consumer,US-Cen-Tex-Tyl-75701
PP-18955,Paul Prost,Home Office,US-Eas-New-New-10009
KT-16465,Kean Takahito,Consumer,US-Cen-Tex-Hou-77036
KC-16255,Karen Carlisle,Corporate,US-Sou-Geo-Mac-31204
SP-20620,Stefania Perrino,Corporate,US-Eas-New-Lon-11561
TS-21340,Toby Swindell,Consumer,US-Wes-Cal-San-94109
GZ-14470,Gary Zandusky,Consumer,US-Wes-Cal-San-94110
LC-17140,Logan Currie,Consumer,US-Eas-Pen-Phi-19140
MS-17365,Maribeth Schnelling,Consumer,US-Cen-Mic-Det-48227
CC-12220,Chris Cortes,Consumer,US-Cen-Ill-Chi-60653
NF-18595,Nicole Fjeld,Home Office,US-Eas-Ohi-Lan-43130
RR-19525,Rick Reed,Corporate,US-Eas-Mas-Low-1852
DL-12925,Daniel Lacy,Consumer,US-Sou-Nor-Gre-27834
SF-20065,Sandra Flanagan,Consumer,US-Eas-New-Cli-7011
CL-12565,Clay Ludtke,Consumer,US-Wes-Ore-Gre-97030
DA-13450,Dianna Arnett,Home Office,US-Sou-Vir-Vir-23464
LW-17125,Liz Willingham,Consumer,US-Wes-Cal-Oxn-93030
BN-11470,Brad Norvell,Corporate,US-Sou-Nor-Car-27511
TA-21385,Tom Ashbrook,Home Office,US-Cen-Kan-Ola-66062
LW-17215,Luke Weiss,Consumer,US-Eas-New-New-10035
SD-20485,Shirley Daniels,Home Office,US-Eas-New-New-10801
AF-10885,Art Foster,Consumer,US-Eas-Ohi-Fai-45014
PT-19090,Pete Takahito,Consumer,US-Cen-Tex-Hou-77070
RP-19390,Resi Pölking,Consumer,US-Wes-Was-Sea-98103
ON-18715,Odella Nelson,Corporate,US-Wes-Ari-Tem-85281
LH-16900,Lena Hernandez,Consumer,US-Eas-Ohi-Col-43229
JM-15535,Jessica Myrick,Consumer,US-Eas-Pen-Phi-19143
BC-11125,Becky Castell,Home Office,US-Cen-Tex-Ode-79762
DC-12850,Dan Campbell,Consumer,US-Eas-New-New-10011
EA-14035,Erin Ashbrook,Corporate,US-Sou-Nor-Cha-28205
JB-15400,Jennifer Braxton,Corporate,US-Cen-Ill-Chi-60623
DM-13015,Darrin Martin,Consumer,US-Eas-New-New-10009
JC-15775,John Castell,Consumer,US-Sou-Geo-Mac-31204
SC-20260,Scott Cohen,Corporate,US-Cen-Tex-Cor-78415
AJ-10960,Astrea Jones,Consumer,US-Eas-New-Roc-14609
CA-12775,Cynthia Arntzen,Consumer,US-Sou-Flo-Tam-33614
MF-18250,Monica Federle,Corporate,US-Eas-Pen-Phi-19120
AA-10315,Alex Avila,Consumer,US-Eas-New-New-10011
RF-19345,Randy Ferguson,Corporate,US-Eas-New-New-10024
BN-11515,Bradley Nguyen,Consumer,US-Wes-Was-Sea-98103
JA-15970,Joseph Airdo,Consumer,US-Wes-Ore-Spr-97477
AG-10765,Anthony Garverick,Home Office,US-Eas-Pen-Phi-19120
KT-16465,Kean Takahito,Consumer,US-Sou-Nor-Ral-27604
NR-18550,Nick Radford,Consumer,US-Wes-Cal-Chu-91911
MC-18130,Mike Caudle,Corporate,US-Wes-Was-Sea-98115
BS-11365,Bill Shonely,Corporate,US-Eas-New-New-10011
JL-15835,John Lee,Consumer,US-Sou-Nor-Cha-28205
SB-20290,Sean Braxton,Corporate,US-Cen-Tex-Hou-77036
JK-15640,Jim Kriz,Home Office,US-Wes-Cal-San-94110
FA-14230,Frank Atkinson,Corporate,US-Wes-Cal-Lon-90805
ND-18460,Neil Ducich,Corporate,US-Wes-Ari-Cha-85224
SB-20185,Sarah Brown,Consumer,US-Cen-Ill-Chi-60653
DN-13690,Duane Noonan,Consumer,US-Eas-Mar-Col-21044
MW-18220,Mitch Webber,Consumer,US-Eas-New-New-10011
HG-14965,Henry Goldwyn,Corporate,US-Wes-Cal-San-92024
PF-19165,Philip Fox,Consumer,US-Cen-Ill-Blo-61701
DB-13555,Dorothy Badders,Corporate,US-Sou-Flo-Jac-32216
ES-14020,Erica Smith,Consumer,US-Wes-Cal-San-94110
MA-17995,Michelle Arnett,Home Office,US-Wes-Cal-Los-90004
BM-11650,Brian Moss,Corporate,US-Cen-Neb-Oma-68104
JG-15115,Jack Garza,Consumer,US-Wes-Was-Des-98198
HF-14995,Herbert Flentye,Consumer,US-Wes-Cal-San-94109
SL-20155,Sara Luxemburg,Home Office,US-Eas-New-New-10011
MA-17560,Matt Abelman,Home Office,US-Eas-Pen-Phi-19143
LH-16750,Larry Hughes,Consumer,US-Eas-Pen-Phi-19140
JS-15940,Joni Sundaresam,Home Office,US-Cen-Tex-Gar-75043
SE-20110,Sanjit Engle,Consumer,US-Wes-Cal-San-95123
VG-21805,Vivek Grady,Corporate,US-Cen-Ill-Chi-60653
AS-10090,Adam Shillingsburg,Consumer,US-Eas-New-New-10035
MS-17365,Maribeth Schnelling,Consumer,US-Sou-Flo-Boc-33433
TT-21220,Thomas Thornton,Consumer,US-Eas-Del-Dov-19901
SC-20095,Sanjit Chand,Consumer,US-Cen-Min-Min-55407
JK-15640,Jim Kriz,Home Office,US-Eas-Ohi-Lak-44107
JP-16135,Julie Prescott,Home Office,US-Eas-New-New-10011
BM-11650,Brian Moss,Corporate,US-Wes-Cal-San-92037
ST-20530,Shui Tom,Consumer,US-Eas-New-New-10035
TH-21115,Thea Hudgings,Corporate,US-Eas-Del-New-19711
JD-16060,Julia Dunbar,Consumer,US-Wes-Cal-San-94109
BF-11005,Barry Franz,Home Office,US-Wes-Col-Aur-80013
MT-18070,Michelle Tran,Home Office,US-Cen-Tex-Hou-77041
CM-12715,Craig Molinari,Corporate,US-Eas-Pen-Phi-19140
MM-17920,Michael Moore,Consumer,US-Cen-Ill-Chi-60623
KF-16285,Karen Ferguson,Home Office,US-Wes-Cal-San-92105
NB-18580,Nicole Brennan,Corporate,US-Eas-Pen-Phi-19134
HG-14965,Henry Goldwyn,Corporate,US-Cen-Tex-Mes-75150
CS-12400,Christopher Schild,Home Office,US-Wes-Was-Sea-98115
DA-13450,Dianna Arnett,Home Office,US-Eas-Ohi-Lan-43130
KT-16465,Kean Takahito,Consumer,US-Wes-Cal-Los-90049
TS-21205,Thomas Seio,Corporate,US-Eas-New-Hac-7601
TH-21100,Thea Hendricks,Consumer,US-Wes-Cal-San-92037
KD-16495,Keith Dawkins,Corporate,US-Sou-Nor-Fay-28314
XP-21865,Xylona Preis,Consumer,US-Sou-Flo-Hol-33021
GZ-14545,George Zrebassa,Corporate,US-Eas-Mas-Law-1841
PP-18955,Paul Prost,Home Office,US-Wes-Was-Sea-98115
LD-17005,Lisa DeCherney,Consumer,US-Eas-New-New-10011
AP-10915,Arthur Prichep,Consumer,US-Wes-Cal-Los-90045
SM-20950,Suzanne McNair,Corporate,US-Eas-Pen-Phi-19134
EB-14170,Evan Bailliet,Consumer,US-Wes-Was-Sea-98115
MH-17785,Maya Herman,Corporate,US-Eas-New-New-10035
BW-11200,Ben Wallace,Consumer,US-Sou-Flo-Boy-33437
DB-13615,Doug Bickford,Consumer,US-Wes-Was-Sea-98105
KW-16570,Kelly Williams,Consumer,US-Sou-Ten-Cla-37042
DM-12955,Dario Medina,Corporate,US-Eas-Ohi-Fai-45014
RA-19915,Russell Applegate,Consumer,US-Eas-New-New-10011
NF-18475,Neil Französisch,Home Office,US-Wes-Nev-Ren-89502
ES-14080,Erin Smith,Corporate,US-Wes-Ari-Tem-85281
SL-20155,Sara Luxemburg,Home Office,US-Sou-Nor-Dur-27707
DO-13435,Denny Ordway,Consumer,US-Eas-Ohi-Col-43229
BP-11290,Beth Paige,Consumer,US-Cen-Ill-Eva-60201
RD-19930,Russell D'Ascenzo,Consumer,US-Cen-Tex-Dal-75217
AR-10405,Allen Rosenblatt,Corporate,US-Wes-Cal-Los-90036
JD-16015,Joy Daniels,Consumer,US-Wes-Was-Sea-98115
DF-13135,David Flashing,Consumer,US-Wes-Cal-Val-94591
CC-12220,Chris Cortes,Consumer,US-Eas-New-New-10024
BD-11635,Brian Derr,Consumer,US-Eas-Ohi-Col-43229
KH-16510,Keith Herrera,Consumer,US-Wes-Cal-Pom-91767
JD-16015,Joy Daniels,Consumer,US-Eas-Pen-Phi-19120
VP-21760,Victoria Pisteka,Corporate,US-Cen-Ind-Ind-46203
AM-10360,Alice McCarthy,Corporate,US-Cen-Neb-Oma-68104
XP-21865,Xylona Preis,Consumer,US-Wes-Cal-San-92024
JG-15805,John Grady,Corporate,US-Cen-Tex-Dal-75217
MR-17545,Mathew Reese,Home Office,US-Eas-Pen-Phi-19140
JG-15115,Jack Garza,Consumer,US-Sou-Nor-Cha-28205
DN-13690,Duane Noonan,Consumer,US-Eas-New-New-10011
BP-11095,Bart Pistole,Corporate,US-Sou-Nor-Jac-28540
SJ-20500,Shirley Jackson,Consumer,US-Wes-Cal-San-94122
CM-12715,Craig Molinari,Corporate,US-Cen-Tex-Hun-77340
RB-19435,Richard Bierner,Consumer,US-Eas-Ohi-Col-43229
FC-14335,Fred Chung,Corporate,US-Wes-New-Alb-87105
SD-20485,Shirley Daniels,Home Office,US-Wes-Ari-Pho-85023
TN-21040,Tanja Norvell,Home Office,US-Wes-Cal-Man-95336
Dp-13240,Dean percer,Home Office,US-Wes-Was-Sea-98115
JF-15565,Jill Fjeld,Consumer,US-Eas-Pen-Phi-19120
AS-10240,Alan Shonely,Consumer,US-Wes-Cal-Red-90278
DB-13555,Dorothy Badders,Corporate,US-Sou-Ark-Fay-72701
HA-14920,Helen Andreada,Consumer,US-Wes-Cal-Pas-91104
DN-13690,Duane Noonan,Consumer,US-Wes-Cal-San-94122
BP-11050,Barry Pond,Corporate,US-Cen-Ill-Chi-60623
ZC-21910,Zuschuss Carroll,Consumer,US-Wes-Was-Edm-98026
ML-17395,Marina Lichtenstein,Corporate,US-Eas-New-Lak-8701
MA-17995,Michelle Arnett,Home Office,US-Sou-Vir-Ric-23223
SP-20545,Sibella Parks,Corporate,US-Eas-New-Mou-10550
BD-11500,Bradley Drucker,Consumer,US-Cen-Ill-Chi-60653
TC-21295,Toby Carlisle,Consumer,US-Eas-Mas-Eve-2149
JE-15610,Jim Epp,Corporate,US-Eas-New-Con-3301
HG-15025,Hunter Glantz,Consumer,US-Cen-Tex-For-76106
DL-12865,Dan Lawera,Consumer,US-Sou-Flo-Hia-33012
AC-10660,Anna Chung,Consumer,US-Eas-Ohi-Par-44134
LS-17245,Lynn Smith,Consumer,US-Wes-Cal-San-94110
TB-21520,Tracy Blumstein,Consumer,US-Cen-Tex-Bea-77705
EB-14170,Evan Bailliet,Consumer,US-Cen-Tex-Hou-77095
EH-13765,Edward Hooks,Corporate,US-Eas-Pen-Phi-19134
IG-15085,Ivan Gibson,Consumer,US-Wes-Was-Sea-98103
LS-17200,Luke Schmidt,Corporate,US-Sou-Ark-Tex-71854
AS-10225,Alan Schoenberger,Corporate,US-Sou-Ala-Mon-36116
EH-14125,Eugene Hildebrand,Home Office,US-Wes-Cal-Lak-90712
JF-15490,Jeremy Farry,Consumer,US-Wes-Cal-Los-90032
RP-19270,Rachel Payne,Corporate,US-Wes-Cal-San-94110
LS-16975,Lindsay Shagiari,Home Office,US-Cen-Ill-Chi-60653
PO-18865,Patrick O'Donnell,Consumer,US-Cen-Mic-Wes-48185
FH-14365,Fred Hopkins,Corporate,US-Sou-Ten-Kno-37918
FH-14275,Frank Hawley,Corporate,US-Sou-Vir-New-23602
TB-21520,Tracy Blumstein,Consumer,US-Eas-Ohi-Fai-45014
SF-20965,Sylvia Foulston,Corporate,US-Wes-Cal-San-92024
NB-18580,Nicole Brennan,Corporate,US-Sou-Lou-Bos-71111
MG-17680,Maureen Gastineau,Home Office,US-Eas-Ohi-New-43055
AA-10375,Allen Armold,Consumer,US-Wes-Cal-Ran-91730
DB-12910,Daniel Byrd,Home Office,US-Sou-Flo-For-33311
AP-10915,Arthur Prichep,Consumer,US-Sou-Sou-Roc-29730
AH-10030,Aaron Hawkins,Corporate,US-Wes-Cal-San-94109
EH-14185,Evan Henry,Consumer,US-Eas-Pen-Phi-19120
AH-10585,Angele Hood,Consumer,US-Wes-Was-Sea-98105
RD-19810,Ross DeVincentis,Home Office,US-Sou-Nor-Fay-28314
TS-21370,Todd Sumrall,Corporate,US-Wes-Cal-Los-90049
BT-11395,Bill Tyler,Corporate,US-Cen-Kan-Gar-67846
NC-18625,Noah Childs,Corporate,US-Cen-Ind-Col-47201
SA-20830,Sue Ann Reed,Consumer,US-Cen-Ill-Chi-60610
GG-14650,Greg Guthrie,Corporate,US-Wes-Cal-Los-90049
AM-10705,Anne McFarland,Consumer,US-Eas-Rho-Cra-2920
AC-10450,Amy Cox,Consumer,US-Wes-Ari-Avo-85323
NL-18310,Nancy Lomonaco,Home Office,US-Wes-Cal-San-94110
AJ-10780,Anthony Jacobs,Corporate,US-Eas-Ohi-Lor-44052
SM-20950,Suzanne McNair,Corporate,US-Cen-Ill-Chi-60610
KH-16630,Ken Heidel,Corporate,US-Sou-Nor-Cha-28205
DL-12925,Daniel Lacy,Consumer,US-Eas-New-Lon-11561
EA-14035,Erin Ashbrook,Corporate,US-Eas-Ohi-Mas-45040
PL-18925,Paul Lucas,Home Office,US-Wes-Cal-Los-90049
ND-18370,Natalie DeCherney,Consumer,US-Wes-Ore-Por-97206
JO-15145,Jack O'Briant,Corporate,US-Sou-Ken-Ric-40475
DG-13300,Deirdre Greer,Corporate,US-Eas-New-Ora-7050
RA-19915,Russell Applegate,Consumer,US-Wes-Col-Den-80219
LC-17050,Liz Carlisle,Consumer,US-Eas-Ohi-Med-44256
PO-18850,Patrick O'Brill,Consumer,US-Cen-Tex-Irv-75061
RD-19720,Roger Demir,Consumer,US-Eas-New-New-10024
SW-20755,Steven Ward,Corporate,US-Wes-Was-Sea-98115
SH-20395,Shahid Hopkins,Consumer,US-Wes-Cal-San-94122
JK-16120,Julie Kriz,Home Office,US-Sou-Flo-For-33311
AT-10735,Annie Thurman,Consumer,US-Sou-Ten-Nas-37211
DM-13345,Denise Monton,Corporate,US-Eas-New-Ora-7050
MS-17770,Maxwell Schwartz,Consumer,US-Eas-Pen-Lan-17602
SH-20395,Shahid Hopkins,Consumer,US-Sou-Nor-Jac-28540
SP-20650,Stephanie Phelps,Corporate,US-Cen-Neb-Oma-68104
SG-20605,Speros Goranitis,Consumer,US-Eas-New-New-10009
RP-19390,Resi Pölking,Consumer,US-Eas-Con-Fai-6824
TC-21535,Tracy Collins,Home Office,US-Wes-Cal-Los-90049
NM-18445,Nathan Mautz,Home Office,US-Eas-New-New-10024
SZ-20035,Sam Zeldin,Home Office,US-Eas-New-New-10011
ON-18715,Odella Nelson,Corporate,US-Sou-Nor-Car-27511
WB-21850,William Brown,Consumer,US-Wes-Cal-Los-90045
TH-21235,Tiffany House,Corporate,US-Wes-Cal-Lon-90805
MS-17530,MaryBeth Skach,Consumer,US-Wes-Cal-San-92037
BG-11035,Barry Gonzalez,Consumer,US-Sou-Vir-Ham-23666
DE-13255,Deanra Eno,Home Office,US-Wes-Cal-Los-90008
MD-17350,Maribeth Dona,Consumer,US-Eas-Pen-Phi-19143
SR-20740,Steven Roelle,Home Office,US-Sou-Vir-Arl-22204
GA-14515,George Ashbrook,Consumer,US-Sou-Geo-Col-31907
MS-17365,Maribeth Schnelling,Consumer,US-Cen-Wis-Wau-54401
SC-20725,Steven Cartwright,Consumer,US-Cen-Tex-Hou-77070
BP-11095,Bart Pistole,Corporate,US-Eas-New-New-10024
LH-16900,Lena Hernandez,Consumer,US-Wes-Cal-San-94110
TB-21595,Troy Blackwell,Consumer,US-Wes-Ore-Por-97206
TC-20980,Tamara Chand,Corporate,US-Cen-Tex-Hou-77041
EB-13870,Emily Burns,Consumer,US-Wes-Cal-Red-96003
JP-15520,Jeremy Pistek,Consumer,US-Wes-Cal-San-94110
RD-19900,Ruben Dartt,Consumer,US-Wes-Cal-San-92037
SC-20020,Sam Craven,Consumer,US-Cen-Mic-Mid-48640
KN-16705,Kristina Nunn,Home Office,US-Eas-New-New-10801
TZ-21580,Tracy Zic,Consumer,US-Wes-Col-Lou-80027
AP-10915,Arthur Prichep,Consumer,US-Wes-Cal-Los-90008
KD-16270,Karen Daniels,Consumer,US-Cen-Tex-Hou-77095
BH-11710,Brosina Hoffman,Consumer,US-Cen-Ill-Chi-60653
MA-17560,Matt Abelman,Home Office,US-Wes-Cal-Los-90004
TS-21430,Tom Stivers,Corporate,US-Eas-Pen-Rea-19601
MZ-17515,Mary Zewe,Corporate,US-Wes-Was-Sea-98115
PK-19075,Pete Kriz,Consumer,US-Cen-Wis-Mad-53711
DP-13000,Darren Powers,Consumer,US-Cen-Tex-Car-75007
DB-12970,Darren Budd,Corporate,US-Cen-Tex-Hou-77036
DM-13345,Denise Monton,Corporate,US-Sou-Nor-Ash-28806
RF-19840,Roy Französisch,Consumer,US-Cen-Tex-San-78207
JA-15970,Joseph Airdo,Consumer,US-Wes-Cal-Los-90045
JL-15505,Jeremy Lonsdale,Consumer,US-Cen-Mic-Mid-48640
CM-11815,Candace McMahon,Corporate,US-Cen-Tex-Pas-77506
RM-19675,Robert Marley,Home Office,US-Eas-New-New-10011
ML-17410,Maris LaWare,Consumer,US-Eas-Con-Fai-6824
CC-12220,Chris Cortes,Consumer,US-Sou-Vir-Che-23320
SS-20410,Shahid Shariari,Consumer,US-Wes-Cal-Los-90008
PB-19105,Peter Bühler,Consumer,US-Cen-Tex-Hou-77095
JF-15190,Jamie Frazer,Consumer,US-Sou-Ten-Joh-37604
SC-20260,Scott Cohen,Corporate,US-Wes-Cal-San-94110
AB-10165,Alan Barnes,Consumer,US-Cen-Ill-Dec-62521
SR-20740,Steven Roelle,Home Office,US-Cen-Ind-Blo-47401
RH-19510,Rick Huthwaite,Home Office,US-Cen-Kan-Man-66502
JD-16150,Justin Deggeller,Corporate,US-Wes-Cal-Los-90008
AH-10075,Adam Hart,Corporate,US-Wes-Cal-Hun-92646
FG-14260,Frank Gastineau,Home Office,US-Eas-New-New-10024
MP-17470,Mark Packer,Home Office,US-Cen-Min-Moo-56560
RB-19330,Randy Bradley,Consumer,US-Eas-Pen-Phi-19143
YC-21895,Yoseph Carroll,Corporate,US-Eas-Del-New-19711
GT-14710,Greg Tran,Consumer,US-Eas-New-Buf-14215
TS-21205,Thomas Seio,Corporate,US-Wes-Cal-San-94109
CB-12025,Cassandra Brandow,Consumer,US-Cen-Tex-Ced-75104
JK-15730,Joe Kamberova,Consumer,US-Cen-Ill-Des-60016
CS-11950,Carlos Soltero,Consumer,US-Eas-Pen-Phi-19140
MS-17530,MaryBeth Skach,Consumer,US-Eas-Ohi-Fai-45014
MK-17905,Michael Kennedy,Corporate,US-Cen-Wis-Fra-53132
PW-19240,Pierre Wener,Consumer,US-Wes-Col-Lou-80027
AB-10600,Ann Blume,Corporate,US-Cen-Ill-Chi-60623
JC-16105,Julie Creighton,Corporate,US-Cen-Min-Min-55407
MH-17785,Maya Herman,Corporate,US-Wes-Was-Sea-98105
JG-15805,John Grady,Corporate,US-Wes-Uta-Pro-84604
GR-14560,Georgia Rosenberg,Corporate,US-Eas-Del-Wil-19805
RD-19900,Ruben Dartt,Consumer,US-Eas-Pen-Phi-19120
RM-19675,Robert Marley,Home Office,US-Sou-Lou-Mon-71203
MW-18220,Mitch Webber,Consumer,US-Cen-Min-Coo-55433
JM-15865,John Murray,Consumer,US-Eas-New-Jam-14701
AD-10180,Alan Dominguez,Home Office,US-Eas-Pen-Phi-19134
DB-13360,Dennis Bolton,Home Office,US-Wes-Uta-Sal-84106
KH-16330,Katharine Harms,Corporate,US-Eas-New-New-10024
DH-13075,Dave Hallsten,Corporate,US-Sou-Ken-Ric-40475
SC-20680,Steve Carroll,Home Office,US-Wes-Cal-San-94110
GR-14560,Georgia Rosenberg,Corporate,US-Wes-Cal-San-94110
JK-15325,Jason Klamczynski,Corporate,US-Cen-Tex-Dal-75220
RA-19885,Ruben Ausman,Corporate,US-Sou-Geo-Col-31907
SP-20920,Susan Pistek,Consumer,US-Wes-Cal-Los-90036
EH-14185,Evan Henry,Consumer,US-Cen-Tex-Pas-77506
RB-19645,Robert Barroso,Corporate,US-Sou-Geo-Atl-30318
TC-21475,Tony Chapman,Home Office,US-Cen-Ill-Bol-60440
ED-13885,Emily Ducich,Home Office,US-Cen-Tex-Hou-77036
DK-12835,Damala Kotsonis,Corporate,US-Cen-Tex-Hou-77095
PB-19210,Phillip Breyer,Corporate,US-Eas-Pen-Phi-19134
SS-20140,Saphhira Shifley,Corporate,US-Cen-Tex-Mes-75150
SM-20005,Sally Matthias,Consumer,US-Wes-Ari-Sco-85254
SC-20095,Sanjit Chand,Consumer,US-Wes-Cal-Los-90004
BT-11440,Bobby Trafton,Consumer,US-Cen-Mic-Det-48227
RB-19435,Richard Bierner,Consumer,US-Cen-Mis-Sai-63116
MY-18295,Muhammed Yedwab,Corporate,US-Eas-Ohi-Col-43229
EH-13990,Erica Hackney,Consumer,US-Wes-Cal-Sac-95823
HR-14830,Harold Ryan,Corporate,US-Wes-Was-Sea-98103
DK-12985,Darren Koutras,Consumer,US-Cen-Ill-Chi-60610
NG-18430,Nathan Gelder,Consumer,US-Eas-Ohi-Cin-45231
NG-18355,Nat Gilpin,Corporate,US-Cen-Mic-Jac-49201
VG-21790,Vivek Gonzalez,Consumer,US-Wes-Cal-San-92037
AT-10435,Alyssa Tate,Home Office,US-Eas-Ohi-Akr-44312
HP-14815,Harold Pawlan,Home Office,US-Sou-Vir-Vir-23464
TH-21100,Thea Hendricks,Consumer,US-Eas-Ohi-Tol-43615
SE-20110,Sanjit Engle,Consumer,US-Wes-Ore-Spr-97477
MC-17590,Matt Collister,Corporate,US-Cen-Tex-Arl-76017
LW-16825,Laurel Workman,Corporate,US-Wes-Cal-Bre-94513
RB-19435,Richard Bierner,Consumer,US-Wes-Cal-Los-90004
MP-18175,Mike Pelletier,Home Office,US-Eas-New-New-10009
AR-10540,Andy Reiter,Consumer,US-Eas-Rho-Woo-2895
LS-17245,Lynn Smith,Consumer,US-Eas-New-Uti-13501
LS-16975,Lindsay Shagiari,Home Office,US-Wes-Cal-San-94109
NW-18400,Natalie Webber,Consumer,US-Wes-Ore-Tig-97224
LS-17200,Luke Schmidt,Corporate,US-Wes-Cal-Fre-93727
JE-15745,Joel Eaton,Consumer,US-Cen-Tex-Hou-77070
JO-15145,Jack O'Briant,Corporate,US-Eas-New-Buf-14215
MS-17770,Maxwell Schwartz,Consumer,US-Eas-New-New-10035
BT-11680,Brian Thompson,Consumer,US-Cen-Tex-Hou-77041
SG-20470,Sheri Gordon,Consumer,US-Wes-Cal-San-94109
CS-12250,Chris Selesnick,Corporate,US-Sou-Sou-Col-29203
DH-13675,Duane Huffman,Home Office,US-Wes-Cal-San-94122
MO-17500,Mary O'Rourke,Consumer,US-Eas-New-Fre-11520
MC-17635,Matthew Clasen,Corporate,US-Cen-Ind-Ric-47374
BF-11080,Bart Folk,Consumer,US-Sou-Ala-Mon-36116
AH-10210,Alan Hwang,Consumer,US-Wes-Cal-San-94122
Co-12640,Corey-Lock,Consumer,US-Eas-Pen-Phi-19143
PB-19150,Philip Brown,Consumer,US-Eas-New-New-10009
BS-11380,Bill Stewart,Corporate,US-Cen-Ill-Sko-60076
RF-19345,Randy Ferguson,Corporate,US-Sou-Flo-Orl-32839
PB-19150,Philip Brown,Consumer,US-Wes-Ari-Avo-85323
JL-15505,Jeremy Lonsdale,Consumer,US-Eas-New-Mou-10550
JK-15730,Joe Kamberova,Consumer,US-Eas-Ohi-Col-43229
AA-10645,Anna Andreadi,Consumer,US-Eas-Mas-Low-1852
RP-19390,Resi Pölking,Consumer,US-Cen-Wis-Mad-53711
MC-17605,Matt Connell,Corporate,US-Cen-Tex-Hou-77070
TB-21280,Toby Braunhardt,Consumer,US-Sou-Nor-Jac-28540
TR-21325,Toby Ritter,Consumer,US-Wes-Cal-San-94122
ON-18715,Odella Nelson,Corporate,US-Eas-Mar-Cli-20735
DP-13165,David Philippe,Consumer,US-Eas-New-New-10035
EM-13825,Elizabeth Moffitt,Corporate,US-Sou-Geo-San-30328
MC-17575,Matt Collins,Consumer,US-Cen-Ill-Chi-60623
MD-17860,Michael Dominguez,Corporate,US-Cen-Tex-Cor-78415
KN-16390,Katherine Nockton,Corporate,US-Eas-Ohi-Col-43229
NG-18430,Nathan Gelder,Consumer,US-Cen-Okl-Okl-73120
MC-17635,Matthew Clasen,Corporate,US-Cen-Mis-Sai-63116
CP-12085,Cathy Prescott,Corporate,US-Eas-New-New-10024
RL-19615,Rob Lucas,Consumer,US-Wes-Cal-Los-90045
EA-14035,Erin Ashbrook,Corporate,US-Eas-Ohi-Col-43229
JB-15925,Joni Blumstein,Consumer,US-Wes-Cal-Los-90032
BS-11590,Brendan Sweed,Corporate,US-Wes-Ari-Gil-85234
DK-13150,David Kendrick,Corporate,US-Cen-Ill-Dec-62521
NB-18655,Nona Balk,Corporate,US-Eas-Pen-Phi-19134
RC-19825,Roy Collins,Consumer,US-Sou-Vir-Ale-22304
BG-11035,Barry Gonzalez,Consumer,US-Sou-Ten-Mem-38109
BK-11260,Berenike Kampe,Consumer,US-Cen-Ill-Chi-60610
LF-17185,Luke Foster,Consumer,US-Cen-Tex-Hou-77095
RS-19765,Roland Schwarz,Corporate,US-Wes-Cal-Los-90008
RC-19960,Ryan Crowe,Consumer,US-Wes-Ore-Spr-97477
AS-10630,Ann Steele,Home Office,US-Wes-Was-Sea-98103
FP-14320,Frank Preis,Consumer,US-Wes-Cal-Los-90049
EH-14005,Erica Hernandez,Home Office,US-Wes-Cal-San-94109
PO-18850,Patrick O'Brill,Consumer,US-Sou-Vir-Vir-23464
JK-15625,Jim Karlsson,Consumer,US-Wes-Was-Oly-98502
TB-21250,Tim Brockman,Consumer,US-Wes-Ore-Sal-97301
DJ-13420,Denny Joy,Corporate,US-Wes-Cal-San-94110
TB-21175,Thomas Boland,Corporate,US-Cen-Tex-Hou-77041
DM-12955,Dario Medina,Corporate,US-Wes-Ari-Mes-85204
FP-14320,Frank Preis,Consumer,US-Eas-Pen-Phi-19134
VP-21760,Victoria Pisteka,Corporate,US-Cen-Tex-Bro-78521
TS-21205,Thomas Seio,Corporate,US-Cen-Ill-Chi-60653
CK-12760,Cyma Kinney,Corporate,US-Wes-Cal-San-94122
SH-19975,Sally Hughsby,Corporate,US-Wes-Ida-Cal-83605
SM-20005,Sally Matthias,Consumer,US-Eas-New-New-10009
PB-19150,Philip Brown,Consumer,US-Sou-Flo-Mia-33178
CY-12745,Craig Yedwab,Corporate,US-Cen-Tex-San-78207
NP-18700,Nora Preis,Consumer,US-Wes-Cal-Fre-93727
LH-17155,Logan Haushalter,Consumer,US-Wes-Cal-Oak-94601
WB-21850,William Brown,Consumer,US-Wes-Cal-Con-94521
RF-19345,Randy Ferguson,Corporate,US-Wes-Ari-Pho-85023
RA-19285,Ralph Arnett,Consumer,US-Cen-Tex-Hou-77070
KD-16345,Katherine Ducich,Consumer,US-Wes-Cal-Los-90049
EB-13840,Ellis Ballard,Corporate,US-Cen-Ill-Chi-60623
KC-16675,Kimberly Carter,Corporate,US-Sou-Ken-Hen-42420
BM-11785,Bryan Mills,Consumer,US-Sou-Flo-Del-32725
JD-16015,Joy Daniels,Consumer,US-Cen-Ill-Chi-60610
SS-20875,Sung Shariari,Consumer,US-Eas-Ohi-Mar-43302
TB-21400,Tom Boeckenhauer,Consumer,US-Eas-New-New-10024
CS-11845,Cari Sayre,Corporate,US-Cen-Ill-Chi-60623
JO-15280,Jas O'Carroll,Consumer,US-Wes-Cal-San-92037
MC-18100,Mick Crebagga,Consumer,US-Cen-Tex-El -79907
EB-13705,Ed Braxton,Corporate,US-Eas-Pen-Phi-19140
SP-20860,Sung Pak,Corporate,US-Cen-Ill-Chi-60623
EJ-13720,Ed Jacobs,Consumer,US-Cen-Tex-Hun-77340
SC-20305,Sean Christensen,Consumer,US-Cen-Tex-Bea-77705
KN-16450,Kean Nguyen,Corporate,US-Sou-Flo-Jac-32216
SC-20695,Steve Chapman,Corporate,US-Cen-Mic-Det-48227
CC-12100,Chad Cunningham,Home Office,US-Wes-Cal-Los-90049
KB-16585,Ken Black,Corporate,US-Sou-Flo-Hia-33012
SH-20635,Stefanie Holloman,Corporate,US-Wes-Cal-Sac-95823
LE-16810,Laurel Elliston,Consumer,US-Sou-Vir-Spr-22153
RF-19840,Roy Französisch,Consumer,US-Sou-Geo-Col-31907
EC-14050,Erin Creighton,Consumer,US-Eas-Ohi-Col-43229
BP-11095,Bart Pistole,Corporate,US-Wes-Cal-Los-90008
MK-18160,Mike Kennedy,Consumer,US-Sou-Flo-Jac-32216
IM-15070,Irene Maddox,Consumer,US-Sou-Ala-Flo-35630
SG-20605,Speros Goranitis,Consumer,US-Cen-Ill-Chi-60623
TS-21505,Tony Sayre,Consumer,US-Sou-Ten-Col-38401
TC-21295,Toby Carlisle,Consumer,US-Wes-Col-Tho-80229
CT-11995,Carol Triggs,Consumer,US-Wes-Ari-Tuc-85705
MH-17455,Mark Hamilton,Consumer,US-Eas-Ohi-Ham-45011
SM-20950,Suzanne McNair,Corporate,US-Eas-New-New-10035
MC-17845,Michael Chen,Consumer,US-Wes-Cal-Los-90008
AB-10105,Adrian Barton,Consumer,US-Cen-Ind-Ind-46203
PS-19045,Penelope Sewall,Home Office,US-Sou-Vir-Har-22801
KH-16510,Keith Herrera,Consumer,US-Wes-Was-Sea-98103
WB-21850,William Brown,Consumer,US-Cen-Tex-Gra-75051
JC-15775,John Castell,Consumer,US-Eas-Del-New-19711
GM-14440,Gary McGarr,Consumer,US-Wes-Cal-San-92024
DP-13390,Dennis Pardue,Home Office,US-Sou-Ten-Col-38401
NP-18700,Nora Preis,Consumer,US-Cen-Ill-Chi-60623
KM-16660,Khloe Miller,Consumer,US-Wes-Cal-San-95123
TW-21025,Tamara Willingham,Home Office,US-Eas-New-New-10011
BT-11530,Bradley Talbott,Home Office,US-Eas-New-New-10024
SF-20200,Sarah Foster,Consumer,US-Cen-Ind-Ric-47374
CC-12670,Craig Carreira,Consumer,US-Sou-Flo-Tam-33614
ME-18010,Michelle Ellison,Corporate,US-Cen-Tex-Por-77642
TH-21235,Tiffany House,Corporate,US-Eas-New-New-10024
BF-11170,Ben Ferrer,Home Office,US-Wes-Cal-Los-90045
LF-17185,Luke Foster,Consumer,US-Sou-Flo-Mia-33180
RP-19390,Resi Pölking,Consumer,US-Eas-Ohi-Cle-44105
AS-10090,Adam Shillingsburg,Consumer,US-Wes-Cal-San-92037
JC-16105,Julie Creighton,Corporate,US-Wes-Cal-Los-90045
TB-21520,Tracy Blumstein,Consumer,US-Eas-New-New-10009
KL-16555,Kelly Lampkin,Corporate,US-Wes-Col-Col-80906
CK-12595,Clytie Kelty,Consumer,US-Wes-Cal-San-92024
AY-10555,Andy Yotov,Corporate,US-Eas-Pen-Phi-19140
AD-10180,Alan Dominguez,Home Office,US-Cen-Tex-Hou-77041
CA-12265,Christina Anderson,Consumer,US-Cen-Ill-Chi-60610
MG-17695,Maureen Gnade,Consumer,US-Eas-Pen-Phi-19134
KB-16315,Karl Braun,Consumer,US-Eas-Ohi-Cle-44105
Co-12640,Corey-Lock,Consumer,US-Cen-Ill-Sko-60076
JF-15490,Jeremy Farry,Consumer,US-Wes-Cal-San-94122
RP-19390,Resi Pölking,Consumer,US-Wes-Ari-Pho-85023
CD-12790,Cynthia Delaney,Home Office,US-Wes-Cal-Mor-92553
AT-10435,Alyssa Tate,Home Office,US-Wes-Cal-Los-90004
NC-18415,Nathan Cano,Consumer,US-Cen-Tex-For-76106
TC-20980,Tamara Chand,Corporate,US-Sou-Ala-Dec-35601
TB-21190,Thomas Brumley,Home Office,US-Eas-New-New-10011
AJ-10780,Anthony Jacobs,Corporate,US-Eas-Mas-Bev-1915
SP-20860,Sung Pak,Corporate,US-Eas-Pen-Phi-19143
MD-17350,Maribeth Dona,Consumer,US-Wes-Cal-Ana-92804
AJ-10795,Anthony Johnson,Corporate,US-Wes-Cal-San-94110
AI-10855,Arianne Irving,Consumer,US-Wes-Cal-Bre-94513
ZC-21910,Zuschuss Carroll,Consumer,US-Cen-Ill-Chi-60610
ST-20530,Shui Tom,Consumer,US-Wes-New-Alb-87105
RE-19405,Ricardo Emerson,Consumer,US-Eas-Ohi-Ken-44240
MG-17890,Michael Granlund,Home Office,US-Cen-Ill-Sai-60174
DC-13285,Debra Catini,Consumer,US-Cen-Min-Cot-55016
DD-13570,Dorothy Dickinson,Consumer,US-Sou-Ten-Mem-38109
SP-20620,Stefania Perrino,Corporate,US-Cen-Tex-Lar-78041
AJ-10960,Astrea Jones,Consumer,US-Eas-New-New-10035
MF-17665,Maureen Fritzler,Corporate,US-Wes-Ari-Pho-85023
AR-10345,Alex Russell,Corporate,US-Eas-Pen-Phi-19143
KB-16600,Ken Brennan,Corporate,US-Cen-Mic-Tay-48180
GA-14725,Guy Armstrong,Consumer,US-Eas-Pen-Phi-19120
PC-18745,Pamela Coakley,Corporate,US-Eas-New-Wat-13601
GM-14455,Gary Mitchum,Home Office,US-Eas-Mas-Fra-2038
CM-11815,Candace McMahon,Corporate,US-Cen-Tex-El -79907
RW-19630,Rob Williams,Corporate,US-Cen-Mis-Col-65203
JL-15175,James Lanier,Home Office,US-Wes-Nev-Ren-89502
AH-10030,Aaron Hawkins,Corporate,US-Eas-New-New-10035
KM-16375,Katherine Murray,Home Office,US-Eas-Rho-Pro-2908
VW-21775,Victoria Wilson,Corporate,US-Eas-Ohi-Med-44256
CB-12535,Claudia Bergmann,Corporate,US-Eas-Del-New-19711
AH-10465,Amy Hunt,Consumer,US-Cen-Tex-Dal-75217
SF-20965,Sylvia Foulston,Corporate,US-Cen-Tex-Bay-77520
CS-12250,Chris Selesnick,Corporate,US-Cen-Min-Woo-55125
SR-20740,Steven Roelle,Home Office,US-Wes-Was-Sea-98103
BG-11695,Brooke Gillingham,Corporate,US-Eas-New-New-10009
JL-15175,James Lanier,Home Office,US-Wes-Cal-San-94110
SP-20620,Stefania Perrino,Corporate,US-Wes-Col-Col-80906
CC-12685,Craig Carroll,Consumer,US-Sou-Ken-Hen-42420
MM-17920,Michael Moore,Consumer,US-Eas-New-New-10011
CS-12490,Cindy Schnelling,Corporate,US-Eas-Ohi-Tol-43615
YS-21880,Yana Sorensen,Corporate,US-Eas-Del-New-19711
KS-16300,Karen Seio,Corporate,US-Sou-Geo-Col-31907
PB-19150,Philip Brown,Consumer,US-Wes-Cal-Los-90004
AH-10465,Amy Hunt,Consumer,US-Sou-Ten-Bar-38134
SC-20260,Scott Cohen,Corporate,US-Eas-Mas-Law-1841
JS-15940,Joni Sundaresam,Home Office,US-Cen-Ill-Par-60068
PM-18940,Paul MacIntyre,Consumer,US-Cen-Tex-Tex-77590
CW-11905,Carl Weiss,Home Office,US-Wes-Mon-Boz-59715
CR-12820,Cyra Reiten,Home Office,US-Sou-Flo-Wes-33407
EM-13825,Elizabeth Moffitt,Corporate,US-Wes-Cal-Mor-92553
SC-20305,Sean Christensen,Consumer,US-Wes-Cal-Los-90036
SV-20365,Seth Vernon,Consumer,US-Eas-Ohi-Cle-44105
JH-15985,Joseph Holt,Consumer,US-Sou-Nor-Con-28027
JP-15520,Jeremy Pistek,Consumer,US-Cen-Tex-Hou-77070
CC-12145,Charles Crestani,Consumer,US-Wes-Cal-Los-90049
KB-16315,Karl Braun,Consumer,US-Cen-Min-Min-55407
PW-19030,Pauline Webber,Corporate,US-Eas-New-Rom-13440
RW-19540,Rick Wilson,Corporate,US-Wes-Cal-Los-90008
AA-10375,Allen Armold,Consumer,US-Cen-Neb-Oma-68104
FO-14305,Frank Olsen,Consumer,US-Sou-Geo-Col-31907
KH-16630,Ken Heidel,Corporate,US-Wes-Uta-Ple-84062
IL-15100,Ivan Liston,Consumer,US-Eas-Del-Wil-19805
TS-21655,Trudy Schmidt,Consumer,US-Cen-Tex-Hou-77070
LO-17170,Lori Olson,Corporate,US-Sou-Vir-Suf-23434
VW-21775,Victoria Wilson,Corporate,US-Wes-Was-Bel-98006
DK-12835,Damala Kotsonis,Corporate,US-Sou-Vir-Spr-22153
BH-11710,Brosina Hoffman,Consumer,US-Cen-Kan-Gar-67846
LH-17020,Lisa Hazard,Consumer,US-Eas-Ohi-Col-43229
FA-14230,Frank Atkinson,Corporate,US-Cen-Tex-San-78207
MS-17980,Michael Stewart,Corporate,US-Cen-Tex-Dal-75220
JF-15565,Jill Fjeld,Consumer,US-Cen-Ill-Dec-62521
SJ-20215,Sarah Jordon,Consumer,US-Wes-Cal-Los-90049
NB-18655,Nona Balk,Corporate,US-Eas-Pen-Phi-19143
KB-16315,Karl Braun,Consumer,US-Eas-Ohi-Akr-44312
TT-21070,Ted Trevino,Consumer,US-Eas-New-Roc-14609
JM-16195,Justin MacKendrick,Consumer,US-Wes-Cal-Los-90004
RP-19855,Roy Phan,Corporate,US-Cen-Wis-Ken-53142
RD-19585,Rob Dowd,Consumer,US-Wes-Cal-Los-90008
SP-20860,Sung Pak,Corporate,US-Eas-New-Dov-3820
AB-10600,Ann Blume,Corporate,US-Wes-Cal-Los-90004
GT-14755,Guy Thornton,Consumer,US-Wes-Cal-Lon-90805
KA-16525,Kelly Andreada,Consumer,US-Eas-New-Per-8861
LM-17065,Liz MacKendrick,Consumer,US-Sou-Ark-Hot-71901
PW-19240,Pierre Wener,Consumer,US-Eas-Mar-Col-21044
JE-15715,Joe Elijah,Consumer,US-Wes-New-Las-88001
PS-19045,Penelope Sewall,Home Office,US-Cen-Mic-Ste-48310
LC-16960,Lindsay Castell,Home Office,US-Eas-New-New-10024
SS-20875,Sung Shariari,Consumer,US-Eas-Mas-Leo-1453
BT-11395,Bill Tyler,Corporate,US-Eas-Pen-Alt-16602
ES-14080,Erin Smith,Corporate,US-Eas-Rho-Pro-2908
NP-18670,Nora Paige,Consumer,US-Wes-Was-Sea-98105
VD-21670,Valerie Dominguez,Consumer,US-Sou-Ten-Col-38401
ST-20530,Shui Tom,Consumer,US-Sou-Geo-Mac-31204
DH-13075,Dave Hallsten,Corporate,US-Wes-Cal-Los-90045
TP-21565,Tracy Poddar,Corporate,US-Cen-Tex-Cop-75019
RP-19390,Resi Pölking,Consumer,US-Eas-Pen-Phi-19120
CM-12715,Craig Molinari,Corporate,US-Cen-Tex-Hou-77070
DK-13090,Dave Kipp,Consumer,US-Wes-Was-Sea-98103
PA-19060,Pete Armstrong,Home Office,US-Cen-Ind-Ric-47374
MS-17365,Maribeth Schnelling,Consumer,US-Cen-Ill-Chi-60653
MV-18190,Mike Vittorini,Consumer,US-Cen-Tex-Hou-77036
KN-16390,Katherine Nockton,Corporate,US-Eas-Pen-Phi-19120
LF-17185,Luke Foster,Consumer,US-Eas-New-New-10011
AH-10195,Alan Haines,Corporate,US-Eas-Pen-Bet-18018
JJ-15445,Jennifer Jackson,Consumer,US-Cen-Ill-Chi-60623
SF-20200,Sarah Foster,Consumer,US-Cen-Ind-New-47362
JL-15850,John Lucas,Consumer,US-Wes-Cal-San-94122
EM-14140,Eugene Moren,Home Office,US-Eas-Del-New-19711
FO-14305,Frank Olsen,Consumer,US-Cen-Ill-Chi-60623
DK-12895,Dana Kaydos,Consumer,US-Cen-Wis-Ken-53142
FC-14335,Fred Chung,Corporate,US-Wes-Col-Pue-81001
AR-10825,Anthony Rawles,Corporate,US-Eas-New-Lon-11561
NS-18640,Noel Staavos,Corporate,US-Cen-Tex-San-78207
TG-21310,Toby Gnade,Consumer,US-Sou-Nor-Ral-27604
KB-16585,Ken Black,Corporate,US-Eas-Mar-Cli-20735
TS-21340,Toby Swindell,Consumer,US-Cen-Tex-Hou-77041
EB-13750,Edward Becker,Corporate,US-Sou-Flo-Pla-33317
EB-14170,Evan Bailliet,Consumer,US-Sou-Nor-Cha-28205
NF-18595,Nicole Fjeld,Home Office,US-Wes-Cal-Chi-95928
MC-17275,Marc Crier,Consumer,US-Wes-Was-Sea-98103
EP-13915,Emily Phan,Consumer,US-Eas-New-Dov-3820
AI-10855,Arianne Irving,Consumer,US-Wes-Cal-Ros-95661
KS-16300,Karen Seio,Corporate,US-Wes-Uta-Leh-84043
MS-17980,Michael Stewart,Corporate,US-Eas-New-New-10009
CM-12385,Christopher Martinez,Consumer,US-Sou-Geo-Atl-30318
JE-15475,Jeremy Ellison,Consumer,US-Wes-Was-Sea-98103
JK-15640,Jim Kriz,Home Office,US-Eas-New-New-10009
MS-17710,Maurice Satty,Consumer,US-Sou-Ala-Aub-36830
MF-18250,Monica Federle,Corporate,US-Wes-Cal-Los-90036
HR-14830,Harold Ryan,Corporate,US-Eas-New-New-10009
GA-14725,Guy Armstrong,Consumer,US-Wes-Cal-Lan-93534
FH-14365,Fred Hopkins,Corporate,US-Wes-Was-Sea-98115
MC-18130,Mike Caudle,Corporate,US-Wes-Cal-Los-90004
BK-11260,Berenike Kampe,Consumer,US-Wes-Cal-San-92404
DC-12850,Dan Campbell,Consumer,US-Sou-Flo-Nor-33161
JO-15550,Jesus Ocampo,Home Office,US-Wes-Was-Sea-98105
CM-12655,Corinna Mitchell,Home Office,US-Cen-Tex-Hou-77041
DH-13075,Dave Hallsten,Corporate,US-Eas-New-New-10035
BM-11785,Bryan Mills,Consumer,US-Wes-Ore-Sal-97301
JK-15730,Joe Kamberova,Consumer,US-Cen-Tex-Car-75007
BW-11110,Bart Watters,Corporate,US-Cen-Wis-Mil-53209
JW-16075,Julia West,Consumer,US-Sou-Nor-Jac-28540
DC-13285,Debra Catini,Consumer,US-Sou-Flo-Pla-33317
JD-16150,Justin Deggeller,Corporate,US-Wes-Cal-San-92037
DB-13210,Dean Braden,Consumer,US-Cen-Tex-Hou-77041
FW-14395,Fred Wasserman,Corporate,US-Sou-Ala-Hun-35810
RD-19900,Ruben Dartt,Consumer,US-Wes-Cal-Tho-91360
SG-20470,Sheri Gordon,Consumer,US-Sou-Sou-Flo-29501
JD-16060,Julia Dunbar,Consumer,US-Cen-Tex-Hou-77095
BP-11095,Bart Pistole,Corporate,US-Wes-Cal-Los-90049
AM-10360,Alice McCarthy,Corporate,US-Wes-Cal-Los-90008
BP-11185,Ben Peterman,Corporate,US-Sou-Flo-Cor-33065
CP-12085,Cathy Prescott,Corporate,US-Wes-Was-Cov-98042
DP-13390,Dennis Pardue,Home Office,US-Cen-Ill-Peo-61604
GM-14500,Gene McClure,Consumer,US-Eas-Pen-Phi-19140
EB-13840,Ellis Ballard,Corporate,US-Wes-Was-Sea-98103
SM-20950,Suzanne McNair,Corporate,US-Eas-New-New-10009
BV-11245,Benjamin Venier,Corporate,US-Sou-Flo-Mia-33142
MV-17485,Mark Van Huff,Consumer,US-Wes-Was-Sea-98115
JH-15820,John Huston,Consumer,US-Eas-New-New-10009
CK-12205,Chloris Kastensmidt,Consumer,US-Eas-Pen-Phi-19120
AB-10165,Alan Barnes,Consumer,US-Wes-Cal-Los-90036
DO-13435,Denny Ordway,Consumer,US-Wes-Was-Sea-98103
AS-10240,Alan Shonely,Consumer,US-Sou-Vir-Spr-22153
RB-19435,Richard Bierner,Consumer,US-Wes-Cal-San-92105
CM-12115,Chad McGuire,Consumer,US-Eas-New-New-10024
SL-20155,Sara Luxemburg,Home Office,US-Sou-Flo-Jac-32216
FC-14335,Fred Chung,Corporate,US-Cen-Ill-Chi-60610
DR-12940,Daniel Raglin,Home Office,US-Cen-Ill-Nor-61761
EB-13705,Ed Braxton,Corporate,US-Cen-Tex-Hou-77095
SC-20260,Scott Cohen,Corporate,US-Sou-Flo-Jac-32216
JD-15790,John Dryer,Consumer,US-Wes-Cal-Los-90049
CS-11845,Cari Sayre,Corporate,US-Cen-Tex-Hou-77070
JL-15850,John Lucas,Consumer,US-Wes-Ari-Mes-85204
MO-17950,Michael Oakman,Consumer,US-Cen-Tex-Dal-75220
NF-18595,Nicole Fjeld,Home Office,US-Eas-New-New-10009
NC-18340,Nat Carroll,Consumer,US-Cen-Mic-Lan-48911
GG-14650,Greg Guthrie,Corporate,US-Sou-Ten-Bri-37620
JF-15415,Jennifer Ferguson,Consumer,US-Wes-Was-Spo-99207
CA-11965,Carol Adams,Corporate,US-Wes-Cal-Los-90036
VT-21700,Valerie Takahito,Home Office,US-Eas-Pen-Phi-19143
TT-21070,Ted Trevino,Consumer,US-Eas-Pen-Phi-19120
TT-21220,Thomas Thornton,Consumer,US-Cen-Tex-Hou-77041
MH-17455,Mark Hamilton,Consumer,US-Sou-Nor-Jac-28540
PF-19120,Peter Fuller,Consumer,US-Cen-Tex-San-78207
FM-14290,Frank Merwin,Home Office,US-Eas-Pen-Phi-19140
RP-19390,Resi Pölking,Consumer,US-Eas-New-New-10035
IG-15085,Ivan Gibson,Consumer,US-Eas-Con-Nor-6360
MC-18100,Mick Crebagga,Consumer,US-Eas-New-New-10024
JK-15370,Jay Kimmel,Consumer,US-Wes-Cal-Lon-90805
EH-14125,Eugene Hildebrand,Home Office,US-Eas-New-Roc-14609
DM-12955,Dario Medina,Corporate,US-Wes-Cal-Sac-95823
PR-18880,Patrick Ryan,Consumer,US-Sou-Flo-Tam-33614
SE-20110,Sanjit Engle,Consumer,US-Eas-New-New-10009
AR-10540,Andy Reiter,Consumer,US-Wes-Cal-Los-90004
RD-19660,Robert Dilbeck,Home Office,US-Wes-Was-Sea-98103
FP-14320,Frank Preis,Consumer,US-Cen-Tex-Hun-77340
EB-14110,Eugene Barchas,Consumer,US-Wes-Cal-Los-90045
ZC-21910,Zuschuss Carroll,Consumer,US-Wes-Cal-Pom-91767
TH-21100,Thea Hendricks,Consumer,US-Wes-Ari-Gle-85301
HJ-14875,Heather Jas,Home Office,US-Wes-Ari-Mes-85204
BT-11395,Bill Tyler,Corporate,US-Wes-Cal-Los-90036
SS-20590,Sonia Sunley,Consumer,US-Cen-Neb-Nor-68701
AW-10840,Anthony Witt,Consumer,US-Wes-New-Far-87401
TP-21130,Theone Pippenger,Consumer,US-Wes-Ore-Spr-97477
LL-16840,Lauren Leatherbury,Consumer,US-Sou-Vir-Way-22980
TS-21160,Theresa Swint,Corporate,US-Eas-Ohi-Tol-43615
SB-20185,Sarah Brown,Consumer,US-Cen-Ill-Eva-60201
BN-11470,Brad Norvell,Corporate,US-Eas-Pen-Phi-19143
DM-13345,Denise Monton,Corporate,US-Eas-New-New-10024
GA-14515,George Ashbrook,Consumer,US-Wes-Cal-San-94122
JM-15535,Jessica Myrick,Consumer,US-Eas-New-New-10035
KW-16570,Kelly Williams,Consumer,US-Sou-Lou-Mon-71203
MP-17965,Michael Paige,Corporate,US-Cen-Tex-Mca-78501
DE-13255,Deanra Eno,Home Office,US-Wes-Cal-Los-90004
NC-18415,Nathan Cano,Consumer,US-Wes-Cal-San-93454
RF-19735,Roland Fjeld,Consumer,US-Eas-New-New-10024
DP-13000,Darren Powers,Consumer,US-Cen-Ind-New-47150
PG-18820,Patrick Gardner,Consumer,US-Cen-Tex-Car-75007
TS-21160,Theresa Swint,Corporate,US-Sou-Geo-Col-31907
ES-14020,Erica Smith,Consumer,US-Cen-Tex-Hou-77036
OT-18730,Olvera Toch,Consumer,US-Cen-Mic-Det-48234
JK-16090,Juliana Krohn,Consumer,US-Sou-Ken-Lou-40214
AZ-10750,Annie Zypern,Consumer,US-Wes-Cal-Los-90008
DB-13270,Deborah Brumfield,Home Office,US-Eas-New-New-10009
LS-16945,Linda Southworth,Corporate,US-Wes-Cal-Los-90004
JS-15595,Jill Stevenson,Corporate,US-Wes-Cal-Los-90045
TS-21655,Trudy Schmidt,Consumer,US-Cen-Wis-Mil-53209
ZC-21910,Zuschuss Carroll,Consumer,US-Cen-Ill-Aur-60505
JL-15850,John Lucas,Consumer,US-Eas-New-New-10035
BW-11110,Bart Watters,Corporate,US-Wes-Cal-San-92105
PW-19240,Pierre Wener,Consumer,US-Cen-Tex-Hou-77036
JE-15745,Joel Eaton,Consumer,US-Sou-Ten-Mem-38109
SA-20830,Sue Ann Reed,Consumer,US-Sou-Flo-Day-32114
GT-14710,Greg Tran,Consumer,US-Eas-Dis-Was-20016
TC-21475,Tony Chapman,Home Office,US-Wes-Col-Aur-80013
RA-19915,Russell Applegate,Consumer,US-Cen-Tex-Hou-77095
SD-20485,Shirley Daniels,Home Office,US-Cen-Mic-Mid-48640
JK-15640,Jim Kriz,Home Office,US-Eas-Pen-Phi-19120
BP-11230,Benjamin Patterson,Consumer,US-Eas-Ohi-Tro-45373
KB-16585,Ken Black,Corporate,US-Wes-Cal-San-94110
JW-15220,Jane Waco,Corporate,US-Eas-Mas-Law-1841
DB-13120,David Bremer,Corporate,US-Sou-Flo-Tam-33614
PO-18850,Patrick O'Brill,Consumer,US-Wes-Cal-San-94109
JB-15400,Jennifer Braxton,Corporate,US-Wes-Cal-Los-90008
NC-18625,Noah Childs,Corporate,US-Cen-Tex-Hou-77095
SV-20785,Stewart Visinsky,Consumer,US-Eas-Pen-Phi-19140
LC-16870,Lena Cacioppo,Consumer,US-Wes-Cal-San-94109
JB-16045,Julia Barnett,Home Office,US-Wes-Cal-Chu-91911
NF-18595,Nicole Fjeld,Home Office,US-Wes-Cal-San-95123
LA-16780,Laura Armstrong,Corporate,US-Cen-Ill-Tin-60477
SV-20815,Stuart Van,Corporate,US-Cen-Ind-Ind-46203
AS-10225,Alan Schoenberger,Corporate,US-Eas-New-New-10024
AH-10690,Anna Häberlin,Corporate,US-Cen-Tex-Hou-77095
CC-12220,Chris Cortes,Consumer,US-Sou-Ken-Owe-42301
AG-10675,Anna Gayman,Consumer,US-Cen-Tex-All-75002
NW-18400,Natalie Webber,Consumer,US-Eas-New-New-10024
AB-10255,Alejandro Ballentine,Home Office,US-Eas-New-New-10009
DL-12925,Daniel Lacy,Consumer,US-Cen-Min-Min-55407
CB-12535,Claudia Bergmann,Corporate,US-Eas-Ohi-Cuy-44221
AA-10375,Allen Armold,Consumer,US-Wes-Ore-Sal-97301
ME-17725,Max Engle,Consumer,US-Sou-Ken-Lou-40214
DP-13390,Dennis Pardue,Home Office,US-Cen-Ill-Aur-60505
AB-10165,Alan Barnes,Consumer,US-Wes-Col-Lou-80027
PS-18970,Paul Stevenson,Home Office,US-Wes-Ari-Pho-85023
CS-12505,Cindy Stewart,Consumer,US-Wes-Cal-San-94122
LT-16765,Larry Tron,Consumer,US-Wes-Col-Lou-80027
JG-15160,James Galang,Consumer,US-Cen-Tex-Hou-77041
RO-19780,Rose O'Brian,Consumer,US-Wes-Was-Sea-98115
AZ-10750,Annie Zypern,Consumer,US-Eas-New-New-10024
BF-11170,Ben Ferrer,Home Office,US-Cen-Ill-Chi-60623
HG-15025,Hunter Glantz,Consumer,US-Wes-Cal-Los-90032
JO-15550,Jesus Ocampo,Home Office,US-Eas-Pen-Che-19013
CB-12535,Claudia Bergmann,Corporate,US-Wes-Cal-Cam-93010
AH-10690,Anna Häberlin,Corporate,US-Sou-Geo-Ros-30076
FC-14335,Fred Chung,Corporate,US-Eas-Pen-Phi-19140
TH-21550,Tracy Hopkins,Home Office,US-Sou-Flo-Jac-32216
DV-13465,Dianna Vittorini,Consumer,US-Eas-New-Lon-11561
ON-18715,Odella Nelson,Corporate,US-Cen-Tex-Hou-77095
AJ-10780,Anthony Jacobs,Corporate,US-Wes-Cal-Los-90004
SG-20470,Sheri Gordon,Consumer,US-Sou-Nor-Wil-27893
ME-18010,Michelle Ellison,Corporate,US-Wes-Was-Sea-98105
HG-14965,Henry Goldwyn,Corporate,US-Eas-Pen-Phi-19143
JE-15745,Joel Eaton,Consumer,US-Cen-Ill-Fra-60423
SB-20185,Sarah Brown,Consumer,US-Wes-Cal-Los-90045
NM-18445,Nathan Mautz,Home Office,US-Cen-Mic-Det-48234
EA-14035,Erin Ashbrook,Corporate,US-Sou-Sou-Col-29203
EB-13870,Emily Burns,Consumer,US-Wes-Ari-Pho-85023
KH-16690,Kristen Hastings,Corporate,US-Eas-Rho-Woo-2895
VS-21820,Vivek Sundaresam,Consumer,US-Cen-Ill-Nap-60540
MM-18280,Muhammed MacIntyre,Corporate,US-Cen-Tex-Hal-76117
CY-12745,Craig Yedwab,Corporate,US-Sou-Ten-Col-38401
JH-16180,Justin Hirsh,Consumer,US-Wes-Col-Pue-81001
NP-18685,Nora Pelletier,Home Office,US-Wes-Cal-San-94109
NM-18445,Nathan Mautz,Home Office,US-Cen-Kan-Wic-67212
PS-18760,Pamela Stobb,Consumer,US-Cen-Tex-San-78207
BF-11170,Ben Ferrer,Home Office,US-Sou-Nor-Jac-28540
RD-19900,Ruben Dartt,Consumer,US-Wes-Was-Bel-98006
KB-16315,Karl Braun,Consumer,US-Eas-New-Fre-11520
NK-18490,Neil Knudson,Home Office,US-Wes-Was-Sea-98105
MS-17770,Maxwell Schwartz,Consumer,US-Eas-New-Roc-14609
TB-21625,Trudy Brown,Consumer,US-Eas-Con-Man-6040
JL-15850,John Lucas,Consumer,US-Wes-Was-Sea-98105
VP-21760,Victoria Pisteka,Corporate,US-Eas-Ohi-Col-43229
CC-12100,Chad Cunningham,Home Office,US-Eas-Ohi-Cle-44105
KB-16315,Karl Braun,Consumer,US-Cen-Ind-Ind-46203
EN-13780,Edward Nazzal,Consumer,US-Eas-New-New-10009
BD-11560,Brendan Dodson,Home Office,US-Sou-Vir-Spr-22153
TM-21010,Tamara Manning,Consumer,US-Wes-Uta-Ore-84057
SC-20050,Sample Company A,Home Office,US-Eas-Con-Nor-6360
JM-15265,Janet Molinari,Corporate,US-Cen-Ill-Chi-60653
EM-13825,Elizabeth Moffitt,Corporate,US-Eas-New-Pat-7501
BD-11320,Bill Donatelli,Consumer,US-Cen-Min-Min-55407
CW-11905,Carl Weiss,Home Office,US-Eas-New-Lon-11561
SP-20650,Stephanie Phelps,Corporate,US-Wes-Cal-San-95123
ML-18265,Muhammed Lee,Consumer,US-Sou-Nor-Fay-28314
CG-12040,Catherine Glotzbach,Home Office,US-Wes-Cal-Los-90045
AJ-10945,Ashley Jarboe,Consumer,US-Cen-Mic-Det-48227
KE-16420,Katrina Edelman,Corporate,US-Cen-Tex-San-78207
BP-11155,Becky Pak,Consumer,US-Wes-Cal-Los-90008
TC-21535,Tracy Collins,Home Office,US-Eas-New-New-10024
LL-16840,Lauren Leatherbury,Consumer,US-Wes-Was-Sea-98105
EB-13750,Edward Becker,Corporate,US-Eas-New-Buf-14215
BB-11545,Brenda Bowman,Corporate,US-Cen-Mis-Sai-63301
HD-14785,Harold Dahlen,Home Office,US-Eas-Pen-Phi-19143
EM-13810,Eleni McCrary,Corporate,US-Wes-Cal-Los-90036
AG-10495,Andrew Gjertsen,Corporate,US-Sou-Flo-Sai-33710
MG-17695,Maureen Gnade,Consumer,US-Cen-Ill-Chi-60610
NC-18415,Nathan Cano,Consumer,US-Cen-Mic-Roy-48073
MJ-17740,Max Jones,Consumer,US-Sou-Flo-Mia-33178
AG-10765,Anthony Garverick,Home Office,US-Sou-Vir-Ham-23666
TG-21640,Trudy Glocke,Consumer,US-Wes-Ida-Poc-83201
JE-15610,Jim Epp,Corporate,US-Sou-Flo-Lak-33801
BD-11605,Brian Dahlen,Consumer,US-Sou-Lou-Mon-71203
GB-14575,Giulietta Baptist,Consumer,US-Eas-Pen-Phi-19134
JH-15910,Jonathan Howell,Consumer,US-Sou-Flo-Wes-33407
SZ-20035,Sam Zeldin,Home Office,US-Cen-Ind-Col-47201
LE-16810,Laurel Elliston,Consumer,US-Eas-Del-New-19711
PS-19045,Penelope Sewall,Home Office,US-Eas-Mai-Lew-4240
DH-13075,Dave Hallsten,Corporate,US-Sou-Ala-Dec-35601
BF-10975,Barbara Fisher,Corporate,US-Sou-Geo-Ros-30076
JJ-15445,Jennifer Jackson,Consumer,US-Wes-Cal-Los-90004
FC-14245,Frank Carlisle,Home Office,US-Eas-Ohi-Spr-45503
AD-10180,Alan Dominguez,Home Office,US-Eas-Pen-Phi-19120
PF-19120,Peter Fuller,Consumer,US-Wes-Ari-Gil-85234
AC-10450,Amy Cox,Consumer,US-Sou-Flo-Tam-33614
GK-14620,Grace Kelly,Corporate,US-Wes-Cal-Los-90004
PB-19150,Philip Brown,Consumer,US-Eas-Pen-Phi-19134
LS-17230,Lycoris Saunders,Consumer,US-Cen-Tex-Gra-75051
LC-16885,Lena Creighton,Consumer,US-Eas-New-New-10009
KH-16510,Keith Herrera,Consumer,US-Sou-Vir-Arl-22204
SN-20560,Skye Norling,Home Office,US-Wes-Ari-Peo-85345
HR-14830,Harold Ryan,Corporate,US-Sou-Flo-Mia-33178
BG-11740,Bruce Geld,Consumer,US-Wes-Cal-San-92105
BV-11245,Benjamin Venier,Corporate,US-Sou-Ten-Smy-37167
PP-18955,Paul Prost,Home Office,US-Eas-Pen-Phi-19134
LH-17155,Logan Haushalter,Consumer,US-Wes-Cal-Los-90032
KM-16375,Katherine Murray,Home Office,US-Cen-Tex-Hou-77070
ME-17320,Maria Etezadi,Home Office,US-Cen-Tex-Dal-75081
BC-11125,Becky Castell,Home Office,US-Eas-Pen-Phi-19134
SC-20770,Stewart Carmichael,Corporate,US-Wes-Cal-San-94122
JM-16195,Justin MacKendrick,Consumer,US-Wes-Col-Aur-80013
EP-13915,Emily Phan,Consumer,US-Sou-Flo-Del-32725
SW-20455,Shaun Weien,Consumer,US-Eas-New-Roc-14609
KL-16645,Ken Lonsdale,Consumer,US-Wes-Uta-Lay-84041
MG-17875,Michael Grace,Home Office,US-Cen-Ill-Aur-60505
RD-19480,Rick Duston,Consumer,US-Wes-Was-Oly-98502
CS-12355,Christine Sundaresam,Consumer,US-Wes-Cal-Lon-90805
RF-19345,Randy Ferguson,Corporate,US-Sou-Geo-Eas-30344
CH-12070,Cathy Hwang,Home Office,US-Eas-Pen-Phi-19143
AB-10165,Alan Barnes,Consumer,US-Wes-Cal-Los-90045
JF-15565,Jill Fjeld,Consumer,US-Wes-Cal-San-94110
MV-17485,Mark Van Huff,Consumer,US-Cen-Tex-Hou-77041
SA-20830,Sue Ann Reed,Consumer,US-Sou-Vir-Ric-23223
VD-21670,Valerie Dominguez,Consumer,US-Cen-Tex-Hou-77070
DB-13360,Dennis Bolton,Home Office,US-Eas-Ohi-Lak-44107
LA-16780,Laura Armstrong,Corporate,US-Cen-Mic-Tay-48180
DW-13585,Dorothy Wardle,Corporate,US-Eas-Ohi-Tro-45373
CY-12745,Craig Yedwab,Corporate,US-Wes-Ari-Gil-85234
MP-17470,Mark Packer,Home Office,US-Sou-Geo-Smy-30080
MM-18055,Michelle Moray,Consumer,US-Eas-New-New-10011
NF-18475,Neil Französisch,Home Office,US-Cen-Neb-Oma-68104
SG-20470,Sheri Gordon,Consumer,US-Eas-New-New-10024
RH-19600,Rob Haberlin,Consumer,US-Cen-Ill-Car-60188
FA-14230,Frank Atkinson,Corporate,US-Sou-Nor-Ral-27604
RB-19435,Richard Bierner,Consumer,US-Cen-Tex-Hou-77070
KB-16315,Karl Braun,Consumer,US-Sou-Flo-Hol-33021
SR-20740,Steven Roelle,Home Office,US-Eas-New-New-10024
BD-11725,Bruce Degenhardt,Consumer,US-Sou-Ken-Ric-40475
DG-13300,Deirdre Greer,Corporate,US-Eas-Pen-Phi-19134
AD-10180,Alan Dominguez,Home Office,US-Eas-New-New-10035
JP-16135,Julie Prescott,Home Office,US-Wes-Cal-San-92024
IM-15070,Irene Maddox,Consumer,US-Cen-Wis-Mil-53209
RS-19765,Roland Schwarz,Corporate,US-Sou-Nor-Cha-28205
VP-21730,Victor Preis,Home Office,US-Cen-Mic-Ste-48310
MW-18220,Mitch Webber,Consumer,US-Eas-Pen-Phi-19140
BF-10975,Barbara Fisher,Corporate,US-Sou-Nor-Fay-28314
KM-16225,Kalyca Meade,Corporate,US-Eas-New-New-10011
PP-18955,Paul Prost,Home Office,US-Eas-Mas-Hol-1040
SJ-20215,Sarah Jordon,Consumer,US-Wes-Cal-Pas-91104
BF-10975,Barbara Fisher,Corporate,US-Eas-New-Vin-8360
DM-13015,Darrin Martin,Consumer,US-Cen-Tex-Hou-77070
BT-11680,Brian Thompson,Consumer,US-Eas-Mar-Cli-20735
KN-16450,Kean Nguyen,Corporate,US-Cen-Tex-Dal-75220
MC-17575,Matt Collins,Consumer,US-Eas-Pen-Phi-19120
CB-12535,Claudia Bergmann,Corporate,US-Eas-Mas-Fra-2038
EB-13870,Emily Burns,Consumer,US-Sou-Ten-Nas-37211
MV-18190,Mike Vittorini,Consumer,US-Wes-Cal-San-92404
EH-13945,Eric Hoffmann,Consumer,US-Wes-Ari-Tem-85281
SC-20380,Shahid Collister,Consumer,US-Wes-Was-Sea-98115
CK-12595,Clytie Kelty,Consumer,US-Eas-Pen-Phi-19134
TS-21370,Todd Sumrall,Corporate,US-Eas-Del-Wil-19805
RL-19615,Rob Lucas,Consumer,US-Cen-Ill-Chi-60610
FM-14380,Fred McMath,Consumer,US-Cen-Tex-Ama-79109
ND-18370,Natalie DeCherney,Consumer,US-Eas-New-New-10035
SL-20155,Sara Luxemburg,Home Office,US-Cen-Tex-Hou-77095
ND-18460,Neil Ducich,Corporate,US-Sou-Geo-Mac-31204
TG-21310,Toby Gnade,Consumer,US-Wes-Ari-Mes-85204
MG-17890,Michael Granlund,Home Office,US-Eas-Mar-Bal-21215
EM-13810,Eleni McCrary,Corporate,US-Wes-Cal-San-94122
KE-16420,Katrina Edelman,Corporate,US-Eas-New-New-10035
VB-21745,Victoria Brennan,Corporate,US-Cen-Tex-Hou-77041
MP-17965,Michael Paige,Corporate,US-Sou-Flo-Por-34952
JM-15535,Jessica Myrick,Consumer,US-Wes-Cal-Bak-93309
PJ-19015,Pauline Johnson,Consumer,US-Eas-New-New-10024
KC-16255,Karen Carlisle,Corporate,US-Eas-New-New-10009
RF-19735,Roland Fjeld,Consumer,US-Wes-Cal-San-92105
TS-21085,Thais Sissman,Consumer,US-Wes-Ari-Pho-85023
RK-19300,Ralph Kennedy,Consumer,US-Cen-Ind-Sou-46614
RA-19915,Russell Applegate,Consumer,US-Cen-Ill-Hig-60035
TH-21550,Tracy Hopkins,Home Office,US-Eas-New-New-10009
MS-17830,Melanie Seite,Consumer,US-Eas-New-Roc-14609
SS-20515,Shirley Schmidt,Home Office,US-Sou-Ken-Lou-40214
MH-18025,Michelle Huthwaite,Consumer,US-Wes-Was-Sea-98115
RB-19795,Ross Baird,Home Office,US-Eas-Pen-Phi-19143
YS-21880,Yana Sorensen,Corporate,US-Sou-Ala-Mon-36116
RD-19930,Russell D'Ascenzo,Consumer,US-Wes-Cal-Los-90032
BP-11095,Bart Pistole,Corporate,US-Wes-Cal-Oxn-93030
CK-12760,Cyma Kinney,Corporate,US-Wes-Ari-Gle-85301
HA-14920,Helen Andreada,Consumer,US-Wes-Cal-San-94110
AS-10240,Alan Shonely,Consumer,US-Eas-Pen-Phi-19140
CA-12775,Cynthia Arntzen,Consumer,US-Wes-Ari-Mes-85204
PG-18820,Patrick Gardner,Consumer,US-Sou-Ken-Lou-40214
HA-14920,Helen Andreada,Consumer,US-Wes-Cal-San-94109
GH-14410,Gary Hansen,Home Office,US-Cen-Min-Lak-55044
CC-12610,Corey Catlett,Corporate,US-Cen-Tex-Hou-77041
RH-19495,Rick Hansen,Consumer,US-Eas-New-New-10024
SC-20695,Steve Chapman,Corporate,US-Cen-Mis-Sai-63116
AR-10405,Allen Rosenblatt,Corporate,US-Sou-Mis-Hat-39401
PC-19000,Pauline Chand,Home Office,US-Wes-Cal-Los-90004
Co-12640,Corey-Lock,Consumer,US-Wes-Was-Sea-98105
BE-11455,Brad Eason,Home Office,US-Eas-Rho-Pro-2908
DK-12985,Darren Koutras,Consumer,US-Wes-Ore-Spr-97477
AH-10690,Anna Häberlin,Corporate,US-Cen-Tex-Dal-75220
MS-17980,Michael Stewart,Corporate,US-Cen-Tex-Hou-77041
RP-19270,Rachel Payne,Corporate,US-Cen-Tex-Hou-77095
JK-15625,Jim Karlsson,Consumer,US-Eas-Pen-Phi-19120
EM-14095,Eudokia Martin,Corporate,US-Sou-Vir-Spr-22153
NS-18640,Noel Staavos,Corporate,US-Eas-Mar-Bal-21215
KW-16570,Kelly Williams,Consumer,US-Cen-Mis-Kir-63122
PN-18775,Parhena Norris,Home Office,US-Wes-Cal-Bak-93309
NS-18640,Noel Staavos,Corporate,US-Wes-Ida-Boi-83704
DB-13405,Denny Blanton,Consumer,US-Eas-Mas-Law-1841
TT-21220,Thomas Thornton,Consumer,US-Wes-Cal-San-94109
RD-19585,Rob Dowd,Consumer,US-Eas-New-Uti-13501
NP-18325,Naresj Patel,Consumer,US-Eas-New-New-10024
DS-13180,David Smith,Corporate,US-Cen-Mic-Det-48227
MF-18250,Monica Federle,Corporate,US-Eas-New-New-10035
HR-14770,Hallie Redmond,Home Office,US-Cen-Wis-Mil-53209
RA-19885,Ruben Ausman,Corporate,US-Sou-Flo-Jac-32216
WB-21850,William Brown,Consumer,US-Wes-Ore-Red-97756
JK-16120,Julie Kriz,Home Office,US-Cen-Min-Eag-55122
BD-11320,Bill Donatelli,Consumer,US-Cen-Mic-Det-48227
PO-19180,Philisse Overcash,Home Office,US-Eas-New-New-10035
BW-11065,Barry Weirich,Consumer,US-Sou-Nor-Ral-27604
GK-14620,Grace Kelly,Corporate,US-Sou-Nor-Gre-27405
RA-19285,Ralph Arnett,Consumer,US-Cen-Ind-Ric-47374
CK-12595,Clytie Kelty,Consumer,US-Sou-Geo-Mar-30062
SF-20065,Sandra Flanagan,Consumer,US-Wes-Cal-Pom-91767
ON-18715,Odella Nelson,Corporate,US-Wes-Cal-Yuc-92399
EJ-13720,Ed Jacobs,Consumer,US-Eas-Pen-Phi-19143
TT-21265,Tim Taslimi,Corporate,US-Wes-Cal-Los-90045
RE-19450,Richard Eichhorn,Consumer,US-Wes-Cal-Oak-94601
JM-15865,John Murray,Consumer,US-Wes-Ari-Pho-85023
JW-15955,Joni Wasserman,Consumer,US-Eas-Pen-Phi-19120
SP-20860,Sung Pak,Corporate,US-Eas-Pen-Phi-19134
SC-20725,Steven Cartwright,Consumer,US-Wes-Ari-Peo-85345
SC-20440,Shaun Chance,Corporate,US-Eas-Mas-New-2740
SM-20320,Sean Miller,Home Office,US-Eas-Pen-All-18103
DS-13180,David Smith,Corporate,US-Wes-Cal-San-94122
NZ-18565,Nick Zandusky,Home Office,US-Wes-Cal-San-94110
HG-14965,Henry Goldwyn,Corporate,US-Sou-Ken-Flo-41042
KN-16390,Katherine Nockton,Corporate,US-Eas-Ohi-Spr-45503
RB-19705,Roger Barcio,Home Office,US-Eas-New-New-10009
DP-13105,Dave Poirier,Corporate,US-Eas-New-New-10035
TD-20995,Tamara Dahlen,Consumer,US-Cen-Ill-Bol-60440
FH-14350,Fred Harton,Consumer,US-Sou-Geo-Atl-30318
KW-16435,Katrina Willman,Consumer,US-Sou-Ken-Flo-41042
MS-17710,Maurice Satty,Consumer,US-Eas-Ohi-Bow-43402
CB-12025,Cassandra Brandow,Consumer,US-Cen-Tex-Arl-76017
SC-20380,Shahid Collister,Consumer,US-Eas-New-New-10035
EM-13810,Eleni McCrary,Corporate,US-Eas-New-New-10009
DO-13435,Denny Ordway,Consumer,US-Wes-Ore-Por-97206
NL-18310,Nancy Lomonaco,Home Office,US-Wes-Cal-Los-90045
MC-18100,Mick Crebagga,Consumer,US-Cen-Tex-Hou-77041
RA-19945,Ryan Akin,Consumer,US-Wes-Cal-Mur-92563
PF-19165,Philip Fox,Consumer,US-Wes-Cal-San-92105
CC-12100,Chad Cunningham,Home Office,US-Wes-Cal-Los-90045
CB-12025,Cassandra Brandow,Consumer,US-Wes-Cal-Los-90049
BP-11185,Ben Peterman,Corporate,US-Cen-Tex-Dal-75081
TS-21370,Todd Sumrall,Corporate,US-Cen-Ill-Chi-60623
SM-20950,Suzanne McNair,Corporate,US-Eas-Con-Fai-6824
CC-12100,Chad Cunningham,Home Office,US-Cen-Mic-Det-48234
SC-20260,Scott Cohen,Corporate,US-Wes-Cal-San-94122
AR-10510,Andrew Roberts,Consumer,US-Wes-Cal-Los-90004
RH-19510,Rick Huthwaite,Home Office,US-Wes-Cal-San-92037
SD-20485,Shirley Daniels,Home Office,US-Cen-Tex-Bed-76021
DR-12940,Daniel Raglin,Home Office,US-Eas-Mas-Fra-2038
DB-13615,Doug Bickford,Consumer,US-Wes-Cal-Los-90045
DB-13120,David Bremer,Corporate,US-Wes-Cal-San-94122
CP-12085,Cathy Prescott,Corporate,US-Wes-Ari-Tuc-85705
AS-10630,Ann Steele,Home Office,US-Wes-Cal-San-94110
JB-15400,Jennifer Braxton,Corporate,US-Eas-Con-Bri-6010
MG-18145,Mike Gockenbach,Consumer,US-Eas-Pen-Phi-19134
JB-15400,Jennifer Braxton,Corporate,US-Eas-New-New-10009
JC-16105,Julie Creighton,Corporate,US-Sou-Nor-Dur-27707
JH-15820,John Huston,Consumer,US-Cen-Mic-Hol-49423
CS-12355,Christine Sundaresam,Consumer,US-Sou-Geo-Ros-30076
KB-16585,Ken Black,Corporate,US-Wes-Ore-Med-97504
SC-20440,Shaun Chance,Corporate,US-Eas-Pen-Phi-19140
DS-13180,David Smith,Corporate,US-Cen-Tex-Hou-77095
TW-21025,Tamara Willingham,Home Office,US-Sou-Vir-Cha-22901
SP-20860,Sung Pak,Corporate,US-Cen-Min-Roc-55901
CA-12055,Cathy Armstrong,Home Office,US-Cen-Tex-Hou-77036
AG-10900,Arthur Gainer,Consumer,US-Wes-Cal-San-92105
CC-12430,Chuck Clark,Home Office,US-Eas-New-New-10024
BS-11590,Brendan Sweed,Corporate,US-Eas-New-New-10011
BT-11305,Beth Thompson,Home Office,US-Wes-Was-Sea-98103
SW-20455,Shaun Weien,Consumer,US-Sou-Lou-Laf-70506
CK-12760,Cyma Kinney,Corporate,US-Sou-Ten-Nas-37211
AG-10525,Andy Gerbode,Corporate,US-Sou-Vir-Ric-23223
LO-17170,Lori Olson,Corporate,US-Wes-Cal-La -92253
AT-10435,Alyssa Tate,Home Office,US-Sou-Flo-Tam-33319
MC-17275,Marc Crier,Consumer,US-Eas-New-New-10011
TN-21040,Tanja Norvell,Home Office,US-Eas-New-New-10009
AG-10525,Andy Gerbode,Corporate,US-Eas-New-New-10011
CC-12610,Corey Catlett,Corporate,US-Sou-Nor-Dur-27707
CC-12145,Charles Crestani,Consumer,US-Cen-Tex-El -79907
LR-17035,Lisa Ryan,Corporate,US-Eas-Pen-Phi-19134
VW-21775,Victoria Wilson,Corporate,US-Sou-Ala-Mon-36116
NM-18520,Neoma Murray,Consumer,US-Wes-Cal-Mor-92553
AB-10150,Aimee Bixby,Consumer,US-Cen-Okl-Tul-74133
EH-13765,Edward Hooks,Corporate,US-Eas-Mas-Rev-2151
CC-12145,Charles Crestani,Consumer,US-Wes-Cal-Los-90004
BO-11425,Bobby Odegard,Consumer,US-Eas-New-New-10024
MC-17575,Matt Collins,Consumer,US-Wes-Was-Sea-98103
FA-14230,Frank Atkinson,Corporate,US-Wes-Cal-Los-90032
AR-10345,Alex Russell,Corporate,US-Cen-Tex-Aus-78745
SC-20725,Steven Cartwright,Consumer,US-Wes-Cal-Red-92374
DM-13525,Don Miller,Corporate,US-Eas-New-New-10035
SN-20560,Skye Norling,Home Office,US-Eas-New-Pat-7501
GB-14530,George Bell,Corporate,US-Wes-Col-Aur-80013
SB-20290,Sean Braxton,Corporate,US-Wes-Cal-San-92024
PG-18895,Paul Gonzalez,Consumer,US-Eas-New-New-10035
TM-21010,Tamara Manning,Consumer,US-Eas-New-Aub-13021
CC-12670,Craig Carreira,Consumer,US-Wes-Was-Sea-98103
HG-14845,Harry Greene,Consumer,US-Eas-Pen-Phi-19120
KD-16615,Ken Dana,Corporate,US-Wes-Cal-Ana-92804
ZC-21910,Zuschuss Carroll,Consumer,US-Cen-Ind-Col-47201
JH-15910,Jonathan Howell,Consumer,US-Sou-Geo-Atl-30318
AG-10900,Arthur Gainer,Consumer,US-Cen-Ill-Chi-60623
AM-10705,Anne McFarland,Consumer,US-Sou-Nor-Jac-28540
CC-12685,Craig Carroll,Consumer,US-Eas-New-New-10011
SP-20620,Stefania Perrino,Corporate,US-Wes-Cal-Los-90045
BE-11455,Brad Eason,Home Office,US-Cen-Iow-Des-50315
CA-12265,Christina Anderson,Consumer,US-Wes-Uta-Pro-84604
CM-12385,Christopher Martinez,Consumer,US-Sou-Sou-Nor-29406
BM-11575,Brendan Murry,Corporate,US-Eas-New-New-10035
AC-10615,Ann Chong,Corporate,US-Eas-Pen-Phi-19143
CT-11995,Carol Triggs,Consumer,US-Cen-Ind-Ind-46203
NG-18355,Nat Gilpin,Corporate,US-Sou-Flo-Cor-33065
NW-18400,Natalie Webber,Consumer,US-Sou-Ala-Mob-36608
BD-11500,Bradley Drucker,Consumer,US-Sou-Vir-New-23602
TB-21520,Tracy Blumstein,Consumer,US-Eas-Pen-Phi-19140
SF-20965,Sylvia Foulston,Corporate,US-Cen-Tex-Hou-77041
PF-19120,Peter Fuller,Consumer,US-Eas-New-New-10035
MO-17800,Meg O'Connel,Home Office,US-Wes-Cal-Los-90036
CS-11845,Cari Sayre,Corporate,US-Wes-Was-Sea-98105
LS-16975,Lindsay Shagiari,Home Office,US-Eas-New-New-10035
DB-13405,Denny Blanton,Consumer,US-Sou-Flo-Orl-32839
GB-14530,George Bell,Corporate,US-Wes-Cal-Los-90049
TG-21640,Trudy Glocke,Consumer,US-Wes-Cal-Lon-90805
JR-16210,Justin Ritter,Corporate,US-Sou-Flo-Jac-32216
CM-12190,Charlotte Melton,Consumer,US-Wes-Cal-San-92105
KH-16630,Ken Heidel,Corporate,US-Eas-Mar-Cli-20735
AB-10060,Adam Bellavance,Home Office,US-Wes-Was-Des-98198
GW-14605,Giulietta Weimer,Consumer,US-Eas-New-New-10024
FC-14245,Frank Carlisle,Home Office,US-Wes-Cal-Sac-95823
MH-17290,Marc Harrigan,Home Office,US-Wes-New-San-87505
TC-21535,Tracy Collins,Home Office,US-Sou-Vir-Arl-22204
NH-18610,Nicole Hansen,Corporate,US-Sou-Geo-Col-31907
TC-20980,Tamara Chand,Corporate,US-Eas-New-Lon-11561
AM-10705,Anne McFarland,Consumer,US-Wes-Nev-Las-89115
AG-10270,Alejandro Grove,Consumer,US-Eas-Mas-Law-1841
BG-11035,Barry Gonzalez,Consumer,US-Sou-Ten-Nas-37211
TP-21130,Theone Pippenger,Consumer,US-Cen-Ill-Nap-60540
GB-14575,Giulietta Baptist,Consumer,US-Sou-Sou-Col-29203
TH-21550,Tracy Hopkins,Home Office,US-Eas-Mas-Eve-2149
SV-20815,Stuart Van,Corporate,US-Cen-Tex-Hou-77041
CS-12130,Chad Sievert,Consumer,US-Wes-Was-Sea-98105
DM-12955,Dario Medina,Corporate,US-Cen-Mic-Lin-48146
DH-13675,Duane Huffman,Home Office,US-Eas-Mas-Qui-2169
CD-12790,Cynthia Delaney,Home Office,US-Wes-Cal-Los-90036
SJ-20125,Sanjit Jacobs,Home Office,US-Sou-Ten-Fra-37064
MG-17875,Michael Grace,Home Office,US-Sou-Vir-Arl-22204
DL-12925,Daniel Lacy,Consumer,US-Wes-Cal-Oce-92054
MM-18280,Muhammed MacIntyre,Corporate,US-Wes-Cal-Los-90049
FO-14305,Frank Olsen,Consumer,US-Eas-Pen-Phi-19143
SC-20680,Steve Carroll,Home Office,US-Cen-Okl-Bro-74012
MB-17305,Maria Bertelson,Consumer,US-Eas-Ohi-Col-43229
KM-16720,Kunst Miller,Consumer,US-Wes-Ari-Avo-85323
ON-18715,Odella Nelson,Corporate,US-Eas-Pen-Phi-19120
ME-17725,Max Engle,Consumer,US-Wes-Was-Sea-98105
MC-17275,Marc Crier,Consumer,US-Sou-Lou-Laf-70506
DE-13255,Deanra Eno,Home Office,US-Cen-Iow-Dub-52001
JF-15190,Jamie Frazer,Consumer,US-Eas-New-New-10035
CM-11935,Carlos Meador,Consumer,US-Wes-Ari-Tuc-85705
SC-20440,Shaun Chance,Corporate,US-Wes-Cal-Los-90032
DK-12895,Dana Kaydos,Consumer,US-Cen-Ill-Roc-61107
SB-20185,Sarah Brown,Consumer,US-Eas-New-Con-3301
ML-17395,Marina Lichtenstein,Corporate,US-Sou-Ten-Mur-37130
BM-11785,Bryan Mills,Consumer,US-Eas-Pen-Phi-19143
EH-13990,Erica Hackney,Consumer,US-Eas-Con-Mer-6450
SH-19975,Sally Hughsby,Corporate,US-Wes-Was-Sea-98103
EB-13870,Emily Burns,Consumer,US-Wes-Uta-Ore-84057
CS-11950,Carlos Soltero,Consumer,US-Eas-New-Fre-11520
DR-12880,Dan Reichenbach,Corporate,US-Eas-New-New-10011
AM-10705,Anne McFarland,Consumer,US-Wes-Cal-Los-90004
PO-19195,Phillina Ober,Home Office,US-Eas-New-Bay-7002
RW-19540,Rick Wilson,Corporate,US-Wes-Ari-Mes-85204
GM-14500,Gene McClure,Consumer,US-Eas-New-Oce-11572
BS-11800,Bryan Spruell,Home Office,US-Wes-Cal-San-92037
PF-19165,Philip Fox,Consumer,US-Eas-New-New-10035
TB-21520,Tracy Blumstein,Consumer,US-Wes-Ore-Por-97206
SF-20200,Sarah Foster,Consumer,US-Eas-Pen-Phi-19143
RH-19510,Rick Huthwaite,Home Office,US-Wes-Cal-San-94110
NM-18520,Neoma Murray,Consumer,US-Cen-Ill-Chi-60610
JK-15205,Jamie Kunitz,Consumer,US-Sou-Vir-Arl-22204
SS-20140,Saphhira Shifley,Corporate,US-Wes-Was-Sea-98103
HW-14935,Helen Wasserman,Corporate,US-Cen-Mic-Det-48205
JJ-15445,Jennifer Jackson,Consumer,US-Eas-New-New-10035
ZC-21910,Zuschuss Carroll,Consumer,US-Wes-Col-Aur-80013
RP-19855,Roy Phan,Corporate,US-Wes-Cal-Los-90032
HG-14965,Henry Goldwyn,Corporate,US-Wes-Cal-San-94110
SC-20440,Shaun Chance,Corporate,US-Wes-Col-Aur-80013
EM-13960,Eric Murdock,Consumer,US-Cen-Ill-Qui-62301
EM-13960,Eric Murdock,Consumer,US-Wes-Ore-Por-97206
RM-19675,Robert Marley,Home Office,US-Eas-Mas-Cam-2138
HM-14980,Henry MacAllister,Consumer,US-Wes-Cal-Los-90008
RP-19390,Resi Pölking,Consumer,US-Wes-Col-Tho-80229
JP-15460,Jennifer Patt,Corporate,US-Eas-New-Lak-8701
SG-20470,Sheri Gordon,Consumer,US-Eas-Mar-Roc-20852
MP-17965,Michael Paige,Corporate,US-Eas-Con-Mid-6457
CK-12205,Chloris Kastensmidt,Consumer,US-Wes-Ore-Hil-97123
NP-18685,Nora Pelletier,Home Office,US-Sou-Nor-Wil-27893
EB-13705,Ed Braxton,Corporate,US-Wes-Cal-San-92105
CS-12400,Christopher Schild,Home Office,US-Wes-Cal-Los-90045
BM-11785,Bryan Mills,Consumer,US-Eas-Ohi-Col-43229
BS-11755,Bruce Stewart,Consumer,US-Wes-Cal-Los-90032
MZ-17515,Mary Zewe,Corporate,US-Eas-Pen-Rea-19601
JK-16120,Julie Kriz,Home Office,US-Eas-Pen-Phi-19134
DJ-13420,Denny Joy,Corporate,US-Sou-Geo-War-31088
AA-10315,Alex Avila,Consumer,US-Wes-Cal-San-94109
MB-17305,Maria Bertelson,Consumer,US-Eas-Ohi-Cin-45231
IL-15100,Ivan Liston,Consumer,US-Eas-Ohi-Col-43229
JJ-15760,Joel Jenkins,Home Office,US-Sou-Vir-Spr-22153
SF-20965,Sylvia Foulston,Corporate,US-Eas-Del-Wil-19805
JF-15490,Jeremy Farry,Consumer,US-Wes-Ore-Por-97206
BT-11680,Brian Thompson,Consumer,US-Cen-Tex-Hou-77036
MB-17305,Maria Bertelson,Consumer,US-Wes-Cal-San-94122
GH-14485,Gene Hale,Corporate,US-Cen-Tex-Dal-75081
FM-14380,Fred McMath,Consumer,US-Cen-Mic-Det-48227
SC-20575,Sonia Cooley,Consumer,US-Sou-Flo-Mia-33178
BM-11650,Brian Moss,Corporate,US-Cen-Mic-Ann-48104
TB-21250,Tim Brockman,Consumer,US-Eas-New-New-10024
DK-13090,Dave Kipp,Consumer,US-Sou-Vir-Spr-22153
JD-15790,John Dryer,Consumer,US-Sou-Flo-Jac-32216
KN-16390,Katherine Nockton,Corporate,US-Wes-Cal-San-93101
DJ-13420,Denny Joy,Corporate,US-Wes-Cal-San-94109
DP-13165,David Philippe,Consumer,US-Cen-Ill-Chi-60610
SO-20335,Sean O'Donnell,Consumer,US-Sou-Flo-For-33311
SH-20395,Shahid Hopkins,Consumer,US-Eas-New-Roc-14609
RK-19300,Ralph Kennedy,Consumer,US-Eas-New-Roc-14609
KA-16525,Kelly Andreada,Consumer,US-Wes-Was-Sea-98103
MP-17470,Mark Packer,Home Office,US-Eas-New-New-10035
DL-12925,Daniel Lacy,Consumer,US-Cen-Ind-Nob-46060
AF-10885,Art Foster,Consumer,US-Sou-Ken-Lou-40214
CG-12520,Claire Gute,Consumer,US-Cen-Tex-Dal-75217
GA-14725,Guy Armstrong,Consumer,US-Cen-Mic-Mou-48858
LS-16975,Lindsay Shagiari,Home Office,US-Cen-Tex-Dal-75217
PA-19060,Pete Armstrong,Home Office,US-Cen-Ill-Orl-60462
JE-15745,Joel Eaton,Consumer,US-Cen-Tex-Ama-79109
MP-17965,Michael Paige,Corporate,US-Eas-New-New-10011
CM-12190,Charlotte Melton,Consumer,US-Wes-Cal-Los-90004
KN-16705,Kristina Nunn,Home Office,US-Cen-Tex-Mca-78501
JC-15775,John Castell,Consumer,US-Wes-Was-Sea-98115
RM-19675,Robert Marley,Home Office,US-Wes-Cal-Los-90008
TB-21520,Tracy Blumstein,Consumer,US-Eas-New-Con-3301
NH-18610,Nicole Hansen,Corporate,US-Cen-Mic-Det-48227
CS-11860,Cari Schnelling,Consumer,US-Cen-Tex-Dal-75220
SV-20785,Stewart Visinsky,Consumer,US-Wes-Cal-Los-90045
NS-18640,Noel Staavos,Corporate,US-Wes-Cal-San-94109
LT-17110,Liz Thompson,Consumer,US-Cen-Ill-Blo-61701
GM-14500,Gene McClure,Consumer,US-Sou-Flo-Hol-33021
CC-12685,Craig Carroll,Consumer,US-Cen-Tex-Lub-79424
JF-15355,Jay Fein,Consumer,US-Wes-Cal-San-92105
AG-10495,Andrew Gjertsen,Corporate,US-Wes-Was-Sea-98105
RA-19285,Ralph Arnett,Consumer,US-Sou-Flo-Lak-33801
JE-15715,Joe Elijah,Consumer,US-Cen-Tex-Hou-77041
AG-10495,Andrew Gjertsen,Corporate,US-Cen-Tex-Hou-77041
RD-19660,Robert Dilbeck,Home Office,US-Wes-Cal-Oak-94601
MT-18070,Michelle Tran,Home Office,US-Cen-Tex-San-78207
DG-13300,Deirdre Greer,Corporate,US-Wes-Col-Den-80219
JF-15415,Jennifer Ferguson,Consumer,US-Wes-Nev-Spa-89431
TB-21625,Trudy Brown,Consumer,US-Wes-Cal-San-94110
HK-14890,Heather Kirkland,Corporate,US-Eas-Del-New-19711
KH-16690,Kristen Hastings,Corporate,US-Wes-Ore-Spr-97477
AG-10495,Andrew Gjertsen,Corporate,US-Wes-Ari-Peo-85345
MY-17380,Maribeth Yedwab,Corporate,US-Wes-Cal-Ran-91730
RD-19585,Rob Dowd,Consumer,US-Sou-Ken-Hen-42420
NB-18655,Nona Balk,Corporate,US-Wes-Cal-San-94109
FA-14230,Frank Atkinson,Corporate,US-Wes-Col-Den-80219
TT-21220,Thomas Thornton,Consumer,US-Sou-Vir-Vir-23464
BF-11020,Barry Französisch,Corporate,US-Eas-New-New-10024
CH-12070,Cathy Hwang,Home Office,US-Cen-Mic-Det-48227
DK-12835,Damala Kotsonis,Corporate,US-Wes-Cal-Sal-93905
KT-16480,Kean Thornton,Consumer,US-Eas-New-Buf-14215
MZ-17515,Mary Zewe,Corporate,US-Wes-Cal-Red-92374
SG-20080,Sandra Glassco,Consumer,US-Wes-Cal-Red-92374
HP-14815,Harold Pawlan,Home Office,US-Cen-Mic-Jac-49201
VM-21685,Valerie Mitchum,Home Office,US-Eas-Pen-Phi-19140
MS-17530,MaryBeth Skach,Consumer,US-Sou-Ark-Con-72032
GA-14725,Guy Armstrong,Consumer,US-Wes-Ore-Sal-97301
JH-16180,Justin Hirsh,Consumer,US-Eas-New-New-10035
VD-21670,Valerie Dominguez,Consumer,US-Eas-New-New-10011
JF-15490,Jeremy Farry,Consumer,US-Eas-New-New-10009
QJ-19255,Quincy Jones,Corporate,US-Eas-New-New-10009
BB-10990,Barry Blumstein,Corporate,US-Cen-Tex-San-78207
LT-17110,Liz Thompson,Consumer,US-Wes-Cal-San-92105
JO-15280,Jas O'Carroll,Consumer,US-Wes-Cal-Los-90004
ED-13885,Emily Ducich,Home Office,US-Eas-New-New-10011
SW-20245,Scot Wooten,Consumer,US-Eas-New-Tro-12180
KC-16540,Kelly Collister,Consumer,US-Wes-Was-Sea-98115
EG-13900,Emily Grady,Consumer,US-Sou-Vir-Che-23320
CS-12250,Chris Selesnick,Corporate,US-Cen-Tex-Hal-76117
FH-14365,Fred Hopkins,Corporate,US-Eas-New-Lon-11561
CM-12655,Corinna Mitchell,Home Office,US-Wes-Cal-Los-90008
NG-18430,Nathan Gelder,Consumer,US-Cen-Ill-Qui-62301
GT-14635,Grant Thornton,Corporate,US-Eas-New-New-10009
JM-16195,Justin MacKendrick,Consumer,US-Wes-Cal-San-94109
CB-12415,Christy Brittain,Consumer,US-Eas-Ohi-Lak-44107
VD-21670,Valerie Dominguez,Consumer,US-Sou-Flo-Cor-33065
KL-16645,Ken Lonsdale,Consumer,US-Wes-Was-Sea-98105
GB-14530,George Bell,Corporate,US-Sou-Nor-Mon-28110
MT-17815,Meg Tillman,Consumer,US-Wes-Ari-Sco-85254
CP-12340,Christine Phan,Corporate,US-Sou-Flo-Mia-33142
AB-10105,Adrian Barton,Consumer,US-Cen-Tex-Hou-77041
KB-16240,Karen Bern,Corporate,US-Wes-Cal-Los-90036
KB-16240,Karen Bern,Corporate,US-Eas-Pen-Phi-19140
SV-20785,Stewart Visinsky,Consumer,US-Eas-Ver-Bur-5408
DO-13645,Doug O'Connell,Consumer,US-Cen-Tex-Hou-77036
MC-18130,Mike Caudle,Corporate,US-Eas-Del-New-19711
KD-16495,Keith Dawkins,Corporate,US-Eas-New-New-10024
NS-18640,Noel Staavos,Corporate,US-Sou-Nor-Jac-28540
SC-20095,Sanjit Chand,Consumer,US-Wes-Uta-Wes-84084
SW-20455,Shaun Weien,Consumer,US-Wes-Cal-San-94109
RH-19600,Rob Haberlin,Consumer,US-Sou-Vir-Ham-23666
AC-10450,Amy Cox,Consumer,US-Eas-New-New-10011
DB-13660,Duane Benoit,Consumer,US-Cen-Tex-Hou-77095
MZ-17335,Maria Zettner,Home Office,US-Wes-Cal-San-92024
RD-19585,Rob Dowd,Consumer,US-Cen-Iow-Dub-52001
QJ-19255,Quincy Jones,Corporate,US-Eas-Ver-Bur-5408
HA-14905,Helen Abelman,Consumer,US-Eas-Mas-Fra-2038
DV-13465,Dianna Vittorini,Consumer,US-Eas-New-Oce-11572
JO-15550,Jesus Ocampo,Home Office,US-Wes-Cal-Ros-95661
AS-10090,Adam Shillingsburg,Consumer,US-Cen-Mis-Spr-65807
Dp-13240,Dean percer,Home Office,US-Eas-New-New-10035
CM-12190,Charlotte Melton,Consumer,US-Eas-Pen-Phi-19134
AG-10765,Anthony Garverick,Home Office,US-Cen-Ind-Law-46226
PO-19180,Philisse Overcash,Home Office,US-Cen-Min-Ros-55113
AH-10210,Alan Hwang,Consumer,US-Wes-Cal-Bre-94513
SC-20695,Steve Chapman,Corporate,US-Cen-Ind-Ric-47374
SC-20020,Sam Craven,Consumer,US-Eas-Pen-Phi-19140
AG-10495,Andrew Gjertsen,Corporate,US-Cen-Mic-Det-48234
EB-14110,Eugene Barchas,Consumer,US-Eas-New-New-10035
MF-18250,Monica Federle,Corporate,US-Cen-Tex-Hou-77095
YC-21895,Yoseph Carroll,Corporate,US-Wes-Cal-Los-90032
AH-10690,Anna Häberlin,Corporate,US-Sou-Flo-Pla-33317
LC-16870,Lena Cacioppo,Consumer,US-Wes-Col-Aur-80013
RA-19915,Russell Applegate,Consumer,US-Cen-Ind-Col-47201
KL-16645,Ken Lonsdale,Consumer,US-Eas-Del-New-19711
FM-14380,Fred McMath,Consumer,US-Sou-Flo-Mia-33178
AA-10375,Allen Armold,Consumer,US-Sou-Ten-Leb-37087
JK-15730,Joe Kamberova,Consumer,US-Sou-Nor-Jac-28540
AW-10930,Arthur Wiediger,Home Office,US-Wes-Mon-Hel-59601
KH-16510,Keith Herrera,Consumer,US-Wes-Cal-San-92404
PO-18850,Patrick O'Brill,Consumer,US-Cen-Tex-Hou-77041
HA-14905,Helen Abelman,Consumer,US-Cen-Ill-Chi-60610
PJ-18835,Patrick Jones,Corporate,US-Sou-Vir-Spr-22153
KB-16585,Ken Black,Corporate,US-Wes-Ore-Spr-97477
LS-17230,Lycoris Saunders,Consumer,US-Eas-Del-Dov-19901
MG-17680,Maureen Gastineau,Home Office,US-Eas-Pen-Phi-19143
GZ-14470,Gary Zandusky,Consumer,US-Wes-New-Rio-87124
PJ-18835,Patrick Jones,Corporate,US-Eas-New-New-10035
VP-21760,Victoria Pisteka,Corporate,US-Eas-Ohi-Tol-43615
DH-13675,Duane Huffman,Home Office,US-Sou-Vir-Har-22801
DK-13225,Dean Katz,Corporate,US-Cen-Ill-Chi-60653
HK-14890,Heather Kirkland,Corporate,US-Wes-Ida-Boi-83704
MP-18175,Mike Pelletier,Home Office,US-Cen-Wis-Mil-53209
PO-19180,Philisse Overcash,Home Office,US-Eas-New-New-10011
MC-17605,Matt Connell,Corporate,US-Cen-Ill-Chi-60610
JG-15805,John Grady,Corporate,US-Wes-Cal-San-92105
BS-11665,Brian Stugart,Consumer,US-Wes-Cal-San-92105
AA-10645,Anna Andreadi,Consumer,US-Cen-Okl-Okl-73120
GH-14665,Greg Hansen,Consumer,US-Cen-Ill-Chi-60610
AG-10300,Aleksandra Gannaway,Corporate,US-Wes-Nev-Las-89115
KD-16345,Katherine Ducich,Consumer,US-Eas-New-New-10035
TC-21475,Tony Chapman,Home Office,US-Wes-Was-Sea-98115
SS-20875,Sung Shariari,Consumer,US-Sou-Flo-Mia-33180
JK-15205,Jamie Kunitz,Consumer,US-Eas-Ohi-Mar-43302
KB-16405,Katrina Bavinger,Home Office,US-Wes-Was-Sea-98105
LC-16885,Lena Creighton,Consumer,US-Wes-Cal-Oak-94601
SN-20560,Skye Norling,Home Office,US-Wes-Cal-Los-90008
DL-12865,Dan Lawera,Consumer,US-Eas-New-New-10011
CS-12250,Chris Selesnick,Corporate,US-Wes-Cal-San-92024
PB-18805,Patrick Bzostek,Home Office,US-Wes-Cal-San-94122
MM-18055,Michelle Moray,Consumer,US-Wes-Col-Aur-80013
BM-11650,Brian Moss,Corporate,US-Eas-New-New-10035
KW-16570,Kelly Williams,Consumer,US-Wes-Cal-San-94109
PO-19195,Phillina Ober,Home Office,US-Eas-Pen-Phi-19140
GK-14620,Grace Kelly,Corporate,US-Cen-Tex-Dal-75217
JE-15745,Joel Eaton,Consumer,US-Eas-Ohi-New-43055
DL-13330,Denise Leinenbach,Consumer,US-Cen-Ind-Law-46226
NW-18400,Natalie Webber,Consumer,US-Wes-Nev-Las-89115
CA-11965,Carol Adams,Corporate,US-Cen-Tex-Por-77642
EM-14095,Eudokia Martin,Corporate,US-Wes-Ari-Pho-85023
SS-20410,Shahid Shariari,Consumer,US-Eas-Pen-Phi-19120
BB-11545,Brenda Bowman,Corporate,US-Cen-Tex-For-76106
JH-15820,John Huston,Consumer,US-Sou-Nor-Mon-28110
MO-17800,Meg O'Connel,Home Office,US-Cen-Tex-San-78207
HP-14815,Harold Pawlan,Home Office,US-Cen-Tex-For-76106
AP-10720,Anne Pryor,Home Office,US-Cen-Tex-Fri-75034
IM-15070,Irene Maddox,Consumer,US-Eas-Pen-Phi-19120
AR-10540,Andy Reiter,Consumer,US-Eas-Mas-Qui-2169
NG-18430,Nathan Gelder,Consumer,US-Wes-Cal-Los-90008
BH-11710,Brosina Hoffman,Consumer,US-Sou-Flo-Hia-33012
HD-14785,Harold Dahlen,Home Office,US-Eas-Mas-Cam-2138
MC-17275,Marc Crier,Consumer,US-Sou-Ten-Mem-38109
PW-19240,Pierre Wener,Consumer,US-Eas-Del-Wil-19805
VB-21745,Victoria Brennan,Corporate,US-Cen-Tex-San-78207
AT-10735,Annie Thurman,Consumer,US-Eas-New-Mor-7960
TS-21340,Toby Swindell,Consumer,US-Wes-Cal-Los-90036
KM-16720,Kunst Miller,Consumer,US-Wes-Cal-Los-90004
DP-13000,Darren Powers,Consumer,US-Wes-Cal-Los-90004
SF-20065,Sandra Flanagan,Consumer,US-Sou-Nor-Wil-28403
GP-14740,Guy Phonely,Corporate,US-Eas-Mas-Leo-1453
EA-14035,Erin Ashbrook,Corporate,US-Cen-Mis-Spr-65807
SH-20635,Stefanie Holloman,Corporate,US-Sou-Ten-Jac-38301
JD-16150,Justin Deggeller,Corporate,US-Eas-Del-New-19711
MA-17560,Matt Abelman,Home Office,US-Eas-Mas-Eve-2149
DO-13435,Denny Ordway,Consumer,US-Sou-Flo-Pem-33024
TB-21190,Thomas Brumley,Home Office,US-Sou-Ark-Fay-72701
CD-11920,Carlos Daly,Consumer,US-Wes-Cal-Lak-92530
SN-20710,Steve Nguyen,Home Office,US-Wes-Cal-Los-90049
EH-14125,Eugene Hildebrand,Home Office,US-Eas-Pen-Phi-19140
JE-15475,Jeremy Ellison,Consumer,US-Eas-New-New-10024
MA-17995,Michelle Arnett,Home Office,US-Wes-New-Las-88001
LC-16885,Lena Creighton,Consumer,US-Cen-Ill-Cha-61821
AJ-10945,Ashley Jarboe,Consumer,US-Wes-Cal-San-94110
MC-17425,Mark Cousins,Corporate,US-Eas-New-New-10035
EB-14110,Eugene Barchas,Consumer,US-Eas-Ohi-Col-43229
DR-12880,Dan Reichenbach,Corporate,US-Cen-Ill-Chi-60623
EB-14170,Evan Bailliet,Consumer,US-Cen-Tex-Aus-78745
AW-10840,Anthony Witt,Consumer,US-Cen-Tex-All-75002
EK-13795,Eileen Kiefer,Home Office,US-Wes-Cal-San-92704
SF-20965,Sylvia Foulston,Corporate,US-Cen-Mic-Dea-48126
BT-11395,Bill Tyler,Corporate,US-Cen-Mic-Det-48227
PO-19195,Phillina Ober,Home Office,US-Wes-Cal-San-94122
AB-10600,Ann Blume,Corporate,US-Sou-Nor-Jac-28540
JM-15865,John Murray,Consumer,US-Wes-Nev-Las-89115
LR-16915,Lena Radford,Consumer,US-Sou-Nor-Dur-27707
WB-21850,William Brown,Consumer,US-Eas-Pen-Phi-19134
PS-18970,Paul Stevenson,Home Office,US-Sou-Ken-Hen-42420
JL-15235,Janet Lee,Consumer,US-Eas-New-New-10035
RM-19375,Raymond Messe,Consumer,US-Sou-Nor-Ral-27604
DB-13270,Deborah Brumfield,Home Office,US-Cen-Tex-Aus-78745
BT-11305,Beth Thompson,Home Office,US-Wes-Was-Sea-98105
LC-17140,Logan Currie,Consumer,US-Wes-Was-Sea-98103
TW-21025,Tamara Willingham,Home Office,US-Wes-Was-Sea-98105
LC-16960,Lindsay Castell,Home Office,US-Wes-Cal-San-92037
NM-18520,Neoma Murray,Consumer,US-Cen-Tex-Hou-77036
KD-16495,Keith Dawkins,Corporate,US-Sou-Vir-Che-23320
MA-17560,Matt Abelman,Home Office,US-Cen-Mic-Jac-49201
JG-15115,Jack Garza,Consumer,US-Sou-Nor-Jac-28540
HP-14815,Harold Pawlan,Home Office,US-Eas-New-Con-3301
DK-13225,Dean Katz,Corporate,US-Eas-Pen-Phi-19140
AB-10255,Alejandro Ballentine,Home Office,US-Eas-Pen-Phi-19134
MP-17470,Mark Packer,Home Office,US-Eas-New-New-10009
BS-11380,Bill Stewart,Corporate,US-Eas-New-New-10011
MS-17980,Michael Stewart,Corporate,US-Cen-Mis-Spr-65807
TZ-21580,Tracy Zic,Consumer,US-Wes-Cal-Lak-90712
MS-17365,Maribeth Schnelling,Consumer,US-Eas-New-New-10035
RH-19555,Ritsa Hightower,Consumer,US-Sou-Flo-Tal-32303
HM-14860,Harry Marie,Corporate,US-Wes-Cal-Los-90049
SO-20335,Sean O'Donnell,Consumer,US-Eas-New-Hem-11550
RO-19780,Rose O'Brian,Consumer,US-Sou-Ten-Cla-37042
BD-11635,Brian Derr,Consumer,US-Eas-New-New-10009
SW-20245,Scot Wooten,Consumer,US-Eas-Pen-Phi-19140
TB-21250,Tim Brockman,Consumer,US-Cen-Ill-Blo-61701
RR-19525,Rick Reed,Corporate,US-Sou-Ten-Nas-37211
MH-17620,Matt Hagelstein,Corporate,US-Wes-Cal-San-92105
SF-20065,Sandra Flanagan,Consumer,US-Cen-Tex-Dal-75220
SU-20665,Stephanie Ulpright,Home Office,US-Cen-Mic-Ann-48104
KM-16375,Katherine Murray,Home Office,US-Wes-Cal-Tho-91360
DB-13120,David Bremer,Corporate,US-Wes-Cal-San-93101
IL-15100,Ivan Liston,Consumer,US-Wes-Nev-Nor-89031
NP-18325,Naresj Patel,Consumer,US-Wes-Cal-San-92105
DK-13375,Dennis Kane,Consumer,US-Eas-Ohi-Mar-43302
GH-14425,Gary Hwang,Consumer,US-Wes-Ari-Tuc-85705
RO-19780,Rose O'Brian,Consumer,US-Sou-Vir-Arl-22204
NP-18685,Nora Pelletier,Home Office,US-Cen-Ind-Ind-46203
KW-16435,Katrina Willman,Consumer,US-Cen-Tex-Aus-78745
AF-10870,Art Ferguson,Consumer,US-Wes-Cal-San-94109
MP-18175,Mike Pelletier,Home Office,US-Eas-Ohi-Tro-45373
AH-10210,Alan Hwang,Consumer,US-Eas-New-New-10024
KH-16690,Kristen Hastings,Corporate,US-Wes-Cal-Riv-92503
DK-12985,Darren Koutras,Consumer,US-Sou-Ken-Hen-42420
MS-17830,Melanie Seite,Consumer,US-Wes-Cal-Los-90036
JF-15490,Jeremy Farry,Consumer,US-Wes-Was-Sea-98105
TT-21460,Tonja Turnell,Home Office,US-Cen-Tex-For-76106
YS-21880,Yana Sorensen,Corporate,US-Wes-Cal-Los-90036
JJ-15760,Joel Jenkins,Home Office,US-Cen-Tex-Hou-77036
HG-14965,Henry Goldwyn,Corporate,US-Wes-Col-Col-80906
KB-16600,Ken Brennan,Corporate,US-Cen-Ind-Col-47201
MA-17560,Matt Abelman,Home Office,US-Eas-New-New-10024
KM-16660,Khloe Miller,Consumer,US-Sou-Geo-Ros-30076
JW-16075,Julia West,Consumer,US-Cen-Ill-Chi-60610
FC-14245,Frank Carlisle,Home Office,US-Wes-Cal-Los-90032
KD-16495,Keith Dawkins,Corporate,US-Cen-Mic-Jac-49201
KM-16225,Kalyca Meade,Corporate,US-Eas-Mar-Bal-21215
RA-19945,Ryan Akin,Consumer,US-Eas-Ohi-Cle-44105
MT-17815,Meg Tillman,Consumer,US-Wes-Cal-San-94110
IM-15070,Irene Maddox,Consumer,US-Wes-Col-Col-80906
CA-12775,Cynthia Arntzen,Consumer,US-Cen-Mic-Det-48205
LC-16885,Lena Creighton,Consumer,US-Eas-Ohi-Tro-45373
SC-20800,Stuart Calhoun,Consumer,US-Cen-Tex-Hou-77041
SW-20455,Shaun Weien,Consumer,US-Sou-Vir-Suf-23434
GH-14425,Gary Hwang,Consumer,US-Sou-Flo-Jac-32216
JK-15640,Jim Kriz,Home Office,US-Wes-Cal-San-92404
LT-17110,Liz Thompson,Consumer,US-Wes-Cal-Lan-93534
XP-21865,Xylona Preis,Consumer,US-Wes-Cal-Chi-95928
KD-16270,Karen Daniels,Consumer,US-Wes-Cal-Los-90032
DK-13375,Dennis Kane,Consumer,US-Wes-Cal-San-92105
JB-15925,Joni Blumstein,Consumer,US-Cen-Tex-Aus-78745
EM-13960,Eric Murdock,Consumer,US-Eas-Mar-Bal-21215
JD-15895,Jonathan Doherty,Corporate,US-Wes-Nev-Las-89115
HA-14905,Helen Abelman,Consumer,US-Wes-Cal-San-95123
RP-19270,Rachel Payne,Corporate,US-Wes-Cal-Riv-92503
MC-17575,Matt Collins,Consumer,US-Wes-Cal-Los-90036
RD-19585,Rob Dowd,Consumer,US-Wes-Cal-Tem-92592
Dp-13240,Dean percer,Home Office,US-Eas-Mas-Rev-2151
RD-19480,Rick Duston,Consumer,US-Wes-Cal-San-92105
KD-16495,Keith Dawkins,Corporate,US-Sou-Mis-Jac-39212
DB-12970,Darren Budd,Corporate,US-Wes-Cal-Los-90045
EH-13945,Eric Hoffmann,Consumer,US-Wes-Cal-Cos-92627
AJ-10945,Ashley Jarboe,Consumer,US-Wes-Cal-Los-90045
PP-18955,Paul Prost,Home Office,US-Wes-Cal-Los-90036
DJ-13630,Doug Jacobs,Consumer,US-Wes-Ore-Por-97206
MM-18280,Muhammed MacIntyre,Corporate,US-Sou-Geo-Col-31907
JH-15985,Joseph Holt,Consumer,US-Wes-Was-Sea-98115
NF-18385,Natalie Fritzler,Consumer,US-Eas-Ohi-New-43055
RR-19525,Rick Reed,Corporate,US-Sou-Nor-Car-27511
SG-20080,Sandra Glassco,Consumer,US-Wes-Was-Sea-98105
JL-15835,John Lee,Consumer,US-Cen-Mic-Det-48205
MC-18100,Mick Crebagga,Consumer,US-Cen-Ill-Blo-61701
PG-18895,Paul Gonzalez,Consumer,US-Wes-Cal-Los-90008
JK-15640,Jim Kriz,Home Office,US-Eas-Ohi-Cle-44105
LM-17065,Liz MacKendrick,Consumer,US-Eas-Ohi-Spr-45503
MK-17905,Michael Kennedy,Corporate,US-Wes-Col-Lou-80027
RB-19645,Robert Barroso,Corporate,US-Sou-Ten-Mem-38109
MW-18220,Mitch Webber,Consumer,US-Eas-New-New-10035
JG-15160,James Galang,Consumer,US-Wes-Cal-Los-90049
PM-19135,Peter McVee,Home Office,US-Eas-New-Dov-3820
EK-13795,Eileen Kiefer,Home Office,US-Cen-Ill-Chi-60610
SM-20950,Suzanne McNair,Corporate,US-Cen-Neb-Oma-68104
AG-10900,Arthur Gainer,Consumer,US-Eas-Pen-Phi-19134
JK-15370,Jay Kimmel,Consumer,US-Eas-Pen-Phi-19143
PR-18880,Patrick Ryan,Consumer,US-Cen-Ill-Gle-60025
MH-17785,Maya Herman,Corporate,US-Eas-New-Lin-11757
GZ-14470,Gary Zandusky,Consumer,US-Wes-Ari-Bul-86442
KD-16345,Katherine Ducich,Consumer,US-Cen-Ill-Chi-60623
EM-14200,Evan Minnotte,Home Office,US-Sou-Flo-Mia-33142
CS-12130,Chad Sievert,Consumer,US-Cen-Tex-Aus-78745
AI-10855,Arianne Irving,Consumer,US-Wes-Cal-Los-90036
JM-15865,John Murray,Consumer,US-Sou-Vir-Arl-22204
LS-17245,Lynn Smith,Consumer,US-Sou-Nor-Jac-28540
JS-15880,John Stevenson,Consumer,US-Wes-Was-Sea-98103
SZ-20035,Sam Zeldin,Home Office,US-Cen-Ill-Sai-60174
RD-19720,Roger Demir,Consumer,US-Sou-Flo-Day-32114
AH-10075,Adam Hart,Corporate,US-Eas-Ohi-Col-43229
ER-13855,Elpida Rittenbach,Corporate,US-Wes-Col-Col-80906
HR-14830,Harold Ryan,Corporate,US-Eas-Pen-Phi-19140
BT-11305,Beth Thompson,Home Office,US-Cen-Wis-Sup-54880
BD-11500,Bradley Drucker,Consumer,US-Sou-Vir-Ric-23223
HM-14860,Harry Marie,Corporate,US-Cen-Mis-Spr-65807
JB-15925,Joni Blumstein,Consumer,US-Eas-Ohi-Dub-43017
DB-13120,David Bremer,Corporate,US-Eas-New-Roc-14609
MS-17365,Maribeth Schnelling,Consumer,US-Wes-Ari-Pho-85023
JR-15670,Jim Radford,Consumer,US-Wes-Col-Col-80906
HR-14830,Harold Ryan,Corporate,US-Wes-Ari-Gil-85234
KT-16465,Kean Takahito,Consumer,US-Wes-Cal-Los-90032
JD-16150,Justin Deggeller,Corporate,US-Eas-Pen-Phi-19140
DL-13495,Dionis Lloyd,Corporate,US-Cen-Mic-Det-48227
LH-16900,Lena Hernandez,Consumer,US-Sou-Geo-Col-31907
RA-19285,Ralph Arnett,Consumer,US-Wes-Cal-San-92037
JK-15640,Jim Kriz,Home Office,US-Eas-New-New-10011
SM-20320,Sean Miller,Home Office,US-Wes-Cal-Los-90049
MB-17305,Maria Bertelson,Consumer,US-Sou-Ten-Nas-37211
RB-19705,Roger Barcio,Home Office,US-Cen-Tex-Hou-77070
BD-11605,Brian Dahlen,Consumer,US-Eas-Mas-Law-1841
MC-18100,Mick Crebagga,Consumer,US-Eas-Ohi-Med-44256
DF-13135,David Flashing,Consumer,US-Eas-New-New-10009
AH-10030,Aaron Hawkins,Corporate,US-Wes-Cal-San-94122
DB-13120,David Bremer,Corporate,US-Eas-Ohi-Mar-43302
SP-20860,Sung Pak,Corporate,US-Sou-Ten-Mur-37130
SN-20710,Steve Nguyen,Home Office,US-Cen-Tex-Hou-77041
AG-10900,Arthur Gainer,Consumer,US-Wes-Cal-Los-90008
RE-19450,Richard Eichhorn,Consumer,US-Cen-Wis-Eau-54703
DR-12940,Daniel Raglin,Home Office,US-Cen-Ill-Chi-60610
KN-16450,Kean Nguyen,Corporate,US-Wes-Cal-Vis-93277
BT-11485,Brad Thomas,Home Office,US-Eas-Mar-Cli-20735
MD-17350,Maribeth Dona,Consumer,US-Sou-Ark-Fay-72701
EM-13960,Eric Murdock,Consumer,US-Eas-Pen-Phi-19134
FH-14350,Fred Harton,Consumer,US-Cen-Ill-Chi-60623
RF-19840,Roy Französisch,Consumer,US-Eas-New-New-10035
CL-12565,Clay Ludtke,Consumer,US-Wes-Cal-Los-90049
JO-15280,Jas O'Carroll,Consumer,US-Wes-Mon-Mis-59801
KC-16255,Karen Carlisle,Corporate,US-Sou-Ken-Hen-42420
TB-21625,Trudy Brown,Consumer,US-Cen-Tex-Gra-75051
BG-11035,Barry Gonzalez,Consumer,US-Cen-Tex-Aus-78745
AH-10690,Anna Häberlin,Corporate,US-Cen-Mic-Det-48205
BM-11575,Brendan Murry,Corporate,US-Eas-Mar-Gai-20877
BO-11350,Bill Overfelt,Corporate,US-Cen-Okl-Bro-74012
CA-12310,Christine Abelman,Corporate,US-Cen-Tex-San-78207
LR-16915,Lena Radford,Consumer,US-Wes-Cal-Los-90045
BP-11185,Ben Peterman,Corporate,US-Eas-Pen-Phi-19143
EB-13975,Erica Bern,Corporate,US-Sou-Nor-Cha-28205
AJ-10795,Anthony Johnson,Corporate,US-Sou-Flo-Jac-32216
DW-13480,Dianna Wilson,Home Office,US-Wes-Cal-Oak-94601
NM-18520,Neoma Murray,Consumer,US-Cen-Tex-Ama-79109
VS-21820,Vivek Sundaresam,Consumer,US-Sou-Nor-Ral-27604
JO-15145,Jack O'Briant,Corporate,US-Cen-Wis-Fra-53132
LA-16780,Laura Armstrong,Corporate,US-Wes-Cal-Fre-93727
MF-17665,Maureen Fritzler,Corporate,US-Eas-Ohi-Tol-43615
KB-16585,Ken Black,Corporate,US-Wes-Was-Sea-98115
JB-16000,Joy Bell-,Consumer,US-Wes-Was-Lon-98632
DE-13255,Deanra Eno,Home Office,US-Eas-Ohi-Spr-45503
AG-10675,Anna Gayman,Consumer,US-Sou-Nor-Con-28027
BE-11335,Bill Eplett,Home Office,US-Eas-New-New-10009
Dp-13240,Dean percer,Home Office,US-Eas-New-Wes-7090
RC-19825,Roy Collins,Consumer,US-Eas-Con-Fai-6824
WB-21850,William Brown,Consumer,US-Eas-New-New-10011
EH-13945,Eric Hoffmann,Consumer,US-Wes-Cal-Los-90049
CC-12430,Chuck Clark,Home Office,US-Eas-New-Con-3301
DL-13495,Dionis Lloyd,Corporate,US-Sou-Geo-Col-31907
TD-20995,Tamara Dahlen,Consumer,US-Wes-Cal-San-92037
BT-11530,Bradley Talbott,Home Office,US-Eas-Ohi-Cle-44105
TB-21280,Toby Braunhardt,Consumer,US-Eas-New-New-10009
FP-14320,Frank Preis,Consumer,US-Wes-Cal-San-92037
PG-18895,Paul Gonzalez,Consumer,US-Eas-New-Mor-7960
CM-11935,Carlos Meador,Consumer,US-Sou-Nor-Fay-28314
MC-17275,Marc Crier,Consumer,US-Wes-Was-Sea-98105
AJ-10795,Anthony Johnson,Corporate,US-Wes-Was-Sea-98115
CB-12535,Claudia Bergmann,Corporate,US-Eas-Ver-Bur-5408
CB-12415,Christy Brittain,Consumer,US-Wes-Cal-Los-90036
HG-14965,Henry Goldwyn,Corporate,US-Sou-Mis-Gul-39503
TB-21355,Todd Boyes,Corporate,US-Eas-New-Pla-7060
JD-15895,Jonathan Doherty,Corporate,US-Eas-New-New-10024
HG-14965,Henry Goldwyn,Corporate,US-Wes-Cal-Los-90036
TB-21250,Tim Brockman,Consumer,US-Wes-Was-Sea-98103
DF-13135,David Flashing,Consumer,US-Cen-Ill-Roc-61107
SC-20725,Steven Cartwright,Consumer,US-Wes-Cal-San-94122
HE-14800,Harold Engle,Corporate,US-Cen-Ill-Chi-60623
JK-15325,Jason Klamczynski,Corporate,US-Eas-New-Atl-8401
BF-11170,Ben Ferrer,Home Office,US-Sou-Geo-Atl-30318
SC-20050,Sample Company A,Home Office,US-Wes-Cal-Los-90045
AB-10150,Aimee Bixby,Consumer,US-Cen-Tex-Dal-75220
SM-20950,Suzanne McNair,Corporate,US-Wes-Cal-Los-90036
CK-12760,Cyma Kinney,Corporate,US-Sou-Vir-Arl-22204
SE-20110,Sanjit Engle,Consumer,US-Sou-Vir-Arl-22204
AB-10105,Adrian Barton,Consumer,US-Eas-New-New-10011
NS-18640,Noel Staavos,Corporate,US-Cen-Tex-Hou-77041
LC-17050,Liz Carlisle,Consumer,US-Sou-Ken-Ric-40475
MS-17365,Maribeth Schnelling,Consumer,US-Eas-Mar-Roc-20852
TB-21520,Tracy Blumstein,Consumer,US-Wes-Ari-Sie-85635
JB-15400,Jennifer Braxton,Corporate,US-Wes-Cal-Los-90049
AZ-10750,Annie Zypern,Consumer,US-Wes-Cal-San-92037
PP-18955,Paul Prost,Home Office,US-Sou-Geo-Smy-30080
KB-16240,Karen Bern,Corporate,US-Sou-Ten-Cha-37421
CA-12265,Christina Anderson,Consumer,US-Sou-Vir-Spr-22153
EB-13975,Erica Bern,Corporate,US-Wes-Cal-Los-90049
BE-11410,Bobby Elias,Consumer,US-Eas-Ohi-Lan-43130
MH-17440,Mark Haberlin,Corporate,US-Cen-Tex-Hou-77036
CH-12070,Cathy Hwang,Home Office,US-Sou-Nor-Ral-27604
JR-16210,Justin Ritter,Corporate,US-Wes-Cal-San-94110
PB-19210,Phillip Breyer,Corporate,US-Cen-Okl-Tul-74133
JS-15880,John Stevenson,Consumer,US-Sou-Geo-Atl-30318
RD-19810,Ross DeVincentis,Home Office,US-Wes-Cal-Los-90045
DK-13090,Dave Kipp,Consumer,US-Eas-Mar-Cli-20735
FM-14380,Fred McMath,Consumer,US-Sou-Mis-Jac-39212
PG-18820,Patrick Gardner,Consumer,US-Eas-New-New-10009
JF-15565,Jill Fjeld,Consumer,US-Eas-New-New-10024
EA-14035,Erin Ashbrook,Corporate,US-Cen-Ill-Chi-60623
GW-14605,Giulietta Weimer,Consumer,US-Sou-Ken-Hen-42420
JD-15790,John Dryer,Consumer,US-Eas-New-Bel-7109
GT-14710,Greg Tran,Consumer,US-Wes-Cal-San-94109
CK-12760,Cyma Kinney,Corporate,US-Eas-New-Lon-11561
AH-10210,Alan Hwang,Consumer,US-Sou-Ten-Nas-37211
EA-14035,Erin Ashbrook,Corporate,US-Eas-New-New-10011
LC-16960,Lindsay Castell,Home Office,US-Sou-Flo-Tam-33614
BV-11245,Benjamin Venier,Corporate,US-Eas-New-Oce-11572
MC-17635,Matthew Clasen,Corporate,US-Wes-Cal-Los-90032
PV-18985,Paul Van Hugh,Home Office,US-Cen-Wis-Mil-53209
TZ-21580,Tracy Zic,Consumer,US-Wes-Cal-Los-90045
AC-10420,Alyssa Crouse,Corporate,US-Eas-Pen-Phi-19120
BD-11725,Bruce Degenhardt,Consumer,US-Eas-Ohi-New-43055
DW-13540,Don Weiss,Consumer,US-Cen-Tex-Hou-77070
EB-13930,Eric Barreto,Consumer,US-Cen-Wis-La -54601
RR-19525,Rick Reed,Corporate,US-Eas-New-New-10035
LC-16870,Lena Cacioppo,Consumer,US-Eas-Ohi-New-43055
ON-18715,Odella Nelson,Corporate,US-Wes-Col-Den-80219
KD-16270,Karen Daniels,Consumer,US-Eas-New-Yon-10701
TS-21160,Theresa Swint,Corporate,US-Wes-Cal-San-94110
JG-15310,Jason Gross,Corporate,US-Cen-Tex-Ode-79762
CC-12670,Craig Carreira,Consumer,US-Cen-Ind-Blo-47401
CC-12220,Chris Cortes,Consumer,US-Cen-Tex-San-78207
AA-10315,Alex Avila,Consumer,US-Cen-Tex-Rou-78664
BH-11710,Brosina Hoffman,Consumer,US-Eas-Del-New-19711
EM-13810,Eleni McCrary,Corporate,US-Eas-New-Dov-3820
RD-19480,Rick Duston,Consumer,US-Cen-Ind-Mis-46544
MG-17890,Michael Granlund,Home Office,US-Wes-Cal-San-92024
RF-19345,Randy Ferguson,Corporate,US-Sou-Flo-Mia-33180
RW-19630,Rob Williams,Corporate,US-Cen-Tex-Dal-75220
LC-16870,Lena Cacioppo,Consumer,US-Cen-Ill-Chi-60623
JB-16045,Julia Barnett,Home Office,US-Eas-Pen-Phi-19120
EB-13705,Ed Braxton,Corporate,US-Cen-Tex-For-76106
GB-14575,Giulietta Baptist,Consumer,US-Eas-New-New-10011
ZC-21910,Zuschuss Carroll,Consumer,US-Sou-Flo-Mia-33142
SP-20650,Stephanie Phelps,Corporate,US-Cen-Mic-Jac-49201
BD-11620,Brian DeCherney,Consumer,US-Eas-Pen-Phi-19120
SJ-20125,Sanjit Jacobs,Home Office,US-Cen-Tex-Dal-75217
PG-18820,Patrick Gardner,Consumer,US-Wes-Ari-Gle-85301
RB-19465,Rick Bensley,Home Office,US-Eas-Con-Mil-6460
PS-18760,Pamela Stobb,Consumer,US-Eas-Mas-And-1810
KF-16285,Karen Ferguson,Home Office,US-Wes-Cal-Los-90008
CJ-12010,Caroline Jumper,Consumer,US-Eas-New-Lon-11561
RH-19510,Rick Huthwaite,Home Office,US-Wes-Cal-Los-90045
BD-11770,Bryan Davis,Consumer,US-Eas-Pen-Phi-19143
MH-17785,Maya Herman,Corporate,US-Wes-Ari-Gle-85301
JP-16135,Julie Prescott,Home Office,US-Sou-Geo-Col-31907
BT-11485,Brad Thomas,Home Office,US-Eas-Pen-Phi-19140
ON-18715,Odella Nelson,Corporate,US-Cen-Min-Eag-55122
MB-18085,Mick Brown,Consumer,US-Eas-New-Vin-8360
DK-13225,Dean Katz,Corporate,US-Wes-Cal-San-94109
SW-20245,Scot Wooten,Consumer,US-Wes-Cal-Los-90036
MC-18130,Mike Caudle,Corporate,US-Sou-Lou-Mon-71203
CK-12595,Clytie Kelty,Consumer,US-Eas-New-New-10024
TW-21025,Tamara Willingham,Home Office,US-Wes-Ari-Sco-85254
AB-10060,Adam Bellavance,Home Office,US-Sou-Vir-Way-22980
EH-13765,Edward Hooks,Corporate,US-Wes-Cal-San-94109
LT-17110,Liz Thompson,Consumer,US-Cen-Tex-San-78207
SC-20770,Stewart Carmichael,Corporate,US-Eas-Pen-Phi-19134
DB-13360,Dennis Bolton,Home Office,US-Wes-Cal-Riv-92503
JS-15880,John Stevenson,Consumer,US-Cen-Tex-Har-78550
SP-20650,Stephanie Phelps,Corporate,US-Wes-Cal-Red-94061
HZ-14950,Henia Zydlo,Consumer,US-Eas-Ohi-Col-43229
SP-20545,Sibella Parks,Corporate,US-Cen-Wis-Gre-54302
MM-18280,Muhammed MacIntyre,Corporate,US-Wes-Was-Sea-98103
MY-18295,Muhammed Yedwab,Corporate,US-Cen-Tex-Bry-77803
FC-14335,Fred Chung,Corporate,US-Wes-Cal-San-94110
PL-18925,Paul Lucas,Home Office,US-Eas-Pen-Phi-19143
SJ-20125,Sanjit Jacobs,Home Office,US-Sou-Mis-Jac-39212
GZ-14470,Gary Zandusky,Consumer,US-Eas-Mar-Col-21044
VM-21835,Vivian Mathis,Consumer,US-Eas-Del-New-19711
CS-12355,Christine Sundaresam,Consumer,US-Eas-Mas-Mal-2148
AC-10660,Anna Chung,Consumer,US-Wes-Cal-San-94109
RO-19780,Rose O'Brian,Consumer,US-Sou-Ten-Mem-38109
DB-13060,Dave Brooks,Consumer,US-Sou-Ten-Col-38401
BT-11440,Bobby Trafton,Consumer,US-Wes-Col-Lit-80122
SV-20935,Susan Vittorini,Consumer,US-Eas-New-Oce-11572
CC-12610,Corey Catlett,Corporate,US-Sou-Ten-Nas-37211
AH-10030,Aaron Hawkins,Corporate,US-Sou-Mis-Gul-39503
RD-19660,Robert Dilbeck,Home Office,US-Cen-Mis-Sai-63376
ZC-21910,Zuschuss Carroll,Consumer,US-Wes-Ore-Sal-97301
PB-19105,Peter Bühler,Consumer,US-Cen-Ill-Eva-60201
KT-16465,Kean Takahito,Consumer,US-Cen-Ill-Chi-60623
DM-12955,Dario Medina,Corporate,US-Cen-Tex-Hou-77036
RB-19645,Robert Barroso,Corporate,US-Wes-Nev-Nor-89031
DR-12880,Dan Reichenbach,Corporate,US-Wes-Ore-Gre-97030
DC-12850,Dan Campbell,Consumer,US-Eas-Ohi-Cle-44105
VG-21805,Vivek Grady,Corporate,US-Cen-Ind-Ric-47374
DK-12835,Damala Kotsonis,Corporate,US-Eas-New-New-10024
TB-21280,Toby Braunhardt,Consumer,US-Cen-Okl-Nor-73071
SP-20545,Sibella Parks,Corporate,US-Eas-New-New-10011
MV-17485,Mark Van Huff,Consumer,US-Wes-Ida-Poc-83201
DB-13210,Dean Braden,Consumer,US-Sou-Nor-Jac-28540
DS-13180,David Smith,Corporate,US-Sou-Geo-Col-31907
CC-12220,Chris Cortes,Consumer,US-Wes-Cal-Los-90032
AS-10045,Aaron Smayling,Corporate,US-Sou-Vir-Arl-22204
TB-21595,Troy Blackwell,Consumer,US-Eas-Ohi-Spr-45503
ME-17320,Maria Etezadi,Home Office,US-Cen-Ill-Chi-60653
JM-15250,Janet Martin,Consumer,US-Eas-New-New-10009
CP-12085,Cathy Prescott,Corporate,US-Eas-Con-Nor-6360
CS-11950,Carlos Soltero,Consumer,US-Eas-Pen-Phi-19134
EH-13990,Erica Hackney,Consumer,US-Eas-New-New-10009
DW-13540,Don Weiss,Consumer,US-Eas-New-New-10024
DB-12910,Daniel Byrd,Home Office,US-Sou-Geo-Col-31907
TB-21175,Thomas Boland,Corporate,US-Eas-New-New-10035
FP-14320,Frank Preis,Consumer,US-Eas-New-New-10009
BB-10990,Barry Blumstein,Corporate,US-Wes-Ari-Sie-85635
RB-19360,Raymond Buch,Consumer,US-Eas-New-Aub-13021
MY-18295,Muhammed Yedwab,Corporate,US-Cen-Wis-Mil-53209
DJ-13420,Denny Joy,Corporate,US-Cen-Wis-Mil-53209
SR-20740,Steven Roelle,Home Office,US-Cen-Tex-Dal-75081
ZD-21925,Zuschuss Donatelli,Consumer,US-Cen-Ind-Ric-47374
BC-11125,Becky Castell,Home Office,US-Eas-New-Tro-12180
ME-17320,Maria Etezadi,Home Office,US-Sou-Vir-Spr-22153
EH-14185,Evan Henry,Consumer,US-Eas-New-New-10035
JH-16180,Justin Hirsh,Consumer,US-Eas-Pen-Phi-19140
GM-14455,Gary Mitchum,Home Office,US-Cen-Tex-Hou-77095
VM-21685,Valerie Mitchum,Home Office,US-Eas-Ver-Bur-5408
SF-20200,Sarah Foster,Consumer,US-Eas-New-New-10009
Dl-13600,Dorris liebe,Corporate,US-Eas-New-New-10035
AS-10240,Alan Shonely,Consumer,US-Eas-Pen-Phi-19120
YC-21895,Yoseph Carroll,Corporate,US-Wes-Cal-San-94110
ES-14080,Erin Smith,Corporate,US-Eas-New-Lak-8701
JL-15505,Jeremy Lonsdale,Consumer,US-Eas-New-New-10035
LC-17140,Logan Currie,Consumer,US-Wes-Cal-Los-90032
CK-12325,Christine Kargatis,Home Office,US-Sou-Ark-Hot-71901
CK-12595,Clytie Kelty,Consumer,US-Wes-Cal-Los-90032
EH-14125,Eugene Hildebrand,Home Office,US-Eas-Ohi-Tro-45373
RM-19375,Raymond Messe,Consumer,US-Sou-Geo-Col-31907
PG-18820,Patrick Gardner,Consumer,US-Sou-Geo-Smy-30080
ZC-21910,Zuschuss Carroll,Consumer,US-Cen-Tex-Hou-77041
SW-20350,Sean Wendt,Home Office,US-Cen-Mic-Det-48227
HF-14995,Herbert Flentye,Consumer,US-Wes-Cal-Los-90004
EB-13750,Edward Becker,Corporate,US-Wes-Was-Sea-98103
BT-11680,Brian Thompson,Consumer,US-Wes-Cal-San-94122
JR-16210,Justin Ritter,Corporate,US-Eas-Ohi-Spr-45503
QJ-19255,Quincy Jones,Corporate,US-Cen-Ill-Chi-60653
FM-14215,Filia McAdams,Corporate,US-Wes-Cal-Bak-93309
TB-21175,Thomas Boland,Corporate,US-Sou-Nor-Wil-27893
BD-11605,Brian Dahlen,Consumer,US-Sou-Vir-Spr-22153
JF-15295,Jason Fortune-,Consumer,US-Wes-Cal-Los-90036
BP-11290,Beth Paige,Consumer,US-Wes-Cal-Los-90036
SP-20920,Susan Pistek,Consumer,US-Wes-Cal-San-94109
TB-21400,Tom Boeckenhauer,Consumer,US-Sou-Vir-Ale-22304
KT-16465,Kean Takahito,Consumer,US-Wes-Ari-Gle-85301
JM-15580,Jill Matthias,Consumer,US-Eas-Mar-Bal-21215
MY-18295,Muhammed Yedwab,Corporate,US-Cen-Tex-Gra-76051
JK-16120,Julie Kriz,Home Office,US-Wes-Cal-San-92105
BD-11320,Bill Donatelli,Consumer,US-Wes-Cal-San-94110
RB-19795,Ross Baird,Home Office,US-Sou-Nor-Gas-28052
AP-10915,Arthur Prichep,Consumer,US-Sou-Geo-Col-31907
BS-11365,Bill Shonely,Corporate,US-Eas-New-Lak-8701
PK-19075,Pete Kriz,Consumer,US-Sou-Ten-Nas-37211
BM-11785,Bryan Mills,Consumer,US-Wes-Was-Sea-98115
SW-20350,Sean Wendt,Home Office,US-Cen-Neb-Oma-68104
JM-15535,Jessica Myrick,Consumer,US-Wes-Cal-Lak-90712
BF-11170,Ben Ferrer,Home Office,US-Sou-Nor-Ral-27604
CS-12175,Charles Sheldon,Corporate,US-Sou-Ten-Col-38401
CS-12490,Cindy Schnelling,Corporate,US-Eas-New-New-10009
RF-19840,Roy Französisch,Consumer,US-Sou-Vir-Che-23320
TH-21115,Thea Hudgings,Corporate,US-Cen-Tex-Hou-77070
CR-12580,Clay Rozendal,Home Office,US-Cen-Ill-Elm-60126
GM-14455,Gary Mitchum,Home Office,US-Eas-Ohi-Col-43229
JO-15280,Jas O'Carroll,Consumer,US-Wes-Cal-Los-90049
KM-16720,Kunst Miller,Consumer,US-Eas-New-New-10035
BT-11680,Brian Thompson,Consumer,US-Eas-Con-Mil-6460
SP-20545,Sibella Parks,Corporate,US-Cen-Ill-Chi-60623
DN-13690,Duane Noonan,Consumer,US-Wes-Was-Sea-98115
TN-21040,Tanja Norvell,Home Office,US-Wes-Ari-Pho-85023
TT-21460,Tonja Turnell,Home Office,US-Cen-Ill-Aur-60505
EL-13735,Ed Ludwig,Home Office,US-Cen-Mis-Jef-65109
PG-18895,Paul Gonzalez,Consumer,US-Wes-Cal-San-94122
MM-17920,Michael Moore,Consumer,US-Eas-New-Rom-13440
HK-14890,Heather Kirkland,Corporate,US-Sou-Nor-Cha-28205
MJ-17740,Max Jones,Consumer,US-Eas-Ohi-Lan-43130
AF-10870,Art Ferguson,Consumer,US-Wes-Cal-San-92672
GK-14620,Grace Kelly,Corporate,US-Wes-Cal-Hes-92345
JL-15130,Jack Lebron,Consumer,US-Wes-Cal-Riv-92503
CA-12055,Cathy Armstrong,Home Office,US-Cen-Tex-Hou-77070
CL-12700,Craig Leslie,Home Office,US-Wes-Col-Col-80906
JL-15850,John Lucas,Consumer,US-Eas-Pen-Phi-19134
DB-13360,Dennis Bolton,Home Office,US-Eas-New-New-10009
NB-18655,Nona Balk,Corporate,US-Cen-Tex-Dal-75217
BO-11350,Bill Overfelt,Corporate,US-Wes-Cal-Los-90045
EH-14005,Erica Hernandez,Home Office,US-Wes-Col-Den-80219
RB-19570,Rob Beeghly,Consumer,US-Cen-Ill-Sai-60174
BF-11170,Ben Ferrer,Home Office,US-Cen-Tex-Dal-75081
KD-16615,Ken Dana,Corporate,US-Wes-Ari-Sco-85254
JL-15835,John Lee,Consumer,US-Eas-New-New-10011
HF-14995,Herbert Flentye,Consumer,US-Sou-Ten-Mem-38109
CM-12235,Chris McAfee,Consumer,US-Sou-Ark-Lit-72209
BD-11770,Bryan Davis,Consumer,US-Cen-Tex-Hou-77070
EH-13765,Edward Hooks,Corporate,US-Eas-New-New-10009
AS-10090,Adam Shillingsburg,Consumer,US-Cen-Tex-Irv-75061
NR-18550,Nick Radford,Consumer,US-Cen-Tex-Ama-79109
CC-12475,Cindy Chapman,Consumer,US-Eas-New-New-10024
DL-12865,Dan Lawera,Consumer,US-Sou-Nor-Gre-27405
CB-12415,Christy Brittain,Consumer,US-Cen-Ill-Chi-60653
SM-20905,Susan MacKendrick,Consumer,US-Eas-Ohi-New-43055
DM-13015,Darrin Martin,Consumer,US-Wes-Cal-Enc-92024
RB-19465,Rick Bensley,Home Office,US-Sou-Flo-Tal-32303
ZD-21925,Zuschuss Donatelli,Consumer,US-Sou-Ten-Cha-37421
BF-11005,Barry Franz,Home Office,US-Wes-Cal-Los-90004
LW-16990,Lindsay Williams,Corporate,US-Wes-Nev-Hen-89015
ND-18370,Natalie DeCherney,Consumer,US-Sou-Ken-Lou-40214
AH-10465,Amy Hunt,Consumer,US-Wes-Cal-San-94109
PJ-18835,Patrick Jones,Corporate,US-Sou-Ten-Mur-37130
BE-11455,Brad Eason,Home Office,US-Cen-Mis-Spr-65807
BE-11455,Brad Eason,Home Office,US-Eas-Ohi-Lor-44052
AF-10870,Art Ferguson,Consumer,US-Cen-Ill-Chi-60610
GM-14500,Gene McClure,Consumer,US-Wes-Cal-Bak-93309
CJ-12010,Caroline Jumper,Consumer,US-Eas-New-New-10009
TB-21625,Trudy Brown,Consumer,US-Wes-Cal-Los-90004
CL-12565,Clay Ludtke,Consumer,US-Eas-Ohi-Cle-44105
GB-14530,George Bell,Corporate,US-Eas-Del-Dov-19901
CV-12805,Cynthia Voltz,Corporate,US-Cen-Tex-Aus-78745
PS-18970,Paul Stevenson,Home Office,US-Eas-New-New-10024
SS-20590,Sonia Sunley,Consumer,US-Wes-Was-Sea-98115
JW-16075,Julia West,Consumer,US-Eas-Pen-Phi-19140
RS-19420,Ricardo Sperren,Corporate,US-Wes-Cal-Los-90036
TH-21100,Thea Hendricks,Consumer,US-Sou-Vir-Sal-24153
MB-18085,Mick Brown,Consumer,US-Cen-Tex-Hou-77036
GM-14500,Gene McClure,Consumer,US-Cen-Ill-Chi-60610
CS-12400,Christopher Schild,Home Office,US-Eas-Pen-Phi-19134
RD-19720,Roger Demir,Consumer,US-Wes-Was-Sea-98105
TT-21070,Ted Trevino,Consumer,US-Wes-Cal-Los-90045
HM-14860,Harry Marie,Corporate,US-Eas-New-New-10024
VG-21805,Vivek Grady,Corporate,US-Sou-Vir-Vir-23464
VM-21835,Vivian Mathis,Consumer,US-Wes-Cal-Mis-92691
JM-15580,Jill Matthias,Consumer,US-Wes-Was-Sea-98105
FM-14215,Filia McAdams,Corporate,US-Eas-Pen-Phi-19140
MK-17905,Michael Kennedy,Corporate,US-Sou-Flo-Jac-32216
LH-17155,Logan Haushalter,Consumer,US-Eas-Ohi-Cin-45231
TH-21235,Tiffany House,Corporate,US-Wes-Ari-Yum-85364
TT-21220,Thomas Thornton,Consumer,US-Eas-New-New-10035
DP-13000,Darren Powers,Consumer,US-Sou-Flo-For-33311
MN-17935,Michael Nguyen,Consumer,US-Eas-Ohi-Spr-45503
SN-20710,Steve Nguyen,Home Office,US-Sou-Mis-Jac-39212
JR-15670,Jim Radford,Consumer,US-Eas-Con-Mid-6457
DO-13435,Denny Ordway,Consumer,US-Wes-Cal-Los-90036
SC-20095,Sanjit Chand,Consumer,US-Wes-Cal-Los-90045
LW-17215,Luke Weiss,Consumer,US-Cen-Ill-Chi-60653
AG-10900,Arthur Gainer,Consumer,US-Eas-Con-Wat-6708
RP-19855,Roy Phan,Corporate,US-Sou-Flo-Apo-32712
EB-13930,Eric Barreto,Consumer,US-Wes-Cal-San-94110
RP-19855,Roy Phan,Corporate,US-Cen-Ind-Laf-47905
AH-10690,Anna Häberlin,Corporate,US-Wes-Cal-Los-90008
BT-11395,Bill Tyler,Corporate,US-Wes-Cal-San-94109
LE-16810,Laurel Elliston,Consumer,US-Sou-Vir-Arl-22204
BN-11515,Bradley Nguyen,Consumer,US-Eas-New-New-10011
JK-15730,Joe Kamberova,Consumer,US-Sou-Nor-Ash-28806
RB-19465,Rick Bensley,Home Office,US-Wes-Cal-Val-94591
EH-14125,Eugene Hildebrand,Home Office,US-Wes-Col-Col-80906
DB-13210,Dean Braden,Consumer,US-Sou-Flo-Por-34952
AS-10285,Alejandro Savely,Corporate,US-Cen-Tex-Dal-75081
CP-12340,Christine Phan,Corporate,US-Eas-Rho-War-2886
SH-19975,Sally Hughsby,Corporate,US-Cen-Ill-Chi-60610
LC-16930,Linda Cazamias,Corporate,US-Wes-Nev-Spa-89431
AF-10870,Art Ferguson,Consumer,US-Eas-New-Pas-7055
JE-15610,Jim Epp,Corporate,US-Wes-Cal-Los-90049
JF-15490,Jeremy Farry,Consumer,US-Sou-Geo-Ath-30605
LD-17005,Lisa DeCherney,Consumer,US-Wes-Cal-San-94109
CC-12370,Christopher Conant,Consumer,US-Eas-Pen-Phi-19120
KL-16645,Ken Lonsdale,Consumer,US-Cen-Ill-Chi-60623
AP-10720,Anne Pryor,Home Office,US-Sou-Ala-Flo-35630
EH-14125,Eugene Hildebrand,Home Office,US-Sou-Vir-New-23602
DP-13390,Dennis Pardue,Home Office,US-Eas-Pen-Phi-19120
JB-16045,Julia Barnett,Home Office,US-Sou-Geo-Col-31907
TB-21280,Toby Braunhardt,Consumer,US-Eas-Dis-Was-20016
SV-20785,Stewart Visinsky,Consumer,US-Wes-Cal-San-92704
CP-12085,Cathy Prescott,Corporate,US-Sou-Flo-Del-33445
CM-12235,Chris McAfee,Consumer,US-Cen-Wis-Mil-53209
TH-21235,Tiffany House,Corporate,US-Eas-Pen-Phi-19134
MS-17710,Maurice Satty,Consumer,US-Cen-Tex-For-76106
BS-11665,Brian Stugart,Consumer,US-Cen-Ill-Chi-60623
LA-16780,Laura Armstrong,Corporate,US-Cen-Mic-Det-48205
LS-17245,Lynn Smith,Consumer,US-Wes-Cal-Los-90045
TN-21040,Tanja Norvell,Home Office,US-Cen-Ill-Par-60068
CL-12565,Clay Ludtke,Consumer,US-Wes-Cal-Los-90004
KC-16675,Kimberly Carter,Corporate,US-Sou-Flo-Tal-32303
VD-21670,Valerie Dominguez,Consumer,US-Sou-Mis-Jac-39212
EH-13765,Edward Hooks,Corporate,US-Eas-New-New-10035
RB-19360,Raymond Buch,Consumer,US-Sou-Ten-Nas-37211
RL-19615,Rob Lucas,Consumer,US-Sou-Ala-Mon-36116
MY-17380,Maribeth Yedwab,Corporate,US-Wes-Col-Par-80134
EB-13750,Edward Becker,Corporate,US-Sou-Vir-Arl-22204
BG-11695,Brooke Gillingham,Corporate,US-Eas-Ohi-Cin-45231
EM-14140,Eugene Moren,Home Office,US-Cen-Wis-Sup-54880
AH-10690,Anna Häberlin,Corporate,US-Sou-Vir-Spr-22153
JG-15310,Jason Gross,Corporate,US-Wes-Cal-Los-90032
AT-10735,Annie Thurman,Consumer,US-Cen-Tex-Hou-77041
NL-18310,Nancy Lomonaco,Home Office,US-Wes-Cal-Los-90049
JM-16195,Justin MacKendrick,Consumer,US-Eas-Ohi-Ham-45011
RW-19690,Robert Waldorf,Consumer,US-Sou-Nor-Wil-28403
NM-18520,Neoma Murray,Consumer,US-Eas-New-New-10011
BP-11290,Beth Paige,Consumer,US-Cen-Ill-Dec-62521
EH-13765,Edward Hooks,Corporate,US-Wes-Was-Sea-98115
KC-16255,Karen Carlisle,Corporate,US-Eas-Pen-Phi-19120
CP-12340,Christine Phan,Corporate,US-Wes-Cal-Los-90049
EN-13780,Edward Nazzal,Consumer,US-Eas-New-New-10035
KL-16645,Ken Lonsdale,Consumer,US-Cen-Ill-Chi-60610
KD-16270,Karen Daniels,Consumer,US-Sou-Vir-Spr-22153
CK-12205,Chloris Kastensmidt,Consumer,US-Wes-Cal-San-95051
JL-15235,Janet Lee,Consumer,US-Eas-Del-New-19711
JS-15940,Joni Sundaresam,Home Office,US-Eas-Pen-Phi-19134
KB-16600,Ken Brennan,Corporate,US-Wes-Was-Sea-98105
ME-17320,Maria Etezadi,Home Office,US-Wes-Cal-San-93101
RC-19825,Roy Collins,Consumer,US-Cen-Ill-Chi-60610
SC-20230,Scot Coram,Corporate,US-Eas-Mas-Low-1852
RB-19795,Ross Baird,Home Office,US-Wes-Cal-Los-90036
DB-13060,Dave Brooks,Consumer,US-Eas-Mas-Low-1852
CK-12595,Clytie Kelty,Consumer,US-Sou-Ark-Lit-72209
LP-17095,Liz Preis,Consumer,US-Eas-Ohi-Fai-45014
FM-14290,Frank Merwin,Home Office,US-Wes-Cal-Bak-93309
RD-19810,Ross DeVincentis,Home Office,US-Eas-New-New-10035
RS-19870,Roy Skaria,Home Office,US-Eas-Pen-Phi-19120
DB-13210,Dean Braden,Consumer,US-Wes-Cal-San-94109
GM-14680,Greg Matthias,Consumer,US-Wes-Cal-Los-90045
TC-21295,Toby Carlisle,Consumer,US-Sou-Flo-Tal-32303
BF-11215,Benjamin Farhat,Home Office,US-Cen-Min-Min-55407
JB-16000,Joy Bell-,Consumer,US-Eas-Pen-Phi-19140
OT-18730,Olvera Toch,Consumer,US-Wes-Cal-Los-90045
MZ-17515,Mary Zewe,Corporate,US-Cen-Tex-Arl-76017
SV-20365,Seth Vernon,Consumer,US-Wes-Cal-Los-90049
SE-20110,Sanjit Engle,Consumer,US-Wes-Was-Sea-98103
ES-14020,Erica Smith,Consumer,US-Eas-New-New-10035
SC-20725,Steven Cartwright,Consumer,US-Eas-Del-Wil-19805
AW-10930,Arthur Wiediger,Home Office,US-Cen-Tex-Hou-77070
SC-20770,Stewart Carmichael,Corporate,US-Sou-Ala-Dec-35601
DV-13045,Darrin Van Huff,Corporate,US-Wes-Cal-Los-90036
CB-12415,Christy Brittain,Consumer,US-Eas-New-Lon-11561
EA-14035,Erin Ashbrook,Corporate,US-Wes-Cal-Pas-91104
PO-19180,Philisse Overcash,Home Office,US-Cen-Ill-Chi-60623
SC-20050,Sample Company A,Home Office,US-Cen-Mic-Jac-49201
GT-14710,Greg Tran,Consumer,US-Eas-New-New-10024
SS-20590,Sonia Sunley,Consumer,US-Cen-Kan-Wic-67212
JS-15685,Jim Sink,Corporate,US-Eas-Pen-Phi-19140
EB-13705,Ed Braxton,Corporate,US-Wes-Cal-Ana-92804
VM-21835,Vivian Mathis,Consumer,US-Sou-Flo-Boc-33433
PV-18985,Paul Van Hugh,Home Office,US-Wes-Cal-San-94122
AR-10825,Anthony Rawles,Corporate,US-Wes-Was-Sea-98103
LS-17245,Lynn Smith,Consumer,US-Cen-Tex-Hou-77036
BD-11320,Bill Donatelli,Consumer,US-Wes-Cal-Los-90045
JJ-15445,Jennifer Jackson,Consumer,US-Eas-Del-New-19711
JL-15175,James Lanier,Home Office,US-Sou-Ten-Cha-37421
MV-18190,Mike Vittorini,Consumer,US-Wes-Cal-Los-90045
LC-16885,Lena Creighton,Consumer,US-Wes-Col-Lon-80501
FM-14380,Fred McMath,Consumer,US-Eas-New-New-10024
CP-12340,Christine Phan,Corporate,US-Eas-Con-Wat-6708
DM-13345,Denise Monton,Corporate,US-Eas-New-Roc-14609
TB-21055,Ted Butterfield,Consumer,US-Eas-New-Tro-12180
IG-15085,Ivan Gibson,Consumer,US-Wes-Cal-San-92024
BT-11440,Bobby Trafton,Consumer,US-Cen-Ill-Fra-60423
KC-16255,Karen Carlisle,Corporate,US-Wes-Cal-San-94110
RC-19825,Roy Collins,Consumer,US-Wes-Cal-Pas-91104
CG-12040,Catherine Glotzbach,Home Office,US-Eas-Pen-Phi-19120
DP-13105,Dave Poirier,Corporate,US-Wes-Cal-Sal-93905
EA-14035,Erin Ashbrook,Corporate,US-Cen-Tex-Car-75007
LH-16900,Lena Hernandez,Consumer,US-Eas-Del-Dov-19901
BS-11365,Bill Shonely,Corporate,US-Cen-Okl-Okl-73120
AS-10090,Adam Shillingsburg,Consumer,US-Eas-New-New-10011
KB-16600,Ken Brennan,Corporate,US-Cen-Ill-Chi-60623
IM-15070,Irene Maddox,Consumer,US-Eas-New-New-10009
RD-19900,Ruben Dartt,Consumer,US-Wes-Cal-San-94109
MG-17695,Maureen Gnade,Consumer,US-Eas-New-Buf-14215
SM-20005,Sally Matthias,Consumer,US-Eas-New-New-10035
MJ-17740,Max Jones,Consumer,US-Wes-Cal-San-92037
HL-15040,Hunter Lopez,Consumer,US-Cen-Ind-Ric-47374
BD-11320,Bill Donatelli,Consumer,US-Wes-Cal-San-92024
DH-13075,Dave Hallsten,Corporate,US-Cen-Tex-Hou-77095
TS-21160,Theresa Swint,Corporate,US-Eas-Pen-Yor-17403
LC-17140,Logan Currie,Consumer,US-Cen-Tex-Hou-77070
AS-10240,Alan Shonely,Consumer,US-Wes-Cal-Los-90049
SN-20560,Skye Norling,Home Office,US-Cen-Mic-Ros-48066
LD-16855,Lela Donovan,Corporate,US-Cen-Ill-Chi-60653
JG-15805,John Grady,Corporate,US-Eas-New-New-10024
AB-10255,Alejandro Ballentine,Home Office,US-Cen-Tex-Pla-75023
AH-10075,Adam Hart,Corporate,US-Wes-Cal-Los-90036
DN-13690,Duane Noonan,Consumer,US-Wes-Cal-San-94109
GM-14500,Gene McClure,Consumer,US-Eas-Rho-Pro-2908
VP-21760,Victoria Pisteka,Corporate,US-Eas-New-New-10035
PF-19225,Phillip Flathmann,Consumer,US-Sou-Geo-Atl-30318
KH-16330,Katharine Harms,Corporate,US-Cen-Ill-Hig-60035
BP-11155,Becky Pak,Consumer,US-Eas-New-Pat-7501
CS-12250,Chris Selesnick,Corporate,US-Wes-Cal-Los-90032
RF-19735,Roland Fjeld,Consumer,US-Cen-Ill-Chi-60610
Co-12640,Corey-Lock,Consumer,US-Sou-Sou-Flo-29501
PF-19165,Philip Fox,Consumer,US-Sou-Geo-San-30328
AH-10120,Adrian Hane,Home Office,US-Cen-Ill-Aur-60505
EM-14140,Eugene Moren,Home Office,US-Wes-Uta-Leh-84043
JF-15355,Jay Fein,Consumer,US-Sou-Sou-Col-29203
SU-20665,Stephanie Ulpright,Home Office,US-Eas-New-New-10009
NZ-18565,Nick Zandusky,Home Office,US-Wes-Was-Sea-98115
GB-14530,George Bell,Corporate,US-Wes-Cal-Los-90004
KH-16360,Katherine Hughes,Consumer,US-Sou-Vir-Arl-22204
EA-14035,Erin Ashbrook,Corporate,US-Cen-Tex-Hun-77340
FM-14215,Filia McAdams,Corporate,US-Eas-Pen-Phi-19143
GT-14755,Guy Thornton,Consumer,US-Wes-Cal-Los-90049
DK-13225,Dean Katz,Corporate,US-Eas-New-New-10035
AA-10645,Anna Andreadi,Consumer,US-Wes-Cal-San-94109
RB-19465,Rick Bensley,Home Office,US-Wes-Was-Sea-98103
CC-12100,Chad Cunningham,Home Office,US-Eas-Pen-Phi-19120
BF-11020,Barry Französisch,Corporate,US-Cen-Ill-Aur-60505
MJ-17740,Max Jones,Consumer,US-Wes-Uta-Ore-84057
SC-20695,Steve Chapman,Corporate,US-Sou-Flo-Hia-33012
CC-12370,Christopher Conant,Consumer,US-Wes-Cal-Los-90045
RM-19375,Raymond Messe,Consumer,US-Wes-Cal-San-95123
JE-15715,Joe Elijah,Consumer,US-Wes-Col-Bro-80020
SC-20230,Scot Coram,Corporate,US-Cen-Tex-Arl-76017
CC-12220,Chris Cortes,Consumer,US-Wes-Was-Sea-98105
ZD-21925,Zuschuss Donatelli,Consumer,US-Sou-Flo-Jac-32216
TH-21115,Thea Hudgings,Corporate,US-Eas-Rho-Pro-2908
JD-15895,Jonathan Doherty,Corporate,US-Eas-New-New-10035
AA-10375,Allen Armold,Consumer,US-Wes-Ari-Mes-85204
EA-14035,Erin Ashbrook,Corporate,US-Eas-Pen-Phi-19143
LH-17155,Logan Haushalter,Consumer,US-Cen-Tex-Dal-75081
NZ-18565,Nick Zandusky,Home Office,US-Wes-Ari-Yum-85364
KH-16690,Kristen Hastings,Corporate,US-Wes-Cal-Los-90008
JS-15880,John Stevenson,Consumer,US-Cen-Tex-Irv-75061
TP-21130,Theone Pippenger,Consumer,US-Eas-Pen-Phi-19134
SW-20755,Steven Ward,Corporate,US-Eas-New-New-10009
RE-19450,Richard Eichhorn,Consumer,US-Eas-New-Aub-13021
AR-10570,Anemone Ratner,Consumer,US-Sou-Geo-Col-31907
RB-19360,Raymond Buch,Consumer,US-Wes-Cal-San-94122
RH-19600,Rob Haberlin,Consumer,US-Sou-Ala-Hun-35810
ES-14080,Erin Smith,Corporate,US-Wes-Ari-Tuc-85705
DR-12880,Dan Reichenbach,Corporate,US-Eas-New-New-10009
BM-11785,Bryan Mills,Consumer,US-Cen-Tex-Hou-77036
RH-19510,Rick Huthwaite,Home Office,US-Wes-Uta-Pro-84604
MC-17425,Mark Cousins,Corporate,US-Wes-Ore-Por-97206
JD-15895,Jonathan Doherty,Corporate,US-Sou-Sou-Col-29203
MC-17425,Mark Cousins,Corporate,US-Cen-Tex-Hou-77036
AM-10360,Alice McCarthy,Corporate,US-Cen-Tex-Gra-75051
MC-17590,Matt Collister,Corporate,US-Eas-New-Per-8861
AT-10735,Annie Thurman,Consumer,US-Eas-New-New-10024
AA-10480,Andrew Allen,Consumer,US-Cen-Mis-Spr-65807
DK-13375,Dennis Kane,Consumer,US-Wes-Was-Sea-98105
RA-19885,Ruben Ausman,Corporate,US-Wes-Cal-Los-90049
KH-16330,Katharine Harms,Corporate,US-Sou-Ken-Bow-42104
LS-16945,Linda Southworth,Corporate,US-Wes-Col-Den-80219
JP-15460,Jennifer Patt,Corporate,US-Wes-Ari-Gle-85301
NK-18490,Neil Knudson,Home Office,US-Eas-Pen-Phi-19140
NP-18670,Nora Paige,Consumer,US-Wes-Ari-Pho-85023
SV-20935,Susan Vittorini,Consumer,US-Cen-Tex-Dal-75217
JS-16030,Joy Smith,Consumer,US-Sou-Mis-Hat-39401
TC-21535,Tracy Collins,Home Office,US-Wes-Cal-San-94110
PJ-19015,Pauline Johnson,Consumer,US-Eas-New-Lon-11561
BP-11290,Beth Paige,Consumer,US-Sou-Nor-Con-28027
JG-15310,Jason Gross,Corporate,US-Eas-Ohi-New-43055
DK-12835,Damala Kotsonis,Corporate,US-Wes-Cal-Ros-95661
CC-12610,Corey Catlett,Corporate,US-Eas-Pen-Phi-19134
KN-16705,Kristina Nunn,Home Office,US-Wes-Nev-Spa-89431
DK-13375,Dennis Kane,Consumer,US-Cen-Mic-Wes-48185
MF-17665,Maureen Fritzler,Corporate,US-Eas-Mar-Col-21044
DL-13495,Dionis Lloyd,Corporate,US-Wes-Cal-San-94110
CJ-12010,Caroline Jumper,Consumer,US-Eas-Pen-All-18103
CK-12205,Chloris Kastensmidt,Consumer,US-Cen-Tex-Mca-78501
NF-18475,Neil Französisch,Home Office,US-Cen-Ill-Roc-61107
JB-15400,Jennifer Braxton,Corporate,US-Sou-Flo-Tam-33614
IL-15100,Ivan Liston,Consumer,US-Cen-Tex-Hou-77041
DB-12970,Darren Budd,Corporate,US-Eas-New-New-10035
JG-15160,James Galang,Consumer,US-Sou-Lou-Laf-70506
SC-20095,Sanjit Chand,Consumer,US-Wes-Cal-Cos-92627
BE-11335,Bill Eplett,Home Office,US-Cen-Tex-Hou-77041
BC-11125,Becky Castell,Home Office,US-Wes-Cal-San-94122
KM-16375,Katherine Murray,Home Office,US-Sou-Vir-Arl-22204
RR-19525,Rick Reed,Corporate,US-Eas-Ohi-Tol-43615
MT-17815,Meg Tillman,Consumer,US-Sou-Mis-Jac-39212
CB-12415,Christy Brittain,Consumer,US-Eas-Ohi-Col-43229
SH-19975,Sally Hughsby,Corporate,US-Cen-Wis-Mil-53209
LB-16735,Larry Blacks,Consumer,US-Wes-Cal-Los-90032
KH-16630,Ken Heidel,Corporate,US-Cen-Tex-Hou-77070
OT-18730,Olvera Toch,Consumer,US-Eas-Pen-Bet-18018
SC-20680,Steve Carroll,Home Office,US-Cen-Mic-Hol-49423
KM-16660,Khloe Miller,Consumer,US-Wes-Cal-Los-90032
BF-11005,Barry Franz,Home Office,US-Cen-Tex-Pas-77506
PW-19240,Pierre Wener,Consumer,US-Sou-Flo-Pen-32503
RH-19555,Ritsa Hightower,Consumer,US-Sou-Nor-Cha-28205
JO-15145,Jack O'Briant,Corporate,US-Eas-Pen-Phi-19140
KH-16360,Katherine Hughes,Consumer,US-Cen-Ill-Chi-60623
RW-19630,Rob Williams,Corporate,US-Wes-Cal-San-94122
LS-16975,Lindsay Shagiari,Home Office,US-Cen-Tex-Hou-77070
KL-16645,Ken Lonsdale,Consumer,US-Cen-Mic-Det-48205
AH-10690,Anna Häberlin,Corporate,US-Wes-Cal-San-94122
TS-21205,Thomas Seio,Corporate,US-Wes-Cal-Riv-92503
SG-20890,Susan Gilcrest,Corporate,US-Cen-Tex-Ama-79109
KM-16660,Khloe Miller,Consumer,US-Eas-Pen-Phi-19140
BF-11020,Barry Französisch,Corporate,US-Wes-Cal-Los-90032
AG-10330,Alex Grayson,Consumer,US-Cen-Okl-Tul-74133
LC-16930,Linda Cazamias,Corporate,US-Wes-Cal-Sac-95823
ML-17755,Max Ludwig,Home Office,US-Sou-Vir-Suf-23434
RA-19285,Ralph Arnett,Consumer,US-Cen-Ill-Peo-61604
MF-17665,Maureen Fritzler,Corporate,US-Sou-Ala-Hun-35810
VG-21790,Vivek Gonzalez,Consumer,US-Wes-Cal-Los-90032
LM-17065,Liz MacKendrick,Consumer,US-Eas-New-New-10024
AH-10690,Anna Häberlin,Corporate,US-Eas-New-New-10024
DW-13585,Dorothy Wardle,Corporate,US-Wes-Was-Edm-98026
CC-12145,Charles Crestani,Consumer,US-Cen-Okl-Okl-73120
CA-12055,Cathy Armstrong,Home Office,US-Wes-Cal-Los-90036
JF-15565,Jill Fjeld,Consumer,US-Cen-Tex-Dal-75081
CM-12655,Corinna Mitchell,Home Office,US-Sou-Mis-Jac-39212
GH-14410,Gary Hansen,Home Office,US-Sou-Ten-Hen-37075
HA-14920,Helen Andreada,Consumer,US-Sou-Nor-Fay-28314
MT-18070,Michelle Tran,Home Office,US-Cen-Okl-Tul-74133
CM-12235,Chris McAfee,Consumer,US-Cen-Tex-Car-75007
LC-16870,Lena Cacioppo,Consumer,US-Cen-Iow-Des-50315
NP-18700,Nora Preis,Consumer,US-Eas-New-New-10024
DB-13270,Deborah Brumfield,Home Office,US-Eas-Pen-Phi-19134
CS-12490,Cindy Schnelling,Corporate,US-Sou-Flo-Lak-33801
BC-11125,Becky Castell,Home Office,US-Eas-New-New-10011
HG-15025,Hunter Glantz,Consumer,US-Sou-Lou-Ken-70065
CT-11995,Carol Triggs,Consumer,US-Cen-Tex-Irv-75061
EM-14065,Erin Mull,Consumer,US-Sou-Nor-Jac-28540
TS-21160,Theresa Swint,Corporate,US-Cen-Wis-Wes-53214
RF-19840,Roy Französisch,Consumer,US-Sou-Vir-Spr-22153
TR-21325,Toby Ritter,Consumer,US-Sou-Ten-Nas-37211
JM-15580,Jill Matthias,Consumer,US-Wes-Cal-Los-90045
SP-20650,Stephanie Phelps,Corporate,US-Eas-Ohi-Akr-44312
ME-17725,Max Engle,Consumer,US-Wes-Col-Aur-80013
CY-12745,Craig Yedwab,Corporate,US-Wes-Cal-Oak-94601
JC-15775,John Castell,Consumer,US-Sou-Flo-Tal-32303
BD-11320,Bill Donatelli,Consumer,US-Wes-Cal-Los-90004
CC-12370,Christopher Conant,Consumer,US-Sou-Nor-Fay-28314
PK-19075,Pete Kriz,Consumer,US-Wes-Cal-San-94110
JP-15520,Jeremy Pistek,Consumer,US-Wes-Cal-Dav-95616
AO-10810,Anthony O'Donnell,Corporate,US-Wes-Cal-Los-90045
NM-18520,Neoma Murray,Consumer,US-Wes-Was-Sea-98105
GG-14650,Greg Guthrie,Corporate,US-Eas-New-New-10035
MA-17560,Matt Abelman,Home Office,US-Cen-Tex-Hou-77070
NF-18385,Natalie Fritzler,Consumer,US-Cen-Tex-Edi-78539
HW-14935,Helen Wasserman,Corporate,US-Eas-New-New-10024
RP-19390,Resi Pölking,Consumer,US-Eas-New-New-10009
DW-13480,Dianna Wilson,Home Office,US-Cen-Mic-Det-48205
RP-19270,Rachel Payne,Corporate,US-Wes-Was-Sea-98115
JK-15370,Jay Kimmel,Consumer,US-Eas-New-New-10035
SC-20230,Scot Coram,Corporate,US-Wes-Cal-Los-90004
SU-20665,Stephanie Ulpright,Home Office,US-Sou-Nor-Gre-27834
RB-19465,Rick Bensley,Home Office,US-Eas-Pen-Phi-19143
CR-12730,Craig Reiter,Consumer,US-Eas-Ohi-Col-43229
DG-13300,Deirdre Greer,Corporate,US-Wes-Was-Sea-98105
DD-13570,Dorothy Dickinson,Consumer,US-Cen-Tex-Hou-77041
TC-21475,Tony Chapman,Home Office,US-Wes-Col-For-80525
PW-19030,Pauline Webber,Corporate,US-Wes-Cal-Los-90049
SG-20470,Sheri Gordon,Consumer,US-Wes-Ore-Gre-97030
MS-17770,Maxwell Schwartz,Consumer,US-Wes-Was-Sea-98105
MA-17560,Matt Abelman,Home Office,US-Cen-Wis-She-53081
MH-18115,Mick Hernandez,Home Office,US-Cen-Tex-Pha-78577
JP-15460,Jennifer Patt,Corporate,US-Eas-New-New-10035
AA-10480,Andrew Allen,Consumer,US-Cen-Mic-Det-48234
SV-20815,Stuart Van,Corporate,US-Sou-Flo-Mia-33142
RF-19735,Roland Fjeld,Consumer,US-Wes-Cal-San-95123
LC-16930,Linda Cazamias,Corporate,US-Cen-Tex-Pas-77506
TS-21430,Tom Stivers,Corporate,US-Wes-Cal-Los-90045
DJ-13510,Don Jones,Corporate,US-Wes-Cal-San-92037
CC-12145,Charles Crestani,Consumer,US-Wes-Was-Sea-98103
DR-12880,Dan Reichenbach,Corporate,US-Eas-New-New-10035
VG-21805,Vivek Grady,Corporate,US-Eas-Pen-Phi-19140
XP-21865,Xylona Preis,Consumer,US-Sou-Geo-Ath-30605
SS-20515,Shirley Schmidt,Home Office,US-Cen-Wis-Fra-53132
KD-16615,Ken Dana,Corporate,US-Eas-New-New-10024
TB-21055,Ted Butterfield,Consumer,US-Eas-Mas-Qui-2169
SS-20875,Sung Shariari,Consumer,US-Cen-Tex-Dal-75220
EM-13825,Elizabeth Moffitt,Corporate,US-Sou-Flo-Hol-33021
TB-21355,Todd Boyes,Corporate,US-Cen-Tex-Hou-77041
TP-21415,Tom Prescott,Consumer,US-Cen-Tex-Dal-75081
EB-13750,Edward Becker,Corporate,US-Eas-Ohi-Cin-45231
CS-12130,Chad Sievert,Consumer,US-Wes-Col-Eng-80112
GB-14530,George Bell,Corporate,US-Eas-Pen-Phi-19120
RB-19465,Rick Bensley,Home Office,US-Cen-Ill-Chi-60610
MO-17800,Meg O'Connel,Home Office,US-Eas-New-New-10024
AB-10060,Adam Bellavance,Home Office,US-Eas-New-Con-3301
BG-11740,Bruce Geld,Consumer,US-Wes-Cal-Los-90008
PO-18850,Patrick O'Brill,Consumer,US-Eas-Pen-Phi-19143
TP-21130,Theone Pippenger,Consumer,US-Cen-Tex-Wac-76706
PG-18820,Patrick Gardner,Consumer,US-Eas-New-New-10011
JA-15970,Joseph Airdo,Consumer,US-Cen-Mic-Det-48227
LB-16795,Laurel Beltran,Home Office,US-Wes-Cal-Hun-92646
AB-10060,Adam Bellavance,Home Office,US-Eas-New-New-10009
CV-12805,Cynthia Voltz,Corporate,US-Wes-Cal-San-94110
KD-16270,Karen Daniels,Consumer,US-Eas-New-New-10024
RD-19810,Ross DeVincentis,Home Office,US-Cen-Tex-Hou-77070
JE-15715,Joe Elijah,Consumer,US-Sou-Nor-Cha-28205
RL-19615,Rob Lucas,Consumer,US-Cen-Ill-Chi-60623
SS-20590,Sonia Sunley,Consumer,US-Cen-Wis-Mad-53711
LR-16915,Lena Radford,Consumer,US-Wes-Cal-Los-90036
TA-21385,Tom Ashbrook,Home Office,US-Cen-Ill-Chi-60653
TG-21310,Toby Gnade,Consumer,US-Wes-Was-Des-98198
BM-11140,Becky Martin,Consumer,US-Wes-Was-Des-98198
SZ-20035,Sam Zeldin,Home Office,US-Wes-Cal-San-94122
PK-18910,Paul Knutson,Home Office,US-Eas-Pen-Phi-19143
HF-14995,Herbert Flentye,Consumer,US-Eas-Mar-Bal-21215
CY-12745,Craig Yedwab,Corporate,US-Sou-Lou-Mon-71203
JJ-15445,Jennifer Jackson,Consumer,US-Cen-Wis-Wau-53186
JK-16120,Julie Kriz,Home Office,US-Cen-Ill-Aur-60505
MH-17620,Matt Hagelstein,Corporate,US-Eas-Ohi-Cin-45231
CS-11950,Carlos Soltero,Consumer,US-Cen-Ill-Chi-60610
RB-19570,Rob Beeghly,Consumer,US-Cen-Ill-Chi-60610
FM-14215,Filia McAdams,Corporate,US-Eas-Con-Mid-6457
DL-13315,Delfina Latchford,Consumer,US-Sou-Ten-Kno-37918
IM-15055,Ionia McGrath,Consumer,US-Wes-Cal-San-94122
AA-10645,Anna Andreadi,Consumer,US-Sou-Ken-Geo-40324
CV-12295,Christina VanderZanden,Consumer,US-Eas-New-New-10011
MB-18085,Mick Brown,Consumer,US-Cen-Mis-Spr-65807
RP-19855,Roy Phan,Corporate,US-Cen-Min-Woo-55125
JP-15520,Jeremy Pistek,Consumer,US-Sou-Ark-Jon-72401
BE-11455,Brad Eason,Home Office,US-Cen-Kan-Ola-66062
FW-14395,Fred Wasserman,Corporate,US-Eas-New-New-10011
DM-13015,Darrin Martin,Consumer,US-Sou-Ten-Joh-37604
ML-17395,Marina Lichtenstein,Corporate,US-Wes-Cal-San-92105
GH-14410,Gary Hansen,Home Office,US-Cen-Tex-Hou-77070
PK-19075,Pete Kriz,Consumer,US-Cen-Mic-Det-48227
JC-15340,Jasper Cacioppo,Consumer,US-Eas-Pen-Phi-19120
MV-17485,Mark Van Huff,Consumer,US-Eas-New-New-10011
MM-17920,Michael Moore,Consumer,US-Sou-Vir-Che-23320
DB-13210,Dean Braden,Consumer,US-Eas-Pen-Phi-19134
MD-17350,Maribeth Dona,Consumer,US-Eas-Ohi-Lan-43130
JH-15985,Joseph Holt,Consumer,US-Wes-Cal-Red-90278
DM-13525,Don Miller,Corporate,US-Cen-Tex-Hou-77070
TR-21325,Toby Ritter,Consumer,US-Cen-Iow-Ced-52402
PT-19090,Pete Takahito,Consumer,US-Cen-Tex-San-78207
SU-20665,Stephanie Ulpright,Home Office,US-Cen-Ill-Chi-60653
EM-13825,Elizabeth Moffitt,Corporate,US-Cen-Tex-Hou-77036
AR-10825,Anthony Rawles,Corporate,US-Cen-Tex-Aus-78745
KB-16315,Karl Braun,Consumer,US-Sou-Nor-Tho-27360
YC-21895,Yoseph Carroll,Corporate,US-Cen-Tex-Dal-75217
MO-17500,Mary O'Rourke,Consumer,US-Eas-New-New-10035
BG-11740,Bruce Geld,Consumer,US-Cen-Tex-Hou-77070
ER-13855,Elpida Rittenbach,Corporate,US-Cen-Min-Sai-55106
LP-17095,Liz Preis,Consumer,US-Wes-Cal-Vis-93277
AP-10720,Anne Pryor,Home Office,US-Eas-Mas-Mal-2148
AG-10675,Anna Gayman,Consumer,US-Cen-Tex-Hou-77036
KB-16585,Ken Black,Corporate,US-Cen-Tex-Dal-75081
TR-21325,Toby Ritter,Consumer,US-Wes-Was-Sea-98103
VM-21685,Valerie Mitchum,Home Office,US-Wes-Cal-Lan-93534
PJ-19015,Pauline Johnson,Consumer,US-Wes-Cal-San-92704
MG-17875,Michael Grace,Home Office,US-Eas-New-New-10011
SE-20110,Sanjit Engle,Consumer,US-Cen-Ill-Whe-60090
JM-15580,Jill Matthias,Consumer,US-Sou-Nor-Mon-28110
TS-21610,Troy Staebel,Consumer,US-Eas-New-New-10024
DB-12910,Daniel Byrd,Home Office,US-Cen-Tex-Dal-75220
AT-10735,Annie Thurman,Consumer,US-Wes-Cal-Sto-95207
BD-11770,Bryan Davis,Consumer,US-Wes-Was-Edm-98026
KT-16480,Kean Thornton,Consumer,US-Cen-Tex-Hou-77095
CG-12040,Catherine Glotzbach,Home Office,US-Sou-Ten-Bri-37620
DV-13465,Dianna Vittorini,Consumer,US-Wes-Cal-Los-90049
PN-18775,Parhena Norris,Home Office,US-Eas-New-New-10011
SC-20695,Steve Chapman,Corporate,US-Sou-Flo-For-33311
KC-16540,Kelly Collister,Consumer,US-Wes-Cal-San-92037
JF-15565,Jill Fjeld,Consumer,US-Sou-Vir-New-23602
EB-14110,Eugene Barchas,Consumer,US-Wes-Cal-San-95123
NZ-18565,Nick Zandusky,Home Office,US-Eas-Ohi-Tol-43615
RC-19960,Ryan Crowe,Consumer,US-Cen-Tex-Hou-77041
AS-10090,Adam Shillingsburg,Consumer,US-Cen-Ill-Chi-60653
LC-16930,Linda Cazamias,Corporate,US-Wes-Ari-Pho-85023
GD-14590,Giulietta Dortch,Corporate,US-Eas-Pen-Phi-19143
TB-21625,Trudy Brown,Consumer,US-Cen-Kan-Wic-67212
MC-17590,Matt Collister,Corporate,US-Eas-New-Uti-13501
PO-19180,Philisse Overcash,Home Office,US-Wes-Col-Lou-80027
BP-11185,Ben Peterman,Corporate,US-Wes-Col-Arv-80004
SC-20695,Steve Chapman,Corporate,US-Cen-Mic-Ros-48066
AJ-10795,Anthony Johnson,Corporate,US-Sou-Vir-Spr-22153
SF-20200,Sarah Foster,Consumer,US-Wes-Was-Sea-98103
AG-10270,Alejandro Grove,Consumer,US-Cen-Neb-Oma-68104
PN-18775,Parhena Norris,Home Office,US-Sou-Sou-Col-29203
CL-12565,Clay Ludtke,Consumer,US-Eas-New-Lon-11561
DB-13210,Dean Braden,Consumer,US-Eas-Pen-Phi-19140
RB-19570,Rob Beeghly,Consumer,US-Wes-Was-Sea-98105
JD-16150,Justin Deggeller,Corporate,US-Wes-Ida-Twi-83301
AH-10075,Adam Hart,Corporate,US-Eas-New-New-10011
KD-16495,Keith Dawkins,Corporate,US-Wes-Cal-San-95123
BC-11125,Becky Castell,Home Office,US-Wes-Cal-Lag-92677
PO-18865,Patrick O'Donnell,Consumer,US-Eas-Mas-Mar-1752
TS-21610,Troy Staebel,Consumer,US-Eas-Ohi-Spr-45503
BS-11590,Brendan Sweed,Corporate,US-Cen-Ind-Col-47201
LA-16780,Laura Armstrong,Corporate,US-Eas-Mai-Ban-4401
CC-12430,Chuck Clark,Home Office,US-Wes-Was-Red-98052
JS-15685,Jim Sink,Corporate,US-Wes-Cal-Los-90036
CS-12505,Cindy Stewart,Consumer,US-Sou-Geo-Col-31907
SJ-20125,Sanjit Jacobs,Home Office,US-Wes-Was-Sea-98103
MM-17260,Magdelene Morse,Consumer,US-Eas-New-New-10801
PO-18850,Patrick O'Brill,Consumer,US-Sou-Flo-Jac-32216
NB-18655,Nona Balk,Corporate,US-Sou-Flo-Jac-32216
HM-14980,Henry MacAllister,Consumer,US-Eas-New-New-10009
JW-15220,Jane Waco,Corporate,US-Wes-Cal-San-92105
AM-10705,Anne McFarland,Consumer,US-Sou-Ala-Aub-36830
SV-20365,Seth Vernon,Consumer,US-Eas-Ohi-Col-43229
BD-11320,Bill Donatelli,Consumer,US-Wes-Cal-Woo-95695
RH-19510,Rick Huthwaite,Home Office,US-Eas-Rho-Pro-2908
SW-20245,Scot Wooten,Consumer,US-Wes-Cal-Sto-95207
CK-12595,Clytie Kelty,Consumer,US-Eas-Rho-Pro-2908
CC-12430,Chuck Clark,Home Office,US-Wes-Cal-San-94109
EH-14125,Eugene Hildebrand,Home Office,US-Cen-Ill-Aur-60505
SD-20485,Shirley Daniels,Home Office,US-Eas-New-Ora-7050
TP-21130,Theone Pippenger,Consumer,US-Sou-Geo-Col-31907
AP-10720,Anne Pryor,Home Office,US-Eas-Pen-Phi-19140
FH-14275,Frank Hawley,Corporate,US-Wes-Cal-San-94122
GM-14695,Greg Maxwell,Corporate,US-Wes-Cal-San-94122
HA-14905,Helen Abelman,Consumer,US-Eas-New-New-10035
HJ-14875,Heather Jas,Home Office,US-Wes-Was-Sea-98105
FM-14215,Filia McAdams,Corporate,US-Sou-Nor-Gre-27405
EN-13780,Edward Nazzal,Consumer,US-Cen-Mic-Gra-49505
AC-10660,Anna Chung,Consumer,US-Cen-Ind-Law-46226
SM-20950,Suzanne McNair,Corporate,US-Wes-Col-Bro-80020
PW-19240,Pierre Wener,Consumer,US-Eas-Pen-Phi-19140
AS-10630,Ann Steele,Home Office,US-Sou-Ken-Lou-40214
NP-18685,Nora Pelletier,Home Office,US-Eas-Ohi-Par-44134
AC-10450,Amy Cox,Consumer,US-Sou-Flo-Pem-33024
SH-19975,Sally Hughsby,Corporate,US-Sou-Ten-Smy-37167
RD-19660,Robert Dilbeck,Home Office,US-Eas-Pen-Phi-19134
CS-12250,Chris Selesnick,Corporate,US-Cen-Wis-Gre-54302
SZ-20035,Sam Zeldin,Home Office,US-Eas-New-New-10035
RC-19960,Ryan Crowe,Consumer,US-Cen-Mic-Gra-49505
JS-15940,Joni Sundaresam,Home Office,US-Eas-Ohi-Lan-43130
CM-11815,Candace McMahon,Corporate,US-Wes-Was-Sea-98115
DP-13105,Dave Poirier,Corporate,US-Wes-Was-Sea-98115
KL-16555,Kelly Lampkin,Corporate,US-Eas-Ohi-Fai-45014
DV-13045,Darrin Van Huff,Corporate,US-Wes-Cal-San-92037
RA-19915,Russell Applegate,Consumer,US-Sou-Geo-Col-31907
CR-12580,Clay Rozendal,Home Office,US-Eas-New-New-10009
BP-11230,Benjamin Patterson,Consumer,US-Cen-Okl-Bro-74012
MK-17905,Michael Kennedy,Corporate,US-Cen-Ill-Roc-61107
EH-13765,Edward Hooks,Corporate,US-Wes-Cal-Los-90049
PK-19075,Pete Kriz,Consumer,US-Eas-Ohi-Col-43229
CL-12700,Craig Leslie,Home Office,US-Wes-Col-Aur-80013
EB-13750,Edward Becker,Corporate,US-Wes-Cal-San-94110
RD-19900,Ruben Dartt,Consumer,US-Cen-Ind-Blo-47401
LA-16780,Laura Armstrong,Corporate,US-Wes-Cal-Los-90004
JW-16075,Julia West,Consumer,US-Wes-Cal-San-94109
KE-16420,Katrina Edelman,Corporate,US-Wes-Ore-Tig-97224
NH-18610,Nicole Hansen,Corporate,US-Cen-Tex-Irv-75061
SC-20695,Steve Chapman,Corporate,US-Cen-Wis-La -54601
AS-10045,Aaron Smayling,Corporate,US-Wes-Cal-San-94110
TS-21505,Tony Sayre,Consumer,US-Eas-Ohi-Cle-44105
AB-10105,Adrian Barton,Consumer,US-Wes-Ari-Pho-85023
DL-12865,Dan Lawera,Consumer,US-Wes-Cal-Lon-90805
SN-20710,Steve Nguyen,Home Office,US-Wes-Was-Cov-98042
SC-20380,Shahid Collister,Consumer,US-Cen-Tex-Hou-77095
LR-17035,Lisa Ryan,Corporate,US-Cen-Tex-Hou-77041
MH-17620,Matt Hagelstein,Corporate,US-Cen-Tex-Hou-77041
CS-12175,Charles Sheldon,Corporate,US-Cen-Iow-Iow-52240
SH-19975,Sally Hughsby,Corporate,US-Wes-Cal-Hes-92345
TN-21040,Tanja Norvell,Home Office,US-Sou-Flo-Tal-32303
CM-12445,Chuck Magee,Consumer,US-Wes-Cal-Red-92374
NF-18385,Natalie Fritzler,Consumer,US-Cen-Ill-Dec-62521
DW-13585,Dorothy Wardle,Corporate,US-Wes-Cal-San-94109
JG-15160,James Galang,Consumer,US-Sou-Geo-Atl-30318
HM-14860,Harry Marie,Corporate,US-Cen-Tex-Hun-77340
SW-20455,Shaun Weien,Consumer,US-Wes-Was-Sea-98103
BM-11650,Brian Moss,Corporate,US-Eas-Ohi-Lan-43130
MM-18280,Muhammed MacIntyre,Corporate,US-Cen-Ill-Qui-62301
JK-15730,Joe Kamberova,Consumer,US-Sou-Ala-Mob-36608
PS-18760,Pamela Stobb,Consumer,US-Wes-Cal-Los-90008
CC-12100,Chad Cunningham,Home Office,US-Cen-Ind-Col-47201
ES-14080,Erin Smith,Corporate,US-Wes-Ore-Spr-97477
ML-17410,Maris LaWare,Consumer,US-Wes-Cal-Los-90008
LS-16945,Linda Southworth,Corporate,US-Eas-Pen-Phi-19140
AR-10540,Andy Reiter,Consumer,US-Wes-Cal-San-94109
DM-12955,Dario Medina,Corporate,US-Wes-Ari-Yum-85364
SJ-20215,Sarah Jordon,Consumer,US-Cen-Ill-Qui-62301
GM-14680,Greg Matthias,Consumer,US-Eas-New-New-10011
HG-15025,Hunter Glantz,Consumer,US-Cen-Tex-Ama-79109
CC-12220,Chris Cortes,Consumer,US-Cen-Ind-La -46350
JK-15205,Jamie Kunitz,Consumer,US-Sou-Flo-Hia-33012
GM-14680,Greg Matthias,Consumer,US-Eas-New-New-10024
TC-20980,Tamara Chand,Corporate,US-Cen-Ind-Laf-47905
TT-21265,Tim Taslimi,Corporate,US-Eas-New-New-10024
LP-17095,Liz Preis,Consumer,US-Wes-Ari-Pho-85023
EB-13870,Emily Burns,Consumer,US-Eas-New-New-10035
DB-12910,Daniel Byrd,Home Office,US-Wes-Cal-Lak-92630
HL-15040,Hunter Lopez,Consumer,US-Cen-Tex-Hou-77095
TP-21565,Tracy Poddar,Corporate,US-Cen-Tex-Gra-75051
DR-12940,Daniel Raglin,Home Office,US-Eas-Rho-Pro-2908
AH-10690,Anna Häberlin,Corporate,US-Sou-Flo-Cor-33134
MS-17830,Melanie Seite,Consumer,US-Eas-Mar-Bal-21215
MO-17500,Mary O'Rourke,Consumer,US-Cen-Tex-The-75056
LB-16795,Laurel Beltran,Home Office,US-Wes-Col-Pue-81001
JH-15910,Jonathan Howell,Consumer,US-Cen-Okl-Tul-74133
DL-13495,Dionis Lloyd,Corporate,US-Wes-Was-Spo-99207
CC-12475,Cindy Chapman,Consumer,US-Wes-Cal-Los-90032
MC-18100,Mick Crebagga,Consumer,US-Wes-Was-Mar-98270
AW-10930,Arthur Wiediger,Home Office,US-Eas-Pen-Phi-19143
TB-21250,Tim Brockman,Consumer,US-Wes-Cal-Los-90049
BW-11110,Bart Watters,Corporate,US-Cen-Tex-Hou-77070
PM-19135,Peter McVee,Home Office,US-Cen-Tex-San-78207
JE-15745,Joel Eaton,Consumer,US-Wes-Cal-Los-90036
DB-13615,Doug Bickford,Consumer,US-Sou-Nor-Cha-28205
MP-17965,Michael Paige,Corporate,US-Eas-Ohi-Tro-45373
MZ-17335,Maria Zettner,Home Office,US-Wes-Ari-Pho-85023
SP-20545,Sibella Parks,Corporate,US-Eas-Pen-Phi-19143
EB-13975,Erica Bern,Corporate,US-Sou-Nor-Gre-27405
WB-21850,William Brown,Consumer,US-Cen-Tex-La -77571
CC-12610,Corey Catlett,Corporate,US-Wes-Col-Den-80219
EP-13915,Emily Phan,Consumer,US-Cen-Ill-Chi-60610
LC-16885,Lena Creighton,Consumer,US-Wes-Cal-Ros-95661
HA-14920,Helen Andreada,Consumer,US-Cen-Tex-Lar-78041
BW-11110,Bart Watters,Corporate,US-Eas-New-New-10024
NC-18625,Noah Childs,Corporate,US-Wes-Col-Aur-80013
BE-11410,Bobby Elias,Consumer,US-Cen-Wis-App-54915
PW-19030,Pauline Webber,Corporate,US-Eas-New-New-10009
NC-18415,Nathan Cano,Consumer,US-Sou-Nor-Jac-28540
CP-12340,Christine Phan,Corporate,US-Wes-Was-Sea-98115
CD-12790,Cynthia Delaney,Home Office,US-Cen-Okl-Okl-73120
QJ-19255,Quincy Jones,Corporate,US-Sou-Vir-Spr-22153
PB-18805,Patrick Bzostek,Home Office,US-Wes-Uta-Sal-84106
NB-18655,Nona Balk,Corporate,US-Eas-New-New-10011
NR-18550,Nick Radford,Consumer,US-Eas-New-Per-8861
NK-18490,Neil Knudson,Home Office,US-Wes-Cal-San-94122
FC-14245,Frank Carlisle,Home Office,US-Cen-Mis-Col-65203
MG-17890,Michael Granlund,Home Office,US-Wes-Cal-Fre-93727
EP-13915,Emily Phan,Consumer,US-Wes-Ari-Tem-85281
CM-12445,Chuck Magee,Consumer,US-Cen-Tex-Hou-77095
LC-16960,Lindsay Castell,Home Office,US-Sou-Vir-Arl-22204
JS-16030,Joy Smith,Consumer,US-Cen-Mic-Tre-48183
MY-18295,Muhammed Yedwab,Corporate,US-Wes-Cal-El -92020
LF-17185,Luke Foster,Consumer,US-Eas-Ohi-New-43055
AG-10495,Andrew Gjertsen,Corporate,US-Wes-Cal-Los-90049
MY-18295,Muhammed Yedwab,Corporate,US-Eas-Del-New-19711
SV-20935,Susan Vittorini,Consumer,US-Eas-Ohi-Col-43229
VW-21775,Victoria Wilson,Corporate,US-Eas-Ohi-Lak-44107
JE-15745,Joel Eaton,Consumer,US-Wes-Cal-San-92037
CM-12160,Charles McCrossin,Consumer,US-Eas-Mar-Bal-21215
AP-10720,Anne Pryor,Home Office,US-Sou-Flo-For-33311
MK-17905,Michael Kennedy,Corporate,US-Eas-Con-Man-6040
GW-14605,Giulietta Weimer,Consumer,US-Sou-Ten-Jac-38301
DP-13390,Dennis Pardue,Home Office,US-Wes-Nev-Nor-89031
NM-18520,Neoma Murray,Consumer,US-Wes-Cal-Riv-92503
CS-11950,Carlos Soltero,Consumer,US-Wes-Cal-Los-90045
JF-15565,Jill Fjeld,Consumer,US-Cen-Tex-San-78207
MS-17530,MaryBeth Skach,Consumer,US-Wes-Was-Sea-98105
EB-13930,Eric Barreto,Consumer,US-Sou-Vir-Ric-23223
PM-19135,Peter McVee,Home Office,US-Cen-Mic-Det-48227
HK-14890,Heather Kirkland,Corporate,US-Cen-Ill-Chi-60610
AB-10255,Alejandro Ballentine,Home Office,US-Wes-Was-Sea-98103
VW-21775,Victoria Wilson,Corporate,US-Wes-Cal-Los-90032
CG-12040,Catherine Glotzbach,Home Office,US-Sou-Ten-Leb-37087
JP-15460,Jennifer Patt,Corporate,US-Cen-Tex-Hou-77041
SS-20590,Sonia Sunley,Consumer,US-Wes-Cal-San-94109
ED-13885,Emily Ducich,Home Office,US-Wes-Cal-San-94110
JS-15595,Jill Stevenson,Corporate,US-Sou-Flo-Mia-33180
BW-11200,Ben Wallace,Consumer,US-Eas-New-New-10011
JE-15475,Jeremy Ellison,Consumer,US-Eas-New-Tro-12180
BP-11095,Bart Pistole,Corporate,US-Wes-Cal-San-94122
BW-11200,Ben Wallace,Consumer,US-Sou-Vir-Ham-23666
PA-19060,Pete Armstrong,Home Office,US-Wes-Cal-San-94122
JD-15895,Jonathan Doherty,Corporate,US-Eas-New-Bel-7109
JH-15910,Jonathan Howell,Consumer,US-Wes-Cal-Los-90032
EP-13915,Emily Phan,Consumer,US-Sou-Flo-Tam-33614
PG-18820,Patrick Gardner,Consumer,US-Sou-Flo-Boy-33437
AS-10285,Alejandro Savely,Corporate,US-Wes-Cal-San-94109
SM-20950,Suzanne McNair,Corporate,US-Sou-Nor-Gre-27834
DL-13330,Denise Leinenbach,Consumer,US-Eas-New-New-10009
VB-21745,Victoria Brennan,Corporate,US-Eas-New-Roc-14609
KW-16435,Katrina Willman,Consumer,US-Cen-Mic-Lan-48911
LH-17155,Logan Haushalter,Consumer,US-Wes-Cal-Los-90008
JM-15655,Jim Mitchum,Corporate,US-Eas-New-Bri-8302
EH-13765,Edward Hooks,Corporate,US-Eas-New-New-10011
JF-15295,Jason Fortune-,Consumer,US-Cen-Mic-Ste-48310
SP-20920,Susan Pistek,Consumer,US-Wes-Cal-San-93405
SF-20965,Sylvia Foulston,Corporate,US-Wes-Cal-San-94109
HW-14935,Helen Wasserman,Corporate,US-Cen-Okl-Tul-74133
JD-15895,Jonathan Doherty,Corporate,US-Wes-Cal-Los-90045
BD-11320,Bill Donatelli,Consumer,US-Eas-Pen-Phi-19143
FO-14305,Frank Olsen,Consumer,US-Sou-Flo-Hol-33021
KM-16375,Katherine Murray,Home Office,US-Sou-Vir-Sal-24153
CS-12490,Cindy Schnelling,Corporate,US-Cen-Tex-Con-77301
XP-21865,Xylona Preis,Consumer,US-Cen-Ill-Chi-60610
XP-21865,Xylona Preis,Consumer,US-Wes-Cal-Los-90049
CL-12565,Clay Ludtke,Consumer,US-Cen-Iow-Urb-50322
PJ-18835,Patrick Jones,Corporate,US-Cen-Tex-Dal-75217
SF-20200,Sarah Foster,Consumer,US-Wes-Was-Mar-98270
AP-10915,Arthur Prichep,Consumer,US-Sou-Ken-Hen-42420
PF-19225,Phillip Flathmann,Consumer,US-Wes-Cal-Los-90032
JP-16135,Julie Prescott,Home Office,US-Eas-Pen-Phi-19120
NW-18400,Natalie Webber,Consumer,US-Wes-Ore-Por-97206
CC-12475,Cindy Chapman,Consumer,US-Wes-Cal-San-92037
TP-21565,Tracy Poddar,Corporate,US-Wes-Ore-Eug-97405
RC-19825,Roy Collins,Consumer,US-Sou-Ken-Lou-40214
AS-10285,Alejandro Savely,Corporate,US-Wes-Was-Sea-98103
CW-11905,Carl Weiss,Home Office,US-Wes-Cal-Los-90004
MF-17665,Maureen Fritzler,Corporate,US-Sou-Flo-Mia-33180
SM-20005,Sally Matthias,Consumer,US-Cen-Tex-Hou-77041
TT-21220,Thomas Thornton,Consumer,US-Wes-Cal-Chu-91911
LH-17020,Lisa Hazard,Consumer,US-Wes-Cal-San-94122
ER-13855,Elpida Rittenbach,Corporate,US-Sou-Nor-Cha-28205
JH-15985,Joseph Holt,Consumer,US-Wes-Cal-San-94109
EP-13915,Emily Phan,Consumer,US-Cen-Tex-Hou-77036
LW-17125,Liz Willingham,Consumer,US-Sou-Vir-Vir-23464
LH-17155,Logan Haushalter,Consumer,US-Wes-Cal-San-95123
AS-10285,Alejandro Savely,Corporate,US-Eas-Pen-Phi-19134
CS-12400,Christopher Schild,Home Office,US-Wes-Cal-San-95123
MA-17995,Michelle Arnett,Home Office,US-Cen-Ind-Law-46226
EB-14170,Evan Bailliet,Consumer,US-Cen-Tex-Lar-78041
NP-18700,Nora Preis,Consumer,US-Wes-Was-Sea-98105
KL-16555,Kelly Lampkin,Corporate,US-Sou-Flo-Jac-32216
IM-15070,Irene Maddox,Consumer,US-Wes-Cal-San-92105
LS-16975,Lindsay Shagiari,Home Office,US-Wes-Cal-Los-90004
MA-17995,Michelle Arnett,Home Office,US-Wes-Wyo-Che-82001
CB-12535,Claudia Bergmann,Corporate,US-Wes-Cal-San-94110
LW-17215,Luke Weiss,Consumer,US-Eas-New-Roc-14609
MJ-17740,Max Jones,Consumer,US-Wes-Was-Sea-98115
MC-17845,Michael Chen,Consumer,US-Cen-Tex-Dal-75220
DM-13345,Denise Monton,Corporate,US-Eas-Ohi-New-43055
LD-17005,Lisa DeCherney,Consumer,US-Wes-Cal-San-94122
EM-14095,Eudokia Martin,Corporate,US-Wes-Cal-Los-90036
CC-12475,Cindy Chapman,Consumer,US-Eas-New-Lak-8701
PS-19045,Penelope Sewall,Home Office,US-Wes-Cal-Oce-92054
ML-17395,Marina Lichtenstein,Corporate,US-Wes-Cal-San-94122
CG-12520,Claire Gute,Consumer,US-Sou-Ken-Hen-42420
PF-19165,Philip Fox,Consumer,US-Wes-Cal-Oak-94601
CC-12430,Chuck Clark,Home Office,US-Wes-Cal-San-94122
PP-18955,Paul Prost,Home Office,US-Eas-Ohi-Spr-45503
SW-20275,Scott Williamson,Consumer,US-Eas-New-New-10009
DC-13285,Debra Catini,Consumer,US-Sou-Geo-War-31088
SH-19975,Sally Hughsby,Corporate,US-Eas-New-New-10011
AB-10015,Aaron Bergman,Consumer,US-Cen-Okl-Okl-73120
BF-11170,Ben Ferrer,Home Office,US-Wes-Cal-Sac-95823
AF-10885,Art Foster,Consumer,US-Eas-Ohi-Tol-43615
RO-19780,Rose O'Brian,Consumer,US-Wes-Cal-San-94110
MS-17770,Maxwell Schwartz,Consumer,US-Cen-Tex-Hou-77036
KM-16225,Kalyca Meade,Corporate,US-Cen-Mis-Spr-65807
PC-18745,Pamela Coakley,Corporate,US-Wes-Cal-San-94122
SV-20365,Seth Vernon,Consumer,US-Eas-Ohi-Tro-45373
LB-16795,Laurel Beltran,Home Office,US-Sou-Flo-Apo-32712
BD-11770,Bryan Davis,Consumer,US-Eas-New-New-10011
AS-10285,Alejandro Savely,Corporate,US-Cen-Ind-Nob-46060
EB-13750,Edward Becker,Corporate,US-Eas-New-New-10011
LP-17080,Liz Pelletier,Consumer,US-Wes-Cal-San-94110
BB-11545,Brenda Bowman,Corporate,US-Cen-Ill-Chi-60623
SC-20845,Sung Chung,Consumer,US-Cen-Ill-Arl-60004
LD-17005,Lisa DeCherney,Consumer,US-Cen-Mic-Det-48234
BK-11260,Berenike Kampe,Consumer,US-Wes-Cal-San-94110
MS-17710,Maurice Satty,Consumer,US-Wes-Ari-Mes-85204
SP-20920,Susan Pistek,Consumer,US-Eas-Ohi-Par-44134
FH-14275,Frank Hawley,Corporate,US-Cen-Ind-La -46350
SP-20650,Stephanie Phelps,Corporate,US-Cen-Ill-Chi-60623
DW-13480,Dianna Wilson,Home Office,US-Wes-Cal-San-92024
CK-12760,Cyma Kinney,Corporate,US-Eas-New-New-10011
CC-12430,Chuck Clark,Home Office,US-Eas-Pen-Phi-19143
LB-16795,Laurel Beltran,Home Office,US-Cen-Ill-Hig-60035
CS-12505,Cindy Stewart,Consumer,US-Sou-Nor-Tho-27360
PO-19180,Philisse Overcash,Home Office,US-Wes-Was-Sea-98103
FM-14290,Frank Merwin,Home Office,US-Wes-Was-Van-98661
AS-10135,Adrian Shami,Home Office,US-Wes-Was-Aub-98002
CM-12655,Corinna Mitchell,Home Office,US-Eas-New-New-10011
TS-21430,Tom Stivers,Corporate,US-Cen-Okl-Okl-73120
DP-13000,Darren Powers,Consumer,US-Eas-New-New-10035
JM-16195,Justin MacKendrick,Consumer,US-Eas-Del-New-19711
RC-19960,Ryan Crowe,Consumer,US-Eas-Mar-Bal-21215
AA-10375,Allen Armold,Consumer,US-Sou-Geo-Atl-30318
MB-17305,Maria Bertelson,Consumer,US-Eas-New-New-10009
EB-14110,Eugene Barchas,Consumer,US-Eas-Pen-Phi-19134
RR-19315,Ralph Ritter,Consumer,US-Wes-Cal-San-94110
KC-16540,Kelly Collister,Consumer,US-Cen-Tex-Hou-77041
AH-10690,Anna Häberlin,Corporate,US-Wes-Cal-San-92024
ON-18715,Odella Nelson,Corporate,US-Sou-Nor-Bur-27217
TG-21310,Toby Gnade,Consumer,US-Wes-Cal-Los-90049
SC-20770,Stewart Carmichael,Corporate,US-Wes-Cal-Los-90008
RD-19900,Ruben Dartt,Consumer,US-Wes-New-Car-88220
IM-15055,Ionia McGrath,Consumer,US-Wes-Cal-Ros-95661
HJ-14875,Heather Jas,Home Office,US-Wes-Cal-San-94122
BG-11035,Barry Gonzalez,Consumer,US-Cen-Tex-The-75056
MS-17365,Maribeth Schnelling,Consumer,US-Wes-New-Car-88220
BE-11410,Bobby Elias,Consumer,US-Wes-Cal-Con-94521
SB-20290,Sean Braxton,Corporate,US-Eas-Ohi-Ken-44240
KC-16255,Karen Carlisle,Corporate,US-Sou-Ala-Hun-35810
SN-20710,Steve Nguyen,Home Office,US-Cen-Tex-Pas-77506
AW-10930,Arthur Wiediger,Home Office,US-Cen-Okl-Okl-73120
AJ-10945,Ashley Jarboe,Consumer,US-Cen-Mic-Tay-48180
TC-21535,Tracy Collins,Home Office,US-Wes-Cal-Los-90008
PG-18820,Patrick Gardner,Consumer,US-Wes-Cal-San-92105
EH-13945,Eric Hoffmann,Consumer,US-Cen-Tex-Hou-77041
NP-18685,Nora Pelletier,Home Office,US-Eas-New-Nia-14304
JM-15265,Janet Molinari,Corporate,US-Wes-Was-Sea-98115
DJ-13630,Doug Jacobs,Consumer,US-Eas-New-New-10024
TT-21265,Tim Taslimi,Corporate,US-Cen-Ind-Ind-46203
ND-18370,Natalie DeCherney,Consumer,US-Eas-New-Lon-11561
LT-17110,Liz Thompson,Consumer,US-Sou-Nor-Jac-28540
MC-17605,Matt Connell,Corporate,US-Wes-Cal-Los-90004
NP-18670,Nora Paige,Consumer,US-Cen-Okl-Edm-73034
AG-10390,Allen Goldenen,Consumer,US-Eas-Ohi-Cin-45231
EH-13990,Erica Hackney,Consumer,US-Cen-Tex-Hou-77041
NZ-18565,Nick Zandusky,Home Office,US-Eas-Ohi-Col-43229
SJ-20500,Shirley Jackson,Consumer,US-Eas-Del-New-19711
FA-14230,Frank Atkinson,Corporate,US-Sou-Flo-Orl-32839
BM-11575,Brendan Murry,Corporate,US-Wes-Cal-Mon-90640
BF-10975,Barbara Fisher,Corporate,US-Cen-Ind-Col-47201
DW-13195,David Wiener,Corporate,US-Cen-Tex-Hou-77095
JH-16180,Justin Hirsh,Consumer,US-Wes-Ore-Gre-97030
DM-13345,Denise Monton,Corporate,US-Cen-Iow-Des-50315
RD-19720,Roger Demir,Consumer,US-Cen-Ill-Chi-60610
JK-16120,Julie Kriz,Home Office,US-Eas-New-New-10009
MV-18190,Mike Vittorini,Consumer,US-Eas-New-New-10035
TH-21235,Tiffany House,Corporate,US-Wes-Cal-Los-90049
TB-21355,Todd Boyes,Corporate,US-Eas-New-New-10009
CA-12055,Cathy Armstrong,Home Office,US-Eas-New-New-10009
RD-19585,Rob Dowd,Consumer,US-Cen-Mic-Det-48205
JE-15475,Jeremy Ellison,Consumer,US-Cen-Tex-Hou-77095
LS-17200,Luke Schmidt,Corporate,US-Eas-Pen-Phi-19140
SP-20860,Sung Pak,Corporate,US-Wes-Cal-Los-90036
NS-18505,Neola Schneider,Consumer,US-Cen-Tex-Dal-75217
CD-11980,Carol Darley,Consumer,US-Wes-Ore-Med-97504
SC-20680,Steve Carroll,Home Office,US-Wes-Was-Sea-98105
SC-20050,Sample Company A,Home Office,US-Sou-Flo-Hia-33012
GA-14515,George Ashbrook,Consumer,US-Cen-Tex-Dal-75081
CA-12055,Cathy Armstrong,Home Office,US-Eas-Ohi-Cle-44105
NC-18340,Nat Carroll,Consumer,US-Eas-New-New-10035
LA-16780,Laura Armstrong,Corporate,US-Eas-Mar-Bal-21215
AT-10435,Alyssa Tate,Home Office,US-Wes-Cal-Los-90045
CR-12580,Clay Rozendal,Home Office,US-Wes-Was-Bel-98006
AC-10450,Amy Cox,Consumer,US-Wes-Was-Sea-98105
MG-17650,Matthew Grinstein,Home Office,US-Eas-Pen-Phi-19143
MH-17455,Mark Hamilton,Consumer,US-Wes-Cal-Los-90032
BP-11050,Barry Pond,Corporate,US-Eas-New-Pla-7060
EP-13915,Emily Phan,Consumer,US-Sou-Ark-Jon-72401
HJ-14875,Heather Jas,Home Office,US-Sou-Flo-Jac-32216
BB-11545,Brenda Bowman,Corporate,US-Cen-Mic-Jac-49201
CS-12505,Cindy Stewart,Consumer,US-Eas-Ohi-Lan-43130
JK-15370,Jay Kimmel,Consumer,US-Sou-Ala-Hun-35810
MS-17365,Maribeth Schnelling,Consumer,US-Wes-Cal-Los-90045
EH-13945,Eric Hoffmann,Consumer,US-Eas-Pen-Phi-19120
CD-12790,Cynthia Delaney,Home Office,US-Eas-Con-She-6484
TC-20980,Tamara Chand,Corporate,US-Wes-Was-Sea-98105
MC-17425,Mark Cousins,Corporate,US-Sou-Ala-Mob-36608
DK-13225,Dean Katz,Corporate,US-Eas-New-New-10011
GA-14515,George Ashbrook,Consumer,US-Cen-Tex-El -79907
PA-19060,Pete Armstrong,Home Office,US-Sou-Flo-Mia-33142
CT-11995,Carol Triggs,Consumer,US-Eas-Pen-Phi-19134
RW-19630,Rob Williams,Corporate,US-Cen-Kan-Ove-66212
HF-14995,Herbert Flentye,Consumer,US-Sou-Flo-For-33311
CB-12025,Cassandra Brandow,Consumer,US-Eas-New-Eas-7017
PC-18745,Pamela Coakley,Corporate,US-Eas-New-Wes-7090
VB-21745,Victoria Brennan,Corporate,US-Cen-Mic-Lin-48146
CM-12235,Chris McAfee,Consumer,US-Wes-Ari-Pho-85023
GG-14650,Greg Guthrie,Corporate,US-Cen-Ill-Chi-60623
CC-12670,Craig Carreira,Consumer,US-Wes-Ari-Sco-85254
RF-19345,Randy Ferguson,Corporate,US-Sou-Geo-Mar-30062
DS-13180,David Smith,Corporate,US-Eas-Pen-Phi-19140
SK-19990,Sally Knutson,Consumer,US-Eas-Con-Fai-6824
AJ-10780,Anthony Jacobs,Corporate,US-Sou-Flo-Pal-32137
DR-12940,Daniel Raglin,Home Office,US-Cen-Ill-Aur-60505
NC-18535,Nick Crebassa,Corporate,US-Cen-Tex-Dal-75217
BS-11755,Bruce Stewart,Consumer,US-Cen-Mic-Det-48227
DB-13210,Dean Braden,Consumer,US-Sou-Nor-Hic-28601
LB-16795,Laurel Beltran,Home Office,US-Wes-Cal-Oxn-93030
GZ-14470,Gary Zandusky,Consumer,US-Cen-Min-Roc-55901
FH-14365,Fred Hopkins,Corporate,US-Wes-Cal-Los-90004
CL-11890,Carl Ludwig,Consumer,US-Wes-Cal-San-94122
RD-19480,Rick Duston,Consumer,US-Cen-Ind-Ric-47374
SJ-20500,Shirley Jackson,Consumer,US-Eas-Con-Fai-6824
JE-15745,Joel Eaton,Consumer,US-Eas-Mar-Roc-20852
EJ-14155,Eva Jacobs,Consumer,US-Eas-Mas-Fra-2038
AG-10390,Allen Goldenen,Consumer,US-Sou-Ten-Kno-37918
JM-15865,John Murray,Consumer,US-Cen-Tex-San-76903
MV-18190,Mike Vittorini,Consumer,US-Sou-Nor-Ral-27604
JD-15895,Jonathan Doherty,Corporate,US-Sou-Vir-Ric-23223
PW-19030,Pauline Webber,Corporate,US-Cen-Iow-Mar-52302
MY-18295,Muhammed Yedwab,Corporate,US-Cen-Tex-Hou-77036
DB-13270,Deborah Brumfield,Home Office,US-Eas-Rho-Pro-2908
MK-18160,Mike Kennedy,Consumer,US-Wes-Cal-San-94122
AS-10225,Alan Schoenberger,Corporate,US-Wes-Col-Lon-80501
JF-15190,Jamie Frazer,Consumer,US-Eas-New-New-10024
CJ-12010,Caroline Jumper,Consumer,US-Eas-Pen-Phi-19134
NM-18520,Neoma Murray,Consumer,US-Wes-Cal-Los-90045
EG-13900,Emily Grady,Consumer,US-Eas-New-Oce-11572
MM-17920,Michael Moore,Consumer,US-Cen-Ind-Ric-47374
RD-19720,Roger Demir,Consumer,US-Wes-Cal-Mor-95037
GM-14440,Gary McGarr,Consumer,US-Wes-Cal-Los-90049
BM-11140,Becky Martin,Consumer,US-Eas-New-New-10024
KT-16465,Kean Takahito,Consumer,US-Wes-Cal-San-94109
EB-13840,Ellis Ballard,Corporate,US-Eas-New-New-10035
LM-17065,Liz MacKendrick,Consumer,US-Eas-New-Aub-13021
AG-10300,Aleksandra Gannaway,Corporate,US-Eas-Mas-Fra-2038
JE-16165,Justin Ellison,Corporate,US-Cen-Wis-Fra-53132
MP-18175,Mike Pelletier,Home Office,US-Cen-Ill-Chi-60623
HE-14800,Harold Engle,Corporate,US-Eas-Del-New-19711
RF-19345,Randy Ferguson,Corporate,US-Cen-Ill-Chi-60610
TP-21130,Theone Pippenger,Consumer,US-Sou-Ken-Geo-40324
TC-21475,Tony Chapman,Home Office,US-Eas-Dis-Was-20016
IM-15070,Irene Maddox,Consumer,US-Wes-Was-Sea-98103
JG-15160,James Galang,Consumer,US-Sou-Ken-Mur-42071
AP-10720,Anne Pryor,Home Office,US-Wes-Cal-Los-90032
GT-14710,Greg Tran,Consumer,US-Wes-Was-Sea-98105
DP-13105,Dave Poirier,Corporate,US-Eas-New-Hem-11550
GG-14650,Greg Guthrie,Corporate,US-Wes-Cal-Ant-94509
DB-13615,Doug Bickford,Consumer,US-Wes-Cal-San-94110
GH-14485,Gene Hale,Corporate,US-Cen-Tex-Ric-75080
SP-20620,Stefania Perrino,Corporate,US-Wes-Cal-San-94110
JP-16135,Julie Prescott,Home Office,US-Eas-Ohi-Col-43229
LH-16900,Lena Hernandez,Consumer,US-Sou-Nor-Gre-27834
AG-10900,Arthur Gainer,Consumer,US-Cen-Wis-Eau-54703
JB-16045,Julia Barnett,Home Office,US-Eas-Ohi-Col-43229
QJ-19255,Quincy Jones,Corporate,US-Cen-Min-Sai-55106
RW-19630,Rob Williams,Corporate,US-Cen-Ill-Chi-60610
KB-16585,Ken Black,Corporate,US-Cen-Neb-Fre-68025
SP-20650,Stephanie Phelps,Corporate,US-Wes-Cal-Sto-95207
FM-14380,Fred McMath,Consumer,US-Eas-Mas-Law-1841
LH-17155,Logan Haushalter,Consumer,US-Cen-Mic-Jac-49201
GB-14530,George Bell,Corporate,US-Cen-Tex-For-76106
DK-12835,Damala Kotsonis,Corporate,US-Sou-Ten-Fra-37064
EB-13870,Emily Burns,Consumer,US-Sou-Ten-Fra-37064
PM-18940,Paul MacIntyre,Consumer,US-Sou-Vir-Spr-22153
AP-10915,Arthur Prichep,Consumer,US-Wes-Was-Sea-98105
CM-12235,Chris McAfee,Consumer,US-Eas-New-Wat-13601
SL-20155,Sara Luxemburg,Home Office,US-Eas-New-New-10024
LH-17155,Logan Haushalter,Consumer,US-Wes-Cal-San-94109
MH-17455,Mark Hamilton,Consumer,US-Cen-Ind-Gre-46142
SJ-20125,Sanjit Jacobs,Home Office,US-Wes-Cal-Lon-90805
DL-13315,Delfina Latchford,Consumer,US-Eas-New-New-10024
SC-20695,Steve Chapman,Corporate,US-Eas-Ohi-Spr-45503
JM-15265,Janet Molinari,Corporate,US-Eas-New-New-10024
WB-21850,William Brown,Consumer,US-Wes-Cal-Ana-92804
NS-18640,Noel Staavos,Corporate,US-Eas-Ohi-Col-43229
FM-14380,Fred McMath,Consumer,US-Wes-Col-Aur-80013
AR-10825,Anthony Rawles,Corporate,US-Wes-Was-Van-98661
CA-12775,Cynthia Arntzen,Consumer,US-Sou-Ten-Smy-37167
LR-16915,Lena Radford,Consumer,US-Sou-Flo-Hom-33030
DB-13270,Deborah Brumfield,Home Office,US-Wes-Ore-Por-97206
MG-17650,Matthew Grinstein,Home Office,US-Cen-Mic-Jac-49201
RF-19840,Roy Französisch,Consumer,US-Wes-Cal-Pas-91104
EC-14050,Erin Creighton,Consumer,US-Sou-Geo-Col-31907
NS-18640,Noel Staavos,Corporate,US-Eas-New-New-10009
JM-15655,Jim Mitchum,Corporate,US-Eas-Ohi-Lor-44052
JC-15340,Jasper Cacioppo,Consumer,US-Wes-Cal-Riv-92503
RW-19630,Rob Williams,Corporate,US-Wes-Cal-Tor-90503
KH-16630,Ken Heidel,Corporate,US-Cen-Okl-Nor-73071
DS-13180,David Smith,Corporate,US-Wes-Cal-San-92037
PK-19075,Pete Kriz,Consumer,US-Eas-New-New-10011
MP-18175,Mike Pelletier,Home Office,US-Wes-Ore-Spr-97477
MP-17965,Michael Paige,Corporate,US-Cen-Mic-Det-48205
TC-21475,Tony Chapman,Home Office,US-Sou-Ark-Fay-72701
SH-20395,Shahid Hopkins,Consumer,US-Eas-Ohi-Cuy-44221
BP-11230,Benjamin Patterson,Consumer,US-Wes-Cal-Los-90004
PK-19075,Pete Kriz,Consumer,US-Wes-Cal-App-92307
SF-20065,Sandra Flanagan,Consumer,US-Sou-Nor-Gol-27534
CC-12670,Craig Carreira,Consumer,US-Cen-Ill-Chi-60610
KD-16495,Keith Dawkins,Corporate,US-Eas-New-New-10009
TN-21040,Tanja Norvell,Home Office,US-Wes-Cal-San-92024
SC-20680,Steve Carroll,Home Office,US-Wes-Was-Sea-98115
CM-12160,Charles McCrossin,Consumer,US-Wes-Cal-San-94122
NS-18640,Noel Staavos,Corporate,US-Wes-New-Car-88220
AH-10075,Adam Hart,Corporate,US-Cen-Tex-Arl-76017
AB-10105,Adrian Barton,Consumer,US-Cen-Mic-Det-48205
JE-15475,Jeremy Ellison,Consumer,US-Wes-Cal-San-92037
JD-16150,Justin Deggeller,Corporate,US-Cen-Min-Min-55407
AH-10120,Adrian Hane,Home Office,US-Wes-Ore-Sal-97301
AH-10195,Alan Haines,Corporate,US-Sou-Flo-Tam-33319
AY-10555,Andy Yotov,Corporate,US-Wes-Cal-San-94110
PN-18775,Parhena Norris,Home Office,US-Cen-Neb-Oma-68104
HG-14965,Henry Goldwyn,Corporate,US-Wes-Cal-Los-90032
GK-14620,Grace Kelly,Corporate,US-Eas-New-Mor-7960
MH-17440,Mark Haberlin,Corporate,US-Eas-New-New-10035
CL-12565,Clay Ludtke,Consumer,US-Eas-Pen-Rea-19601
SC-20800,Stuart Calhoun,Consumer,US-Sou-Mis-Jac-39212
MC-17575,Matt Collins,Consumer,US-Cen-Neb-Fre-68025
AB-10255,Alejandro Ballentine,Home Office,US-Sou-Mis-Jac-39212
ED-13885,Emily Ducich,Home Office,US-Wes-Was-Sea-98115
DN-13690,Duane Noonan,Consumer,US-Wes-Cal-Mor-92553
SA-20830,Sue Ann Reed,Consumer,US-Wes-Ore-Red-97756
LC-16885,Lena Creighton,Consumer,US-Eas-New-New-10035
LC-17140,Logan Currie,Consumer,US-Sou-Vir-Spr-22153
LA-16780,Laura Armstrong,Corporate,US-Cen-Tex-Hou-77041
EH-13765,Edward Hooks,Corporate,US-Wes-Was-Sea-98103
BP-11185,Ben Peterman,Corporate,US-Cen-Ill-Chi-60623
MC-17590,Matt Collister,Corporate,US-Cen-Mic-Gra-49505
FM-14290,Frank Merwin,Home Office,US-Eas-Pen-Phi-19143
CA-11965,Carol Adams,Corporate,US-Eas-Rho-War-2886
NM-18520,Neoma Murray,Consumer,US-Eas-Ohi-Bow-43402
RB-19795,Ross Baird,Home Office,US-Sou-Nor-Cha-28205
SC-20305,Sean Christensen,Consumer,US-Wes-Cal-San-95123
BV-11245,Benjamin Venier,Corporate,US-Wes-Was-Sea-98103
LW-16825,Laurel Workman,Corporate,US-Wes-Ari-Pho-85023
TS-21655,Trudy Schmidt,Consumer,US-Sou-Ark-Fay-72701
JE-15715,Joe Elijah,Consumer,US-Wes-Was-Sea-98115
BD-11620,Brian DeCherney,Consumer,US-Eas-New-New-10035
DB-12970,Darren Budd,Corporate,US-Eas-New-New-10024
SS-20140,Saphhira Shifley,Corporate,US-Eas-New-Nas-3060
JE-15715,Joe Elijah,Consumer,US-Eas-New-New-10009
BB-11545,Brenda Bowman,Corporate,US-Eas-New-Vin-8360
AR-10510,Andrew Roberts,Consumer,US-Eas-New-New-10024
RC-19825,Roy Collins,Consumer,US-Wes-Col-Col-80906
AJ-10795,Anthony Johnson,Corporate,US-Eas-New-New-10024
FP-14320,Frank Preis,Consumer,US-Wes-Was-Sea-98105
SH-19975,Sally Hughsby,Corporate,US-Wes-Col-Den-80219
RD-19810,Ross DeVincentis,Home Office,US-Eas-Ohi-Akr-44312
JW-15955,Joni Wasserman,Consumer,US-Sou-Ken-Lou-40214
EM-14140,Eugene Moren,Home Office,US-Wes-Cal-San-92704
MT-17815,Meg Tillman,Consumer,US-Cen-Tex-Por-77642
BG-11695,Brooke Gillingham,Corporate,US-Cen-Ill-Woo-60098
MW-18220,Mitch Webber,Consumer,US-Eas-Ohi-Lan-43130
MH-17290,Marc Harrigan,Home Office,US-Sou-Flo-Mia-33178
FO-14305,Frank Olsen,Consumer,US-Wes-Cal-Sac-95823
KA-16525,Kelly Andreada,Consumer,US-Cen-Ill-Aur-60505
PF-19225,Phillip Flathmann,Consumer,US-Wes-Cal-Los-90045
CD-11920,Carlos Daly,Consumer,US-Cen-Kan-Wic-67212
KL-16645,Ken Lonsdale,Consumer,US-Wes-Ore-Spr-97477
MP-17965,Michael Paige,Corporate,US-Sou-Ten-Bri-37620
TB-21595,Troy Blackwell,Consumer,US-Cen-Wis-Mil-53209
KD-16495,Keith Dawkins,Corporate,US-Cen-Tex-Dee-77536
JP-16135,Julie Prescott,Home Office,US-Wes-Cal-Los-90032
BD-11605,Brian Dahlen,Consumer,US-Eas-Pen-Lan-17602
CJ-11875,Carl Jackson,Corporate,US-Eas-Pen-Phi-19140
EH-14185,Evan Henry,Consumer,US-Sou-Flo-Wes-33407
KL-16555,Kelly Lampkin,Corporate,US-Wes-Nev-Ren-89502
DB-13660,Duane Benoit,Consumer,US-Eas-Ohi-Lan-43130
EP-13915,Emily Phan,Consumer,US-Sou-Flo-Jac-32216
BD-11620,Brian DeCherney,Consumer,US-Wes-Cal-Ana-92804
BP-11155,Becky Pak,Consumer,US-Wes-Cal-San-94109
DP-13390,Dennis Pardue,Home Office,US-Cen-Wis-Fra-53132
GA-14725,Guy Armstrong,Consumer,US-Eas-Ohi-Lor-44052
SC-20725,Steven Cartwright,Consumer,US-Wes-Cal-Los-90036
JM-15250,Janet Martin,Consumer,US-Cen-Tex-Hun-77340
TS-21655,Trudy Schmidt,Consumer,US-Cen-Tex-El -79907
FW-14395,Fred Wasserman,Corporate,US-Wes-Cal-Los-90032
AS-10045,Aaron Smayling,Corporate,US-Sou-Nor-Jac-28540
DL-13315,Delfina Latchford,Consumer,US-Wes-Cal-Ran-91730
CM-12385,Christopher Martinez,Consumer,US-Wes-Cal-San-94110
DP-13390,Dennis Pardue,Home Office,US-Sou-Ala-Tus-35401
JF-15190,Jamie Frazer,Consumer,US-Wes-Cal-Lon-90805
TS-21085,Thais Sissman,Consumer,US-Sou-Flo-Orm-32174
BW-11110,Bart Watters,Corporate,US-Cen-Mic-Det-48205
RS-19420,Ricardo Sperren,Corporate,US-Wes-Was-Sea-98115
BP-11290,Beth Paige,Consumer,US-Eas-Pen-Phi-19140
DA-13450,Dianna Arnett,Home Office,US-Eas-Dis-Was-20016
LS-16945,Linda Southworth,Corporate,US-Wes-Cal-San-94110
DB-13120,David Bremer,Corporate,US-Cen-Tex-Dal-75217
CP-12085,Cathy Prescott,Corporate,US-Cen-Mis-Spr-65807
RB-19570,Rob Beeghly,Consumer,US-Sou-Nor-Jac-28540
HR-14770,Hallie Redmond,Home Office,US-Cen-Ind-Ric-47374
BH-11710,Brosina Hoffman,Consumer,US-Sou-Ten-Joh-37604
SO-20335,Sean O'Donnell,Consumer,US-Wes-Cal-Los-90036
TP-21565,Tracy Poddar,Corporate,US-Wes-Col-Aur-80013
SC-20095,Sanjit Chand,Consumer,US-Eas-Mas-Qui-2169
RW-19690,Robert Waldorf,Consumer,US-Eas-Pen-Phi-19134
TB-21250,Tim Brockman,Consumer,US-Cen-Tex-Aus-78745
TT-21460,Tonja Turnell,Home Office,US-Wes-Cal-Los-90008
JO-15145,Jack O'Briant,Corporate,US-Wes-Cal-Los-90008
AR-10540,Andy Reiter,Consumer,US-Cen-Mic-Jac-49201
RM-19375,Raymond Messe,Consumer,US-Eas-Ver-Bur-5408
DL-12865,Dan Lawera,Consumer,US-Cen-Tex-Kel-76248
NS-18505,Neola Schneider,Consumer,US-Eas-Pen-Phi-19140
TH-21100,Thea Hendricks,Consumer,US-Wes-Cal-Los-90045
TM-21010,Tamara Manning,Consumer,US-Wes-Cal-San-94122
ML-17410,Maris LaWare,Consumer,US-Cen-Ill-Chi-60653
JF-15490,Jeremy Farry,Consumer,US-Eas-Con-Wat-6708
CV-12805,Cynthia Voltz,Corporate,US-Eas-New-New-10024
DS-13030,Darrin Sayre,Home Office,US-Wes-Was-Sea-98115
BE-11410,Bobby Elias,Consumer,US-Cen-Ill-Aur-60505
PS-19045,Penelope Sewall,Home Office,US-Sou-Nor-Cha-28205
MH-18115,Mick Hernandez,Home Office,US-Cen-Mic-Jac-49201
AD-10180,Alan Dominguez,Home Office,US-Wes-Mon-Gre-59405
EH-13765,Edward Hooks,Corporate,US-Cen-Ill-Chi-60623
MC-17605,Matt Connell,Corporate,US-Cen-Mic-Det-48234
CS-12250,Chris Selesnick,Corporate,US-Wes-Was-Sea-98103
HP-14815,Harold Pawlan,Home Office,US-Wes-Ari-Tuc-85705
TP-21130,Theone Pippenger,Consumer,US-Sou-Geo-Smy-30080
BD-11500,Bradley Drucker,Consumer,US-Sou-Geo-Col-31907
CG-12520,Claire Gute,Consumer,US-Cen-Tex-Hou-77070
CJ-12010,Caroline Jumper,Consumer,US-Wes-Cal-San-94109
CA-11965,Carol Adams,Corporate,US-Sou-Ala-Hoo-35244
JH-15820,John Huston,Consumer,US-Eas-Ohi-Ken-44240
TG-21310,Toby Gnade,Consumer,US-Eas-New-New-10035
CL-12700,Craig Leslie,Home Office,US-Eas-New-New-10009
BT-11305,Beth Thompson,Home Office,US-Wes-Cal-Cos-92627
GB-14575,Giulietta Baptist,Consumer,US-Cen-Kan-Wic-67212
VG-21790,Vivek Gonzalez,Consumer,US-Wes-Cal-San-94109
TM-21010,Tamara Manning,Consumer,US-Cen-Iow-Mar-52302
BD-11770,Bryan Davis,Consumer,US-Eas-Pen-Phi-19120
RD-19585,Rob Dowd,Consumer,US-Eas-New-New-10011
CK-12595,Clytie Kelty,Consumer,US-Cen-Ill-Chi-60653
MM-17920,Michael Moore,Consumer,US-Wes-Cal-San-94109
EB-13870,Emily Burns,Consumer,US-Sou-Flo-Mia-33142
LP-17095,Liz Preis,Consumer,US-Cen-Ill-Aur-60505
EH-14125,Eugene Hildebrand,Home Office,US-Wes-Cal-San-94110
BV-11245,Benjamin Venier,Corporate,US-Cen-Iow-Des-50315
SZ-20035,Sam Zeldin,Home Office,US-Wes-Was-Sea-98105
BO-11350,Bill Overfelt,Corporate,US-Wes-Cal-San-92105
JL-15835,John Lee,Consumer,US-Wes-Cal-Los-90045
DW-13585,Dorothy Wardle,Corporate,US-Eas-Ohi-Col-43229
SC-20380,Shahid Collister,Consumer,US-Sou-Flo-Pem-33024
RD-19810,Ross DeVincentis,Home Office,US-Cen-Ill-Chi-60610
MC-17575,Matt Collins,Consumer,US-Eas-Ohi-Cin-45231
JF-15355,Jay Fein,Consumer,US-Eas-New-Roc-14609
CB-12025,Cassandra Brandow,Consumer,US-Cen-Tex-Wac-76706
FC-14335,Fred Chung,Corporate,US-Wes-Cal-Tor-90503
MV-17485,Mark Van Huff,Consumer,US-Sou-Vir-Arl-22204
BD-11770,Bryan Davis,Consumer,US-Eas-New-New-10024
SP-20545,Sibella Parks,Corporate,US-Eas-New-New-10024
SN-20560,Skye Norling,Home Office,US-Wes-Cal-San-94109
SB-20170,Sarah Bern,Consumer,US-Wes-Cal-Los-90032
TP-21415,Tom Prescott,Consumer,US-Cen-Tex-Hou-77070
ML-17395,Marina Lichtenstein,Corporate,US-Wes-Cal-Los-90045
MP-18175,Mike Pelletier,Home Office,US-Wes-Cal-Lag-92677
MN-17935,Michael Nguyen,Consumer,US-Eas-Mar-Cli-20735
DJ-13510,Don Jones,Corporate,US-Eas-New-New-10024
VW-21775,Victoria Wilson,Corporate,US-Wes-Cal-San-94110
MM-17260,Magdelene Morse,Consumer,US-Eas-Ohi-Col-43229
FH-14350,Fred Harton,Consumer,US-Wes-Was-Sea-98105
MH-17455,Mark Hamilton,Consumer,US-Cen-Min-Min-55407
SV-20785,Stewart Visinsky,Consumer,US-Eas-Mar-Bal-21215
JP-15460,Jennifer Patt,Corporate,US-Eas-New-New-10009
JS-16030,Joy Smith,Consumer,US-Cen-Ill-Dec-62521
LF-17185,Luke Foster,Consumer,US-Eas-New-New-10035
NG-18355,Nat Gilpin,Corporate,US-Eas-Con-Fai-6824
GH-14410,Gary Hansen,Home Office,US-Eas-New-Per-8861
CK-12325,Christine Kargatis,Home Office,US-Eas-Ohi-Tro-45373
CR-12820,Cyra Reiten,Home Office,US-Cen-Tex-Hou-77041
JK-16120,Julie Kriz,Home Office,US-Cen-Ill-Chi-60653
LL-16840,Lauren Leatherbury,Consumer,US-Sou-Lou-Laf-70506
CV-12805,Cynthia Voltz,Corporate,US-Wes-Cal-Los-90045
ME-17725,Max Engle,Consumer,US-Wes-Was-Sea-98103
NH-18610,Nicole Hansen,Corporate,US-Sou-Geo-Ros-30076
ED-13885,Emily Ducich,Home Office,US-Wes-Cal-Los-90045
JP-16135,Julie Prescott,Home Office,US-Cen-Okl-Mus-74403
BP-11095,Bart Pistole,Corporate,US-Wes-Col-Lou-80027
KM-16375,Katherine Murray,Home Office,US-Wes-Ari-Gil-85234
HW-14935,Helen Wasserman,Corporate,US-Wes-Cal-San-92105
DK-13090,Dave Kipp,Consumer,US-Cen-Tex-Car-75007
CK-12595,Clytie Kelty,Consumer,US-Wes-Cal-Los-90008
AC-10615,Ann Chong,Corporate,US-Wes-Was-Sea-98115
ES-14080,Erin Smith,Corporate,US-Eas-Pen-Phi-19134
CB-12415,Christy Brittain,Consumer,US-Eas-Pen-Phi-19134
MH-18025,Michelle Huthwaite,Consumer,US-Cen-Ill-Chi-60623
SW-20245,Scot Wooten,Consumer,US-Sou-Nor-Gre-27834
BT-11530,Bradley Talbott,Home Office,US-Wes-Cal-Los-90036
BM-11140,Becky Martin,Consumer,US-Wes-Cal-San-93101
DB-13060,Dave Brooks,Consumer,US-Wes-Cal-Cos-92627
DB-13660,Duane Benoit,Consumer,US-Eas-Con-Mid-6457
MY-17380,Maribeth Yedwab,Corporate,US-Wes-Cal-Los-90045
DB-13555,Dorothy Badders,Corporate,US-Eas-Del-New-19711
KD-16615,Ken Dana,Corporate,US-Wes-Cal-Los-90008
RS-19765,Roland Schwarz,Corporate,US-Cen-Tex-Wac-76706
SC-20770,Stewart Carmichael,Corporate,US-Cen-Tex-Dal-75081
JA-15970,Joseph Airdo,Consumer,US-Eas-Ohi-Cuy-44221
EJ-13720,Ed Jacobs,Consumer,US-Wes-Cal-Los-90008
EP-13915,Emily Phan,Consumer,US-Cen-Mic-Dea-48127
LP-17095,Liz Preis,Consumer,US-Sou-Ken-Mur-42071
RE-19450,Richard Eichhorn,Consumer,US-Cen-Tex-Dal-75081
BT-11395,Bill Tyler,Corporate,US-Wes-Cal-Los-90004
TT-21460,Tonja Turnell,Home Office,US-Cen-Tex-Hou-77095
DP-13000,Darren Powers,Consumer,US-Cen-Tex-Hou-77041
SP-20860,Sung Pak,Corporate,US-Wes-Cal-Los-90045
PK-19075,Pete Kriz,Consumer,US-Cen-Wis-Mil-53209
JD-16060,Julia Dunbar,Consumer,US-Cen-Min-Roc-55901
CB-12535,Claudia Bergmann,Corporate,US-Sou-Mis-Sou-38671
DW-13540,Don Weiss,Consumer,US-Cen-Tex-Dal-75220
RM-19750,Roland Murray,Consumer,US-Eas-New-New-10011
FC-14245,Frank Carlisle,Home Office,US-Wes-Cal-San-94109
SH-19975,Sally Hughsby,Corporate,US-Wes-Cal-San-94109
BF-11170,Ben Ferrer,Home Office,US-Wes-Cal-San-94109
MG-17890,Michael Granlund,Home Office,US-Eas-Mar-Cli-20735
SH-20395,Shahid Hopkins,Consumer,US-Eas-New-New-10035
AH-10210,Alan Hwang,Consumer,US-Wes-Cal-Ana-92804
VB-21745,Victoria Brennan,Corporate,US-Sou-Geo-Col-31907
KB-16315,Karl Braun,Consumer,US-Wes-Cal-Los-90008
LW-16990,Lindsay Williams,Corporate,US-Wes-Cal-San-94110
MD-17350,Maribeth Dona,Consumer,US-Cen-Tex-Dal-75217
KS-16300,Karen Seio,Corporate,US-Sou-Nor-Ral-27604
MH-18115,Mick Hernandez,Home Office,US-Eas-Pen-Che-19013
CM-11815,Candace McMahon,Corporate,US-Wes-Cal-San-94109
EB-13870,Emily Burns,Consumer,US-Eas-Pen-Phi-19140
MH-17290,Marc Harrigan,Home Office,US-Eas-Pen-Phi-19140
PV-18985,Paul Van Hugh,Home Office,US-Eas-Mas-Cam-2138
MJ-17740,Max Jones,Consumer,US-Cen-Mic-Det-48227
BS-11380,Bill Stewart,Corporate,US-Wes-Cal-San-94122
GA-14725,Guy Armstrong,Consumer,US-Sou-Ark-Rog-72756
KB-16585,Ken Black,Corporate,US-Eas-Mas-Low-1852
MT-17815,Meg Tillman,Consumer,US-Eas-New-New-10011
SE-20110,Sanjit Engle,Consumer,US-Wes-Col-Den-80219
KF-16285,Karen Ferguson,Home Office,US-Wes-Cal-Man-95336
SU-20665,Stephanie Ulpright,Home Office,US-Cen-Ill-Chi-60610
JB-16000,Joy Bell-,Consumer,US-Eas-Mar-Col-21044
SC-20380,Shahid Collister,Consumer,US-Eas-Con-Fai-6824
BF-11215,Benjamin Farhat,Home Office,US-Wes-New-Alb-87105
FH-14275,Frank Hawley,Corporate,US-Cen-Ill-Aur-60505
BN-11470,Brad Norvell,Corporate,US-Cen-Ill-Chi-60623
VM-21685,Valerie Mitchum,Home Office,US-Wes-Was-Sea-98105
SP-20920,Susan Pistek,Consumer,US-Eas-Ohi-Col-43229
MG-17650,Matthew Grinstein,Home Office,US-Eas-Ohi-Lak-44107
KD-16615,Ken Dana,Corporate,US-Wes-Cal-Los-90032
PO-19180,Philisse Overcash,Home Office,US-Cen-Tex-Hou-77095
DB-13405,Denny Blanton,Consumer,US-Eas-New-New-10011
CL-12565,Clay Ludtke,Consumer,US-Wes-Cal-Lan-93534
AS-10630,Ann Steele,Home Office,US-Sou-Ten-Kno-37918
SW-20275,Scott Williamson,Consumer,US-Wes-Was-Sea-98115
CD-11980,Carol Darley,Consumer,US-Cen-Tex-Tyl-75701
JK-15325,Jason Klamczynski,Corporate,US-Wes-Cal-Los-90032
EN-13780,Edward Nazzal,Consumer,US-Cen-Tex-Dal-75220
BP-11050,Barry Pond,Corporate,US-Wes-Cal-Los-90008
SA-20830,Sue Ann Reed,Consumer,US-Wes-Cal-Fre-93727
CG-12040,Catherine Glotzbach,Home Office,US-Eas-New-New-10024
GZ-14545,George Zrebassa,Corporate,US-Wes-Cal-Los-90008
VG-21805,Vivek Grady,Corporate,US-Eas-New-Lak-8701
ND-18370,Natalie DeCherney,Consumer,US-Wes-Cal-San-94110
HG-14845,Harry Greene,Consumer,US-Cen-Tex-Hou-77041
TB-21595,Troy Blackwell,Consumer,US-Cen-Ind-Col-47201
HW-14935,Helen Wasserman,Corporate,US-Wes-Was-Sea-98115
RD-19720,Roger Demir,Consumer,US-Eas-Con-Mid-6457
SC-20725,Steven Cartwright,Consumer,US-Wes-Cal-Los-90045
TB-21055,Ted Butterfield,Consumer,US-Eas-Pen-Rea-19601
PS-18970,Paul Stevenson,Home Office,US-Wes-Was-Sea-98105
RW-19690,Robert Waldorf,Consumer,US-Cen-Ind-Laf-47905
CL-12565,Clay Ludtke,Consumer,US-Cen-Okl-Tul-74133
PW-19030,Pauline Webber,Corporate,US-Sou-Flo-Pom-33068
AC-10660,Anna Chung,Consumer,US-Cen-Tex-Hun-77340
MZ-17515,Mary Zewe,Corporate,US-Eas-New-New-10011
RB-19360,Raymond Buch,Consumer,US-Wes-Was-Sea-98115
BE-11335,Bill Eplett,Home Office,US-Wes-Cal-San-94122
SJ-20125,Sanjit Jacobs,Home Office,US-Wes-Was-Sea-98105
EC-14050,Erin Creighton,Consumer,US-Eas-New-New-10024
AC-10615,Ann Chong,Corporate,US-Cen-Tex-Bea-77705
BM-11650,Brian Moss,Corporate,US-Eas-New-New-10009
HR-14830,Harold Ryan,Corporate,US-Eas-New-New-10035
JD-16150,Justin Deggeller,Corporate,US-Cen-Wis-Mil-53209
JC-15775,John Castell,Consumer,US-Cen-Tex-San-78207
FM-14215,Filia McAdams,Corporate,US-Wes-Was-Sea-98103
CV-12295,Christina VanderZanden,Consumer,US-Wes-Cal-Fre-93727
DB-13660,Duane Benoit,Consumer,US-Cen-Tex-Dal-75081
JL-15835,John Lee,Consumer,US-Eas-New-New-10024
HK-14890,Heather Kirkland,Corporate,US-Cen-Tex-Hou-77070
GM-14440,Gary McGarr,Consumer,US-Eas-New-New-10009
ML-18040,Michelle Lonsdale,Corporate,US-Cen-Mic-Dea-48126
EM-14200,Evan Minnotte,Home Office,US-Sou-Vir-Vir-23464
MZ-17335,Maria Zettner,Home Office,US-Wes-Was-Sea-98105
CJ-12010,Caroline Jumper,Consumer,US-Cen-Tex-Hou-77070
LC-16870,Lena Cacioppo,Consumer,US-Sou-Vir-Ric-23223
AG-10270,Alejandro Grove,Consumer,US-Eas-Pen-Phi-19120
BD-11560,Brendan Dodson,Home Office,US-Wes-Cal-Fre-93727
DH-13075,Dave Hallsten,Corporate,US-Wes-Cal-Fai-94533
CK-12760,Cyma Kinney,Corporate,US-Sou-Flo-Jac-32216
RD-19720,Roger Demir,Consumer,US-Cen-Ind-Laf-47905
AB-10165,Alan Barnes,Consumer,US-Wes-Cal-Lak-90712
TB-21400,Tom Boeckenhauer,Consumer,US-Wes-Cal-Los-90036
ME-17320,Maria Etezadi,Home Office,US-Sou-Geo-Col-31907
TM-21490,Tony Molinari,Consumer,US-Cen-Okl-Okl-73120
BP-11155,Becky Pak,Consumer,US-Eas-Pen-Lan-17602
DB-12910,Daniel Byrd,Home Office,US-Sou-Ken-Hen-42420
JE-15610,Jim Epp,Corporate,US-Sou-Geo-Atl-30318
SC-20260,Scott Cohen,Corporate,US-Cen-Tex-Arl-76017
HG-14965,Henry Goldwyn,Corporate,US-Wes-Cal-Los-90004
EG-13900,Emily Grady,Consumer,US-Cen-Ill-Chi-60623
DO-13435,Denny Ordway,Consumer,US-Eas-New-New-10035
CM-12115,Chad McGuire,Consumer,US-Eas-New-New-10011
DS-13180,David Smith,Corporate,US-Cen-Tex-Ama-79109
BF-11020,Barry Französisch,Corporate,US-Sou-Flo-Jac-32216
GB-14530,George Bell,Corporate,US-Sou-Sou-Flo-29501
MS-17365,Maribeth Schnelling,Consumer,US-Wes-Cal-San-94110
JC-15775,John Castell,Consumer,US-Eas-New-New-10011
NC-18535,Nick Crebassa,Corporate,US-Wes-Cal-San-94110
AH-10465,Amy Hunt,Consumer,US-Sou-Ala-Dec-35601
TC-21475,Tony Chapman,Home Office,US-Sou-Geo-Col-31907
AT-10435,Alyssa Tate,Home Office,US-Eas-Con-Mer-6450
JF-15190,Jamie Frazer,Consumer,US-Wes-Cal-Los-90008
KH-16360,Katherine Hughes,Consumer,US-Eas-Pen-Phi-19143
SA-20830,Sue Ann Reed,Consumer,US-Cen-Ill-Chi-60653
AM-10705,Anne McFarland,Consumer,US-Cen-Ill-Des-60016
DS-13030,Darrin Sayre,Home Office,US-Eas-New-New-10009
TA-21385,Tom Ashbrook,Home Office,US-Eas-New-New-10035
PS-19045,Penelope Sewall,Home Office,US-Eas-New-New-10011
ML-17755,Max Ludwig,Home Office,US-Cen-Iow-Mar-52302
CS-12175,Charles Sheldon,Corporate,US-Sou-Ten-Cha-37421
CS-12400,Christopher Schild,Home Office,US-Sou-Flo-Tam-33614
HR-14770,Hallie Redmond,Home Office,US-Sou-Flo-Jac-32216
NH-18610,Nicole Hansen,Corporate,US-Cen-Mic-Oak-48237
DM-13345,Denise Monton,Corporate,US-Sou-Geo-Ros-30076
AH-10120,Adrian Hane,Home Office,US-Wes-Cal-San-94110
KF-16285,Karen Ferguson,Home Office,US-Eas-New-Pla-7060
NC-18625,Noah Childs,Corporate,US-Eas-Pen-Yor-17403
SA-20830,Sue Ann Reed,Consumer,US-Sou-Flo-Jac-32216
BS-11800,Bryan Spruell,Home Office,US-Eas-New-New-10011
MG-18205,Mitch Gastineau,Corporate,US-Sou-Flo-Jac-32216
SJ-20125,Sanjit Jacobs,Home Office,US-Eas-New-New-8901
BS-11755,Bruce Stewart,Consumer,US-Eas-Pen-Phi-19143
DB-13360,Dennis Bolton,Home Office,US-Eas-Con-Wat-6708
RD-19930,Russell D'Ascenzo,Consumer,US-Cen-Tex-Aus-78745
JL-15130,Jack Lebron,Consumer,US-Eas-Ohi-Lan-43130
LW-17215,Luke Weiss,Consumer,US-Wes-Cal-Pas-91104
HM-14980,Henry MacAllister,Consumer,US-Sou-Nor-Bur-27217
SC-20050,Sample Company A,Home Office,US-Cen-Tex-Lub-79424
BD-11320,Bill Donatelli,Consumer,US-Eas-Rho-Pro-2908
RW-19630,Rob Williams,Corporate,US-Wes-Was-Sea-98105
YS-21880,Yana Sorensen,Corporate,US-Wes-Cal-Hes-92345
DP-13105,Dave Poirier,Corporate,US-Eas-Pen-Phi-19134
CS-12355,Christine Sundaresam,Consumer,US-Eas-New-New-10024
AB-10165,Alan Barnes,Consumer,US-Eas-Ohi-Tol-43615
DW-13585,Dorothy Wardle,Corporate,US-Sou-Nor-Fay-28314
HM-14860,Harry Marie,Corporate,US-Eas-New-Mor-7960
CL-12700,Craig Leslie,Home Office,US-Cen-Mis-Spr-65807
SH-20395,Shahid Hopkins,Consumer,US-Sou-Vir-Arl-22204
BP-11095,Bart Pistole,Corporate,US-Sou-Flo-Mia-33180
AH-10075,Adam Hart,Corporate,US-Wes-Nev-Hen-89015
AA-10480,Andrew Allen,Consumer,US-Sou-Nor-Con-28027
SD-20485,Shirley Daniels,Home Office,US-Cen-Tex-Hou-77041
RF-19840,Roy Französisch,Consumer,US-Eas-Ohi-Col-43229
JO-15550,Jesus Ocampo,Home Office,US-Wes-Cal-San-94109
EB-13750,Edward Becker,Corporate,US-Sou-Ala-Hoo-35244
ND-18370,Natalie DeCherney,Consumer,US-Cen-Tex-Hou-77095
JE-15745,Joel Eaton,Consumer,US-Wes-Cal-San-95123
PL-18925,Paul Lucas,Home Office,US-Cen-Ill-Chi-60610
SR-20425,Sharelle Roach,Home Office,US-Wes-Col-Lou-80027
BM-11575,Brendan Murry,Corporate,US-Cen-Ill-Chi-60653
CV-12295,Christina VanderZanden,Consumer,US-Cen-Mic-Det-48234
CV-12805,Cynthia Voltz,Corporate,US-Eas-Pen-Phi-19120
SJ-20125,Sanjit Jacobs,Home Office,US-Cen-Ill-Chi-60610
SJ-20215,Sarah Jordon,Consumer,US-Cen-Ill-Chi-60653
BE-11455,Brad Eason,Home Office,US-Eas-Ohi-Cle-44105
RP-19390,Resi Pölking,Consumer,US-Cen-Tex-Hou-77041
SJ-20500,Shirley Jackson,Consumer,US-Cen-Tex-Hou-77036
JW-15955,Joni Wasserman,Consumer,US-Wes-Was-Sea-98103
JM-15250,Janet Martin,Consumer,US-Eas-Mar-Bal-21215
KN-16390,Katherine Nockton,Corporate,US-Cen-Tex-Hou-77070
MO-17800,Meg O'Connel,Home Office,US-Eas-Pen-Phi-19140
GM-14440,Gary McGarr,Consumer,US-Wes-Cal-San-94122
BD-11725,Bruce Degenhardt,Consumer,US-Sou-Geo-Col-31907
PN-18775,Parhena Norris,Home Office,US-Sou-Ten-Cla-37042
TD-20995,Tamara Dahlen,Consumer,US-Eas-New-New-10011
SC-20305,Sean Christensen,Consumer,US-Cen-Ind-Law-46226
GG-14650,Greg Guthrie,Corporate,US-Eas-Ohi-Col-43229
SK-19990,Sally Knutson,Consumer,US-Eas-New-New-10024
JF-15355,Jay Fein,Consumer,US-Wes-Cal-Pas-91104
SO-20335,Sean O'Donnell,Consumer,US-Wes-Col-Gre-80634
DK-12835,Damala Kotsonis,Corporate,US-Eas-Pen-Phi-19143
CP-12340,Christine Phan,Corporate,US-Sou-Flo-Jac-32216
SV-20935,Susan Vittorini,Consumer,US-Wes-Ari-Mes-85204
LS-16945,Linda Southworth,Corporate,US-Eas-Rho-Pro-2908
MG-17890,Michael Granlund,Home Office,US-Wes-Cal-San-93101
SG-20605,Speros Goranitis,Consumer,US-Wes-Cal-San-94109
LL-16840,Lauren Leatherbury,Consumer,US-Wes-Cal-Los-90032
LH-16750,Larry Hughes,Consumer,US-Wes-Ari-Cha-85224
PN-18775,Parhena Norris,Home Office,US-Sou-Ten-Nas-37211
MB-18085,Mick Brown,Consumer,US-Wes-Cal-Los-90049
RL-19615,Rob Lucas,Consumer,US-Wes-Cal-Los-90008
PO-19180,Philisse Overcash,Home Office,US-Wes-Was-Sea-98115
LB-16735,Larry Blacks,Consumer,US-Cen-Tex-For-76106
CV-12805,Cynthia Voltz,Corporate,US-Cen-Tex-For-76106
HM-14980,Henry MacAllister,Consumer,US-Wes-Was-Sea-98105
MC-17605,Matt Connell,Corporate,US-Eas-Pen-Phi-19143
JL-15130,Jack Lebron,Consumer,US-Sou-Nor-Wil-28403
JL-15235,Janet Lee,Consumer,US-Sou-Flo-Kis-34741
FM-14215,Filia McAdams,Corporate,US-Eas-Ohi-Dub-43017
KT-16480,Kean Thornton,Consumer,US-Eas-New-Ora-7050
NZ-18565,Nick Zandusky,Home Office,US-Wes-Cal-Los-90032
SS-20140,Saphhira Shifley,Corporate,US-Sou-Flo-Pom-33068
DJ-13510,Don Jones,Corporate,US-Wes-Cal-San-94110
MH-18115,Mick Hernandez,Home Office,US-Sou-Flo-San-32771
QJ-19255,Quincy Jones,Corporate,US-Eas-Pen-Phi-19143
JF-15490,Jeremy Farry,Consumer,US-Eas-Ohi-Col-43229
DL-13495,Dionis Lloyd,Corporate,US-Eas-New-New-10024
NM-18520,Neoma Murray,Consumer,US-Eas-Con-Man-6040
EA-14035,Erin Ashbrook,Corporate,US-Wes-Cal-Los-90008
TC-21475,Tony Chapman,Home Office,US-Cen-Ill-Dan-61832
AD-10180,Alan Dominguez,Home Office,US-Wes-Cal-San-94122
AS-10630,Ann Steele,Home Office,US-Sou-Flo-Boy-33437
AG-10900,Arthur Gainer,Consumer,US-Sou-Flo-Cor-33065
CJ-12010,Caroline Jumper,Consumer,US-Sou-Flo-Jac-32216
SJ-20125,Sanjit Jacobs,Home Office,US-Sou-Ark-Tex-71854
DW-13585,Dorothy Wardle,Corporate,US-Eas-New-Wes-7090
DD-13570,Dorothy Dickinson,Consumer,US-Wes-Cal-Los-90049
EM-13825,Elizabeth Moffitt,Corporate,US-Wes-Cal-Los-90049
BO-11350,Bill Overfelt,Corporate,US-Eas-Pen-Phi-19134
DB-12970,Darren Budd,Corporate,US-Wes-Cal-Los-90004
MY-18295,Muhammed Yedwab,Corporate,US-Eas-Pen-Phi-19140
CC-12220,Chris Cortes,Consumer,US-Wes-Cal-Wes-92683
LW-16990,Lindsay Williams,Corporate,US-Wes-Cal-San-94109
MK-18160,Mike Kennedy,Consumer,US-Sou-Vir-New-23602
SH-20395,Shahid Hopkins,Consumer,US-Eas-Ohi-Spr-45503
AI-10855,Arianne Irving,Consumer,US-Eas-New-New-10035
YS-21880,Yana Sorensen,Corporate,US-Sou-Geo-Col-31907
LH-17020,Lisa Hazard,Consumer,US-Wes-Col-Lou-80027
DK-12985,Darren Koutras,Consumer,US-Wes-Cal-San-94122
DB-13555,Dorothy Badders,Corporate,US-Cen-Tex-For-76106
TC-21295,Toby Carlisle,Consumer,US-Eas-New-New-10035
ML-17755,Max Ludwig,Home Office,US-Cen-Ill-Chi-60623
TS-21655,Trudy Schmidt,Consumer,US-Wes-Cal-Ran-91730
JF-15490,Jeremy Farry,Consumer,US-Cen-Ill-Chi-60653
GZ-14470,Gary Zandusky,Consumer,US-Sou-Vir-Arl-22204
MB-18085,Mick Brown,Consumer,US-Sou-Nor-Cha-28205
DB-13615,Doug Bickford,Consumer,US-Wes-Ari-Tuc-85705
CS-11950,Carlos Soltero,Consumer,US-Wes-Cal-Pas-91104
AB-10060,Adam Bellavance,Home Office,US-Wes-Cal-Los-90004
RW-19540,Rick Wilson,Corporate,US-Cen-Mic-Det-48234
DJ-13510,Don Jones,Corporate,US-Eas-Pen-Phi-19140
MM-18055,Michelle Moray,Consumer,US-Wes-Cal-San-94110
PS-19045,Penelope Sewall,Home Office,US-Wes-Cal-Los-90032
EB-13705,Ed Braxton,Corporate,US-Cen-Tex-Man-76063
MD-17350,Maribeth Dona,Consumer,US-Eas-Ohi-Col-43229
LB-16795,Laurel Beltran,Home Office,US-Wes-Was-Sea-98105
MC-17605,Matt Connell,Corporate,US-Sou-Nor-Jac-28540
TS-21370,Todd Sumrall,Corporate,US-Wes-Ari-Pho-85023
JK-16120,Julie Kriz,Home Office,US-Cen-Tex-Aus-78745
LP-17080,Liz Pelletier,Consumer,US-Wes-Was-Sea-98103
ZC-21910,Zuschuss Carroll,Consumer,US-Eas-New-New-10024
AC-10420,Alyssa Crouse,Corporate,US-Cen-Tex-Hou-77041
CS-12175,Charles Sheldon,Corporate,US-Wes-Cal-San-94122
CA-12775,Cynthia Arntzen,Consumer,US-Eas-New-Vin-8360
JP-16135,Julie Prescott,Home Office,US-Eas-Ohi-Spr-45503
CK-12205,Chloris Kastensmidt,Consumer,US-Eas-Mas-Eve-2149
JH-15910,Jonathan Howell,Consumer,US-Eas-Ohi-Cin-45231
BM-11650,Brian Moss,Corporate,US-Cen-Ind-Col-47201
CW-11905,Carl Weiss,Home Office,US-Eas-Del-New-19711
FH-14275,Frank Hawley,Corporate,US-Sou-Ten-Fra-37064
MH-18115,Mick Hernandez,Home Office,US-Eas-Pen-Phi-19140
RB-19795,Ross Baird,Home Office,US-Wes-Cal-San-94110
AJ-10780,Anthony Jacobs,Corporate,US-Eas-Mar-Bal-21215
GT-14710,Greg Tran,Consumer,US-Cen-Tex-Hou-77041
AH-10465,Amy Hunt,Consumer,US-Eas-New-New-10035
KB-16585,Ken Black,Corporate,US-Wes-Was-Sea-98103
DP-13000,Darren Powers,Consumer,US-Eas-Ohi-Cle-44105
EJ-14155,Eva Jacobs,Consumer,US-Sou-Mis-Gul-39503
JA-15970,Joseph Airdo,Consumer,US-Wes-Ari-Pho-85023
JF-15295,Jason Fortune-,Consumer,US-Wes-Was-Sea-98103
JD-16015,Joy Daniels,Consumer,US-Cen-Ill-Chi-60653
JM-15865,John Murray,Consumer,US-Eas-Ohi-Akr-44312
TS-21340,Toby Swindell,Consumer,US-Eas-New-New-10024
SG-20890,Susan Gilcrest,Corporate,US-Cen-Tex-Mca-78501
BH-11710,Brosina Hoffman,Consumer,US-Eas-Pen-Phi-19140
AB-10105,Adrian Barton,Consumer,US-Wes-Ore-Por-97206
TB-21355,Todd Boyes,Corporate,US-Sou-Geo-San-30328
PP-18955,Paul Prost,Home Office,US-Cen-Mis-Spr-65807
SC-20380,Shahid Collister,Consumer,US-Sou-Geo-Atl-30318
RS-19765,Roland Schwarz,Corporate,US-Eas-New-Mou-10550
BC-11125,Becky Castell,Home Office,US-Wes-Cal-San-94109
ND-18460,Neil Ducich,Corporate,US-Sou-Ala-Hun-35810
JF-15295,Jason Fortune-,Consumer,US-Cen-Tex-Pla-75023
AH-10075,Adam Hart,Corporate,US-Sou-Ten-Kno-37918
AT-10735,Annie Thurman,Consumer,US-Wes-Was-Sea-98115
PJ-18835,Patrick Jones,Corporate,US-Cen-Ill-Roc-61107
SA-20830,Sue Ann Reed,Consumer,US-Wes-Cal-San-95123
JC-15775,John Castell,Consumer,US-Sou-Geo-Atl-30318
NC-18340,Nat Carroll,Consumer,US-Cen-Nor-Far-58103
RD-19480,Rick Duston,Consumer,US-Wes-Nev-Las-89115
CC-12430,Chuck Clark,Home Office,US-Wes-Cal-Lak-90712
AR-10405,Allen Rosenblatt,Corporate,US-Cen-Mic-Tre-48183
JG-15805,John Grady,Corporate,US-Eas-New-Aub-13021
RL-19615,Rob Lucas,Consumer,US-Wes-Cal-Los-90049
EH-13945,Eric Hoffmann,Consumer,US-Wes-Cal-Los-90008
VF-21715,Vicky Freymann,Home Office,US-Wes-Cal-San-94109
KL-16645,Ken Lonsdale,Consumer,US-Cen-Tex-Hou-77095
VS-21820,Vivek Sundaresam,Consumer,US-Wes-Cal-Los-90036
JL-15505,Jeremy Lonsdale,Consumer,US-Cen-Tex-Hou-77070
TB-21625,Trudy Brown,Consumer,US-Eas-New-New-10009
MH-18115,Mick Hernandez,Home Office,US-Sou-Geo-Col-31907
BM-11785,Bryan Mills,Consumer,US-Sou-Vir-Har-22801
CD-11920,Carlos Daly,Consumer,US-Wes-Cal-Oce-92054
KC-16675,Kimberly Carter,Corporate,US-Sou-Ken-Lou-40214
RP-19855,Roy Phan,Corporate,US-Wes-Was-Sea-98103
DN-13690,Duane Noonan,Consumer,US-Cen-Okl-Tul-74133
JG-15160,James Galang,Consumer,US-Wes-Ida-Poc-83201
BW-11110,Bart Watters,Corporate,US-Sou-Nor-Gre-27405
DW-13480,Dianna Wilson,Home Office,US-Sou-Ken-Lou-40214
EH-13945,Eric Hoffmann,Consumer,US-Sou-Ten-Mem-38109
CM-11815,Candace McMahon,Corporate,US-Wes-Ari-Pho-85023
JH-15910,Jonathan Howell,Consumer,US-Cen-Tex-Hou-77070
MD-17860,Michael Dominguez,Corporate,US-Eas-Mar-Lau-20707
AM-10360,Alice McCarthy,Corporate,US-Eas-Ohi-Cle-44105
TH-21235,Tiffany House,Corporate,US-Cen-Ill-Chi-60653
LO-17170,Lori Olson,Corporate,US-Eas-New-Con-3301
PO-18865,Patrick O'Donnell,Consumer,US-Sou-Sou-Col-29203
ML-17410,Maris LaWare,Consumer,US-Cen-Ind-Col-47201
JO-15550,Jesus Ocampo,Home Office,US-Cen-Neb-Oma-68104
GT-14755,Guy Thornton,Consumer,US-Cen-Tex-Har-78550
HZ-14950,Henia Zydlo,Consumer,US-Cen-Tex-Hou-77095
KT-16480,Kean Thornton,Consumer,US-Cen-Tex-Dal-75217
SM-20950,Suzanne McNair,Corporate,US-Wes-Cal-Los-90004
MG-17890,Michael Granlund,Home Office,US-Wes-Ore-Tig-97224
BD-11725,Bruce Degenhardt,Consumer,US-Sou-Lou-Laf-70506
KA-16525,Kelly Andreada,Consumer,US-Wes-Cal-San-92037
JC-15775,John Castell,Consumer,US-Wes-Cal-Los-90032
VP-21730,Victor Preis,Home Office,US-Wes-Nev-Las-89115
DV-13045,Darrin Van Huff,Corporate,US-Sou-Ten-Mem-38109
TT-21220,Thomas Thornton,Consumer,US-Wes-Cal-Los-90045
GH-14410,Gary Hansen,Home Office,US-Cen-Ill-Chi-60653
SG-20470,Sheri Gordon,Consumer,US-Eas-New-New-10011
RA-19285,Ralph Arnett,Consumer,US-Eas-New-New-10024
ND-18460,Neil Ducich,Corporate,US-Eas-New-Mou-10550
KF-16285,Karen Ferguson,Home Office,US-Cen-Ind-Ind-46203
AH-10120,Adrian Hane,Home Office,US-Cen-Tex-Hou-77036
RD-19585,Rob Dowd,Consumer,US-Wes-Cal-Los-90004
CA-12265,Christina Anderson,Consumer,US-Wes-New-Far-87401
FM-14290,Frank Merwin,Home Office,US-Eas-Mas-Qui-2169
CS-12460,Chuck Sachs,Consumer,US-Sou-Geo-Col-31907
RD-19585,Rob Dowd,Consumer,US-Cen-Tex-Pla-75023
JK-15640,Jim Kriz,Home Office,US-Wes-Was-Sea-98105
FH-14275,Frank Hawley,Corporate,US-Cen-Tex-Hou-77041
YS-21880,Yana Sorensen,Corporate,US-Sou-Nor-Bur-27217
MB-17305,Maria Bertelson,Consumer,US-Wes-Cal-Cit-95610
SZ-20035,Sam Zeldin,Home Office,US-Eas-Ohi-Lan-43130
MO-17950,Michael Oakman,Consumer,US-Sou-Nor-Jac-28540
TS-21505,Tony Sayre,Consumer,US-Eas-New-Con-3301
LS-16945,Linda Southworth,Corporate,US-Cen-Tex-Dal-75220
DK-12835,Damala Kotsonis,Corporate,US-Cen-Neb-Fre-68025
AH-10585,Angele Hood,Consumer,US-Sou-Flo-Mia-33142
FH-14365,Fred Hopkins,Corporate,US-Eas-Pen-Phi-19120
RL-19615,Rob Lucas,Consumer,US-Eas-Pen-Phi-19120
MP-17965,Michael Paige,Corporate,US-Eas-Rho-War-2886
CS-12355,Christine Sundaresam,Consumer,US-Eas-New-Lon-11561
AT-10735,Annie Thurman,Consumer,US-Wes-Cal-Los-90049
VF-21715,Vicky Freymann,Home Office,US-Wes-Was-Sea-98115
VG-21790,Vivek Gonzalez,Consumer,US-Wes-Cal-San-94403
TD-20995,Tamara Dahlen,Consumer,US-Eas-Mas-Low-1852
JC-15385,Jenna Caffey,Consumer,US-Wes-Was-Ken-98031
SZ-20035,Sam Zeldin,Home Office,US-Wes-Cal-Pic-90660
MR-17545,Mathew Reese,Home Office,US-Wes-Was-Sea-98103
JF-15190,Jamie Frazer,Consumer,US-Eas-Con-Man-6040
NS-18640,Noel Staavos,Corporate,US-Cen-Ill-Chi-60610
TD-20995,Tamara Dahlen,Consumer,US-Wes-Ore-Por-97206
SM-20320,Sean Miller,Home Office,US-Cen-Ind-Laf-47905
JH-15820,John Huston,Consumer,US-Cen-Ill-Chi-60610
BF-11275,Beth Fritzler,Corporate,US-Sou-Geo-Col-31907
BP-11155,Becky Pak,Consumer,US-Sou-Geo-Col-31907
FG-14260,Frank Gastineau,Home Office,US-Cen-Ill-Aur-60505
KB-16240,Karen Bern,Corporate,US-Wes-Cal-Los-90049
KN-16390,Katherine Nockton,Corporate,US-Wes-Cal-Los-90004
TS-21430,Tom Stivers,Corporate,US-Wes-Cal-San-92105
JD-16015,Joy Daniels,Consumer,US-Eas-New-New-10009
NW-18400,Natalie Webber,Consumer,US-Cen-Iow-Wat-50701
CS-11860,Cari Schnelling,Consumer,US-Eas-Ohi-Fai-45014
RR-19525,Rick Reed,Corporate,US-Cen-Kan-Ove-66212
MH-17455,Mark Hamilton,Consumer,US-Eas-Pen-Phi-19140
JL-15835,John Lee,Consumer,US-Eas-Ohi-Col-43229
TC-21295,Toby Carlisle,Consumer,US-Wes-Cal-Wes-92683
MM-17260,Magdelene Morse,Consumer,US-Eas-Del-Wil-19805
RS-19420,Ricardo Sperren,Corporate,US-Sou-Vir-Suf-23434
MM-18055,Michelle Moray,Consumer,US-Eas-New-New-10024
VM-21685,Valerie Mitchum,Home Office,US-Cen-Ill-Woo-60098
SF-20065,Sandra Flanagan,Consumer,US-Eas-Pen-Phi-19140
NF-18385,Natalie Fritzler,Consumer,US-Sou-Nor-Cha-28205
BE-11335,Bill Eplett,Home Office,US-Eas-New-Rom-13440
AB-10255,Alejandro Ballentine,Home Office,US-Wes-Cal-Los-90036
AJ-10795,Anthony Johnson,Corporate,US-Wes-Cal-App-92307
SW-20455,Shaun Weien,Consumer,US-Sou-Flo-Tam-33614
ML-17410,Maris LaWare,Consumer,US-Wes-Ari-Pho-85023
SV-20365,Seth Vernon,Consumer,US-Eas-Pen-Phi-19134
SM-20950,Suzanne McNair,Corporate,US-Cen-Min-Map-55369
EM-13825,Elizabeth Moffitt,Corporate,US-Cen-Sou-Sio-57103
AR-10825,Anthony Rawles,Corporate,US-Eas-New-New-10009
KL-16555,Kelly Lampkin,Corporate,US-Cen-Ill-Aur-60505
SF-20200,Sarah Foster,Consumer,US-Wes-Uta-Mur-84107
SW-20455,Shaun Weien,Consumer,US-Wes-Cal-San-92024
AR-10825,Anthony Rawles,Corporate,US-Wes-Cal-Con-94521
AM-10705,Anne McFarland,Consumer,US-Sou-Vir-Sal-24153
TW-21025,Tamara Willingham,Home Office,US-Eas-New-Pla-7060
GM-14500,Gene McClure,Consumer,US-Cen-Tex-Pha-78577
PT-19090,Pete Takahito,Consumer,US-Cen-Ill-Chi-60623
SW-20350,Sean Wendt,Home Office,US-Eas-Ohi-Cle-44105
CS-11860,Cari Schnelling,Consumer,US-Eas-New-New-10024
EB-13930,Eric Barreto,Consumer,US-Cen-Ill-Chi-60653
FH-14365,Fred Hopkins,Corporate,US-Eas-New-New-10009
MY-17380,Maribeth Yedwab,Corporate,US-Cen-Ill-Chi-60623
CP-12340,Christine Phan,Corporate,US-Eas-New-New-10009
TB-21520,Tracy Blumstein,Consumer,US-Wes-Cal-Los-90045
NM-18445,Nathan Mautz,Home Office,US-Eas-New-New-10011
LR-17035,Lisa Ryan,Corporate,US-Eas-New-Lon-11561
LH-16900,Lena Hernandez,Consumer,US-Cen-Ind-Elk-46514
AZ-10750,Annie Zypern,Consumer,US-Cen-Ill-Whe-60090
PO-19180,Philisse Overcash,Home Office,US-Cen-Wis-Ken-53142
HR-14830,Harold Ryan,Corporate,US-Wes-Cal-Hun-92646
JC-15775,John Castell,Consumer,US-Eas-Pen-Phi-19143
DD-13570,Dorothy Dickinson,Consumer,US-Eas-Pen-Phi-19134
RB-19360,Raymond Buch,Consumer,US-Cen-Sou-Sio-57103
EM-14200,Evan Minnotte,Home Office,US-Cen-Tex-Dal-75217
GZ-14545,George Zrebassa,Corporate,US-Wes-Cal-Los-90036
TM-21490,Tony Molinari,Consumer,US-Eas-New-Yon-10701
MG-18145,Mike Gockenbach,Consumer,US-Sou-Flo-Jac-32216
DK-13375,Dennis Kane,Consumer,US-Wes-Was-Sea-98115
MH-17620,Matt Hagelstein,Corporate,US-Wes-Cal-San-94110
RF-19735,Roland Fjeld,Consumer,US-Cen-Okl-Okl-73120
GM-14440,Gary McGarr,Consumer,US-Eas-New-Tro-12180
VG-21790,Vivek Gonzalez,Consumer,US-Wes-Was-Sea-98103
LA-16780,Laura Armstrong,Corporate,US-Cen-Tex-Aus-78745
AG-10675,Anna Gayman,Consumer,US-Sou-Nor-Jac-28540
GW-14605,Giulietta Weimer,Consumer,US-Wes-Was-Sea-98115
TC-21475,Tony Chapman,Home Office,US-Eas-Ohi-Lak-44107
JF-15355,Jay Fein,Consumer,US-Eas-Mar-Bal-21215
JL-15835,John Lee,Consumer,US-Wes-Cal-Mis-92691
LS-17200,Luke Schmidt,Corporate,US-Cen-Wis-Mil-53209
EH-14125,Eugene Hildebrand,Home Office,US-Sou-Flo-For-33311
LB-16795,Laurel Beltran,Home Office,US-Eas-Del-Wil-19805
KW-16435,Katrina Willman,Consumer,US-Cen-Ill-Chi-60653
EA-14035,Erin Ashbrook,Corporate,US-Eas-Pen-Phi-19134
EC-14050,Erin Creighton,Consumer,US-Wes-Cal-San-94110
GM-14680,Greg Matthias,Consumer,US-Eas-Pen-Phi-19134
AS-10045,Aaron Smayling,Corporate,US-Cen-Tex-Aus-78745
AT-10735,Annie Thurman,Consumer,US-Cen-Ill-Chi-60653
LH-16750,Larry Hughes,Consumer,US-Sou-Nor-Cha-28205
HK-14890,Heather Kirkland,Corporate,US-Wes-Cal-Sal-93905
EM-13960,Eric Murdock,Consumer,US-Wes-Cal-San-94109
CM-12190,Charlotte Melton,Consumer,US-Cen-Ill-Chi-60623
BD-11725,Bruce Degenhardt,Consumer,US-Wes-Cal-San-94122
SC-20230,Scot Coram,Corporate,US-Wes-Was-Sea-98105
AB-10105,Adrian Barton,Consumer,US-Cen-Ill-Blo-61701
GA-14515,George Ashbrook,Consumer,US-Wes-Cal-Los-90004
TB-21055,Ted Butterfield,Consumer,US-Eas-Ohi-Fai-45014
HM-14860,Harry Marie,Corporate,US-Cen-Tex-Car-75007
HM-14860,Harry Marie,Corporate,US-Wes-Col-Lov-80538
NZ-18565,Nick Zandusky,Home Office,US-Cen-Tex-Hou-77070
PW-19030,Pauline Webber,Corporate,US-Sou-Ken-Ric-40475
PO-18865,Patrick O'Donnell,Consumer,US-Cen-Ind-Ind-46203
GM-14455,Gary Mitchum,Home Office,US-Eas-New-Con-3301
SV-20365,Seth Vernon,Consumer,US-Sou-Lou-Laf-70506
TB-21355,Todd Boyes,Corporate,US-Cen-Tex-Ced-75104
SH-20395,Shahid Hopkins,Consumer,US-Eas-New-New-10011
JL-15505,Jeremy Lonsdale,Consumer,US-Wes-Cal-Wes-92683
JK-15370,Jay Kimmel,Consumer,US-Wes-Cal-San-92105
MC-17575,Matt Collins,Consumer,US-Wes-Cal-San-95123
JW-15955,Joni Wasserman,Consumer,US-Eas-New-Lon-11561
CK-12205,Chloris Kastensmidt,Consumer,US-Cen-Tex-Dal-75081
CC-12475,Cindy Chapman,Consumer,US-Cen-Min-Moo-56560
FM-14380,Fred McMath,Consumer,US-Sou-Nor-Jac-28540
IL-15100,Ivan Liston,Consumer,US-Cen-Ind-Col-47201
SF-20965,Sylvia Foulston,Corporate,US-Cen-Tex-Bed-76021
DR-12940,Daniel Raglin,Home Office,US-Sou-Lou-Lak-70601
SJ-20125,Sanjit Jacobs,Home Office,US-Eas-New-New-10009
DK-12895,Dana Kaydos,Consumer,US-Wes-Was-Sea-98103
JM-16195,Justin MacKendrick,Consumer,US-Wes-Cal-Lak-92630
BB-11545,Brenda Bowman,Corporate,US-Eas-Mar-Col-21044
RH-19495,Rick Hansen,Consumer,US-Sou-Flo-Orl-32839
DC-12850,Dan Campbell,Consumer,US-Sou-Ten-Mem-38109
JK-15370,Jay Kimmel,Consumer,US-Wes-Cal-San-94122
MK-17905,Michael Kennedy,Corporate,US-Wes-Cal-San-92037
KD-16495,Keith Dawkins,Corporate,US-Eas-Pen-Phi-19120
NP-18700,Nora Preis,Consumer,US-Wes-Cal-San-94109
JM-15250,Janet Martin,Consumer,US-Wes-Cal-Los-90032
DL-13495,Dionis Lloyd,Corporate,US-Eas-Pen-Phi-19120
BO-11350,Bill Overfelt,Corporate,US-Cen-Min-Ros-55113
JG-15160,James Galang,Consumer,US-Eas-New-Pla-7060
SJ-20215,Sarah Jordon,Consumer,US-Sou-Ten-Col-38401
EH-13765,Edward Hooks,Corporate,US-Eas-New-Wat-13601
RW-19540,Rick Wilson,Corporate,US-Wes-Cal-Bre-94513
ED-13885,Emily Ducich,Home Office,US-Cen-Tex-Hou-77095
AH-10120,Adrian Hane,Home Office,US-Sou-Ken-Lou-40214
TP-21415,Tom Prescott,Consumer,US-Eas-Pen-Phi-19134
NF-18595,Nicole Fjeld,Home Office,US-Wes-Was-Sea-98105
HW-14935,Helen Wasserman,Corporate,US-Wes-Was-Sea-98105
NG-18355,Nat Gilpin,Corporate,US-Eas-New-New-10011
RA-19915,Russell Applegate,Consumer,US-Cen-Tex-Dal-75220
CM-12160,Charles McCrossin,Consumer,US-Eas-Mas-New-2740
CK-12205,Chloris Kastensmidt,Consumer,US-Eas-Ohi-Lak-44107
YS-21880,Yana Sorensen,Corporate,US-Wes-Was-Sea-98103
PJ-19015,Pauline Johnson,Consumer,US-Eas-Ohi-Col-43229
DO-13435,Denny Ordway,Consumer,US-Wes-Uta-Sal-84106
JB-15400,Jennifer Braxton,Corporate,US-Eas-Mas-Law-1841
DO-13645,Doug O'Connell,Consumer,US-Eas-Mas-Law-1841
SC-20575,Sonia Cooley,Consumer,US-Cen-Ill-Chi-60653
TT-21460,Tonja Turnell,Home Office,US-Sou-Nor-Cha-28205
KT-16480,Kean Thornton,Consumer,US-Wes-Cal-Los-90036
EM-13810,Eleni McCrary,Corporate,US-Eas-Mas-Fra-2038
LR-17035,Lisa Ryan,Corporate,US-Wes-Cal-San-94109
SC-20845,Sung Chung,Consumer,US-Wes-Col-Lou-80027
DL-13495,Dionis Lloyd,Corporate,US-Wes-Ari-Cha-85224
TH-21550,Tracy Hopkins,Home Office,US-Eas-Mar-Col-21044
PR-18880,Patrick Ryan,Consumer,US-Wes-Cal-Oak-94601
PK-19075,Pete Kriz,Consumer,US-Eas-New-New-10035
NF-18385,Natalie Fritzler,Consumer,US-Sou-Mis-Jac-39212
GT-14710,Greg Tran,Consumer,US-Cen-Min-Lak-55044
Dp-13240,Dean percer,Home Office,US-Eas-Pen-Phi-19143
TM-21490,Tony Molinari,Consumer,US-Wes-Cal-San-94110
PO-18850,Patrick O'Brill,Consumer,US-Sou-Flo-Tal-32303
AH-10195,Alan Haines,Corporate,US-Eas-New-New-10024
DM-13015,Darrin Martin,Consumer,US-Eas-Ohi-Lan-43130
GA-14725,Guy Armstrong,Consumer,US-Sou-Nor-Cha-28205
DW-13540,Don Weiss,Consumer,US-Sou-Ten-Jac-38301
JE-15715,Joe Elijah,Consumer,US-Eas-Ohi-Cle-44105
SV-20365,Seth Vernon,Consumer,US-Eas-Pen-Phi-19140
HJ-14875,Heather Jas,Home Office,US-Cen-Mic-Det-48234
SC-20680,Steve Carroll,Home Office,US-Sou-Geo-Col-31907
DP-13000,Darren Powers,Consumer,US-Cen-Ill-Chi-60610
DR-12880,Dan Reichenbach,Corporate,US-Wes-Cal-Ing-90301
MR-17545,Mathew Reese,Home Office,US-Eas-New-New-10024
BP-11185,Ben Peterman,Corporate,US-Eas-Pen-Phi-19120
SE-20110,Sanjit Engle,Consumer,US-Cen-Tex-Dal-75220
SF-20200,Sarah Foster,Consumer,US-Wes-Ari-Mes-85204
AR-10405,Allen Rosenblatt,Corporate,US-Eas-Mas-Fra-2038
SP-20620,Stefania Perrino,Corporate,US-Sou-Flo-Tam-33614
ST-20530,Shui Tom,Consumer,US-Sou-Flo-Por-34952
DK-12895,Dana Kaydos,Consumer,US-Sou-Ten-Fra-37064
MG-17650,Matthew Grinstein,Home Office,US-Cen-Wis-Mil-53209
KN-16705,Kristina Nunn,Home Office,US-Wes-Was-Sea-98105
SC-20305,Sean Christensen,Consumer,US-Cen-Ill-Chi-60623
RW-19540,Rick Wilson,Corporate,US-Wes-Cal-Los-90049
CP-12085,Cathy Prescott,Corporate,US-Cen-Ill-Qui-62301
MD-17860,Michael Dominguez,Corporate,US-Eas-Pen-Phi-19134
AW-10930,Arthur Wiediger,Home Office,US-Wes-Cal-San-94110
AJ-10945,Ashley Jarboe,Consumer,US-Cen-Ind-Law-46226
RL-19615,Rob Lucas,Consumer,US-Sou-Nor-Fay-28314
MS-17770,Maxwell Schwartz,Consumer,US-Wes-Cal-San-94109
MG-17890,Michael Granlund,Home Office,US-Wes-Ore-Sal-97301
JF-15490,Jeremy Farry,Consumer,US-Wes-Ari-Tem-85281
BW-11110,Bart Watters,Corporate,US-Wes-Was-Spo-99207
BG-11035,Barry Gonzalez,Consumer,US-Sou-Lou-Mon-71203
CK-12325,Christine Kargatis,Home Office,US-Wes-Was-Sea-98103
RW-19540,Rick Wilson,Corporate,US-Wes-Was-Sea-98103
BN-11515,Bradley Nguyen,Consumer,US-Eas-New-New-10009
SS-20875,Sung Shariari,Consumer,US-Wes-Was-Red-98052
AW-10840,Anthony Witt,Consumer,US-Wes-Cal-Bak-93309
JL-15235,Janet Lee,Consumer,US-Wes-Cal-Los-90049
TB-21055,Ted Butterfield,Consumer,US-Eas-Con-Mer-6450
RK-19300,Ralph Kennedy,Consumer,US-Eas-Pen-Phi-19140
MH-17290,Marc Harrigan,Home Office,US-Wes-Cal-Los-90008
PF-19225,Phillip Flathmann,Consumer,US-Wes-Cal-San-94122
BE-11335,Bill Eplett,Home Office,US-Cen-Mic-Jac-49201
AC-10615,Ann Chong,Corporate,US-Eas-New-New-10009
AH-10210,Alan Hwang,Consumer,US-Sou-Ken-Hen-42420
LW-17215,Luke Weiss,Consumer,US-Wes-Col-For-80525
MC-18100,Mick Crebagga,Consumer,US-Cen-Ill-Chi-60623
SU-20665,Stephanie Ulpright,Home Office,US-Wes-Was-Sea-98103
JS-15595,Jill Stevenson,Corporate,US-Cen-Ill-Chi-60653
Dl-13600,Dorris liebe,Corporate,US-Eas-Ohi-Cle-44105
JK-15730,Joe Kamberova,Consumer,US-Wes-Cal-Con-94521
KB-16405,Katrina Bavinger,Home Office,US-Eas-New-New-10035
EP-13915,Emily Phan,Consumer,US-Cen-Ill-Chi-60653
SC-20050,Sample Company A,Home Office,US-Wes-Cal-La -91941
MY-18295,Muhammed Yedwab,Corporate,US-Cen-Ill-Chi-60623
AG-10900,Arthur Gainer,Consumer,US-Cen-Tex-Dal-75217
AP-10915,Arthur Prichep,Consumer,US-Sou-Flo-Pal-32137
AG-10300,Aleksandra Gannaway,Corporate,US-Wes-Cal-San-94122
EJ-14155,Eva Jacobs,Consumer,US-Wes-Cal-San-92704
KB-16405,Katrina Bavinger,Home Office,US-Wes-Cal-App-92307
DO-13645,Doug O'Connell,Consumer,US-Sou-Flo-Boy-33437
HW-14935,Helen Wasserman,Corporate,US-Cen-Ill-Chi-60653
TH-21235,Tiffany House,Corporate,US-Wes-Cal-Los-90032
GM-14695,Greg Maxwell,Corporate,US-Wes-Cal-Los-90036
JD-15790,John Dryer,Consumer,US-Cen-Tex-Cop-75019
JK-16120,Julie Kriz,Home Office,US-Cen-Tex-Gar-75043
MM-17920,Michael Moore,Consumer,US-Eas-Pen-Phi-19120
RA-19285,Ralph Arnett,Consumer,US-Wes-Cal-Los-90004
MD-17350,Maribeth Dona,Consumer,US-Eas-Ohi-Akr-44312
CV-12805,Cynthia Voltz,Corporate,US-Wes-Cal-Oak-94601
AB-10150,Aimee Bixby,Consumer,US-Eas-New-Lon-11561
AS-10045,Aaron Smayling,Corporate,US-Wes-Ore-Red-97756
VM-21835,Vivian Mathis,Consumer,US-Eas-New-Nas-3060
PK-19075,Pete Kriz,Consumer,US-Wes-Cal-San-94122
MG-17875,Michael Grace,Home Office,US-Sou-Flo-For-33311
LP-17095,Liz Preis,Consumer,US-Sou-Ten-Kno-37918
SP-20620,Stefania Perrino,Corporate,US-Eas-New-New-10011
JM-16195,Justin MacKendrick,Consumer,US-Wes-Uta-Dra-84020
AA-10375,Allen Armold,Consumer,US-Eas-Rho-Pro-2908
NF-18595,Nicole Fjeld,Home Office,US-Cen-Ill-Chi-60610
RD-19660,Robert Dilbeck,Home Office,US-Cen-Mis-Ind-64055
AG-10390,Allen Goldenen,Consumer,US-Wes-Cal-Los-90004
RD-19900,Ruben Dartt,Consumer,US-Wes-Ore-Por-97206
CB-12025,Cassandra Brandow,Consumer,US-Eas-Pen-Phi-19134
TG-21640,Trudy Glocke,Consumer,US-Cen-Mis-Sai-63301
PF-19225,Phillip Flathmann,Consumer,US-Wes-Was-Edm-98026
Dp-13240,Dean percer,Home Office,US-Wes-Ari-Pho-85023
JC-15340,Jasper Cacioppo,Consumer,US-Wes-Cal-Los-90032
DM-12955,Dario Medina,Corporate,US-Sou-Ten-Nas-37211
JA-15970,Joseph Airdo,Consumer,US-Wes-Cal-Mod-95351
AG-10675,Anna Gayman,Consumer,US-Cen-Wis-Mil-53209
BF-11020,Barry Französisch,Corporate,US-Cen-Tex-Arl-76017
RS-19765,Roland Schwarz,Corporate,US-Eas-Ohi-Mar-43302
EM-14095,Eudokia Martin,Corporate,US-Eas-New-New-10024
DB-13555,Dorothy Badders,Corporate,US-Eas-Ohi-Dub-43017
FC-14245,Frank Carlisle,Home Office,US-Sou-Flo-Hia-33012
MM-18055,Michelle Moray,Consumer,US-Cen-Ill-Chi-60610
AR-10345,Alex Russell,Corporate,US-Cen-Tex-Hou-77070
JB-16000,Joy Bell-,Consumer,US-Cen-Mic-Ros-48066
JD-16015,Joy Daniels,Consumer,US-Eas-Ohi-Tol-43615
AI-10855,Arianne Irving,Consumer,US-Wes-Ari-Gle-85301
SP-20620,Stefania Perrino,Corporate,US-Eas-Pen-Phi-19134
SO-20335,Sean O'Donnell,Consumer,US-Sou-Ten-Col-38401
KD-16495,Keith Dawkins,Corporate,US-Wes-Cal-Los-90036
LC-17050,Liz Carlisle,Consumer,US-Wes-Cal-Los-90004
LC-17140,Logan Currie,Consumer,US-Eas-Ohi-Cle-44105
SB-20290,Sean Braxton,Corporate,US-Sou-Sou-Flo-29501
GK-14620,Grace Kelly,Corporate,US-Cen-Tex-Pla-75023
MC-17605,Matt Connell,Corporate,US-Wes-Cal-Los-90032
DK-12835,Damala Kotsonis,Corporate,US-Wes-Ore-Por-97206
AR-10345,Alex Russell,Corporate,US-Eas-Mas-Law-1841
RW-19690,Robert Waldorf,Consumer,US-Cen-Mis-Spr-65807
SS-20410,Shahid Shariari,Consumer,US-Sou-Geo-Atl-30318
SH-20395,Shahid Hopkins,Consumer,US-Eas-New-New-10024
LC-16930,Linda Cazamias,Corporate,US-Cen-Ill-Nap-60540
HA-14905,Helen Abelman,Consumer,US-Eas-Ohi-Spr-45503
KH-16630,Ken Heidel,Corporate,US-Eas-Ohi-Akr-44312
SN-20560,Skye Norling,Home Office,US-Cen-Ill-Chi-60653
CB-12025,Cassandra Brandow,Consumer,US-Sou-Vir-Ric-23223
JF-15415,Jennifer Ferguson,Consumer,US-Wes-Was-Sea-98105
KH-16630,Ken Heidel,Corporate,US-Wes-Cal-San-92704
KF-16285,Karen Ferguson,Home Office,US-Wes-Cal-Lon-90805
SS-20410,Shahid Shariari,Consumer,US-Sou-Ken-Geo-40324
RC-19960,Ryan Crowe,Consumer,US-Sou-Flo-Jac-32216
CC-12475,Cindy Chapman,Consumer,US-Cen-Tex-Hou-77070
HA-14920,Helen Andreada,Consumer,US-Cen-Ill-Chi-60623
CB-12025,Cassandra Brandow,Consumer,US-Wes-Cal-San-94110
BF-11080,Bart Folk,Consumer,US-Eas-Mar-Bal-21215
DJ-13510,Don Jones,Corporate,US-Eas-Rho-Woo-2895
JM-15865,John Murray,Consumer,US-Wes-Cal-Los-90036
JM-15535,Jessica Myrick,Consumer,US-Wes-Cal-Los-90036
SG-20605,Speros Goranitis,Consumer,US-Sou-Nor-Ash-28806
RB-19705,Roger Barcio,Home Office,US-Eas-New-New-10035
LT-17110,Liz Thompson,Consumer,US-Eas-New-Ora-7050
JB-16000,Joy Bell-,Consumer,US-Wes-Cal-Los-90045
CY-12745,Craig Yedwab,Corporate,US-Eas-Ohi-Spr-45503
PS-18760,Pamela Stobb,Consumer,US-Eas-Pen-Phi-19140
HZ-14950,Henia Zydlo,Consumer,US-Eas-New-New-10024
TB-21520,Tracy Blumstein,Consumer,US-Cen-Mic-Jac-49201
DB-13555,Dorothy Badders,Corporate,US-Sou-Nor-Ral-27604
DO-13645,Doug O'Connell,Consumer,US-Wes-Uta-Sal-84106
TC-21145,Theresa Coyne,Corporate,US-Eas-New-Lak-8701
ES-14020,Erica Smith,Consumer,US-Wes-Cal-Los-90049
RD-19480,Rick Duston,Consumer,US-Wes-Cal-San-94122
BB-11545,Brenda Bowman,Corporate,US-Cen-Tex-Hou-77070
Dp-13240,Dean percer,Home Office,US-Eas-Con-Wat-6708
AB-10165,Alan Barnes,Consumer,US-Sou-Ten-Leb-37087
CL-11890,Carl Ludwig,Consumer,US-Eas-Mas-Eve-2149
DB-13060,Dave Brooks,Consumer,US-Cen-Ill-Chi-60653
CS-12400,Christopher Schild,Home Office,US-Wes-Cal-San-94109
GM-14500,Gene McClure,Consumer,US-Wes-Was-Sea-98103
CC-12145,Charles Crestani,Consumer,US-Cen-Tex-Hou-77095
MO-17800,Meg O'Connel,Home Office,US-Eas-New-New-10009
EH-14185,Evan Henry,Consumer,US-Eas-Pen-Phi-19143
CL-12700,Craig Leslie,Home Office,US-Sou-Ken-Flo-41042
BB-10990,Barry Blumstein,Corporate,US-Wes-Cal-Ing-90301
AS-10090,Adam Shillingsburg,Consumer,US-Eas-Pen-Phi-19143
CY-12745,Craig Yedwab,Corporate,US-Wes-Cal-San-94110
AB-10060,Adam Bellavance,Home Office,US-Eas-Pen-Phi-19143
JF-15355,Jay Fein,Consumer,US-Cen-Tex-Aus-78745
SC-20380,Shahid Collister,Consumer,US-Wes-Ida-Boi-83704
TP-21415,Tom Prescott,Consumer,US-Wes-Was-Sea-98115
GZ-14470,Gary Zandusky,Consumer,US-Eas-New-Mor-7960
MO-17800,Meg O'Connel,Home Office,US-Sou-Geo-Ros-30076
AS-10225,Alan Schoenberger,Corporate,US-Wes-Uta-Pro-84604
SJ-20125,Sanjit Jacobs,Home Office,US-Cen-Tex-Hou-77036
SS-20140,Saphhira Shifley,Corporate,US-Sou-Geo-Col-31907
DC-12850,Dan Campbell,Consumer,US-Cen-Tex-Arl-76017
TS-21505,Tony Sayre,Consumer,US-Wes-New-Clo-88101
TM-21010,Tamara Manning,Consumer,US-Cen-Neb-Gra-68801
BF-11020,Barry Französisch,Corporate,US-Cen-Wis-Gre-54302
MM-18280,Muhammed MacIntyre,Corporate,US-Eas-New-New-10035
PA-19060,Pete Armstrong,Home Office,US-Cen-Tex-Dal-75220
SH-19975,Sally Hughsby,Corporate,US-Wes-Cal-San-94122
FG-14260,Frank Gastineau,Home Office,US-Eas-Pen-Phi-19120
DP-13105,Dave Poirier,Corporate,US-Wes-Cal-Los-90032
JR-16210,Justin Ritter,Corporate,US-Wes-Ore-Spr-97477
ES-14080,Erin Smith,Corporate,US-Sou-Flo-Mel-32935
JM-15535,Jessica Myrick,Consumer,US-Eas-New-New-10011
SV-20365,Seth Vernon,Consumer,US-Eas-New-New-10035
DB-13615,Doug Bickford,Consumer,US-Wes-Cal-San-94109
EB-13870,Emily Burns,Consumer,US-Eas-Pen-Phi-19143
BM-11575,Brendan Murry,Corporate,US-Wes-Cal-Los-90045
ML-18265,Muhammed Lee,Consumer,US-Wes-Was-Sea-98103
RH-19495,Rick Hansen,Consumer,US-Cen-Min-Roc-55901
DL-12865,Dan Lawera,Consumer,US-Sou-Flo-Mia-33142
KT-16480,Kean Thornton,Consumer,US-Sou-Geo-Col-31907
JE-15610,Jim Epp,Corporate,US-Cen-Wis-Mil-53209
MG-17890,Michael Granlund,Home Office,US-Eas-New-Con-3301
BK-11260,Berenike Kampe,Consumer,US-Wes-Cal-San-92704
DW-13195,David Wiener,Corporate,US-Wes-New-Alb-87105
JA-15970,Joseph Airdo,Consumer,US-Eas-Pen-Phi-19134
LC-17140,Logan Currie,Consumer,US-Eas-New-New-10035
PB-19105,Peter Bühler,Consumer,US-Sou-Geo-Smy-30080
EH-14005,Erica Hernandez,Home Office,US-Cen-Mic-Lan-48911
SH-19975,Sally Hughsby,Corporate,US-Cen-Tex-Pea-77581
CA-12265,Christina Anderson,Consumer,US-Eas-Del-Wil-19805
JE-15745,Joel Eaton,Consumer,US-Sou-Ark-Fay-72701
SC-20440,Shaun Chance,Corporate,US-Eas-New-New-10009
MH-17785,Maya Herman,Corporate,US-Cen-Tex-Lub-79424
DB-13660,Duane Benoit,Consumer,US-Wes-Cal-Los-90036
DO-13645,Doug O'Connell,Consumer,US-Sou-Ark-Pin-71603
BG-11695,Brooke Gillingham,Corporate,US-Wes-Col-Lou-80027
BD-11320,Bill Donatelli,Consumer,US-Cen-Okl-Tul-74133
AP-10915,Arthur Prichep,Consumer,US-Wes-Col-For-80525
BS-11755,Bruce Stewart,Consumer,US-Wes-Cal-San-94122
DW-13540,Don Weiss,Consumer,US-Wes-Was-Sea-98105
LC-16870,Lena Cacioppo,Consumer,US-Cen-Ill-Chi-60653
BE-11410,Bobby Elias,Consumer,US-Sou-Flo-Mia-33178
KN-16705,Kristina Nunn,Home Office,US-Wes-Col-For-80525
FA-14230,Frank Atkinson,Corporate,US-Wes-Cal-Los-90008
KC-16540,Kelly Collister,Consumer,US-Eas-Ohi-New-43055
AG-10675,Anna Gayman,Consumer,US-Sou-Geo-Col-31907
NK-18490,Neil Knudson,Home Office,US-Wes-Cal-San-94110
RO-19780,Rose O'Brian,Consumer,US-Cen-Ill-Chi-60623
MH-18115,Mick Hernandez,Home Office,US-Eas-Ohi-Lan-43130
PP-18955,Paul Prost,Home Office,US-Sou-Flo-Hol-33021
BD-11605,Brian Dahlen,Consumer,US-Sou-Flo-Mia-33180
KB-16240,Karen Bern,Corporate,US-Cen-Min-Sai-56301
KF-16285,Karen Ferguson,Home Office,US-Sou-Geo-San-30328
BP-11095,Bart Pistole,Corporate,US-Eas-Mas-Law-1841
PB-19150,Philip Brown,Consumer,US-Wes-Was-Sea-98115
KW-16435,Katrina Willman,Consumer,US-Eas-New-New-10009
LS-17200,Luke Schmidt,Corporate,US-Wes-Mon-Hel-59601
CA-11965,Carol Adams,Corporate,US-Eas-Ohi-Lak-44107
AH-10075,Adam Hart,Corporate,US-Eas-Pen-Che-19013
RB-19360,Raymond Buch,Consumer,US-Eas-Ohi-Cin-45231
AG-10900,Arthur Gainer,Consumer,US-Sou-Vir-Ric-23223
CT-11995,Carol Triggs,Consumer,US-Cen-Min-Roc-55901
SL-20155,Sara Luxemburg,Home Office,US-Wes-Ore-Sal-97301
RA-19885,Ruben Ausman,Corporate,US-Wes-Cal-San-94109
SJ-20125,Sanjit Jacobs,Home Office,US-Sou-Flo-Mir-33023
SP-20860,Sung Pak,Corporate,US-Sou-Flo-Jac-32216
CM-12160,Charles McCrossin,Consumer,US-Cen-Tex-Bro-78521
SF-20965,Sylvia Foulston,Corporate,US-Eas-Pen-Phi-19134
BD-11725,Bruce Degenhardt,Consumer,US-Wes-Cal-Los-90032
DS-13030,Darrin Sayre,Home Office,US-Wes-Col-Aur-80013
MG-17680,Maureen Gastineau,Home Office,US-Eas-Ohi-Men-44060
JK-15730,Joe Kamberova,Consumer,US-Wes-Cal-Lod-95240
PG-18820,Patrick Gardner,Consumer,US-Wes-Cal-Bak-93309
SC-20575,Sonia Cooley,Consumer,US-Wes-Cal-Los-90036
AS-10630,Ann Steele,Home Office,US-Cen-Tex-Pas-77506
JO-15280,Jas O'Carroll,Consumer,US-Sou-Ten-Mem-38109
FH-14365,Fred Hopkins,Corporate,US-Eas-New-Hem-11550
JA-15970,Joseph Airdo,Consumer,US-Eas-New-Mou-10550
ME-18010,Michelle Ellison,Corporate,US-Eas-Ohi-Mar-43302
SC-20050,Sample Company A,Home Office,US-Cen-Tex-Arl-76017
CS-11845,Cari Sayre,Corporate,US-Wes-Was-Sea-98103
CC-12475,Cindy Chapman,Consumer,US-Eas-Mar-Bal-21215
BT-11530,Bradley Talbott,Home Office,US-Wes-Cal-Los-90049
BF-10975,Barbara Fisher,Corporate,US-Eas-Pen-Phi-19120
EB-13840,Ellis Ballard,Corporate,US-Wes-Was-Sea-98105
NS-18505,Neola Schneider,Consumer,US-Wes-Cal-San-95123
TN-21040,Tanja Norvell,Home Office,US-Wes-Cal-San-94110
KH-16630,Ken Heidel,Corporate,US-Cen-Tex-San-78207
DK-13090,Dave Kipp,Consumer,US-Cen-Neb-Fre-68025
CM-12655,Corinna Mitchell,Home Office,US-Eas-New-New-10035
Dp-13240,Dean percer,Home Office,US-Sou-Ten-Kno-37918
FG-14260,Frank Gastineau,Home Office,US-Wes-Was-Sea-98105
PV-18985,Paul Van Hugh,Home Office,US-Wes-Cal-Los-90036
BP-11155,Becky Pak,Consumer,US-Eas-New-New-10011
SC-20695,Steve Chapman,Corporate,US-Cen-Tex-Hou-77041
JK-16090,Juliana Krohn,Consumer,US-Wes-Ore-Spr-97477
CM-12115,Chad McGuire,Consumer,US-Wes-Cal-San-94109
RW-19630,Rob Williams,Corporate,US-Eas-New-New-10035
JW-15220,Jane Waco,Corporate,US-Sou-Ala-Mon-36116
RF-19735,Roland Fjeld,Consumer,US-Cen-Mic-Tre-48183
HL-15040,Hunter Lopez,Consumer,US-Eas-New-Roc-14609
LW-16825,Laurel Workman,Corporate,US-Cen-Tex-Pas-77506
PO-18850,Patrick O'Brill,Consumer,US-Sou-Flo-Hia-33012
AC-10450,Amy Cox,Consumer,US-Cen-Min-Min-55407
CC-12430,Chuck Clark,Home Office,US-Eas-New-New-10009
AS-10045,Aaron Smayling,Corporate,US-Wes-Cal-Pas-91104
PS-18970,Paul Stevenson,Home Office,US-Eas-Mar-Cli-20735
GG-14650,Greg Guthrie,Corporate,US-Wes-Cal-Chi-95928
PO-19195,Phillina Ober,Home Office,US-Eas-New-New-10011
TS-21370,Todd Sumrall,Corporate,US-Eas-New-New-10035
MP-18175,Mike Pelletier,Home Office,US-Wes-Cal-San-94110
RB-19795,Ross Baird,Home Office,US-Wes-Col-Den-80219
CR-12820,Cyra Reiten,Home Office,US-Eas-New-New-10035
MM-18280,Muhammed MacIntyre,Corporate,US-Eas-New-New-10009
AJ-10945,Ashley Jarboe,Consumer,US-Wes-Ari-Cha-85224
XP-21865,Xylona Preis,Consumer,US-Eas-New-Bel-7109
MH-17455,Mark Hamilton,Consumer,US-Cen-Ill-Chi-60623
NZ-18565,Nick Zandusky,Home Office,US-Wes-Ida-Mer-83642
MG-18145,Mike Gockenbach,Consumer,US-Wes-Cal-Los-90045
Dp-13240,Dean percer,Home Office,US-Sou-Nor-Cha-28205
DC-13285,Debra Catini,Consumer,US-Wes-Cal-San-94110
DB-13210,Dean Braden,Consumer,US-Cen-Mic-Det-48234
JK-15730,Joe Kamberova,Consumer,US-Cen-Tex-Hou-77036
CS-12250,Chris Selesnick,Corporate,US-Wes-Cal-San-92105
BP-11050,Barry Pond,Corporate,US-Eas-Rho-Cra-2920
EB-14170,Evan Bailliet,Consumer,US-Sou-Nor-Wil-28403
HG-14845,Harry Greene,Consumer,US-Eas-New-New-10024
XP-21865,Xylona Preis,Consumer,US-Wes-Cal-Los-90032
CP-12085,Cathy Prescott,Corporate,US-Eas-Ohi-Lak-44107
CK-12760,Cyma Kinney,Corporate,US-Cen-Ill-Aur-60505
MB-17305,Maria Bertelson,Consumer,US-Cen-Tex-Lea-77573
SW-20245,Scot Wooten,Consumer,US-Cen-Ill-Aur-60505
MG-17650,Matthew Grinstein,Home Office,US-Cen-Tex-Dal-75081
SN-20710,Steve Nguyen,Home Office,US-Cen-Ill-Roc-61107
NF-18385,Natalie Fritzler,Consumer,US-Eas-Wes-Whe-26003
RW-19690,Robert Waldorf,Consumer,US-Wes-Cal-Los-90049
SM-20320,Sean Miller,Home Office,US-Sou-Nor-Mon-28110
ML-18040,Michelle Lonsdale,Corporate,US-Wes-New-Alb-87105
SP-20860,Sung Pak,Corporate,US-Cen-Tex-Dal-75217
CA-12265,Christina Anderson,Consumer,US-Eas-New-New-10024
NP-18670,Nora Paige,Consumer,US-Eas-New-Lak-8701
AG-10495,Andrew Gjertsen,Corporate,US-Eas-Pen-Phi-19140
CR-12730,Craig Reiter,Consumer,US-Eas-New-New-10009
TS-21610,Troy Staebel,Consumer,US-Cen-Ill-Fre-61032
MH-18025,Michelle Huthwaite,Consumer,US-Sou-Lou-Laf-70506
JW-15220,Jane Waco,Corporate,US-Wes-Cal-Sac-95823
AH-10210,Alan Hwang,Consumer,US-Sou-Ken-Lou-40214
AG-10765,Anthony Garverick,Home Office,US-Cen-Ill-Chi-60623
EL-13735,Ed Ludwig,Home Office,US-Eas-Mar-Col-21044
JW-15955,Joni Wasserman,Consumer,US-Wes-Cal-Oak-94601
RS-19765,Roland Schwarz,Corporate,US-Wes-Cal-Los-90045
MC-17275,Marc Crier,Consumer,US-Wes-Cal-Cam-93010
DL-13495,Dionis Lloyd,Corporate,US-Wes-Cal-Tho-91360
RS-19420,Ricardo Sperren,Corporate,US-Eas-Con-Fai-6824
SV-20815,Stuart Van,Corporate,US-Wes-Uta-Ore-84057
FG-14260,Frank Gastineau,Home Office,US-Wes-Cal-San-94110
AJ-10780,Anthony Jacobs,Corporate,US-Wes-Ari-Sco-85254
VP-21760,Victoria Pisteka,Corporate,US-Sou-Ten-Col-38401
MY-17380,Maribeth Yedwab,Corporate,US-Eas-New-New-10011
GH-14410,Gary Hansen,Home Office,US-Wes-Ari-Yum-85364
BO-11425,Bobby Odegard,Consumer,US-Sou-Ken-Ric-40475
SS-20140,Saphhira Shifley,Corporate,US-Eas-Rho-War-2886
AJ-10960,Astrea Jones,Consumer,US-Wes-Cal-San-92037
BF-11020,Barry Französisch,Corporate,US-Wes-Cal-Mod-95351
HM-14860,Harry Marie,Corporate,US-Eas-Pen-Phi-19120
CA-12265,Christina Anderson,Consumer,US-Cen-Tex-Wac-76706
MA-17560,Matt Abelman,Home Office,US-Cen-Tex-Hou-77095
RD-19480,Rick Duston,Consumer,US-Cen-Tex-Hou-77095
TH-21550,Tracy Hopkins,Home Office,US-Sou-Nor-Bur-27217
MO-17500,Mary O'Rourke,Consumer,US-Cen-Ill-Chi-60623
MP-17965,Michael Paige,Corporate,US-Eas-Mas-Law-1841
JS-16030,Joy Smith,Consumer,US-Wes-Cal-San-94122
PT-19090,Pete Takahito,Consumer,US-Sou-Flo-Jac-32216
EB-13705,Ed Braxton,Corporate,US-Eas-Ohi-Akr-44312
MA-17560,Matt Abelman,Home Office,US-Eas-Pen-Phi-19120
MY-18295,Muhammed Yedwab,Corporate,US-Sou-Nor-Dur-27707
RB-19465,Rick Bensley,Home Office,US-Eas-New-New-10024
JE-16165,Justin Ellison,Corporate,US-Wes-Cal-Woo-95695
IG-15085,Ivan Gibson,Consumer,US-Sou-Ark-Lit-72209
DK-12835,Damala Kotsonis,Corporate,US-Wes-Ore-Spr-97477
NK-18490,Neil Knudson,Home Office,US-Sou-Flo-Del-32725
FC-14245,Frank Carlisle,Home Office,US-Eas-Ohi-Lak-44107
JB-15400,Jennifer Braxton,Corporate,US-Cen-Wis-Mil-53209
SL-20155,Sara Luxemburg,Home Office,US-Cen-Okl-Mus-74403
SP-20920,Susan Pistek,Consumer,US-Cen-Ill-Chi-60653
MD-17860,Michael Dominguez,Corporate,US-Cen-Ind-Ind-46203
CM-12160,Charles McCrossin,Consumer,US-Eas-Pen-Phi-19143
PH-18790,Patricia Hirasaki,Home Office,US-Sou-Flo-Lak-33801
ND-18370,Natalie DeCherney,Consumer,US-Wes-Ari-Gle-85301
BD-11620,Brian DeCherney,Consumer,US-Cen-Okl-Law-73505
TA-21385,Tom Ashbrook,Home Office,US-Eas-New-New-10024
PS-18970,Paul Stevenson,Home Office,US-Cen-Okl-Tul-74133
HA-14905,Helen Abelman,Consumer,US-Wes-Col-For-80525
ML-17395,Marina Lichtenstein,Corporate,US-Eas-Pen-Phi-19134
DW-13195,David Wiener,Corporate,US-Wes-Ore-Red-97756
AH-10075,Adam Hart,Corporate,US-Eas-Rho-Cra-2920
JR-15700,Jocasta Rupert,Consumer,US-Sou-Flo-Jac-32216
DM-13015,Darrin Martin,Consumer,US-Cen-Tex-San-78207
JC-16105,Julie Creighton,Corporate,US-Eas-New-Roc-14609
RB-19330,Randy Bradley,Consumer,US-Cen-Tex-Aus-78745
CS-11950,Carlos Soltero,Consumer,US-Sou-Mis-Jac-39212
PO-18850,Patrick O'Brill,Consumer,US-Cen-Tex-Man-76063
PG-18895,Paul Gonzalez,Consumer,US-Cen-Min-Roc-55901
OT-18730,Olvera Toch,Consumer,US-Sou-Vir-Vir-23464
JF-15190,Jamie Frazer,Consumer,US-Eas-Pen-Phi-19134
SC-20440,Shaun Chance,Corporate,US-Eas-Pen-Lan-17602
BF-11215,Benjamin Farhat,Home Office,US-Cen-Tex-Dal-75217
NB-18655,Nona Balk,Corporate,US-Sou-Flo-Tal-32303
TW-21025,Tamara Willingham,Home Office,US-Wes-Ari-Mes-85204
SH-19975,Sally Hughsby,Corporate,US-Cen-Tex-Dal-75081
JM-15655,Jim Mitchum,Corporate,US-Wes-Cal-Los-90032
JO-15145,Jack O'Briant,Corporate,US-Wes-Cal-San-94110
MA-17560,Matt Abelman,Home Office,US-Cen-Ill-Chi-60610
JM-15250,Janet Martin,Consumer,US-Sou-Nor-Fay-28314
KH-16510,Keith Herrera,Consumer,US-Cen-Tex-Hou-77095
LO-17170,Lori Olson,Corporate,US-Eas-New-New-10035
SA-20830,Sue Ann Reed,Consumer,US-Eas-Mas-Eve-2149
GB-14530,George Bell,Corporate,US-Eas-New-Aub-13021
RD-19810,Ross DeVincentis,Home Office,US-Sou-Ken-Ric-40475
RA-19945,Ryan Akin,Consumer,US-Cen-Tex-Dal-75217
JK-15625,Jim Karlsson,Consumer,US-Wes-Was-Sea-98115
MC-18100,Mick Crebagga,Consumer,US-Eas-Pen-Phi-19140
MM-18055,Michelle Moray,Consumer,US-Wes-Was-Sea-98115
JK-15205,Jamie Kunitz,Consumer,US-Wes-Cal-San-94122
JW-15220,Jane Waco,Corporate,US-Wes-Was-Van-98661
AH-10120,Adrian Hane,Home Office,US-Cen-Tex-Dal-75217
CY-12745,Craig Yedwab,Corporate,US-Cen-Ill-Chi-60610
SF-20065,Sandra Flanagan,Consumer,US-Eas-Mas-Eve-2149
SF-20200,Sarah Foster,Consumer,US-Wes-Was-Bel-98226
TH-21115,Thea Hudgings,Corporate,US-Eas-Pen-Phi-19140
TB-21175,Thomas Boland,Corporate,US-Sou-Ken-Hen-42420
GG-14650,Greg Guthrie,Corporate,US-Cen-Ill-Blo-61701
KM-16225,Kalyca Meade,Corporate,US-Cen-Kan-Ove-66212
CS-12505,Cindy Stewart,Consumer,US-Wes-Cal-Los-90036
KH-16630,Ken Heidel,Corporate,US-Wes-Was-Sea-98105
BG-11035,Barry Gonzalez,Consumer,US-Sou-Vir-Spr-22153
NP-18670,Nora Paige,Consumer,US-Cen-Mis-Sai-63116
SR-20425,Sharelle Roach,Home Office,US-Eas-Ohi-Spr-45503
AR-10825,Anthony Rawles,Corporate,US-Eas-Ohi-Col-43229
JB-16000,Joy Bell-,Consumer,US-Wes-Uta-Sal-84106
NL-18310,Nancy Lomonaco,Home Office,US-Wes-Cal-Dan-94526
JO-15145,Jack O'Briant,Corporate,US-Wes-Was-Sea-98103
BG-11740,Bruce Geld,Consumer,US-Wes-Cal-Bak-93309
JC-16105,Julie Creighton,Corporate,US-Sou-Geo-Atl-30318
EJ-14155,Eva Jacobs,Consumer,US-Wes-Was-Sea-98105
CR-12580,Clay Rozendal,Home Office,US-Wes-Cal-San-92037
JM-16195,Justin MacKendrick,Consumer,US-Sou-Nor-Wil-28403
DM-13015,Darrin Martin,Consumer,US-Eas-Pen-Phi-19143
DK-13090,Dave Kipp,Consumer,US-Sou-Flo-Orl-32839
DL-12925,Daniel Lacy,Consumer,US-Cen-Min-Eag-55122
DL-13330,Denise Leinenbach,Consumer,US-Wes-New-Las-88001
PJ-18835,Patrick Jones,Corporate,US-Sou-Ken-Ric-40475
DJ-13510,Don Jones,Corporate,US-Sou-Ten-Mur-37130
PG-18895,Paul Gonzalez,Consumer,US-Wes-Cal-San-94109
PB-19105,Peter Bühler,Consumer,US-Eas-Pen-Phi-19140
BF-11275,Beth Fritzler,Corporate,US-Sou-Flo-Mia-33178
KC-16675,Kimberly Carter,Corporate,US-Wes-Was-Sea-98105
HG-14965,Henry Goldwyn,Corporate,US-Eas-Ohi-Lan-43130
KL-16555,Kelly Lampkin,Corporate,US-Sou-Nor-Gre-27405
GT-14635,Grant Thornton,Corporate,US-Sou-Nor-Bur-27217
KM-16375,Katherine Murray,Home Office,US-Sou-Ark-Spr-72762
SZ-20035,Sam Zeldin,Home Office,US-Cen-Tex-Gra-75051
JL-15175,James Lanier,Home Office,US-Sou-Ten-Col-38401
CA-12265,Christina Anderson,Consumer,US-Sou-Ten-Cha-37421
FM-14290,Frank Merwin,Home Office,US-Cen-Tex-Bry-77803
CD-12280,Christina DeMoss,Consumer,US-Eas-New-New-10024
AB-10060,Adam Bellavance,Home Office,US-Cen-Ind-Gre-46142
AH-10195,Alan Haines,Corporate,US-Cen-Ill-Chi-60623
TS-21610,Troy Staebel,Consumer,US-Wes-Ari-Pho-85023
AA-10645,Anna Andreadi,Consumer,US-Wes-Cal-San-92105
EM-13825,Elizabeth Moffitt,Corporate,US-Cen-Tex-Dal-75081
SV-20935,Susan Vittorini,Consumer,US-Eas-New-New-10009
RA-19885,Ruben Ausman,Corporate,US-Wes-New-Far-87401
CD-11980,Carol Darley,Consumer,US-Eas-New-New-10011
JF-15565,Jill Fjeld,Consumer,US-Sou-Nor-Fay-28314
CC-12370,Christopher Conant,Consumer,US-Cen-Tex-Hou-77070
LC-17050,Liz Carlisle,Consumer,US-Cen-Tex-Dal-75217
ML-17410,Maris LaWare,Consumer,US-Eas-Pen-Phi-19143
FM-14290,Frank Merwin,Home Office,US-Wes-Cal-San-94122
CC-12430,Chuck Clark,Home Office,US-Cen-Min-Min-55407
ZC-21910,Zuschuss Carroll,Consumer,US-Wes-Cal-Los-90045
VM-21685,Valerie Mitchum,Home Office,US-Eas-New-Wes-7090
AB-10060,Adam Bellavance,Home Office,US-Wes-Was-Sea-98105
HG-14845,Harry Greene,Consumer,US-Cen-Tex-Dal-75220
VB-21745,Victoria Brennan,Corporate,US-Sou-Ken-Ric-40475
RB-19705,Roger Barcio,Home Office,US-Wes-Ore-Por-97206
PK-19075,Pete Kriz,Consumer,US-Eas-Del-New-19711
TS-21505,Tony Sayre,Consumer,US-Wes-Cal-San-94122
EP-13915,Emily Phan,Consumer,US-Eas-Pen-Phi-19120
EC-14050,Erin Creighton,Consumer,US-Cen-Okl-Okl-73120
DB-13270,Deborah Brumfield,Home Office,US-Wes-Cal-Bre-94513
FP-14320,Frank Preis,Consumer,US-Eas-New-New-10024
KN-16390,Katherine Nockton,Corporate,US-Eas-Mar-Cli-20735
KN-16450,Kean Nguyen,Corporate,US-Eas-Mar-Bal-21215
SR-20425,Sharelle Roach,Home Office,US-Eas-New-New-10035
BM-11650,Brian Moss,Corporate,US-Eas-Mar-Col-21044
JE-15745,Joel Eaton,Consumer,US-Wes-Cal-Oce-92054
JB-15400,Jennifer Braxton,Corporate,US-Wes-Cal-Sun-94086
PM-19135,Peter McVee,Home Office,US-Sou-Flo-Jac-32216
MC-17590,Matt Collister,Corporate,US-Wes-Cal-Coa-92236
PN-18775,Parhena Norris,Home Office,US-Eas-New-New-10009
JE-15610,Jim Epp,Corporate,US-Wes-Cal-San-92105
MC-17845,Michael Chen,Consumer,US-Wes-Was-Pas-99301
NC-18535,Nick Crebassa,Corporate,US-Wes-Was-Sea-98105
ME-17320,Maria Etezadi,Home Office,US-Wes-Cal-Los-90008
AB-10600,Ann Blume,Corporate,US-Wes-Ari-Tuc-85705
GH-14425,Gary Hwang,Consumer,US-Wes-Cal-Mod-95351
DR-12940,Daniel Raglin,Home Office,US-Sou-Flo-Hol-33021
FH-14275,Frank Hawley,Corporate,US-Eas-New-New-10024
TB-21190,Thomas Brumley,Home Office,US-Wes-Cal-Riv-92503
EB-13750,Edward Becker,Corporate,US-Cen-Tex-Rou-78664
JL-15505,Jeremy Lonsdale,Consumer,US-Cen-Sou-Abe-57401
BB-11545,Brenda Bowman,Corporate,US-Sou-Flo-For-33311
ML-17755,Max Ludwig,Home Office,US-Eas-Ohi-Spr-45503
MH-18025,Michelle Huthwaite,Consumer,US-Sou-Ten-Kno-37918
GA-14725,Guy Armstrong,Consumer,US-Wes-Cal-Los-90036
TD-20995,Tamara Dahlen,Consumer,US-Cen-Tex-Gar-75043
MT-17815,Meg Tillman,Consumer,US-Eas-New-New-10009
PG-18820,Patrick Gardner,Consumer,US-Cen-Tex-Dal-75081
WB-21850,William Brown,Consumer,US-Cen-Iow-Urb-50322
EP-13915,Emily Phan,Consumer,US-Cen-Mic-Det-48227
CG-12040,Catherine Glotzbach,Home Office,US-Cen-Wis-Mil-53209
TB-21190,Thomas Brumley,Home Office,US-Wes-Cal-Los-90045
LS-16975,Lindsay Shagiari,Home Office,US-Cen-Tex-Dal-75081
DK-13375,Dennis Kane,Consumer,US-Eas-Pen-Lan-17602
EM-14140,Eugene Moren,Home Office,US-Wes-Ari-Gle-85301
SF-20965,Sylvia Foulston,Corporate,US-Eas-Ohi-Col-43229
NG-18355,Nat Gilpin,Corporate,US-Eas-Ohi-New-43055
CS-12355,Christine Sundaresam,Consumer,US-Wes-Was-Sea-98115
JE-15610,Jim Epp,Corporate,US-Wes-Cal-Los-90036
MB-17305,Maria Bertelson,Consumer,US-Wes-Was-Lon-98632
LB-16735,Larry Blacks,Consumer,US-Sou-Flo-Tal-32303
EB-13705,Ed Braxton,Corporate,US-Eas-New-New-10024
EP-13915,Emily Phan,Consumer,US-Wes-Cal-Los-90032
NG-18430,Nathan Gelder,Consumer,US-Cen-Tex-Aus-78745
DB-13120,David Bremer,Corporate,US-Wes-Cal-San-95051
DJ-13510,Don Jones,Corporate,US-Wes-Ari-Tem-85281
SB-20290,Sean Braxton,Corporate,US-Eas-Ohi-Spr-45503
TC-21295,Toby Carlisle,Consumer,US-Sou-Flo-Jup-33458
KE-16420,Katrina Edelman,Corporate,US-Cen-Tex-Dal-75220
KL-16645,Ken Lonsdale,Consumer,US-Wes-Cal-Dub-94568
KB-16600,Ken Brennan,Corporate,US-Eas-New-New-10009
TT-21070,Ted Trevino,Consumer,US-Wes-Was-Sea-98103
MN-17935,Michael Nguyen,Consumer,US-Sou-Ten-Mem-38109
ME-17320,Maria Etezadi,Home Office,US-Cen-Tex-Hou-77095
SE-20110,Sanjit Engle,Consumer,US-Wes-Cal-Oxn-93030
SP-20620,Stefania Perrino,Corporate,US-Eas-New-Buf-14215
AD-10180,Alan Dominguez,Home Office,US-Eas-New-Yon-10701
EM-14065,Erin Mull,Consumer,US-Eas-New-New-10009
CS-12400,Christopher Schild,Home Office,US-Cen-Ill-Chi-60623
CB-12025,Cassandra Brandow,Consumer,US-Sou-Ala-Dec-35601
PW-19030,Pauline Webber,Corporate,US-Eas-New-Wat-13601
XP-21865,Xylona Preis,Consumer,US-Cen-Tex-Pas-77506
AW-10930,Arthur Wiediger,Home Office,US-Cen-Min-Min-55407
FO-14305,Frank Olsen,Consumer,US-Eas-New-New-10035
TC-21295,Toby Carlisle,Consumer,US-Cen-Tex-Hou-77095
CK-12595,Clytie Kelty,Consumer,US-Eas-Ohi-Gro-43123
JE-15715,Joe Elijah,Consumer,US-Wes-Cal-Los-90049
DK-12895,Dana Kaydos,Consumer,US-Sou-Flo-Mir-33023
SW-20275,Scott Williamson,Consumer,US-Wes-Cal-San-92105
BM-11650,Brian Moss,Corporate,US-Eas-Ohi-Ely-44035
CC-12220,Chris Cortes,Consumer,US-Wes-Was-Sea-98103
CB-12415,Christy Brittain,Consumer,US-Eas-New-New-10009
BS-11380,Bill Stewart,Corporate,US-Eas-Ohi-Bow-43402
MH-18115,Mick Hernandez,Home Office,US-Eas-New-Yon-10701
JK-15370,Jay Kimmel,Consumer,US-Wes-Cal-Fre-93727
MB-18085,Mick Brown,Consumer,US-Wes-Cal-Ros-95661
CM-12190,Charlotte Melton,Consumer,US-Eas-New-Uti-13501
EK-13795,Eileen Kiefer,Home Office,US-Wes-Cal-Esc-92025
LC-16885,Lena Creighton,Consumer,US-Wes-Cal-Los-90049
MW-18235,Mitch Willingham,Corporate,US-Wes-Cal-San-94122
GG-14650,Greg Guthrie,Corporate,US-Wes-Was-Sea-98103
KH-16330,Katharine Harms,Corporate,US-Wes-Ore-Hil-97123
TB-21625,Trudy Brown,Consumer,US-Eas-Mar-Hag-21740
CK-12595,Clytie Kelty,Consumer,US-Sou-Nor-Cha-28205
XP-21865,Xylona Preis,Consumer,US-Eas-Mas-Eve-2149
RA-19885,Ruben Ausman,Corporate,US-Sou-Geo-Ath-30605
CS-12355,Christine Sundaresam,Consumer,US-Sou-Vir-Sal-24153
EG-13900,Emily Grady,Consumer,US-Cen-Ill-Nap-60540
HL-15040,Hunter Lopez,Consumer,US-Eas-Del-New-19711
VW-21775,Victoria Wilson,Corporate,US-Eas-New-New-10011
CC-12370,Christopher Conant,Consumer,US-Eas-New-New-10011
JB-16000,Joy Bell-,Consumer,US-Cen-Tex-Bro-78521
RD-19930,Russell D'Ascenzo,Consumer,US-Cen-Ill-Chi-60623
JS-15685,Jim Sink,Corporate,US-Sou-Flo-Mir-33023
CD-12280,Christina DeMoss,Consumer,US-Wes-Was-Sea-98105
JW-15220,Jane Waco,Corporate,US-Eas-Ohi-Lak-44107
NB-18655,Nona Balk,Corporate,US-Cen-Wis-Mil-53209
ME-17320,Maria Etezadi,Home Office,US-Cen-Mic-Sag-48601
DK-13090,Dave Kipp,Consumer,US-Eas-New-Lon-11561
AF-10870,Art Ferguson,Consumer,US-Sou-Flo-Hom-33030
JD-16150,Justin Deggeller,Corporate,US-Eas-New-New-10011
AP-10720,Anne Pryor,Home Office,US-Eas-New-New-10011
SC-20770,Stewart Carmichael,Corporate,US-Cen-Tex-San-78207
JH-15910,Jonathan Howell,Consumer,US-Cen-Ill-Chi-60623
AB-10150,Aimee Bixby,Consumer,US-Cen-Tex-Car-75007
AS-10135,Adrian Shami,Home Office,US-Eas-New-New-10035
MC-18100,Mick Crebagga,Consumer,US-Wes-Cal-Los-90049
NC-18415,Nathan Cano,Consumer,US-Cen-Tex-Hou-77095
DD-13570,Dorothy Dickinson,Consumer,US-Sou-Vir-Ale-22304
RB-19435,Richard Bierner,Consumer,US-Sou-Vir-Spr-22153
KD-16345,Katherine Ducich,Consumer,US-Wes-Cal-Wes-92683
AB-10105,Adrian Barton,Consumer,US-Sou-Ken-Hen-42420
LC-16930,Linda Cazamias,Corporate,US-Cen-Tex-San-76903
AF-10870,Art Ferguson,Consumer,US-Cen-Tex-Col-77840
JH-15430,Jennifer Halladay,Consumer,US-Eas-Ohi-Cle-44105
CD-11920,Carlos Daly,Consumer,US-Eas-New-New-10035
KH-16330,Katharine Harms,Corporate,US-Eas-New-New-10035
KA-16525,Kelly Andreada,Consumer,US-Wes-Cal-Ont-91761
ES-14020,Erica Smith,Consumer,US-Sou-Ten-Jac-38301
HG-15025,Hunter Glantz,Consumer,US-Cen-Min-Lak-55044
BT-11680,Brian Thompson,Consumer,US-Eas-Ohi-New-43055
JH-15430,Jennifer Halladay,Consumer,US-Sou-Nor-Bur-27217
SC-20050,Sample Company A,Home Office,US-Sou-Ken-Hen-42420
CK-12205,Chloris Kastensmidt,Consumer,US-Wes-Was-Ren-98059
BF-11005,Barry Franz,Home Office,US-Wes-Cal-Pas-91104
BP-11230,Benjamin Patterson,Consumer,US-Wes-Was-Spo-99207
PJ-18835,Patrick Jones,Corporate,US-Wes-Cal-San-94122
SW-20275,Scott Williamson,Consumer,US-Eas-New-New-10035
CC-12475,Cindy Chapman,Consumer,US-Eas-Pen-Phi-19143
FO-14305,Frank Olsen,Consumer,US-Cen-Tex-Hou-77070
AH-10210,Alan Hwang,Consumer,US-Cen-Tex-Dal-75220
JM-15265,Janet Molinari,Corporate,US-Cen-Mic-Can-48187
JP-15460,Jennifer Patt,Corporate,US-Cen-Tex-Dal-75220
DC-12850,Dan Campbell,Consumer,US-Cen-Mic-Ros-48066
JM-15250,Janet Martin,Consumer,US-Sou-Nor-Cha-28205
TD-20995,Tamara Dahlen,Consumer,US-Eas-Pen-Phi-19120
CM-12385,Christopher Martinez,Consumer,US-Cen-Ill-Chi-60610
CS-12250,Chris Selesnick,Corporate,US-Cen-Ill-Chi-60623
FH-14275,Frank Hawley,Corporate,US-Eas-Pen-Phi-19120
KA-16525,Kelly Andreada,Consumer,US-Eas-New-New-10035
GT-14710,Greg Tran,Consumer,US-Cen-Tex-Hou-77070
MY-17380,Maribeth Yedwab,Corporate,US-Sou-Ten-Mem-38109
MV-17485,Mark Van Huff,Consumer,US-Wes-Ari-Mes-85204
BP-11290,Beth Paige,Consumer,US-Wes-Cal-Los-90008
FM-14290,Frank Merwin,Home Office,US-Sou-Ken-Ric-40475
RS-19765,Roland Schwarz,Corporate,US-Sou-Sou-Sum-29483
BG-11695,Brooke Gillingham,Corporate,US-Cen-Kan-Gar-67846
PR-18880,Patrick Ryan,Consumer,US-Wes-Cal-San-94109
MD-17860,Michael Dominguez,Corporate,US-Sou-Nor-Ash-28806
JL-15835,John Lee,Consumer,US-Wes-Cal-San-94122
DL-13315,Delfina Latchford,Consumer,US-Sou-Geo-Atl-30318
RO-19780,Rose O'Brian,Consumer,US-Cen-Tex-Hou-77070
TZ-21580,Tracy Zic,Consumer,US-Wes-Cal-San-94122
EB-13750,Edward Becker,Corporate,US-Wes-Cal-Lag-92677
HZ-14950,Henia Zydlo,Consumer,US-Sou-Flo-For-33311
SZ-20035,Sam Zeldin,Home Office,US-Cen-Mic-Can-48187
BS-11590,Brendan Sweed,Corporate,US-Sou-Ken-Lou-40214
BD-11500,Bradley Drucker,Consumer,US-Wes-Cal-San-94122
CC-12610,Corey Catlett,Corporate,US-Eas-Ohi-Col-43229
TT-21460,Tonja Turnell,Home Office,US-Cen-Ind-Ric-47374
LS-17245,Lynn Smith,Consumer,US-Cen-Mis-Gla-64118
FG-14260,Frank Gastineau,Home Office,US-Eas-New-New-10009
MN-17935,Michael Nguyen,Consumer,US-Eas-New-New-10009
LT-17110,Liz Thompson,Consumer,US-Eas-Ohi-Col-43229
GT-14755,Guy Thornton,Consumer,US-Cen-Ill-Roc-61107
AH-10075,Adam Hart,Corporate,US-Sou-Geo-Atl-30318
JR-16210,Justin Ritter,Corporate,US-Cen-Ind-Col-47201
RP-19390,Resi Pölking,Consumer,US-Eas-New-New-10011
DB-13615,Doug Bickford,Consumer,US-Sou-Nor-Ash-28806
BM-11650,Brian Moss,Corporate,US-Cen-Wis-Mil-53209
DO-13645,Doug O'Connell,Consumer,US-Wes-Cal-Los-90036
LS-16975,Lindsay Shagiari,Home Office,US-Eas-Mar-Bal-21215
RB-19795,Ross Baird,Home Office,US-Eas-Pen-Phi-19120
RH-19495,Rick Hansen,Consumer,US-Wes-Col-Den-80219
DG-13300,Deirdre Greer,Corporate,US-Eas-New-New-10035
EP-13915,Emily Phan,Consumer,US-Wes-Cal-San-92037
TT-21070,Ted Trevino,Consumer,US-Sou-Ten-Cha-37421
HW-14935,Helen Wasserman,Corporate,US-Cen-Ind-Ind-46203
FH-14350,Fred Harton,Consumer,US-Eas-Ohi-Dub-43017
CV-12805,Cynthia Voltz,Corporate,US-Cen-Neb-Fre-68025
BB-10990,Barry Blumstein,Corporate,US-Eas-Ohi-Tol-43615
BW-11065,Barry Weirich,Consumer,US-Eas-Pen-Phi-19120
JD-15790,John Dryer,Consumer,US-Cen-Tex-Hou-77070
AB-10255,Alejandro Ballentine,Home Office,US-Eas-Ohi-Lor-44052
CS-11860,Cari Schnelling,Consumer,US-Sou-Nor-Jac-28540
DO-13435,Denny Ordway,Consumer,US-Wes-Ari-Mes-85204
NR-18550,Nick Radford,Consumer,US-Sou-Flo-Pem-33024
SS-20140,Saphhira Shifley,Corporate,US-Wes-Cal-Los-90036
MO-17800,Meg O'Connel,Home Office,US-Wes-Was-Spo-99207
HK-14890,Heather Kirkland,Corporate,US-Sou-Ten-Fra-37064
GD-14590,Giulietta Dortch,Corporate,US-Wes-Was-Bel-98226
KN-16390,Katherine Nockton,Corporate,US-Eas-New-New-10011
ML-18040,Michelle Lonsdale,Corporate,US-Cen-Tex-Mis-77489
EM-14065,Erin Mull,Consumer,US-Cen-Tex-Fri-75034
EH-14005,Erica Hernandez,Home Office,US-Sou-Ark-Jon-72401
CT-11995,Carol Triggs,Consumer,US-Cen-Min-App-55124
DC-12850,Dan Campbell,Consumer,US-Sou-Ala-Flo-35630
LW-16990,Lindsay Williams,Corporate,US-Sou-Nor-Mon-28110
NS-18640,Noel Staavos,Corporate,US-Sou-Flo-Orl-32839
AB-10105,Adrian Barton,Consumer,US-Cen-Tex-Pea-77581
GH-14410,Gary Hansen,Home Office,US-Wes-Cal-San-94122
MG-17680,Maureen Gastineau,Home Office,US-Wes-Cal-Los-90049
TH-21235,Tiffany House,Corporate,US-Cen-Tex-Dal-75081
BW-11200,Ben Wallace,Consumer,US-Cen-Ill-Sko-60076
Dl-13600,Dorris liebe,Corporate,US-Cen-Tex-Pas-77506
LW-17125,Liz Willingham,Consumer,US-Eas-Con-Nor-6360
FO-14305,Frank Olsen,Consumer,US-Wes-Ari-Gle-85301
NC-18625,Noah Childs,Corporate,US-Cen-Tex-Dal-75217
AG-10675,Anna Gayman,Consumer,US-Sou-Vir-Sal-24153
MO-17800,Meg O'Connel,Home Office,US-Cen-Ill-Chi-60653
BW-11200,Ben Wallace,Consumer,US-Wes-Cal-Los-90032
GZ-14545,George Zrebassa,Corporate,US-Wes-Cal-Tho-91360
LC-16930,Linda Cazamias,Corporate,US-Eas-New-New-10011
SC-20305,Sean Christensen,Consumer,US-Cen-Mic-Roc-48307
ND-18460,Neil Ducich,Corporate,US-Sou-Flo-Jac-32216
MT-18070,Michelle Tran,Home Office,US-Wes-Cal-Los-90045
BD-11320,Bill Donatelli,Consumer,US-Wes-Was-Sea-98103
MM-18280,Muhammed MacIntyre,Corporate,US-Eas-New-New-10024
CL-11890,Carl Ludwig,Consumer,US-Eas-Pen-Phi-19143
BC-11125,Becky Castell,Home Office,US-Wes-Ari-Peo-85345
KN-16705,Kristina Nunn,Home Office,US-Sou-Ala-Aub-36830
ZC-21910,Zuschuss Carroll,Consumer,US-Sou-Nor-Hic-28601
ZD-21925,Zuschuss Donatelli,Consumer,US-Wes-Cal-Los-90036
TB-21400,Tom Boeckenhauer,Consumer,US-Wes-Was-Sea-98103
DV-13465,Dianna Vittorini,Consumer,US-Wes-Cal-Los-90004
SB-20170,Sarah Bern,Consumer,US-Eas-New-New-10035
LC-16885,Lena Creighton,Consumer,US-Sou-Flo-Sai-33710
SB-20185,Sarah Brown,Consumer,US-Wes-Was-Ken-98031
HG-15025,Hunter Glantz,Consumer,US-Eas-Ohi-Mar-43302
TS-21610,Troy Staebel,Consumer,US-Cen-Ill-Chi-60610
SD-20485,Shirley Daniels,Home Office,US-Cen-Ill-Chi-60653
PG-18895,Paul Gonzalez,Consumer,US-Sou-Vir-Spr-22153
TW-21025,Tamara Willingham,Home Office,US-Wes-Was-Sea-98103
JE-15715,Joe Elijah,Consumer,US-Sou-Nor-Mon-28110
TD-20995,Tamara Dahlen,Consumer,US-Cen-Ill-Qui-62301
TS-21205,Thomas Seio,Corporate,US-Sou-Ten-Nas-37211
SC-20800,Stuart Calhoun,Consumer,US-Wes-Cal-Los-90036
CC-12550,Clay Cheatham,Consumer,US-Wes-Cal-San-94122
Dp-13240,Dean percer,Home Office,US-Cen-Min-Map-55369
KH-16690,Kristen Hastings,Corporate,US-Wes-Cal-Los-90032
AB-10255,Alejandro Ballentine,Home Office,US-Wes-New-Car-88220
CS-12355,Christine Sundaresam,Consumer,US-Eas-Ohi-Dub-43017
CB-12535,Claudia Bergmann,Corporate,US-Sou-Nor-Cha-27514
MK-17905,Michael Kennedy,Corporate,US-Cen-Ill-Chi-60653
JE-15745,Joel Eaton,Consumer,US-Sou-Ken-Flo-41042
TS-21610,Troy Staebel,Consumer,US-Wes-Cal-San-94122
PF-19165,Philip Fox,Consumer,US-Wes-Was-Oly-98502
KD-16345,Katherine Ducich,Consumer,US-Wes-Cal-San-94122
RA-19945,Ryan Akin,Consumer,US-Wes-Col-Com-80022
LS-17200,Luke Schmidt,Corporate,US-Cen-Ill-Sko-60076
CC-12670,Craig Carreira,Consumer,US-Wes-Cal-Los-90032
NK-18490,Neil Knudson,Home Office,US-Cen-Tex-Cor-78415
JS-15685,Jim Sink,Corporate,US-Eas-New-New-10035
AR-10405,Allen Rosenblatt,Corporate,US-Eas-New-New-10035
GA-14515,George Ashbrook,Consumer,US-Wes-Cal-San-94109
DB-13270,Deborah Brumfield,Home Office,US-Cen-Tex-Dal-75081
ZC-21910,Zuschuss Carroll,Consumer,US-Cen-Tex-Hou-77095
KH-16330,Katharine Harms,Corporate,US-Eas-Ohi-New-43055
FO-14305,Frank Olsen,Consumer,US-Cen-Tex-Dal-75220
PJ-19015,Pauline Johnson,Consumer,US-Sou-Flo-Mia-33180
TR-21325,Toby Ritter,Consumer,US-Eas-New-Bel-7109
JE-15475,Jeremy Ellison,Consumer,US-Eas-New-New-10801
PG-18895,Paul Gonzalez,Consumer,US-Sou-Vir-Ric-23223
ST-20530,Shui Tom,Consumer,US-Eas-Ohi-Par-44134
EH-14125,Eugene Hildebrand,Home Office,US-Eas-Wes-Whe-26003
AS-10240,Alan Shonely,Consumer,US-Eas-Ohi-Cle-44105
PL-18925,Paul Lucas,Home Office,US-Eas-Pen-Phi-19140
RB-19465,Rick Bensley,Home Office,US-Cen-Mic-Det-48227
DC-12850,Dan Campbell,Consumer,US-Sou-Flo-Mia-33178
JK-15730,Joe Kamberova,Consumer,US-Cen-Ill-Chi-60653
KT-16480,Kean Thornton,Consumer,US-Wes-Cal-San-94110
NH-18610,Nicole Hansen,Corporate,US-Wes-Cal-Pom-91767
SC-20575,Sonia Cooley,Consumer,US-Eas-Rho-Cra-2920
MC-17635,Matthew Clasen,Corporate,US-Cen-Ill-Dec-62521
MB-17305,Maria Bertelson,Consumer,US-Eas-Ohi-Akr-44312
GA-14515,George Ashbrook,Consumer,US-Eas-New-New-10011
CJ-12010,Caroline Jumper,Consumer,US-Wes-Cal-Hun-92646
ML-17755,Max Ludwig,Home Office,US-Wes-Ore-Spr-97477
AM-10705,Anne McFarland,Consumer,US-Wes-Was-Sea-98115
FM-14380,Fred McMath,Consumer,US-Cen-Ill-Bol-60440
SC-20725,Steven Cartwright,Consumer,US-Eas-New-New-10024
SC-20260,Scott Cohen,Corporate,US-Eas-New-New-10009
TH-21550,Tracy Hopkins,Home Office,US-Cen-Mic-Det-48227
DB-13405,Denny Blanton,Consumer,US-Cen-Ind-La -46350
OT-18730,Olvera Toch,Consumer,US-Wes-Cal-San-92105
NP-18700,Nora Preis,Consumer,US-Wes-Col-Den-80219
CC-12220,Chris Cortes,Consumer,US-Eas-Pen-Phi-19143
DR-12880,Dan Reichenbach,Corporate,US-Sou-Flo-Mia-33180
MA-17995,Michelle Arnett,Home Office,US-Eas-New-Wat-13601
PW-19030,Pauline Webber,Corporate,US-Wes-Was-Sea-98105
GT-14710,Greg Tran,Consumer,US-Cen-Neb-Oma-68104
WB-21850,William Brown,Consumer,US-Wes-Cal-Los-90049
CT-11995,Carol Triggs,Consumer,US-Wes-Cal-Los-90004
ME-17725,Max Engle,Consumer,US-Cen-Tex-Dal-75220
FC-14335,Fred Chung,Corporate,US-Cen-Tex-Mes-75150
AA-10315,Alex Avila,Consumer,US-Cen-Min-Min-55407
DR-12880,Dan Reichenbach,Corporate,US-Eas-Con-Mil-6460
DK-13225,Dean Katz,Corporate,US-Wes-Cal-Ana-92804
