Order ID,Customer ID,Location_ID,Order Date
CA-2019-103800,DP-13000,US-Cen-Tex-Hou-77095,04-01-2019
CA-2019-112326,PO-19195,US-Cen-Ill-Nap-60540,05-01-2019
CA-2019-141817,MB-18085,US-Eas-Pen-Phi-19143,06-01-2019
CA-2019-167199,ME-17320,US-Sou-Ken-Hen-42420,07-01-2019
CA-2019-106054,JO-15145,US-Sou-Geo-Ath-30605,07-01-2019
CA-2019-130813,LS-17230,US-Wes-Cal-Los-90049,07-01-2019
CA-2019-105417,VS-21820,US-Cen-Tex-Hun-77340,08-01-2019
CA-2019-135405,MS-17830,US-Cen-Tex-Lar-78041,10-01-2019
CA-2019-149020,AJ-10780,US-Sou-Vir-Spr-22153,11-01-2019
CA-2019-130092,SV-20365,US-Eas-Del-Dov-19901,12-01-2019
CA-2019-162775,CS-12250,US-Sou-Lou-Bos-71111,14-01-2019
CA-2019-157147,BD-11605,US-Wes-Cal-San-94109,14-01-2019
CA-2019-118192,MM-17920,US-Eas-Ohi-New-43055,14-01-2019
CA-2019-109232,ND-18370,US-Sou-Sou-Mou-29464,14-01-2019
CA-2019-149524,BS-11590,US-Eas-Pen-Phi-19140,1/15/2019
CA-2019-103366,EH-13990,US-Sou-Geo-Ros-30076,16-01-2019
CA-2019-115791,DL-13315,US-Eas-Pen-Phi-19134,17-01-2019
CA-2019-123477,DW-13195,US-Wes-Ore-Spr-97477,19-01-2019
CA-2019-146591,TS-21340,US-Wes-Ari-Sco-85254,20-01-2019
CA-2019-167927,XP-21865,US-Cen-Mic-Wes-48185,21-01-2019
CA-2019-148614,MV-17485,US-Wes-Cal-Los-90049,21-01-2019
US-2019-147774,MM-18280,US-Sou-Ten-Smy-37167,21-01-2019
US-2019-147627,HL-15040,US-Sou-Ark-Jon-72401,21-01-2019
CA-2019-110422,TB-21400,US-Sou-Flo-Mia-33180,22-01-2019
CA-2019-146997,SG-20605,US-Cen-Ind-Laf-47905,24-01-2019
CA-2019-102645,IM-15055,US-Wes-Nev-Las-89115,24-01-2019
US-2019-155502,SD-20485,US-Sou-Vir-Ale-22304,27-01-2019
CA-2019-167997,CA-11965,US-Cen-Sou-Rap-57701,27-01-2019
US-2019-117163,EJ-13720,US-Wes-Cal-San-92037,28-01-2019
CA-2019-100328,JC-15340,US-Eas-New-New-10024,29-01-2019
CA-2019-134103,MV-18190,US-Cen-Mic-Det-48234,31-01-2019
CA-2019-115161,LC-17050,US-Wes-Cal-Mis-92691,01-02-2019
CA-2019-140795,BD-11500,US-Cen-Wis-Gre-54302,02-02-2019
CA-2019-123400,EB-13930,US-Sou-Flo-Sai-33710,03-02-2019
CA-2019-139857,CD-12790,US-Wes-Cal-San-92037,03-02-2019
CA-2019-111059,TB-21400,US-Wes-Was-Sea-98105,04-02-2019
CA-2019-107181,DB-13270,US-Wes-Cal-San-92024,05-02-2019
CA-2019-104808,MH-17440,US-Wes-Cal-Esc-92025,05-02-2019
CA-2019-131905,ND-18460,US-Sou-Vir-Che-23320,07-02-2019
CA-2019-108182,DL-13315,US-Cen-Ill-Rom-60441,07-02-2019
CA-2019-107755,CK-12760,US-Eas-New-Lin-7036,08-02-2019
US-2019-169390,CS-12250,US-Eas-New-New-10024,08-02-2019
CA-2019-125759,NM-18445,US-Wes-Nev-Nor-89031,09-02-2019
CA-2019-168368,GA-14725,US-Cen-Mis-Col-65203,12-02-2019
CA-2019-127614,NF-18385,US-Sou-Vir-Che-23320,12-02-2019
US-2019-110674,SC-20095,US-Wes-Cal-Con-94521,13-02-2019
CA-2019-121762,ML-17395,US-Wes-Was-Sea-98103,15-02-2019
CA-2019-107706,ST-20530,US-Cen-Tex-Hou-77095,15-02-2019
CA-2019-165568,BF-11020,US-Wes-Was-Sea-98105,16-02-2019
CA-2019-122567,MN-17935,US-Cen-Tex-Dal-75220,17-02-2019
CA-2019-154165,DL-13315,US-Cen-Ill-Chi-60653,18-02-2019
CA-2019-152905,AB-10015,US-Cen-Tex-Arl-76017,19-02-2019
US-2019-165589,TB-21595,US-Cen-Tex-Lub-79424,19-02-2019
CA-2019-109491,LC-16930,US-Cen-Ind-Ric-47374,21-02-2019
CA-2019-164903,SR-20740,US-Wes-Cal-Los-90049,21-02-2019
CA-2019-165540,TM-21010,US-Cen-Ill-Woo-60098,22-02-2019
CA-2019-133354,SA-20830,US-Wes-Cal-Mor-92553,23-02-2019
CA-2019-103744,MG-17875,US-Cen-Tex-El -79907,24-02-2019
US-2019-137680,JH-15430,US-Wes-Ore-Med-97504,25-02-2019
CA-2019-156545,JS-16030,US-Eas-Ohi-Col-43229,28-02-2019
CA-2019-113880,VF-21715,US-Cen-Ill-Elm-60126,01-03-2019
CA-2019-104269,DB-13060,US-Wes-Was-Sea-98115,01-03-2019
CA-2019-131009,SC-20380,US-Cen-Tex-El -79907,01-03-2019
US-2019-143707,HR-14770,US-Eas-New-New-10035,01-03-2019
CA-2019-168312,GW-14605,US-Cen-Tex-Hou-77036,01-03-2019
CA-2019-107524,KN-16705,US-Eas-New-New-10009,02-03-2019
CA-2019-111157,NH-18610,US-Eas-Pen-Phi-19120,02-03-2019
CA-2019-155852,AJ-10945,US-Sou-Nor-Wil-28403,03-03-2019
US-2019-127978,JS-15595,US-Eas-Ohi-Col-43229,03-03-2019
CA-2019-130421,SC-20020,US-Cen-Tex-Hou-77095,03-03-2019
CA-2019-105648,EJ-14155,US-Wes-Cal-San-92037,03-03-2019
CA-2019-127964,AP-10720,US-Eas-New-New-10035,03-03-2019
CA-2019-117016,SC-20095,US-Sou-Flo-Mar-33063,04-03-2019
CA-2019-116239,CL-12565,US-Sou-Sou-Col-29203,04-03-2019
CA-2019-169061,AB-10150,US-Eas-New-Yon-10701,05-03-2019
CA-2019-104563,CM-12715,US-Wes-Was-Sea-98103,07-03-2019
CA-2019-156587,AB-10015,US-Wes-Was-Sea-98103,07-03-2019
US-2019-131982,NP-18685,US-Wes-Was-Des-98198,07-03-2019
US-2019-140116,KT-16480,US-Wes-Col-Den-80219,10-03-2019
US-2019-100279,SW-20275,US-Cen-Mic-Roy-48073,10-03-2019
US-2019-103338,RB-19435,US-Wes-Cal-Ros-95661,11-03-2019
CA-2019-114790,FM-14215,US-Sou-Ken-Ric-40475,11-03-2019
CA-2019-166884,CK-12205,US-Eas-Ohi-Col-43229,11-03-2019
CA-2019-158337,KA-16525,US-Eas-New-New-10024,11-03-2019
US-2019-125521,CK-12325,US-Sou-Vir-Che-23320,14-03-2019
CA-2019-157623,DK-13225,US-Wes-Cal-Hun-92646,14-03-2019
CA-2019-100293,NF-18475,US-Sou-Flo-Jac-32216,14-03-2019
CA-2019-114510,JF-15295,US-Wes-Uta-Log-84321,14-03-2019
CA-2019-152618,RB-19465,US-Cen-Ill-Chi-60653,14-03-2019
CA-2019-149958,AS-10240,US-Sou-Flo-Tam-33614,15-03-2019
CA-2019-157609,KN-16705,US-Sou-Nor-Ral-27604,16-03-2019
US-2019-164763,MH-17440,US-Sou-Mis-Jac-39212,17-03-2019
CA-2019-127859,QJ-19255,US-Eas-Pen-Phi-19134,17-03-2019
US-2019-148838,CP-12340,US-Eas-New-New-10024,17-03-2019
CA-2019-118339,BN-11515,US-Cen-Min-Lak-55044,17-03-2019
CA-2019-158442,AZ-10750,US-Cen-Tex-Dal-75217,17-03-2019
CA-2019-145317,SM-20320,US-Sou-Flo-Jac-32216,18-03-2019
US-2019-131275,SC-20050,US-Wes-Cal-Bur-91505,18-03-2019
CA-2019-111871,EK-13795,US-Wes-Cal-San-94110,18-03-2019
CA-2019-103989,MC-17605,US-Sou-Flo-Lak-33801,19-03-2019
CA-2019-163223,KH-16690,US-Sou-Vir-Spr-22153,21-03-2019
US-2019-155544,GM-14440,US-Sou-Ten-Kno-37918,21-03-2019
CA-2019-140004,CB-12025,US-Eas-Ohi-Ham-45011,21-03-2019
US-2019-107405,TS-21205,US-Sou-Nor-Ash-28806,21-03-2019
CA-2019-148040,BF-11275,US-Wes-Ari-Tuc-85705,22-03-2019
US-2019-158057,CC-12685,US-Sou-Nor-Gre-27405,22-03-2019
US-2019-129609,VM-21835,US-Cen-Ind-Por-46368,22-03-2019
CA-2019-164749,BG-11740,US-Sou-Flo-Del-33445,23-03-2019
CA-2019-120838,PO-18865,US-Wes-Cal-Los-90036,23-03-2019
CA-2019-143637,MS-17710,US-Wes-Cal-Fre-93727,24-03-2019
CA-2019-147235,CD-11920,US-Eas-New-New-10024,24-03-2019
CA-2019-148586,AZ-10750,US-Eas-New-New-10009,25-03-2019
CA-2019-128237,CA-12265,US-Wes-Cal-San-94110,25-03-2019
CA-2019-100860,CS-12505,US-Wes-Cal-Pom-91767,26-03-2019
CA-2019-138436,JD-15895,US-Wes-Cal-Los-90036,26-03-2019
CA-2019-141838,DK-12835,US-Wes-Cal-San-94122,26-03-2019
US-2019-137869,CV-12295,US-Cen-Iow-Des-50315,28-03-2019
CA-2019-100881,DR-12940,US-Wes-New-Alb-87105,28-03-2019
US-2019-117380,MP-18175,US-Eas-Ohi-Spr-45503,28-03-2019
CA-2019-137274,MG-18145,US-Cen-Tex-Pla-75023,29-03-2019
CA-2019-162089,MP-17470,US-Cen-Tex-Bro-78521,30-03-2019
US-2019-113124,NC-18340,US-Cen-Min-App-55124,30-03-2019
CA-2019-133424,Dl-13600,US-Wes-Was-Sea-98105,30-03-2019
US-2019-105151,SG-20890,US-Eas-New-New-10009,30-03-2019
CA-2019-169033,KM-16720,US-Eas-New-Lon-11561,30-03-2019
CA-2019-131247,GA-14725,US-Wes-Cal-San-94110,30-03-2019
CA-2019-130428,TG-21640,US-Sou-Flo-Tam-33614,31-03-2019
CA-2019-101770,KB-16240,US-Sou-Flo-Mia-33180,31-03-2019
US-2019-104759,DD-13570,US-Cen-Ill-Chi-60610,31-03-2019
CA-2019-112403,JO-15280,US-Eas-Pen-Phi-19120,31-03-2019
CA-2019-128055,AA-10315,US-Wes-Cal-San-94122,31-03-2019
US-2019-157021,KM-16720,US-Wes-Cal-Val-94591,01-04-2019
CA-2019-138359,KH-16330,US-Eas-Mas-Rev-2151,01-04-2019
CA-2019-160276,AH-10690,US-Sou-Vir-Vir-23464,02-04-2019
CA-2019-164315,RD-19585,US-Sou-Geo-Ath-30605,02-04-2019
US-2019-157847,SC-20020,US-Cen-Tex-Hou-77095,02-04-2019
CA-2019-112291,KE-16420,US-Wes-Cal-Los-90008,03-04-2019
CA-2019-149538,KB-16585,US-Sou-Lou-Laf-70506,04-04-2019
CA-2019-133228,MS-17710,US-Cen-Mic-Det-48205,04-04-2019
US-2019-128685,MZ-17515,US-Wes-Cal-Los-90008,04-04-2019
CA-2019-105172,PK-18910,US-Wes-Cal-San-94109,04-04-2019
CA-2019-151001,JG-15805,US-Cen-Ill-Dec-62521,05-04-2019
US-2019-157231,RP-19855,US-Sou-Ken-Ric-40475,05-04-2019
CA-2019-102988,GM-14695,US-Sou-Vir-Ale-22304,05-04-2019
CA-2019-149104,RD-19900,US-Cen-Mic-Dea-48127,05-04-2019
CA-2019-113887,TH-21550,US-Eas-New-New-10035,05-04-2019
CA-2019-153808,FH-14275,US-Wes-Cal-Los-90004,06-04-2019
CA-2019-169803,SC-20260,US-Wes-Was-Sea-98115,06-04-2019
US-2019-118486,SD-20485,US-Eas-Pen-Phi-19143,06-04-2019
CA-2019-136742,GP-14740,US-Eas-Pen-Lan-17602,06-04-2019
CA-2019-102652,AY-10555,US-Wes-Cal-Los-90049,06-04-2019
CA-2019-124023,PJ-19015,US-Sou-Ala-Mob-36608,07-04-2019
CA-2019-165806,VM-21685,US-Sou-Geo-Mar-30062,07-04-2019
CA-2019-128846,RS-19765,US-Sou-Sou-Col-29203,07-04-2019
CA-2019-100363,JM-15655,US-Wes-Ari-Gle-85301,08-04-2019
CA-2019-121769,JS-15880,US-Eas-Ohi-Tol-43615,08-04-2019
US-2019-163797,PC-19000,US-Wes-Ari-Cha-85224,08-04-2019
CA-2019-150581,NM-18445,US-Wes-Cal-Con-94521,08-04-2019
US-2019-118997,RA-19885,US-Sou-Ala-Dec-35601,08-04-2019
US-2019-102715,JK-15370,US-Sou-Flo-Mia-33180,11-04-2019
CA-2019-110555,MM-18055,US-Wes-Mon-Gre-59405,11-04-2019
CA-2019-138940,GM-14455,US-Cen-Tex-Aus-78745,11-04-2019
US-2019-121734,SE-20110,US-Wes-Ida-Lew-83501,11-04-2019
CA-2019-154599,KN-16450,US-Wes-Cal-Red-90278,12-04-2019
CA-2019-142979,EH-13765,US-Wes-Cal-Lod-95240,12-04-2019
US-2019-158365,SV-20785,US-Cen-Ind-Blo-47401,12-04-2019
CA-2019-167724,BF-11170,US-Eas-Mar-Bal-21215,13-04-2019
CA-2019-122336,JD-15895,US-Eas-Pen-Phi-19140,13-04-2019
US-2019-120740,PS-18970,US-Wes-Cal-Los-90049,15-04-2019
CA-2019-155208,SP-20650,US-Sou-Nor-Wil-28403,16-04-2019
CA-2019-100678,KM-16720,US-Cen-Tex-Hou-77095,18-04-2019
CA-2019-110849,JL-15835,US-Wes-Cal-Los-90049,18-04-2019
CA-2019-158470,AG-10390,US-Sou-Vir-Arl-22204,19-04-2019
CA-2019-134572,SV-20365,US-Cen-Tex-Hou-77070,20-04-2019
CA-2019-101462,BP-11230,US-Wes-Cal-Los-90045,20-04-2019
CA-2019-136336,DB-13555,US-Sou-Ken-Hen-42420,21-04-2019
CA-2019-158064,AA-10375,US-Wes-Cal-Los-90008,21-04-2019
CA-2019-122070,AH-10030,US-Eas-New-Tro-12180,22-04-2019
CA-2019-111857,NM-18445,US-Wes-Cal-San-94109,23-04-2019
US-2019-112564,TS-21160,US-Eas-Pen-Phi-19134,23-04-2019
US-2019-150119,LB-16795,US-Eas-Ohi-Col-43229,23-04-2019
US-2019-157406,DA-13450,US-Cen-Tex-Hou-77095,25-04-2019
CA-2019-166954,BT-11305,US-Wes-Cal-San-91776,25-04-2019
CA-2019-110100,LC-16885,US-Sou-Nor-Wil-28403,25-04-2019
CA-2019-116785,MH-17290,US-Wes-Cal-Los-90036,26-04-2019
CA-2019-147298,AG-10300,US-Wes-Cal-Los-90049,26-04-2019
CA-2019-140228,GB-14530,US-Eas-Ohi-New-43055,28-04-2019
CA-2019-132983,DS-13180,US-Eas-New-Jam-14701,28-04-2019
CA-2019-118976,MY-18295,US-Eas-Mar-Bal-21215,28-04-2019
CA-2019-131387,AI-10855,US-Wes-Cal-San-94122,28-04-2019
CA-2019-107811,LA-16780,US-Sou-Ten-Mem-38109,29-04-2019
CA-2019-118304,KH-16360,US-Eas-Del-Dov-19901,29-04-2019
CA-2019-134061,LL-16840,US-Eas-New-Roc-14609,29-04-2019
CA-2019-142727,HG-14845,US-Sou-Lou-Lak-70601,29-04-2019
CA-2019-156006,TM-21010,US-Sou-Mis-Jac-39212,30-04-2019
CA-2019-160094,JM-16195,US-Sou-Ken-Lou-40214,30-04-2019
CA-2019-115056,AR-10510,US-Eas-Ohi-Col-43229,02-05-2019
CA-2019-124618,CS-11860,US-Sou-Flo-Lak-33801,02-05-2019
CA-2019-130274,JS-15940,US-Cen-Wis-App-54915,03-05-2019
CA-2019-135755,NC-18415,US-Eas-New-Yon-10701,03-05-2019
CA-2019-111899,NC-18340,US-Cen-Tex-Hou-77036,04-05-2019
US-2019-148194,BS-11365,US-Wes-Was-Sea-98105,04-05-2019
CA-2019-117709,PM-18940,US-Cen-Mic-Jac-49201,04-05-2019
CA-2019-111934,GD-14590,US-Sou-Vir-Arl-22204,05-05-2019
CA-2019-160738,KH-16330,US-Cen-Ill-Fre-61032,05-05-2019
CA-2019-166457,PF-19120,US-Sou-Ken-Ric-40475,05-05-2019
US-2019-154879,SN-20710,US-Wes-Cal-Los-90004,06-05-2019
CA-2019-121664,HP-14815,US-Wes-Cal-Los-90049,06-05-2019
CA-2019-166086,CT-11995,US-Eas-Mas-Law-1841,07-05-2019
CA-2019-116666,KT-16480,US-Eas-Pen-Phi-19134,08-05-2019
CA-2019-158771,SB-20290,US-Sou-Ken-Hen-42420,09-05-2019
US-2019-102071,PG-18820,US-Wes-Cal-San-94110,09-05-2019
CA-2019-159709,AI-10855,US-Wes-Was-Ken-98031,10-05-2019
CA-2019-103310,GM-14680,US-Wes-Cal-San-95123,10-05-2019
CA-2019-114181,AF-10885,US-Eas-Pen-Phi-19134,10-05-2019
CA-2019-152100,VW-21775,US-Cen-Tex-Hun-77340,11-05-2019
CA-2019-139017,RM-19375,US-Cen-Tex-Hou-77095,11-05-2019
CA-2019-127523,BG-11695,US-Eas-New-Wat-13601,11-05-2019
CA-2019-119172,HD-14785,US-Cen-Ill-Chi-60610,11-05-2019
CA-2019-103849,PG-18895,US-Cen-Tex-For-76106,11-05-2019
CA-2019-155887,KT-16480,US-Eas-Mas-Fra-2038,12-05-2019
CA-2019-127159,HL-15040,US-Cen-Wis-Mil-53209,12-05-2019
CA-2019-113768,AH-10030,US-Wes-Cal-Los-90004,13-05-2019
CA-2019-140165,EH-14005,US-Sou-Flo-Hia-33012,13-05-2019
CA-2019-167164,AG-10270,US-Wes-Uta-Wes-84084,13-05-2019
CA-2019-114433,NP-18325,US-Wes-Cal-Oak-94601,13-05-2019
CA-2019-106810,AJ-10795,US-Sou-Flo-Sai-33710,14-05-2019
US-2019-163146,CC-12475,US-Wes-Cal-San-94122,16-05-2019
CA-2019-125150,PW-19030,US-Wes-Cal-Los-90036,16-05-2019
CA-2019-148761,PA-19060,US-Cen-Wis-Eau-54703,17-05-2019
CA-2019-133963,GA-14515,US-Cen-Tex-Dal-75220,18-05-2019
CA-2019-164224,TT-21070,US-Eas-Ohi-Akr-44312,18-05-2019
CA-2019-103373,BS-11755,US-Eas-Ohi-Cle-44105,18-05-2019
CA-2019-130155,TD-20995,US-Sou-Vir-Vir-23464,19-05-2019
US-2019-107699,JH-15820,US-Cen-Mic-Mid-48640,19-05-2019
US-2019-114188,RF-19345,US-Eas-New-Dov-3820,20-05-2019
CA-2019-130673,MC-17590,US-Cen-Tex-San-78666,20-05-2019
CA-2019-127166,KH-16360,US-Cen-Tex-Hou-77070,21-05-2019
CA-2019-104780,BT-11530,US-Wes-Cal-San-92037,21-05-2019
CA-2019-117639,MW-18235,US-Sou-Vir-Vir-23464,21-05-2019
CA-2019-152443,FG-14260,US-Eas-Mas-Law-1841,21-05-2019
CA-2019-143840,EH-14185,US-Sou-Ala-Dec-35601,22-05-2019
US-2019-135881,GT-14710,US-Eas-New-New-10035,23-05-2019
US-2019-105767,AR-10510,US-Eas-Pen-Phi-19134,23-05-2019
CA-2019-138513,EH-13990,US-Wes-Was-Bel-98006,23-05-2019
CA-2019-143413,RP-19390,US-Eas-Mar-Bal-21215,24-05-2019
US-2019-130379,JL-15235,US-Cen-Ill-Chi-60623,25-05-2019
CA-2019-100391,BW-11065,US-Eas-New-New-10035,25-05-2019
CA-2019-144029,MM-18055,US-Cen-Ill-Chi-60623,26-05-2019
CA-2019-158029,HF-14995,US-Wes-Cal-Los-90008,26-05-2019
CA-2019-156349,ML-17395,US-Wes-Cal-Los-90008,26-05-2019
CA-2019-129574,Dp-13240,US-Wes-Uta-Mur-84107,26-05-2019
CA-2019-124429,MH-17785,US-Wes-Cal-San-92105,27-05-2019
CA-2019-139192,LC-16885,US-Wes-Cal-San-94109,27-05-2019
US-2019-117058,LE-16810,US-Cen-Ill-Chi-60653,27-05-2019
CA-2019-135993,PJ-18835,US-Wes-Was-Sea-98115,28-05-2019
CA-2019-108861,MM-17260,US-Wes-Was-Sea-98105,28-05-2019
CA-2019-103429,LW-16825,US-Eas-New-New-10024,30-05-2019
CA-2019-146885,EB-13840,US-Sou-Vir-Ric-23223,30-05-2019
CA-2019-140473,MC-17425,US-Cen-Ill-Chi-60623,30-05-2019
CA-2019-145800,SS-20410,US-Cen-Ill-Buf-60089,30-05-2019
CA-2019-105872,JG-15160,US-Eas-New-New-10024,30-05-2019
CA-2019-166051,JK-15625,US-Sou-Mis-Jac-39212,31-05-2019
CA-2019-131926,DW-13480,US-Cen-Min-Lak-55044,01-06-2019
CA-2019-111003,CR-12625,US-Eas-New-Lak-8701,01-06-2019
US-2019-157070,QJ-19255,US-Cen-Mic-Det-48234,01-06-2019
US-2019-165659,LT-17110,US-Sou-Ark-Lit-72209,01-06-2019
CA-2019-104472,CK-12325,US-Wes-Uta-Ore-84057,02-06-2019
CA-2019-100895,SV-20785,US-Sou-Geo-Ros-30076,02-06-2019
CA-2019-163867,RE-19450,US-Cen-Ill-Dec-62521,03-06-2019
CA-2019-135657,SC-20725,US-Wes-Was-Sea-98115,03-06-2019
CA-2019-141299,RB-19795,US-Cen-Mic-Mid-48640,03-06-2019
CA-2019-147914,MP-17470,US-Eas-Ohi-Col-43229,04-06-2019
CA-2019-151946,BT-11440,US-Eas-New-New-10035,04-06-2019
CA-2019-169257,SV-20785,US-Sou-Flo-Jac-32216,06-06-2019
US-2019-161305,SB-20170,US-Cen-Ill-Chi-60623,06-06-2019
CA-2019-159520,GT-14635,US-Eas-New-Lon-11561,06-06-2019
CA-2019-151897,VT-21700,US-Cen-Tex-Hou-77070,06-06-2019
CA-2019-133270,BM-11785,US-Eas-New-Roc-14609,06-06-2019
CA-2019-106229,NR-18550,US-Cen-Ill-Aur-60505,07-06-2019
US-2019-134971,BP-11095,US-Cen-Ill-Peo-61604,07-06-2019
US-2019-109162,KE-16420,US-Sou-Ten-Bri-37620,08-06-2019
CA-2019-108147,RD-19480,US-Eas-New-Lon-11561,08-06-2019
US-2019-141257,CS-11950,US-Wes-Was-Sea-98115,08-06-2019
CA-2019-115812,BH-11710,US-Wes-Cal-Los-90032,09-06-2019
CA-2019-133753,CW-11905,US-Cen-Tex-Hun-77340,09-06-2019
CA-2019-160262,TS-21205,US-Wes-Nev-Nor-89031,09-06-2019
CA-2019-133851,CM-12445,US-Wes-Cal-San-94122,09-06-2019
CA-2019-132612,FO-14305,US-Sou-Vir-Har-22801,09-06-2019
CA-2019-144281,HK-14890,US-Cen-Mic-Det-48234,10-06-2019
CA-2019-114643,FM-14215,US-Wes-Cal-Los-90032,13-06-2019
CA-2019-140487,SR-20425,US-Cen-Mic-Det-48234,14-06-2019
CA-2019-126963,PS-18760,US-Cen-Tex-El -79907,15-06-2019
US-2019-141215,KL-16555,US-Cen-Tex-San-78207,15-06-2019
CA-2019-113929,CK-12205,US-Eas-New-Hem-11550,16-06-2019
CA-2019-136644,SC-20575,US-Cen-Ind-Mis-46544,16-06-2019
CA-2019-156342,JF-15415,US-Cen-Ill-Chi-60653,17-06-2019
CA-2019-144414,GH-14425,US-Wes-Was-Sea-98105,17-06-2019
CA-2019-104402,DB-13660,US-Eas-Del-New-19711,17-06-2019
CA-2019-123855,MC-18100,US-Wes-Cal-Los-90036,18-06-2019
CA-2019-166863,SC-20020,US-Cen-Tex-Pla-75023,20-06-2019
US-2019-112949,Co-12640,US-Cen-Okl-Law-73505,20-06-2019
CA-2019-138317,NW-18400,US-Eas-Pen-Phi-19120,21-06-2019
US-2019-160780,SV-20785,US-Wes-Col-Pue-81001,21-06-2019
CA-2019-128146,DB-13060,US-Eas-New-Lak-8701,21-06-2019
CA-2019-141278,RM-19375,US-Eas-Con-Mer-6450,21-06-2019
US-2019-117135,NP-18325,US-Sou-Vir-Way-22980,21-06-2019
CA-2019-130624,TB-21280,US-Eas-New-New-10024,21-06-2019
CA-2019-141796,JG-15160,US-Eas-New-Lon-11561,21-06-2019
CA-2019-133389,TB-21280,US-Wes-Ari-Pho-85023,22-06-2019
CA-2019-124646,DV-13465,US-Cen-Min-Min-55407,22-06-2019
CA-2019-154963,AA-10645,US-Eas-Pen-Che-19013,22-06-2019
CA-2019-142048,JE-15745,US-Wes-Col-Lou-80027,22-06-2019
CA-2019-126032,BS-11665,US-Eas-Pen-Phi-19143,23-06-2019
US-2019-130358,DL-13330,US-Sou-Nor-Con-28027,23-06-2019
CA-2019-159814,LP-17080,US-Wes-Ari-Tuc-85705,24-06-2019
CA-2019-164469,GK-14620,US-Wes-Ore-Sal-97301,25-06-2019
CA-2019-159338,NS-18640,US-Wes-Cal-Los-90049,25-06-2019
CA-2019-104283,LM-17065,US-Sou-Mis-Sou-38671,27-06-2019
CA-2019-156993,RW-19630,US-Cen-Mic-Det-48234,28-06-2019
CA-2019-140858,CA-12775,US-Eas-Pen-Phi-19140,28-06-2019
CA-2019-111773,JK-15625,US-Eas-New-New-10024,29-06-2019
CA-2019-165974,DL-12865,US-Eas-Ohi-Cin-45231,29-06-2019
CA-2019-109218,AR-10825,US-Wes-Cal-Los-90004,30-06-2019
CA-2019-116757,MS-17980,US-Cen-Tex-Hou-77095,30-06-2019
CA-2019-152254,BD-11620,US-Sou-Nor-Wil-28403,30-06-2019
US-2019-121566,CS-11860,US-Eas-New-New-10011,30-06-2019
CA-2019-123064,RA-19915,US-Cen-Ill-Chi-60653,30-06-2019
CA-2019-146640,HA-14905,US-Eas-New-New-10024,30-06-2019
CA-2019-160773,LW-16825,US-Sou-Flo-Del-32725,01-07-2019
CA-2019-153150,Dl-13600,US-Wes-Was-Sea-98105,01-07-2019
CA-2019-107594,EH-13945,US-Eas-New-Pla-7060,02-07-2019
CA-2019-120096,KE-16420,US-Wes-Col-Aur-80013,04-07-2019
CA-2019-138709,MS-17770,US-Sou-Vir-Ric-23223,04-07-2019
CA-2019-152849,DW-13195,US-Sou-Ten-Kno-37918,05-07-2019
CA-2019-103317,DM-13525,US-Sou-Flo-Pal-32137,05-07-2019
CA-2019-157784,MC-17845,US-Sou-Mis-Jac-39212,05-07-2019
US-2019-160444,DC-12850,US-Cen-Tex-Hou-77036,05-07-2019
CA-2019-107139,DP-13390,US-Wes-Cal-Los-90004,05-07-2019
CA-2019-134278,EP-13915,US-Eas-New-New-10011,06-07-2019
CA-2019-147543,BC-11125,US-Wes-Cal-El -92020,06-07-2019
US-2019-138758,JL-15835,US-Eas-Pen-Phi-19120,07-07-2019
CA-2019-150301,MH-18025,US-Eas-New-Buf-14215,08-07-2019
CA-2019-100090,EB-13705,US-Wes-Cal-San-94122,08-07-2019
CA-2019-114125,GH-14410,US-Wes-Cal-Los-90049,09-07-2019
CA-2019-165379,BM-11650,US-Cen-Tex-Dal-75217,09-07-2019
CA-2019-113271,DS-13030,US-Wes-Cal-San-94122,09-07-2019
CA-2019-163552,LA-16780,US-Eas-New-Hac-7601,11-07-2019
CA-2019-123225,MN-17935,US-Cen-Tex-El -79907,11-07-2019
CA-2019-133305,MH-17455,US-Eas-New-New-10011,11-07-2019
CA-2019-166555,JK-15205,US-Eas-New-Nia-14304,11-07-2019
CA-2019-124807,ME-17725,US-Cen-Ill-Chi-60610,12-07-2019
CA-2019-129924,AC-10420,US-Wes-Cal-San-94122,12-07-2019
CA-2019-161508,PV-18985,US-Cen-Tex-Lea-77573,12-07-2019
CA-2019-110184,BF-11170,US-Wes-Cal-Los-90036,12-07-2019
CA-2019-131310,CL-12565,US-Wes-Was-Sea-98115,12-07-2019
US-2019-165862,GK-14620,US-Wes-Cal-Los-90049,13-07-2019
CA-2019-164182,ST-20530,US-Eas-Pen-Phi-19140,14-07-2019
CA-2019-124464,SS-20515,US-Eas-Del-New-19711,14-07-2019
US-2019-150532,PB-19150,US-Wes-Ari-Pho-85023,14-07-2019
US-2019-103905,AW-10930,US-Cen-Ill-Aur-60505,14-07-2019
CA-2019-109904,BF-10975,US-Eas-New-New-10009,14-07-2019
CA-2019-115980,VW-21775,US-Cen-Sou-Sio-57103,15-07-2019
CA-2019-123295,AH-10120,US-Wes-Ari-Tuc-85705,18-07-2019
CA-2019-138198,JL-15130,US-Eas-New-New-10801,18-07-2019
US-2019-150434,CA-12310,US-Eas-Con-Bri-6010,19-07-2019
CA-2019-168158,EM-14140,US-Wes-Mon-Gre-59405,19-07-2019
CA-2019-142965,SW-20245,US-Eas-Ohi-Spr-45503,20-07-2019
CA-2019-143903,KM-16375,US-Cen-Tex-Dal-75217,20-07-2019
CA-2019-141726,CC-12145,US-Wes-Cal-San-92105,20-07-2019
CA-2019-157546,RD-19720,US-Wes-Cal-San-94122,20-07-2019
CA-2019-127866,JD-15895,US-Wes-Cal-Riv-92503,20-07-2019
CA-2019-129189,HM-14860,US-Cen-Tex-Dal-75217,21-07-2019
CA-2019-116932,ME-18010,US-Wes-Cal-San-94122,21-07-2019
CA-2019-109890,PG-18820,US-Cen-Neb-Oma-68104,21-07-2019
CA-2019-117464,NP-18325,US-Wes-Cal-San-94122,22-07-2019
CA-2019-127691,EM-14065,US-Eas-New-New-10024,22-07-2019
CA-2019-122679,AB-10255,US-Wes-Cal-Los-90008,22-07-2019
US-2019-164644,JL-15850,US-Cen-Tex-Hou-77095,22-07-2019
CA-2019-145254,NC-18535,US-Wes-Cal-San-94122,23-07-2019
CA-2019-103058,AG-10270,US-Eas-New-New-10011,23-07-2019
US-2019-119137,AG-10900,US-Wes-Ari-Tuc-85705,23-07-2019
CA-2019-143917,KL-16645,US-Wes-Cal-San-94122,25-07-2019
CA-2019-146528,VF-21715,US-Wes-Cal-Los-90045,25-07-2019
CA-2019-116190,SG-20470,US-Sou-Geo-Atl-30318,26-07-2019
CA-2019-169019,LF-17185,US-Cen-Tex-San-78207,26-07-2019
CA-2019-126760,KM-16720,US-Wes-Nev-Nor-89031,26-07-2019
US-2019-155894,CL-11890,US-Cen-Ill-Chi-60623,26-07-2019
CA-2019-159121,JO-15145,US-Wes-Uta-Dra-84020,26-07-2019
US-2019-150126,AS-10045,US-Eas-New-New-10035,27-07-2019
CA-2019-124709,GW-14605,US-Wes-Cal-San-94122,27-07-2019
CA-2019-169642,BB-10990,US-Wes-Cal-Los-90036,27-07-2019
CA-2019-131541,CK-12205,US-Sou-Flo-Apo-32712,28-07-2019
CA-2019-111192,TS-21430,US-Wes-Was-Sea-98103,30-07-2019
CA-2019-152296,IL-15100,US-Wes-Cal-San-94122,01-08-2019
CA-2019-117345,BF-10975,US-Sou-Nor-Cha-28205,01-08-2019
CA-2019-162684,AS-10630,US-Eas-Pen-Phi-19120,01-08-2019
US-2019-106299,NZ-18565,US-Cen-Mis-Spr-65807,02-08-2019
CA-2019-125612,BK-11260,US-Eas-New-New-10035,03-08-2019
CA-2019-128986,GH-14410,US-Wes-Ari-Gle-85301,03-08-2019
CA-2019-133690,BS-11755,US-Wes-Col-Den-80219,03-08-2019
CA-2019-134215,ML-17395,US-Eas-Mai-Ban-4401,04-08-2019
CA-2019-126361,VD-21670,US-Wes-Uta-Ple-84062,04-08-2019
CA-2019-150490,SS-20590,US-Wes-Cal-San-94122,05-08-2019
CA-2019-110065,SP-20650,US-Eas-New-New-10009,05-08-2019
US-2019-117968,RS-19420,US-Eas-Con-Mer-6450,05-08-2019
CA-2019-124723,GZ-14470,US-Cen-Tex-Tex-77590,05-08-2019
CA-2019-118962,CS-12130,US-Wes-Cal-Los-90004,05-08-2019
CA-2019-115357,RF-19735,US-Sou-Sou-Col-29203,06-08-2019
CA-2019-137575,TB-21625,US-Eas-New-New-10035,06-08-2019
CA-2019-124478,MA-17560,US-Cen-Mic-Tre-48183,08-08-2019
CA-2019-154669,TM-21010,US-Wes-Cal-Vac-95687,08-08-2019
CA-2019-131450,LR-16915,US-Wes-Cal-San-92024,08-08-2019
CA-2019-156790,VG-21790,US-Sou-Flo-Jac-32216,08-08-2019
CA-2019-151708,MB-17305,US-Wes-Ari-Gle-85301,08-08-2019
CA-2019-167850,AG-10525,US-Sou-Flo-Sai-33710,09-08-2019
CA-2019-166471,MG-17650,US-Wes-Was-Sea-98103,09-08-2019
CA-2019-161249,RD-19720,US-Wes-Ari-Pho-85023,09-08-2019
CA-2019-141901,GM-14500,US-Wes-Cal-Fre-93727,09-08-2019
CA-2019-169726,JH-15985,US-Wes-Was-Sea-98103,09-08-2019
CA-2019-110527,ED-13885,US-Wes-Cal-San-92037,09-08-2019
CA-2019-127012,GM-14680,US-Wes-Was-Sea-98105,11-08-2019
CA-2019-154641,KL-16645,US-Eas-New-New-10035,11-08-2019
CA-2019-109897,BW-11200,US-Wes-Cal-San-94122,12-08-2019
CA-2019-156244,DH-13675,US-Sou-Flo-Mia-33180,12-08-2019
CA-2019-153927,LL-16840,US-Sou-Geo-Woo-30188,12-08-2019
CA-2019-109302,CS-12175,US-Eas-New-Lak-8701,12-08-2019
US-2019-164406,BD-11605,US-Wes-Cal-San-94122,15-08-2019
CA-2019-109043,CS-12355,US-Sou-Flo-Hol-33021,15-08-2019
CA-2019-138023,KH-16510,US-Cen-Tex-Dal-75081,15-08-2019
CA-2019-141005,CS-12355,US-Eas-Con-Fai-6824,15-08-2019
CA-2019-142839,TS-21610,US-Eas-Pen-Phi-19143,16-08-2019
CA-2019-111500,DJ-13510,US-Sou-Ark-Lit-72209,17-08-2019
CA-2019-129168,KB-16585,US-Cen-Tex-Hou-77095,17-08-2019
CA-2019-133158,DW-13195,US-Wes-Cal-Los-90045,19-08-2019
US-2019-164616,MS-17770,US-Eas-Ohi-Col-43229,19-08-2019
US-2019-156559,LH-16900,US-Sou-Ark-Jon-72401,19-08-2019
US-2019-143581,BS-11365,US-Sou-Geo-Col-31907,19-08-2019
CA-2019-121727,JK-15625,US-Eas-Ohi-Col-43229,19-08-2019
CA-2019-114321,NC-18535,US-Sou-Vir-Ham-23666,20-08-2019
CA-2019-166716,CR-12730,US-Cen-Ill-Chi-60610,20-08-2019
CA-2019-123253,DE-13255,US-Eas-Ohi-Lak-44107,22-08-2019
US-2019-166828,JF-15415,US-Cen-Mis-Sai-63301,22-08-2019
CA-2019-130918,JP-15520,US-Sou-Flo-Nor-33161,22-08-2019
CA-2019-124737,AP-10915,US-Wes-Col-Den-80219,23-08-2019
CA-2019-110639,RH-19495,US-Eas-New-New-10009,23-08-2019
US-2019-112795,CR-12625,US-Cen-Mic-Gra-49505,23-08-2019
CA-2019-154837,RB-19645,US-Wes-Cal-Los-90032,23-08-2019
CA-2019-107916,JP-15460,US-Eas-New-Oce-11572,24-08-2019
CA-2019-106719,RB-19645,US-Wes-Mon-Bil-59102,24-08-2019
CA-2019-120432,DW-13585,US-Sou-Ken-Owe-42301,24-08-2019
CA-2019-103660,MW-18220,US-Wes-Was-Sea-98103,25-08-2019
CA-2019-104178,JM-15265,US-Wes-Cal-Los-90036,25-08-2019
CA-2019-126200,JE-15715,US-Cen-Tex-Hou-77070,25-08-2019
CA-2019-115259,RC-19960,US-Eas-Ohi-Col-43229,25-08-2019
CA-2019-107398,BS-11590,US-Eas-Ohi-Col-43229,25-08-2019
US-2019-115413,PP-18955,US-Eas-Del-New-19711,26-08-2019
CA-2019-103331,KB-16315,US-Eas-Del-New-19711,26-08-2019
CA-2019-123260,FM-14290,US-Wes-Cal-Los-90032,26-08-2019
CA-2019-101266,MM-17920,US-Sou-Vir-Spr-22153,27-08-2019
CA-2019-143336,ZD-21925,US-Wes-Cal-San-94109,27-08-2019
CA-2019-124688,CC-12610,US-Sou-Vir-Spr-22153,27-08-2019
CA-2019-169775,RA-19945,US-Sou-Flo-Mia-33178,29-08-2019
CA-2019-135699,HH-15010,US-Wes-Cal-San-94110,29-08-2019
CA-2019-146500,AT-10735,US-Eas-Con-Bri-6010,30-08-2019
CA-2019-143385,SJ-20500,US-Wes-New-San-87505,31-08-2019
CA-2019-165428,JL-15130,US-Cen-Tex-Hou-77036,01-09-2019
CA-2019-109855,LH-16900,US-Eas-New-New-10009,01-09-2019
CA-2019-126522,LT-16765,US-Wes-Cal-Esc-92025,01-09-2019
CA-2019-158281,AG-10525,US-Cen-Tex-Hou-77095,02-09-2019
CA-2019-127936,CL-12565,US-Eas-New-New-10009,02-09-2019
CA-2019-151792,CV-12295,US-Cen-Ill-Chi-60653,02-09-2019
US-2019-138828,KD-16345,US-Eas-New-New-10009,02-09-2019
CA-2019-106971,BM-11785,US-Cen-Ill-Buf-60089,02-09-2019
CA-2019-157721,JM-16195,US-Eas-New-Wat-13601,02-09-2019
CA-2019-152268,SC-20095,US-Sou-Ark-Fay-72701,02-09-2019
CA-2019-125171,AG-10390,US-Eas-New-New-10009,03-09-2019
US-2019-120236,MR-17545,US-Cen-Tex-Hou-77095,03-09-2019
CA-2019-136861,PR-18880,US-Sou-Flo-Sai-33710,05-09-2019
CA-2019-106572,NP-18700,US-Eas-Ohi-Bow-43402,05-09-2019
CA-2019-130449,VP-21760,US-Wes-Cal-San-94109,06-09-2019
CA-2019-105165,SZ-20035,US-Cen-Tex-Hou-77036,07-09-2019
CA-2019-131002,TB-21400,US-Cen-Okl-Tul-74133,07-09-2019
CA-2019-100006,DK-13375,US-Eas-New-New-10024,07-09-2019
CA-2019-126193,SS-20410,US-Cen-Ill-Osw-60543,07-09-2019
CA-2019-117765,RB-19465,US-Cen-Okl-Tul-74133,07-09-2019
CA-2019-122882,SB-20290,US-Eas-Pen-Phi-19134,07-09-2019
CA-2019-109918,LR-17035,US-Wes-Cal-San-95051,07-09-2019
CA-2019-168592,DP-13390,US-Wes-Cal-San-94110,08-09-2019
CA-2019-139892,BM-11140,US-Cen-Tex-San-78207,08-09-2019
CA-2019-107818,MC-17275,US-Wes-Was-Pas-99301,08-09-2019
CA-2019-128839,TT-21070,US-Sou-Vir-Che-23320,08-09-2019
US-2019-115987,LH-17020,US-Cen-Tex-Tyl-75701,08-09-2019
CA-2019-146815,PP-18955,US-Eas-New-New-10009,08-09-2019
CA-2019-146283,KT-16465,US-Cen-Tex-Hou-77036,08-09-2019
CA-2019-163293,KC-16255,US-Sou-Geo-Mac-31204,08-09-2019
CA-2019-123127,SP-20620,US-Eas-New-Lon-11561,08-09-2019
CA-2019-140032,TS-21340,US-Wes-Cal-San-94109,08-09-2019
CA-2019-132500,GZ-14470,US-Wes-Cal-San-94110,08-09-2019
CA-2019-102869,LC-17140,US-Eas-Pen-Phi-19140,09-09-2019
CA-2019-144407,MS-17365,US-Cen-Mic-Det-48227,09-09-2019
CA-2019-103527,CC-12220,US-Cen-Ill-Chi-60653,09-09-2019
US-2019-131870,NF-18595,US-Eas-Ohi-Lan-43130,09-09-2019
CA-2019-126403,RR-19525,US-Eas-Mas-Low-1852,09-09-2019
US-2019-115196,DL-12925,US-Sou-Nor-Gre-27834,09-09-2019
CA-2019-113383,SF-20065,US-Eas-New-Cli-7011,10-09-2019
CA-2019-125731,CL-12565,US-Wes-Ore-Gre-97030,10-09-2019
US-2019-138835,DA-13450,US-Sou-Vir-Vir-23464,10-09-2019
CA-2019-112837,LW-17125,US-Wes-Cal-Oxn-93030,11-09-2019
CA-2019-138527,BN-11470,US-Sou-Nor-Car-27511,12-09-2019
US-2019-119081,TA-21385,US-Cen-Kan-Ola-66062,12-09-2019
CA-2019-116246,LW-17215,US-Eas-New-New-10035,12-09-2019
CA-2019-101476,SD-20485,US-Eas-New-New-10801,12-09-2019
CA-2019-103702,AF-10885,US-Eas-Ohi-Fai-45014,12-09-2019
US-2019-150924,PT-19090,US-Cen-Tex-Hou-77070,12-09-2019
CA-2019-142769,RP-19390,US-Wes-Was-Sea-98103,13-09-2019
CA-2019-140039,ON-18715,US-Wes-Ari-Tem-85281,13-09-2019
CA-2019-126277,LH-16900,US-Eas-Ohi-Col-43229,13-09-2019
CA-2019-132962,JM-15535,US-Eas-Pen-Phi-19143,13-09-2019
CA-2019-113859,BC-11125,US-Cen-Tex-Ode-79762,13-09-2019
CA-2019-145212,DC-12850,US-Eas-New-New-10011,13-09-2019
US-2019-156216,EA-14035,US-Sou-Nor-Cha-28205,13-09-2019
US-2019-100853,JB-15400,US-Cen-Ill-Chi-60623,14-09-2019
CA-2019-160766,DM-13015,US-Eas-New-New-10009,14-09-2019
CA-2019-159184,JC-15775,US-Sou-Geo-Mac-31204,14-09-2019
US-2019-127635,SC-20260,US-Cen-Tex-Cor-78415,14-09-2019
CA-2019-113362,AJ-10960,US-Eas-New-Roc-14609,14-09-2019
CA-2019-145576,CA-12775,US-Sou-Flo-Tam-33614,14-09-2019
CA-2019-149594,MF-18250,US-Eas-Pen-Phi-19120,15-09-2019
CA-2019-138100,AA-10315,US-Eas-New-New-10011,15-09-2019
CA-2019-141152,RF-19345,US-Eas-New-New-10024,16-09-2019
CA-2019-103940,BN-11515,US-Wes-Was-Sea-98103,17-09-2019
CA-2019-131947,JA-15970,US-Wes-Ore-Spr-97477,17-09-2019
US-2019-158638,AG-10765,US-Eas-Pen-Phi-19120,17-09-2019
US-2019-117170,KT-16465,US-Sou-Nor-Ral-27604,17-09-2019
CA-2019-112851,NR-18550,US-Wes-Cal-Chu-91911,17-09-2019
CA-2019-132787,MC-18130,US-Wes-Was-Sea-98115,19-09-2019
CA-2019-168130,BS-11365,US-Eas-New-New-10011,19-09-2019
CA-2019-127299,JL-15835,US-Sou-Nor-Cha-28205,19-09-2019
US-2019-106992,SB-20290,US-Cen-Tex-Hou-77036,19-09-2019
CA-2019-159849,JK-15640,US-Wes-Cal-San-94110,19-09-2019
CA-2019-156601,FA-14230,US-Wes-Cal-Lon-90805,19-09-2019
CA-2019-138177,ND-18460,US-Wes-Ari-Cha-85224,19-09-2019
CA-2019-120411,SB-20185,US-Cen-Ill-Chi-60653,20-09-2019
CA-2019-166744,DN-13690,US-Eas-Mar-Col-21044,20-09-2019
CA-2019-125997,MW-18220,US-Eas-New-New-10011,20-09-2019
CA-2019-126480,HG-14965,US-Wes-Cal-San-92024,20-09-2019
US-2019-134614,PF-19165,US-Cen-Ill-Blo-61701,20-09-2019
CA-2019-151953,DB-13555,US-Sou-Flo-Jac-32216,20-09-2019
CA-2019-156433,ES-14020,US-Wes-Cal-San-94110,20-09-2019
CA-2019-133704,MA-17995,US-Wes-Cal-Los-90004,20-09-2019
CA-2019-125514,BM-11650,US-Cen-Neb-Oma-68104,21-09-2019
US-2019-135972,JG-15115,US-Wes-Was-Des-98198,21-09-2019
CA-2019-153969,HF-14995,US-Wes-Cal-San-94109,21-09-2019
CA-2019-124513,SL-20155,US-Eas-New-New-10011,21-09-2019
CA-2019-168823,MA-17560,US-Eas-Pen-Phi-19143,21-09-2019
CA-2019-117478,LH-16750,US-Eas-Pen-Phi-19140,21-09-2019
US-2019-166310,JS-15940,US-Cen-Tex-Gar-75043,21-09-2019
CA-2019-158225,SE-20110,US-Wes-Cal-San-95123,22-09-2019
CA-2019-103191,VG-21805,US-Cen-Ill-Chi-60653,22-09-2019
CA-2019-156160,AS-10090,US-Eas-New-New-10035,22-09-2019
CA-2019-127488,MS-17365,US-Sou-Flo-Boc-33433,22-09-2019
CA-2019-163650,TT-21220,US-Eas-Del-Dov-19901,23-09-2019
CA-2019-116904,SC-20095,US-Cen-Min-Min-55407,23-09-2019
CA-2019-147900,JK-15640,US-Eas-Ohi-Lak-44107,23-09-2019
CA-2019-113964,JP-16135,US-Eas-New-New-10011,23-09-2019
US-2019-134733,BM-11650,US-Wes-Cal-San-92037,23-09-2019
CA-2019-163559,ST-20530,US-Eas-New-New-10035,23-09-2019
CA-2019-148369,TH-21115,US-Eas-Del-New-19711,23-09-2019
CA-2019-123344,JD-16060,US-Wes-Cal-San-94109,24-09-2019
CA-2019-141355,BF-11005,US-Wes-Col-Aur-80013,25-09-2019
US-2019-112914,MT-18070,US-Cen-Tex-Hou-77041,25-09-2019
CA-2019-144974,CM-12715,US-Eas-Pen-Phi-19140,26-09-2019
CA-2019-115049,MM-17920,US-Cen-Ill-Chi-60623,26-09-2019
CA-2019-132451,KF-16285,US-Wes-Cal-San-92105,26-09-2019
CA-2019-164385,NB-18580,US-Eas-Pen-Phi-19134,26-09-2019
US-2019-152723,HG-14965,US-Cen-Tex-Mes-75150,26-09-2019
CA-2019-127586,CS-12400,US-Wes-Was-Sea-98115,26-09-2019
CA-2019-115133,DA-13450,US-Eas-Ohi-Lan-43130,26-09-2019
US-2019-151925,KT-16465,US-Wes-Cal-Los-90049,26-09-2019
CA-2019-120887,TS-21205,US-Eas-New-Hac-7601,27-09-2019
US-2019-133130,TH-21100,US-Wes-Cal-San-92037,27-09-2019
CA-2019-125136,KD-16495,US-Sou-Nor-Fay-28314,28-09-2019
CA-2019-114335,XP-21865,US-Sou-Flo-Hol-33021,28-09-2019
CA-2019-107153,GZ-14545,US-Eas-Mas-Law-1841,28-09-2019
CA-2019-126683,PP-18955,US-Wes-Was-Sea-98115,29-09-2019
CA-2019-124856,LD-17005,US-Eas-New-New-10011,29-09-2019
CA-2019-146969,AP-10915,US-Wes-Cal-Los-90045,29-09-2019
CA-2019-122931,SM-20950,US-Eas-Pen-Phi-19134,29-09-2019
CA-2019-111962,EB-14170,US-Wes-Was-Sea-98115,29-09-2019
CA-2019-159478,MH-17785,US-Eas-New-New-10035,30-09-2019
US-2019-167633,BW-11200,US-Sou-Flo-Boy-33437,30-09-2019
CA-2019-137351,DB-13615,US-Wes-Was-Sea-98105,30-09-2019
CA-2019-140886,KW-16570,US-Sou-Ten-Cla-37042,30-09-2019
CA-2019-141649,DM-12955,US-Eas-Ohi-Fai-45014,30-09-2019
CA-2019-102008,RA-19915,US-Eas-New-New-10011,30-09-2019
US-2019-132745,NF-18475,US-Wes-Nev-Ren-89502,01-10-2019
CA-2019-108189,ES-14080,US-Wes-Ari-Tem-85281,02-10-2019
US-2019-155817,SL-20155,US-Sou-Nor-Dur-27707,03-10-2019
CA-2019-108903,DO-13435,US-Eas-Ohi-Col-43229,03-10-2019
CA-2019-153976,BP-11290,US-Cen-Ill-Eva-60201,03-10-2019
CA-2019-120775,RD-19930,US-Cen-Tex-Dal-75217,03-10-2019
CA-2019-157882,AR-10405,US-Wes-Cal-Los-90036,03-10-2019
CA-2019-102085,JD-16015,US-Wes-Was-Sea-98115,04-10-2019
CA-2019-153479,DF-13135,US-Wes-Cal-Val-94591,04-10-2019
CA-2019-166891,CC-12220,US-Eas-New-New-10024,04-10-2019
CA-2019-152422,BD-11635,US-Eas-Ohi-Col-43229,05-10-2019
CA-2019-152233,KH-16510,US-Wes-Cal-Pom-91767,05-10-2019
CA-2019-110611,JD-16015,US-Eas-Pen-Phi-19120,06-10-2019
CA-2019-109680,VP-21760,US-Cen-Ind-Ind-46203,06-10-2019
CA-2019-132542,AM-10360,US-Cen-Neb-Oma-68104,06-10-2019
CA-2019-134677,XP-21865,US-Wes-Cal-San-92024,06-10-2019
CA-2019-132801,JG-15805,US-Cen-Tex-Dal-75217,07-10-2019
CA-2019-117429,MR-17545,US-Eas-Pen-Phi-19140,07-10-2019
CA-2019-142951,JG-15115,US-Sou-Nor-Cha-28205,08-10-2019
CA-2019-119977,DN-13690,US-Eas-New-New-10011,08-10-2019
CA-2019-137911,BP-11095,US-Sou-Nor-Jac-28540,09-10-2019
CA-2019-138240,SJ-20500,US-Wes-Cal-San-94122,09-10-2019
CA-2019-103492,CM-12715,US-Cen-Tex-Hun-77340,10-10-2019
US-2019-105137,RB-19435,US-Eas-Ohi-Col-43229,10-10-2019
US-2019-134054,FC-14335,US-Wes-New-Alb-87105,10-10-2019
CA-2019-150329,SD-20485,US-Wes-Ari-Pho-85023,10-10-2019
CA-2019-140403,TN-21040,US-Wes-Cal-Man-95336,10-10-2019
CA-2019-116834,Dp-13240,US-Wes-Was-Sea-98115,11-10-2019
US-2019-126571,JF-15565,US-Eas-Pen-Phi-19120,11-10-2019
CA-2019-128538,AS-10240,US-Wes-Cal-Red-90278,11-10-2019
CA-2019-114314,DB-13555,US-Sou-Ark-Fay-72701,11-10-2019
CA-2019-157924,HA-14920,US-Wes-Cal-Pas-91104,11-10-2019
CA-2019-139451,DN-13690,US-Wes-Cal-San-94122,12-10-2019
US-2019-154655,BP-11050,US-Cen-Ill-Chi-60623,12-10-2019
CA-2019-151995,ZC-21910,US-Wes-Was-Edm-98026,13-10-2019
CA-2019-164742,ML-17395,US-Eas-New-Lak-8701,13-10-2019
CA-2019-132010,MA-17995,US-Sou-Vir-Ric-23223,13-10-2019
CA-2019-123316,SP-20545,US-Eas-New-Mou-10550,13-10-2019
US-2019-151015,BD-11500,US-Cen-Ill-Chi-60653,14-10-2019
CA-2019-151330,TC-21295,US-Eas-Mas-Eve-2149,14-10-2019
US-2019-146353,JE-15610,US-Eas-New-Con-3301,14-10-2019
CA-2019-163748,HG-15025,US-Cen-Tex-For-76106,14-10-2019
CA-2019-143182,DL-12865,US-Sou-Flo-Hia-33012,15-10-2019
US-2019-122021,AC-10660,US-Eas-Ohi-Par-44134,15-10-2019
US-2019-109456,LS-17245,US-Wes-Cal-San-94110,16-10-2019
CA-2019-124394,TB-21520,US-Cen-Tex-Bea-77705,17-10-2019
CA-2019-103086,EB-14170,US-Cen-Tex-Hou-77095,17-10-2019
CA-2019-138450,EH-13765,US-Eas-Pen-Phi-19134,18-10-2019
CA-2019-143168,IG-15085,US-Wes-Was-Sea-98103,18-10-2019
CA-2019-115084,LS-17200,US-Sou-Ark-Tex-71854,18-10-2019
CA-2019-110408,AS-10225,US-Sou-Ala-Mon-36116,18-10-2019
CA-2019-100867,EH-14125,US-Wes-Cal-Lak-90712,19-10-2019
CA-2019-117317,JF-15490,US-Wes-Cal-Los-90032,19-10-2019
CA-2019-155264,RP-19270,US-Wes-Cal-San-94110,19-10-2019
CA-2019-137092,LS-16975,US-Cen-Ill-Chi-60653,20-10-2019
CA-2019-146703,PO-18865,US-Cen-Mic-Wes-48185,20-10-2019
CA-2019-169684,FH-14365,US-Sou-Ten-Kno-37918,20-10-2019
CA-2019-100916,FH-14275,US-Sou-Vir-New-23602,21-10-2019
CA-2019-142587,TB-21520,US-Eas-Ohi-Fai-45014,21-10-2019
CA-2019-169852,SF-20965,US-Wes-Cal-San-92024,21-10-2019
CA-2019-151967,NB-18580,US-Sou-Lou-Bos-71111,22-10-2019
CA-2019-110072,MG-17680,US-Eas-Ohi-New-43055,22-10-2019
CA-2019-130729,AA-10375,US-Wes-Cal-Ran-91730,24-10-2019
CA-2019-108707,DB-12910,US-Sou-Flo-For-33311,24-10-2019
CA-2019-113047,AP-10915,US-Sou-Sou-Roc-29730,24-10-2019
US-2019-158400,AH-10030,US-Wes-Cal-San-94109,25-10-2019
CA-2019-139542,EH-14185,US-Eas-Pen-Phi-19120,25-10-2019
CA-2019-162278,AH-10585,US-Wes-Was-Sea-98105,26-10-2019
CA-2019-148285,RD-19810,US-Sou-Nor-Fay-28314,27-10-2019
CA-2019-101931,TS-21370,US-Wes-Cal-Los-90049,28-10-2019
CA-2019-107769,BT-11395,US-Cen-Kan-Gar-67846,28-10-2019
CA-2019-166590,NC-18625,US-Cen-Ind-Col-47201,29-10-2019
CA-2019-154627,SA-20830,US-Cen-Ill-Chi-60610,29-10-2019
CA-2019-106439,GG-14650,US-Wes-Cal-Los-90049,31-10-2019
CA-2019-145387,AM-10705,US-Eas-Rho-Cra-2920,31-10-2019
US-2019-167262,AC-10450,US-Wes-Ari-Avo-85323,31-10-2019
US-2019-120313,NL-18310,US-Wes-Cal-San-94110,31-10-2019
CA-2019-108609,AJ-10780,US-Eas-Ohi-Lor-44052,31-10-2019
CA-2019-126907,SM-20950,US-Cen-Ill-Chi-60610,01-11-2019
CA-2019-102673,KH-16630,US-Sou-Nor-Cha-28205,01-11-2019
US-2019-137155,DL-12925,US-Eas-New-Lon-11561,01-11-2019
CA-2019-114195,EA-14035,US-Eas-Ohi-Mas-45040,01-11-2019
CA-2019-168305,PL-18925,US-Wes-Cal-Los-90049,01-11-2019
CA-2019-148915,ND-18370,US-Wes-Ore-Por-97206,01-11-2019
CA-2019-152562,JO-15145,US-Sou-Ken-Ric-40475,01-11-2019
CA-2019-139423,DG-13300,US-Eas-New-Ora-7050,01-11-2019
CA-2019-134313,RA-19915,US-Wes-Col-Den-80219,01-11-2019
CA-2019-129147,LC-17050,US-Eas-Ohi-Med-44256,02-11-2019
CA-2019-148782,PO-18850,US-Cen-Tex-Irv-75061,02-11-2019
CA-2019-107454,RD-19720,US-Eas-New-New-10024,02-11-2019
CA-2019-134726,SW-20755,US-Wes-Was-Sea-98115,02-11-2019
CA-2019-115889,SH-20395,US-Wes-Cal-San-94122,02-11-2019
CA-2019-120670,JK-16120,US-Sou-Flo-For-33311,02-11-2019
CA-2019-146731,AT-10735,US-Sou-Ten-Nas-37211,03-11-2019
CA-2019-119529,DM-13345,US-Eas-New-Ora-7050,03-11-2019
CA-2019-137589,MS-17770,US-Eas-Pen-Lan-17602,03-11-2019
CA-2019-165764,SH-20395,US-Sou-Nor-Jac-28540,03-11-2019
US-2019-124625,SP-20650,US-Cen-Neb-Oma-68104,03-11-2019
CA-2019-121573,SG-20605,US-Eas-New-New-10009,03-11-2019
CA-2019-155593,RP-19390,US-Eas-Con-Fai-6824,03-11-2019
CA-2019-153619,TC-21535,US-Wes-Cal-Los-90049,03-11-2019
CA-2019-164973,NM-18445,US-Eas-New-New-10024,04-11-2019
CA-2019-132227,SZ-20035,US-Eas-New-New-10011,04-11-2019
CA-2019-121286,ON-18715,US-Sou-Nor-Car-27511,04-11-2019
CA-2019-125829,WB-21850,US-Wes-Cal-Los-90045,04-11-2019
US-2019-134187,TH-21235,US-Wes-Cal-Lon-90805,04-11-2019
CA-2019-149244,MS-17530,US-Wes-Cal-San-92037,04-11-2019
US-2019-114377,BG-11035,US-Sou-Vir-Ham-23666,05-11-2019
CA-2019-109134,DE-13255,US-Wes-Cal-Los-90008,05-11-2019
CA-2019-114251,MD-17350,US-Eas-Pen-Phi-19143,05-11-2019
CA-2019-133634,SR-20740,US-Sou-Vir-Arl-22204,05-11-2019
CA-2019-120950,GA-14515,US-Sou-Geo-Col-31907,06-11-2019
CA-2019-120278,MS-17365,US-Cen-Wis-Wau-54401,07-11-2019
CA-2019-159310,SC-20725,US-Cen-Tex-Hou-77070,07-11-2019
CA-2019-146990,BP-11095,US-Eas-New-New-10024,07-11-2019
CA-2019-123323,LH-16900,US-Wes-Cal-San-94110,07-11-2019
US-2019-139640,TB-21595,US-Wes-Ore-Por-97206,07-11-2019
CA-2019-123498,TC-20980,US-Cen-Tex-Hou-77041,07-11-2019
US-2019-126340,EB-13870,US-Wes-Cal-Red-96003,08-11-2019
CA-2019-144666,JP-15520,US-Wes-Cal-San-94110,09-11-2019
CA-2019-158372,RD-19900,US-Wes-Cal-San-92037,10-11-2019
CA-2019-121006,SC-20020,US-Cen-Mic-Mid-48640,10-11-2019
US-2019-143287,KN-16705,US-Eas-New-New-10801,11-11-2019
CA-2019-163419,TZ-21580,US-Wes-Col-Lou-80027,11-11-2019
CA-2019-105270,AP-10915,US-Wes-Cal-Los-90008,11-11-2019
CA-2019-165309,KD-16270,US-Cen-Tex-Hou-77095,11-11-2019
US-2019-140914,BH-11710,US-Cen-Ill-Chi-60653,11-11-2019
CA-2019-140732,MA-17560,US-Wes-Cal-Los-90004,11-11-2019
CA-2019-155796,TS-21430,US-Eas-Pen-Rea-19601,11-11-2019
CA-2019-128524,MZ-17515,US-Wes-Was-Sea-98115,11-11-2019
CA-2019-105893,PK-19075,US-Cen-Wis-Mad-53711,11-11-2019
CA-2019-122609,DP-13000,US-Cen-Tex-Car-75007,12-11-2019
US-2019-159618,DB-12970,US-Cen-Tex-Hou-77036,12-11-2019
CA-2019-164910,DM-13345,US-Sou-Nor-Ash-28806,12-11-2019
CA-2019-151078,RF-19840,US-Cen-Tex-San-78207,12-11-2019
CA-2019-151295,JA-15970,US-Wes-Cal-Los-90045,12-11-2019
CA-2019-162362,JL-15505,US-Cen-Mic-Mid-48640,14-11-2019
CA-2019-151554,CM-11815,US-Cen-Tex-Pas-77506,14-11-2019
CA-2019-166989,RM-19675,US-Eas-New-New-10011,14-11-2019
CA-2019-125556,ML-17410,US-Eas-Con-Fai-6824,14-11-2019
CA-2019-161634,CC-12220,US-Sou-Vir-Che-23320,14-11-2019
CA-2019-127558,SS-20410,US-Wes-Cal-Los-90008,15-11-2019
CA-2019-128888,PB-19105,US-Cen-Tex-Hou-77095,15-11-2019
CA-2019-116407,JF-15190,US-Sou-Ten-Joh-37604,15-11-2019
CA-2019-128622,SC-20260,US-Wes-Cal-San-94110,15-11-2019
US-2019-139500,AB-10165,US-Cen-Ill-Dec-62521,16-11-2019
US-2019-147704,SR-20740,US-Cen-Ind-Blo-47401,16-11-2019
CA-2019-149643,RH-19510,US-Cen-Kan-Man-66502,16-11-2019
CA-2019-119144,JD-16150,US-Wes-Cal-Los-90008,16-11-2019
CA-2019-160066,AH-10075,US-Wes-Cal-Hun-92646,16-11-2019
CA-2019-101833,FG-14260,US-Eas-New-New-10024,17-11-2019
CA-2019-145926,MP-17470,US-Cen-Min-Moo-56560,17-11-2019
CA-2019-159835,RB-19330,US-Eas-Pen-Phi-19143,17-11-2019
CA-2019-119375,YC-21895,US-Eas-Del-New-19711,17-11-2019
CA-2019-128209,GT-14710,US-Eas-New-Buf-14215,17-11-2019
CA-2019-140662,TS-21205,US-Wes-Cal-San-94109,17-11-2019
CA-2019-130869,CB-12025,US-Cen-Tex-Ced-75104,17-11-2019
CA-2019-163468,JK-15730,US-Cen-Ill-Des-60016,18-11-2019
US-2019-159926,CS-11950,US-Eas-Pen-Phi-19140,18-11-2019
CA-2019-133809,MS-17530,US-Eas-Ohi-Fai-45014,18-11-2019
CA-2019-161032,MK-17905,US-Cen-Wis-Fra-53132,18-11-2019
CA-2019-164210,PW-19240,US-Wes-Col-Lou-80027,18-11-2019
CA-2019-115336,AB-10600,US-Cen-Ill-Chi-60623,18-11-2019
CA-2019-141173,JC-16105,US-Cen-Min-Min-55407,18-11-2019
CA-2019-124702,MH-17785,US-Wes-Was-Sea-98105,18-11-2019
CA-2019-104829,JG-15805,US-Wes-Uta-Pro-84604,18-11-2019
US-2019-123183,GR-14560,US-Eas-Del-Wil-19805,19-11-2019
US-2019-149034,RD-19900,US-Eas-Pen-Phi-19120,19-11-2019
CA-2019-158274,RM-19675,US-Sou-Lou-Mon-71203,19-11-2019
CA-2019-150518,MW-18220,US-Cen-Min-Coo-55433,19-11-2019
CA-2019-144624,JM-15865,US-Eas-New-Jam-14701,19-11-2019
CA-2019-128062,AD-10180,US-Eas-Pen-Phi-19134,19-11-2019
CA-2019-100972,DB-13360,US-Wes-Uta-Sal-84106,19-11-2019
CA-2019-140396,KH-16330,US-Eas-New-New-10024,20-11-2019
CA-2019-102274,DH-13075,US-Sou-Ken-Ric-40475,21-11-2019
CA-2019-154781,SC-20680,US-Wes-Cal-San-94110,21-11-2019
CA-2019-103401,GR-14560,US-Wes-Cal-San-94110,21-11-2019
US-2019-168501,JK-15325,US-Cen-Tex-Dal-75220,21-11-2019
CA-2019-129091,RA-19885,US-Sou-Geo-Col-31907,22-11-2019
CA-2019-135090,SP-20920,US-Wes-Cal-Los-90036,22-11-2019
CA-2019-105340,EH-14185,US-Cen-Tex-Pas-77506,22-11-2019
CA-2019-125682,RB-19645,US-Sou-Geo-Atl-30318,22-11-2019
US-2019-112200,TC-21475,US-Cen-Ill-Bol-60440,22-11-2019
CA-2019-110352,ED-13885,US-Cen-Tex-Hou-77036,23-11-2019
US-2019-143721,DK-12835,US-Cen-Tex-Hou-77095,23-11-2019
CA-2019-149055,PB-19210,US-Eas-Pen-Phi-19134,23-11-2019
CA-2019-120544,SS-20140,US-Cen-Tex-Mes-75150,23-11-2019
CA-2019-159625,SM-20005,US-Wes-Ari-Sco-85254,23-11-2019
US-2019-157385,SC-20095,US-Wes-Cal-Los-90004,23-11-2019
CA-2019-139283,BT-11440,US-Cen-Mic-Det-48227,23-11-2019
CA-2019-167360,RB-19435,US-Cen-Mis-Sai-63116,24-11-2019
CA-2019-105984,MY-18295,US-Eas-Ohi-Col-43229,24-11-2019
CA-2019-102295,EH-13990,US-Wes-Cal-Sac-95823,24-11-2019
CA-2019-127131,HR-14830,US-Wes-Was-Sea-98103,24-11-2019
CA-2019-163034,DK-12985,US-Cen-Ill-Chi-60610,24-11-2019
CA-2019-115973,NG-18430,US-Eas-Ohi-Cin-45231,24-11-2019
CA-2019-100762,NG-18355,US-Cen-Mic-Jac-49201,24-11-2019
CA-2019-158540,VG-21790,US-Wes-Cal-San-92037,24-11-2019
CA-2019-111360,AT-10435,US-Eas-Ohi-Akr-44312,24-11-2019
CA-2019-122217,HP-14815,US-Sou-Vir-Vir-23464,24-11-2019
CA-2019-153850,TH-21100,US-Eas-Ohi-Tol-43615,24-11-2019
US-2019-107993,SE-20110,US-Wes-Ore-Spr-97477,25-11-2019
CA-2019-127446,MC-17590,US-Cen-Tex-Arl-76017,25-11-2019
CA-2019-164721,LW-16825,US-Wes-Cal-Bre-94513,25-11-2019
US-2019-144078,RB-19435,US-Wes-Cal-Los-90004,25-11-2019
CA-2019-119151,MP-18175,US-Eas-New-New-10009,25-11-2019
CA-2019-122588,AR-10540,US-Eas-Rho-Woo-2895,25-11-2019
CA-2019-124730,LS-17245,US-Eas-New-Uti-13501,26-11-2019
US-2019-147648,LS-16975,US-Wes-Cal-San-94109,26-11-2019
CA-2019-168984,NW-18400,US-Wes-Ore-Tig-97224,26-11-2019
CA-2019-141110,LS-17200,US-Wes-Cal-Fre-93727,26-11-2019
US-2019-147606,JE-15745,US-Cen-Tex-Hou-77070,26-11-2019
CA-2019-167486,JO-15145,US-Eas-New-Buf-14215,27-11-2019
CA-2019-119032,MS-17770,US-Eas-New-New-10035,27-11-2019
CA-2019-121629,BT-11680,US-Cen-Tex-Hou-77041,28-11-2019
CA-2019-159800,SG-20470,US-Wes-Cal-San-94109,28-11-2019
CA-2019-101560,CS-12250,US-Sou-Sou-Col-29203,28-11-2019
CA-2019-105249,DH-13675,US-Wes-Cal-San-94122,28-11-2019
CA-2019-121167,MO-17500,US-Eas-New-Fre-11520,28-11-2019
US-2019-120145,MC-17635,US-Cen-Ind-Ric-47374,28-11-2019
CA-2019-163013,BF-11080,US-Sou-Ala-Mon-36116,28-11-2019
CA-2019-153983,AH-10210,US-Wes-Cal-San-94122,29-11-2019
CA-2019-136280,Co-12640,US-Eas-Pen-Phi-19143,29-11-2019
US-2019-111353,PB-19150,US-Eas-New-New-10009,29-11-2019
US-2019-134712,BS-11380,US-Cen-Ill-Sko-60076,29-11-2019
CA-2019-148425,RF-19345,US-Sou-Flo-Orl-32839,30-11-2019
CA-2019-146843,PB-19150,US-Wes-Ari-Avo-85323,30-11-2019
CA-2019-103590,JL-15505,US-Eas-New-Mou-10550,30-11-2019
CA-2019-150798,JK-15730,US-Eas-Ohi-Col-43229,01-12-2019
CA-2019-143210,AA-10645,US-Eas-Mas-Low-1852,01-12-2019
CA-2019-120474,RP-19390,US-Cen-Wis-Mad-53711,01-12-2019
US-2019-161613,MC-17605,US-Cen-Tex-Hou-77070,01-12-2019
CA-2019-131527,TB-21280,US-Sou-Nor-Jac-28540,01-12-2019
CA-2019-131051,TR-21325,US-Wes-Cal-San-94122,01-12-2019
CA-2019-154095,ON-18715,US-Eas-Mar-Cli-20735,02-12-2019
CA-2019-112158,DP-13165,US-Eas-New-New-10035,02-12-2019
CA-2019-103807,EM-13825,US-Sou-Geo-San-30328,02-12-2019
CA-2019-101147,MC-17575,US-Cen-Ill-Chi-60623,02-12-2019
US-2019-117744,MD-17860,US-Cen-Tex-Cor-78415,02-12-2019
CA-2019-132864,KN-16390,US-Eas-Ohi-Col-43229,02-12-2019
CA-2019-122749,NG-18430,US-Cen-Okl-Okl-73120,03-12-2019
CA-2019-164861,MC-17635,US-Cen-Mis-Sai-63116,03-12-2019
CA-2019-127187,CP-12085,US-Eas-New-New-10024,04-12-2019
CA-2019-133830,RL-19615,US-Wes-Cal-Los-90045,05-12-2019
CA-2019-151162,EA-14035,US-Eas-Ohi-Col-43229,05-12-2019
CA-2019-150203,JB-15925,US-Wes-Cal-Los-90032,05-12-2019
CA-2019-106376,BS-11590,US-Wes-Ari-Gil-85234,05-12-2019
CA-2019-166191,DK-13150,US-Cen-Ill-Dec-62521,05-12-2019
CA-2019-125542,NB-18655,US-Eas-Pen-Phi-19134,05-12-2019
CA-2019-138296,RC-19825,US-Sou-Vir-Ale-22304,05-12-2019
CA-2019-155390,BG-11035,US-Sou-Ten-Mem-38109,06-12-2019
US-2019-140452,BK-11260,US-Cen-Ill-Chi-60610,06-12-2019
CA-2019-110030,LF-17185,US-Cen-Tex-Hou-77095,06-12-2019
CA-2019-106726,RS-19765,US-Wes-Cal-Los-90008,06-12-2019
US-2019-112872,RC-19960,US-Wes-Ore-Spr-97477,06-12-2019
CA-2019-101392,AS-10630,US-Wes-Was-Sea-98103,07-12-2019
CA-2019-138737,FP-14320,US-Wes-Cal-Los-90049,07-12-2019
CA-2019-154592,EH-14005,US-Wes-Cal-San-94109,07-12-2019
CA-2019-159681,PO-18850,US-Sou-Vir-Vir-23464,07-12-2019
CA-2019-135608,JK-15625,US-Wes-Was-Oly-98502,08-12-2019
CA-2019-129364,TB-21250,US-Wes-Ore-Sal-97301,08-12-2019
CA-2019-144071,DJ-13420,US-Wes-Cal-San-94110,08-12-2019
CA-2019-104773,TB-21175,US-Cen-Tex-Hou-77041,08-12-2019
CA-2019-101175,DM-12955,US-Wes-Ari-Mes-85204,09-12-2019
CA-2019-138128,FP-14320,US-Eas-Pen-Phi-19134,09-12-2019
CA-2019-109932,VP-21760,US-Cen-Tex-Bro-78521,09-12-2019
CA-2019-169649,TS-21205,US-Cen-Ill-Chi-60653,09-12-2019
CA-2019-104976,CK-12760,US-Wes-Cal-San-94122,09-12-2019
US-2019-112991,SH-19975,US-Wes-Ida-Cal-83605,10-12-2019
CA-2019-148488,SM-20005,US-Eas-New-New-10009,10-12-2019
CA-2019-107573,PB-19150,US-Sou-Flo-Mia-33178,12-12-2019
US-2019-122959,CY-12745,US-Cen-Tex-San-78207,12-12-2019
CA-2019-168494,NP-18700,US-Wes-Cal-Fre-93727,12-12-2019
CA-2019-113320,LH-17155,US-Wes-Cal-Oak-94601,12-12-2019
CA-2019-141607,WB-21850,US-Wes-Cal-Con-94521,12-12-2019
CA-2019-124079,RF-19345,US-Wes-Ari-Pho-85023,13-12-2019
CA-2019-154186,RA-19285,US-Cen-Tex-Hou-77070,13-12-2019
CA-2019-113579,KD-16345,US-Wes-Cal-Los-90049,13-12-2019
US-2019-102631,EB-13840,US-Cen-Ill-Chi-60623,13-12-2019
CA-2019-129819,KC-16675,US-Sou-Ken-Hen-42420,13-12-2019
CA-2019-116568,BM-11785,US-Sou-Flo-Del-32725,14-12-2019
CA-2019-148950,JD-16015,US-Cen-Ill-Chi-60610,14-12-2019
US-2019-123519,SS-20875,US-Eas-Ohi-Mar-43302,14-12-2019
CA-2019-145541,TB-21400,US-Eas-New-New-10024,14-12-2019
CA-2019-130575,CS-11845,US-Cen-Ill-Chi-60623,14-12-2019
CA-2019-116673,JO-15280,US-Wes-Cal-San-92037,15-12-2019
CA-2019-101602,MC-18100,US-Cen-Tex-El -79907,15-12-2019
CA-2019-129938,EB-13705,US-Eas-Pen-Phi-19140,15-12-2019
CA-2019-119466,SP-20860,US-Cen-Ill-Chi-60623,15-12-2019
CA-2019-108273,EJ-13720,US-Cen-Tex-Hun-77340,16-12-2019
CA-2019-113257,SC-20305,US-Cen-Tex-Bea-77705,16-12-2019
CA-2019-112718,KN-16450,US-Sou-Flo-Jac-32216,16-12-2019
CA-2019-151379,SC-20695,US-Cen-Mic-Det-48227,16-12-2019
CA-2019-136399,CC-12100,US-Wes-Cal-Los-90049,16-12-2019
CA-2019-153913,KB-16585,US-Sou-Flo-Hia-33012,16-12-2019
CA-2019-124247,SH-20635,US-Wes-Cal-Sac-95823,16-12-2019
CA-2019-100706,LE-16810,US-Sou-Vir-Spr-22153,16-12-2019
CA-2019-123925,RF-19840,US-Sou-Geo-Col-31907,17-12-2019
CA-2019-139633,EC-14050,US-Eas-Ohi-Col-43229,17-12-2019
CA-2019-162992,BP-11095,US-Wes-Cal-Los-90008,19-12-2019
US-2019-150574,MK-18160,US-Sou-Flo-Jac-32216,19-12-2019
CA-2019-120768,IM-15070,US-Sou-Ala-Flo-35630,19-12-2019
CA-2019-169446,SG-20605,US-Cen-Ill-Chi-60623,19-12-2019
CA-2019-134551,TS-21505,US-Sou-Ten-Col-38401,20-12-2019
CA-2019-140816,TC-21295,US-Wes-Col-Tho-80229,20-12-2019
CA-2019-138681,CT-11995,US-Wes-Ari-Tuc-85705,20-12-2019
CA-2019-160157,MH-17455,US-Eas-Ohi-Ham-45011,20-12-2019
CA-2019-163412,SM-20950,US-Eas-New-New-10035,20-12-2019
CA-2019-156594,MC-17845,US-Wes-Cal-Los-90008,20-12-2019
CA-2019-103100,AB-10105,US-Cen-Ind-Ind-46203,20-12-2019
CA-2019-136567,PS-19045,US-Sou-Vir-Har-22801,20-12-2019
US-2019-109036,KH-16510,US-Wes-Was-Sea-98103,20-12-2019
CA-2019-120852,WB-21850,US-Cen-Tex-Gra-75051,20-12-2019
CA-2019-109127,JC-15775,US-Eas-Del-New-19711,21-12-2019
CA-2019-154893,GM-14440,US-Wes-Cal-San-92024,21-12-2019
CA-2019-134621,DP-13390,US-Sou-Ten-Col-38401,21-12-2019
CA-2019-142510,NP-18700,US-Cen-Ill-Chi-60623,22-12-2019
CA-2019-133543,KM-16660,US-Wes-Cal-San-95123,22-12-2019
CA-2019-101364,TW-21025,US-Eas-New-New-10011,22-12-2019
CA-2019-146864,BT-11530,US-Eas-New-New-10024,22-12-2019
CA-2019-142314,SF-20200,US-Cen-Ind-Ric-47374,23-12-2019
CA-2019-154158,CC-12670,US-Sou-Flo-Tam-33614,23-12-2019
CA-2019-126333,ME-18010,US-Cen-Tex-Por-77642,23-12-2019
CA-2019-114517,TH-21235,US-Eas-New-New-10024,23-12-2019
US-2019-138247,BF-11170,US-Wes-Cal-Los-90045,24-12-2019
CA-2019-113166,LF-17185,US-Sou-Flo-Mia-33180,24-12-2019
CA-2019-156314,RP-19390,US-Eas-Ohi-Cle-44105,24-12-2019
CA-2019-132913,AS-10090,US-Wes-Cal-San-92037,24-12-2019
US-2019-167738,JC-16105,US-Wes-Cal-Los-90045,24-12-2019
CA-2019-168473,TB-21520,US-Eas-New-New-10009,26-12-2019
CA-2019-111451,KL-16555,US-Wes-Col-Col-80906,26-12-2019
CA-2019-106264,CK-12595,US-Wes-Cal-San-92024,26-12-2019
CA-2019-101427,AY-10555,US-Eas-Pen-Phi-19140,26-12-2019
US-2019-152030,AD-10180,US-Cen-Tex-Hou-77041,26-12-2019
US-2019-111171,CA-12265,US-Cen-Ill-Chi-60610,26-12-2019
CA-2019-139598,MG-17695,US-Eas-Pen-Phi-19134,26-12-2019
US-2019-159611,KB-16315,US-Eas-Ohi-Cle-44105,27-12-2019
CA-2019-162866,Co-12640,US-Cen-Ill-Sko-60076,27-12-2019
US-2019-106334,JF-15490,US-Wes-Cal-San-94122,27-12-2019
CA-2019-148383,RP-19390,US-Wes-Ari-Pho-85023,27-12-2019
CA-2019-166961,CD-12790,US-Wes-Cal-Mor-92553,27-12-2019
CA-2019-120243,AT-10435,US-Wes-Cal-Los-90004,27-12-2019
CA-2019-165393,NC-18415,US-Cen-Tex-For-76106,27-12-2019
CA-2019-153087,TC-20980,US-Sou-Ala-Dec-35601,27-12-2019
CA-2019-163447,TB-21190,US-Eas-New-New-10011,27-12-2019
CA-2019-141313,AJ-10780,US-Eas-Mas-Bev-1915,28-12-2019
CA-2019-164259,SP-20860,US-Eas-Pen-Phi-19143,28-12-2019
CA-2019-143371,MD-17350,US-Wes-Cal-Ana-92804,28-12-2019
CA-2019-110786,AJ-10795,US-Wes-Cal-San-94110,29-12-2019
CA-2019-102330,AI-10855,US-Wes-Cal-Bre-94513,29-12-2019
CA-2019-126802,ZC-21910,US-Cen-Ill-Chi-60610,29-12-2019
CA-2019-152345,ST-20530,US-Wes-New-Alb-87105,29-12-2019
CA-2019-165477,RE-19405,US-Eas-Ohi-Ken-44240,29-12-2019
CA-2019-118276,MG-17890,US-Cen-Ill-Sai-60174,29-12-2019
CA-2019-106803,DC-13285,US-Cen-Min-Cot-55016,29-12-2019
CA-2019-166730,DD-13570,US-Sou-Ten-Mem-38109,30-12-2019
CA-2019-104738,SP-20620,US-Cen-Tex-Lar-78041,30-12-2019
CA-2019-131800,AJ-10960,US-Eas-New-New-10035,30-12-2019
US-2019-169789,MF-17665,US-Wes-Ari-Pho-85023,30-12-2019
US-2019-115189,AR-10345,US-Eas-Pen-Phi-19143,30-12-2019
CA-2019-130960,KB-16600,US-Cen-Mic-Tay-48180,30-12-2019
CA-2019-138072,GA-14725,US-Eas-Pen-Phi-19120,30-12-2019
CA-2019-150245,PC-18745,US-Eas-New-Wat-13601,31-12-2019
US-2019-143231,GM-14455,US-Eas-Mas-Fra-2038,31-12-2019
CA-2019-127383,CM-11815,US-Cen-Tex-El -79907,31-12-2019
CA-2019-111150,RW-19630,US-Cen-Mis-Col-65203,31-12-2019
US-2019-133949,JL-15175,US-Wes-Nev-Ren-89502,31-12-2019
CA-2019-157644,AH-10030,US-Eas-New-New-10035,31-12-2019
CA-2019-133592,KM-16375,US-Eas-Rho-Pro-2908,31-12-2019
CA-2020-146262,VW-21775,US-Eas-Ohi-Med-44256,02-01-2020
CA-2020-104514,CB-12535,US-Eas-Del-New-19711,02-01-2020
CA-2020-141243,AH-10465,US-Cen-Tex-Dal-75217,03-01-2020
CA-2020-121097,SF-20965,US-Cen-Tex-Bay-77520,03-01-2020
CA-2020-149811,CS-12250,US-Cen-Min-Woo-55125,04-01-2020
CA-2020-154970,SR-20740,US-Wes-Was-Sea-98103,05-01-2020
CA-2020-108588,BG-11695,US-Eas-New-New-10009,05-01-2020
CA-2020-158701,JL-15175,US-Wes-Cal-San-94110,05-01-2020
CA-2020-149636,SP-20620,US-Wes-Col-Col-80906,06-01-2020
CA-2020-119480,CC-12685,US-Sou-Ken-Hen-42420,09-01-2020
US-2020-157154,MM-17920,US-Eas-New-New-10011,10-01-2020
CA-2020-128608,CS-12490,US-Eas-Ohi-Tol-43615,12-01-2020
CA-2020-156755,YS-21880,US-Eas-Del-New-19711,12-01-2020
CA-2020-169677,KS-16300,US-Sou-Geo-Col-31907,13-01-2020
CA-2020-137526,PB-19150,US-Wes-Cal-Los-90004,13-01-2020
CA-2020-151547,AH-10465,US-Sou-Ten-Bar-38134,17-01-2020
CA-2020-152681,SC-20260,US-Eas-Mas-Law-1841,17-01-2020
US-2020-101399,JS-15940,US-Cen-Ill-Par-60068,17-01-2020
CA-2020-141250,PM-18940,US-Cen-Tex-Tex-77590,19-01-2020
CA-2020-119214,CW-11905,US-Wes-Mon-Boz-59715,23-01-2020
CA-2020-128958,CR-12820,US-Sou-Flo-Wes-33407,24-01-2020
CA-2020-109603,EM-13825,US-Wes-Cal-Mor-92553,26-01-2020
CA-2020-164777,SC-20305,US-Wes-Cal-Los-90036,27-01-2020
CA-2020-168746,SV-20365,US-Eas-Ohi-Cle-44105,27-01-2020
CA-2020-116638,JH-15985,US-Sou-Nor-Con-28027,28-01-2020
CA-2020-145401,JP-15520,US-Cen-Tex-Hou-77070,30-01-2020
CA-2020-121797,CC-12145,US-Wes-Cal-Los-90049,30-01-2020
CA-2020-149587,KB-16315,US-Cen-Min-Min-55407,31-01-2020
CA-2020-127327,PW-19030,US-Eas-New-Rom-13440,03-02-2020
CA-2020-157959,RW-19540,US-Wes-Cal-Los-90008,03-02-2020
CA-2020-140921,AA-10375,US-Cen-Neb-Oma-68104,03-02-2020
CA-2020-103093,FO-14305,US-Sou-Geo-Col-31907,03-02-2020
CA-2020-132633,KH-16630,US-Wes-Uta-Ple-84062,03-02-2020
CA-2020-156482,IL-15100,US-Eas-Del-Wil-19805,06-02-2020
CA-2020-137064,TS-21655,US-Cen-Tex-Hou-77070,06-02-2020
CA-2020-104038,LO-17170,US-Sou-Vir-Suf-23434,06-02-2020
CA-2020-111507,VW-21775,US-Wes-Was-Bel-98006,06-02-2020
CA-2020-147529,DK-12835,US-Sou-Vir-Spr-22153,07-02-2020
US-2020-130491,BH-11710,US-Cen-Kan-Gar-67846,08-02-2020
CA-2020-114923,LH-17020,US-Eas-Ohi-Col-43229,08-02-2020
CA-2020-135391,FA-14230,US-Cen-Tex-San-78207,09-02-2020
CA-2020-101007,MS-17980,US-Cen-Tex-Dal-75220,09-02-2020
US-2020-153374,JF-15565,US-Cen-Ill-Dec-62521,09-02-2020
CA-2020-146038,SJ-20215,US-Wes-Cal-Los-90049,09-02-2020
CA-2020-101126,NB-18655,US-Eas-Pen-Phi-19143,10-02-2020
US-2020-147662,KB-16315,US-Eas-Ohi-Akr-44312,14-02-2020
CA-2020-116876,TT-21070,US-Eas-New-Roc-14609,14-02-2020
CA-2020-116092,JM-16195,US-Wes-Cal-Los-90004,15-02-2020
CA-2020-154326,RP-19855,US-Cen-Wis-Ken-53142,15-02-2020
CA-2020-121776,RD-19585,US-Wes-Cal-Los-90008,16-02-2020
CA-2020-156923,SP-20860,US-Eas-New-Dov-3820,16-02-2020
CA-2020-111234,AB-10600,US-Wes-Cal-Los-90004,18-02-2020
CA-2020-105725,GT-14755,US-Wes-Cal-Lon-90805,18-02-2020
CA-2020-152611,KA-16525,US-Eas-New-Per-8861,20-02-2020
CA-2020-169740,LM-17065,US-Sou-Ark-Hot-71901,20-02-2020
CA-2020-162782,PW-19240,US-Eas-Mar-Col-21044,21-02-2020
CA-2020-129770,JE-15715,US-Wes-New-Las-88001,21-02-2020
CA-2020-132374,PS-19045,US-Cen-Mic-Ste-48310,22-02-2020
CA-2020-132276,LC-16960,US-Eas-New-New-10024,23-02-2020
CA-2020-154900,SS-20875,US-Eas-Mas-Leo-1453,25-02-2020
CA-2020-111325,BT-11395,US-Eas-Pen-Alt-16602,27-02-2020
CA-2020-104129,ES-14080,US-Eas-Rho-Pro-2908,27-02-2020
CA-2020-138485,NP-18670,US-Wes-Was-Sea-98105,27-02-2020
US-2020-145436,VD-21670,US-Sou-Ten-Col-38401,28-02-2020
CA-2020-153325,ST-20530,US-Sou-Geo-Mac-31204,29-02-2020
CA-2020-102316,DH-13075,US-Wes-Cal-Los-90045,29-02-2020
CA-2020-104052,TP-21565,US-Cen-Tex-Cop-75019,01-03-2020
CA-2020-133494,RP-19390,US-Eas-Pen-Phi-19120,01-03-2020
CA-2020-133585,CM-12715,US-Cen-Tex-Hou-77070,01-03-2020
CA-2020-110457,DK-13090,US-Wes-Was-Sea-98103,02-03-2020
CA-2020-105970,PA-19060,US-Cen-Ind-Ric-47374,02-03-2020
CA-2020-140221,MS-17365,US-Cen-Ill-Chi-60653,05-03-2020
CA-2020-120320,MV-18190,US-Cen-Tex-Hou-77036,05-03-2020
CA-2020-109001,KN-16390,US-Eas-Pen-Phi-19120,05-03-2020
CA-2020-109512,LF-17185,US-Eas-New-New-10011,05-03-2020
CA-2020-125185,AH-10195,US-Eas-Pen-Bet-18018,05-03-2020
CA-2020-151785,JJ-15445,US-Cen-Ill-Chi-60623,05-03-2020
CA-2020-153108,SF-20200,US-Cen-Ind-New-47362,05-03-2020
CA-2020-142944,JL-15850,US-Wes-Cal-San-94122,06-03-2020
CA-2020-146255,EM-14140,US-Eas-Del-New-19711,07-03-2020
CA-2020-132136,FO-14305,US-Cen-Ill-Chi-60623,08-03-2020
CA-2020-105627,DK-12895,US-Cen-Wis-Ken-53142,08-03-2020
CA-2020-107741,FC-14335,US-Wes-Col-Pue-81001,08-03-2020
CA-2020-160213,AR-10825,US-Eas-New-Lon-11561,08-03-2020
CA-2020-123155,NS-18640,US-Cen-Tex-San-78207,09-03-2020
CA-2020-110345,TG-21310,US-Sou-Nor-Ral-27604,09-03-2020
US-2020-118906,KB-16585,US-Eas-Mar-Cli-20735,10-03-2020
CA-2020-146829,TS-21340,US-Cen-Tex-Hou-77041,10-03-2020
CA-2020-128083,EB-13750,US-Sou-Flo-Pla-33317,12-03-2020
CA-2020-148705,EB-14170,US-Sou-Nor-Cha-28205,12-03-2020
US-2020-139675,NF-18595,US-Wes-Cal-Chi-95928,13-03-2020
CA-2020-114237,MC-17275,US-Wes-Was-Sea-98103,13-03-2020
CA-2020-163587,EP-13915,US-Eas-New-Dov-3820,14-03-2020
CA-2020-167479,AI-10855,US-Wes-Cal-Ros-95661,14-03-2020
CA-2020-155124,KS-16300,US-Wes-Uta-Leh-84043,15-03-2020
CA-2020-153906,MS-17980,US-Eas-New-New-10009,16-03-2020
CA-2020-145352,CM-12385,US-Sou-Geo-Atl-30318,16-03-2020
CA-2020-112116,JE-15475,US-Wes-Was-Sea-98103,16-03-2020
US-2020-150231,JK-15640,US-Eas-New-New-10009,16-03-2020
CA-2020-134257,MS-17710,US-Sou-Ala-Aub-36830,16-03-2020
CA-2020-144722,MF-18250,US-Wes-Cal-Los-90036,16-03-2020
CA-2020-110632,HR-14830,US-Eas-New-New-10009,17-03-2020
CA-2020-149993,GA-14725,US-Wes-Cal-Lan-93534,19-03-2020
CA-2020-111829,FH-14365,US-Wes-Was-Sea-98115,19-03-2020
CA-2020-163104,MC-18130,US-Wes-Cal-Los-90004,19-03-2020
CA-2020-113110,BK-11260,US-Wes-Cal-San-92404,19-03-2020
CA-2020-143532,DC-12850,US-Sou-Flo-Nor-33161,19-03-2020
CA-2020-132101,JO-15550,US-Wes-Was-Sea-98105,19-03-2020
CA-2020-168088,CM-12655,US-Cen-Tex-Hou-77041,19-03-2020
CA-2020-159534,DH-13075,US-Eas-New-New-10035,20-03-2020
CA-2020-165813,BM-11785,US-Wes-Ore-Sal-97301,20-03-2020
CA-2020-127607,JK-15730,US-Cen-Tex-Car-75007,20-03-2020
CA-2020-106565,BW-11110,US-Cen-Wis-Mil-53209,20-03-2020
CA-2020-120621,JW-16075,US-Sou-Nor-Jac-28540,21-03-2020
CA-2020-117884,DC-13285,US-Sou-Flo-Pla-33317,22-03-2020
US-2020-163279,JD-16150,US-Wes-Cal-San-92037,22-03-2020
CA-2020-157812,DB-13210,US-Cen-Tex-Hou-77041,22-03-2020
CA-2020-121552,FW-14395,US-Sou-Ala-Hun-35810,22-03-2020
CA-2020-163440,RD-19900,US-Wes-Cal-Tho-91360,22-03-2020
CA-2020-130218,SG-20470,US-Sou-Sou-Flo-29501,23-03-2020
US-2020-125374,JD-16060,US-Cen-Tex-Hou-77095,23-03-2020
CA-2020-138219,BP-11095,US-Wes-Cal-Los-90049,23-03-2020
US-2020-107944,AM-10360,US-Wes-Cal-Los-90008,23-03-2020
US-2020-112508,BP-11185,US-Sou-Flo-Cor-33065,24-03-2020
CA-2020-145457,CP-12085,US-Wes-Was-Cov-98042,24-03-2020
CA-2020-118423,DP-13390,US-Cen-Ill-Peo-61604,24-03-2020
CA-2020-167374,GM-14500,US-Eas-Pen-Phi-19140,26-03-2020
CA-2020-164301,EB-13840,US-Wes-Was-Sea-98103,26-03-2020
US-2020-116981,SM-20950,US-Eas-New-New-10009,26-03-2020
CA-2020-103793,BV-11245,US-Sou-Flo-Mia-33142,26-03-2020
CA-2020-132948,MV-17485,US-Wes-Was-Sea-98115,27-03-2020
CA-2020-133536,JH-15820,US-Eas-New-New-10009,28-03-2020
CA-2020-135363,CK-12205,US-Eas-Pen-Phi-19120,28-03-2020
CA-2020-131534,AB-10165,US-Wes-Cal-Los-90036,28-03-2020
CA-2020-121272,DO-13435,US-Wes-Was-Sea-98103,29-03-2020
CA-2020-150749,AS-10240,US-Sou-Vir-Spr-22153,29-03-2020
US-2020-103996,RB-19435,US-Wes-Cal-San-92105,29-03-2020
CA-2020-105361,CM-12115,US-Eas-New-New-10024,29-03-2020
CA-2020-153549,SL-20155,US-Sou-Flo-Jac-32216,29-03-2020
CA-2020-121405,FC-14335,US-Cen-Ill-Chi-60610,30-03-2020
CA-2020-104871,DR-12940,US-Cen-Ill-Nor-61761,30-03-2020
CA-2020-128125,EB-13705,US-Cen-Tex-Hou-77095,31-03-2020
CA-2020-137106,SC-20260,US-Sou-Flo-Jac-32216,31-03-2020
US-2020-159513,JD-15790,US-Wes-Cal-Los-90049,02-04-2020
CA-2020-136378,CS-11845,US-Cen-Tex-Hou-77070,02-04-2020
US-2020-142811,JL-15850,US-Wes-Ari-Mes-85204,02-04-2020
US-2020-122140,MO-17950,US-Cen-Tex-Dal-75220,02-04-2020
CA-2020-110667,NF-18595,US-Eas-New-New-10009,04-04-2020
CA-2020-112452,NC-18340,US-Cen-Mic-Lan-48911,04-04-2020
US-2020-136476,GG-14650,US-Sou-Ten-Bri-37620,05-04-2020
CA-2020-102855,JF-15415,US-Wes-Was-Spo-99207,05-04-2020
CA-2020-161452,CA-11965,US-Wes-Cal-Los-90036,05-04-2020
CA-2020-167010,VT-21700,US-Eas-Pen-Phi-19143,05-04-2020
CA-2020-119942,TT-21070,US-Eas-Pen-Phi-19120,05-04-2020
CA-2020-124541,TT-21220,US-Cen-Tex-Hou-77041,06-04-2020
CA-2020-100888,MH-17455,US-Sou-Nor-Jac-28540,06-04-2020
CA-2020-140025,PF-19120,US-Cen-Tex-San-78207,07-04-2020
CA-2020-130554,FM-14290,US-Eas-Pen-Phi-19140,07-04-2020
CA-2020-166492,RP-19390,US-Eas-New-New-10035,07-04-2020
CA-2020-101000,IG-15085,US-Eas-Con-Nor-6360,09-04-2020
CA-2020-116512,MC-18100,US-Eas-New-New-10024,09-04-2020
CA-2020-142027,JK-15370,US-Wes-Cal-Lon-90805,09-04-2020
CA-2020-134201,EH-14125,US-Eas-New-Roc-14609,10-04-2020
CA-2020-168767,DM-12955,US-Wes-Cal-Sac-95823,10-04-2020
CA-2020-125563,PR-18880,US-Sou-Flo-Tam-33614,11-04-2020
CA-2020-111164,SE-20110,US-Eas-New-New-10009,11-04-2020
US-2020-136987,AR-10540,US-Wes-Cal-Los-90004,11-04-2020
CA-2020-145415,RD-19660,US-Wes-Was-Sea-98103,12-04-2020
US-2020-168704,FP-14320,US-Cen-Tex-Hun-77340,13-04-2020
CA-2020-106257,EB-14110,US-Wes-Cal-Los-90045,13-04-2020
CA-2020-133452,ZC-21910,US-Wes-Cal-Pom-91767,13-04-2020
CA-2020-133837,TH-21100,US-Wes-Ari-Gle-85301,13-04-2020
CA-2020-100216,HJ-14875,US-Wes-Ari-Mes-85204,13-04-2020
US-2020-120502,BT-11395,US-Wes-Cal-Los-90036,13-04-2020
CA-2020-120551,SS-20590,US-Cen-Neb-Nor-68701,13-04-2020
CA-2020-149678,AW-10840,US-Wes-New-Far-87401,13-04-2020
CA-2020-116841,TP-21130,US-Wes-Ore-Spr-97477,14-04-2020
CA-2020-137974,LL-16840,US-Sou-Vir-Way-22980,16-04-2020
CA-2020-161263,TS-21160,US-Eas-Ohi-Tol-43615,16-04-2020
CA-2020-146675,SB-20185,US-Cen-Ill-Eva-60201,16-04-2020
CA-2020-106215,BN-11470,US-Eas-Pen-Phi-19143,16-04-2020
CA-2020-142734,DM-13345,US-Eas-New-New-10024,16-04-2020
CA-2020-155306,GA-14515,US-Wes-Cal-San-94122,17-04-2020
CA-2020-148712,JM-15535,US-Eas-New-New-10035,17-04-2020
CA-2020-102722,KW-16570,US-Sou-Lou-Mon-71203,18-04-2020
US-2020-163433,MP-17965,US-Cen-Tex-Mca-78501,18-04-2020
CA-2020-142601,DE-13255,US-Wes-Cal-Los-90004,18-04-2020
US-2020-113593,NC-18415,US-Wes-Cal-San-93454,18-04-2020
US-2020-134271,RF-19735,US-Eas-New-New-10024,18-04-2020
CA-2020-115742,DP-13000,US-Cen-Ind-New-47150,18-04-2020
US-2020-155369,PG-18820,US-Cen-Tex-Car-75007,19-04-2020
CA-2020-149342,TS-21160,US-Sou-Geo-Col-31907,20-04-2020
CA-2020-142433,ES-14020,US-Cen-Tex-Hou-77036,20-04-2020
CA-2020-109169,OT-18730,US-Cen-Mic-Det-48234,20-04-2020
CA-2020-107678,JK-16090,US-Sou-Ken-Lou-40214,21-04-2020
CA-2020-151253,AZ-10750,US-Wes-Cal-Los-90008,22-04-2020
CA-2020-118227,DB-13270,US-Eas-New-New-10009,24-04-2020
CA-2020-115420,LS-16945,US-Wes-Cal-Los-90004,25-04-2020
CA-2020-143602,JS-15595,US-Wes-Cal-Los-90045,25-04-2020
CA-2020-153878,TS-21655,US-Cen-Wis-Mil-53209,25-04-2020
CA-2020-130365,ZC-21910,US-Cen-Ill-Aur-60505,25-04-2020
CA-2020-112557,JL-15850,US-Eas-New-New-10035,25-04-2020
CA-2020-137302,BW-11110,US-Wes-Cal-San-92105,26-04-2020
US-2020-114839,PW-19240,US-Cen-Tex-Hou-77036,26-04-2020
US-2020-134026,JE-15745,US-Sou-Ten-Mem-38109,26-04-2020
CA-2020-122266,SA-20830,US-Sou-Flo-Day-32114,26-04-2020
CA-2020-124450,GT-14710,US-Eas-Dis-Was-20016,27-04-2020
CA-2020-151841,TC-21475,US-Wes-Col-Aur-80013,27-04-2020
CA-2020-130792,RA-19915,US-Cen-Tex-Hou-77095,28-04-2020
CA-2020-120782,SD-20485,US-Cen-Mic-Mid-48640,28-04-2020
CA-2020-157434,JK-15640,US-Eas-Pen-Phi-19120,29-04-2020
CA-2020-135174,BP-11230,US-Eas-Ohi-Tro-45373,30-04-2020
CA-2020-103716,KB-16585,US-Wes-Cal-San-94110,30-04-2020
US-2020-115238,JW-15220,US-Eas-Mas-Law-1841,30-04-2020
CA-2020-161998,DB-13120,US-Sou-Flo-Tam-33614,01-05-2020
CA-2020-104486,PO-18850,US-Wes-Cal-San-94109,01-05-2020
CA-2020-145821,JB-15400,US-Wes-Cal-Los-90008,01-05-2020
CA-2020-116687,NC-18625,US-Cen-Tex-Hou-77095,02-05-2020
CA-2020-112130,SV-20785,US-Eas-Pen-Phi-19140,03-05-2020
CA-2020-150770,LC-16870,US-Wes-Cal-San-94109,03-05-2020
CA-2020-107937,JB-16045,US-Wes-Cal-Chu-91911,03-05-2020
CA-2020-160864,NF-18595,US-Wes-Cal-San-95123,03-05-2020
CA-2020-129700,LA-16780,US-Cen-Ill-Tin-60477,04-05-2020
CA-2020-146290,SV-20815,US-Cen-Ind-Ind-46203,04-05-2020
CA-2020-144253,AS-10225,US-Eas-New-New-10024,04-05-2020
CA-2020-110548,AH-10690,US-Cen-Tex-Hou-77095,04-05-2020
CA-2020-147879,CC-12220,US-Sou-Ken-Owe-42301,07-05-2020
CA-2020-137512,AG-10675,US-Cen-Tex-All-75002,07-05-2020
US-2020-160857,NW-18400,US-Eas-New-New-10024,08-05-2020
CA-2020-142055,AB-10255,US-Eas-New-New-10009,08-05-2020
CA-2020-136798,DL-12925,US-Cen-Min-Min-55407,08-05-2020
CA-2020-113971,CB-12535,US-Eas-Ohi-Cuy-44221,08-05-2020
CA-2020-109939,AA-10375,US-Wes-Ore-Sal-97301,08-05-2020
CA-2020-155635,ME-17725,US-Sou-Ken-Lou-40214,09-05-2020
CA-2020-129217,DP-13390,US-Cen-Ill-Aur-60505,10-05-2020
CA-2020-144043,AB-10165,US-Wes-Col-Lou-80027,10-05-2020
CA-2020-135727,PS-18970,US-Wes-Ari-Pho-85023,11-05-2020
CA-2020-159380,CS-12505,US-Wes-Cal-San-94122,12-05-2020
US-2020-122910,LT-16765,US-Wes-Col-Lou-80027,12-05-2020
CA-2020-131856,JG-15160,US-Cen-Tex-Hou-77041,12-05-2020
CA-2020-162607,RO-19780,US-Wes-Was-Sea-98115,12-05-2020
CA-2020-130876,AZ-10750,US-Eas-New-New-10024,12-05-2020
CA-2020-145835,BF-11170,US-Cen-Ill-Chi-60623,13-05-2020
CA-2020-165162,HG-15025,US-Wes-Cal-Los-90032,14-05-2020
CA-2020-119291,JO-15550,US-Eas-Pen-Che-19013,14-05-2020
CA-2020-100146,CB-12535,US-Wes-Cal-Cam-93010,14-05-2020
CA-2020-166604,AH-10690,US-Sou-Geo-Ros-30076,15-05-2020
CA-2020-138492,FC-14335,US-Eas-Pen-Phi-19140,15-05-2020
CA-2020-100769,TH-21550,US-Sou-Flo-Jac-32216,16-05-2020
CA-2020-100251,DV-13465,US-Eas-New-Lon-11561,17-05-2020
US-2020-117184,ON-18715,US-Cen-Tex-Hou-77095,17-05-2020
CA-2020-165554,AJ-10780,US-Wes-Cal-Los-90004,18-05-2020
CA-2020-153535,SG-20470,US-Sou-Nor-Wil-27893,20-05-2020
CA-2020-169278,ME-18010,US-Wes-Was-Sea-98105,21-05-2020
CA-2020-102806,HG-14965,US-Eas-Pen-Phi-19143,21-05-2020
US-2020-168914,JE-15745,US-Cen-Ill-Fra-60423,21-05-2020
CA-2020-149846,SB-20185,US-Wes-Cal-Los-90045,22-05-2020
CA-2020-136805,NM-18445,US-Cen-Mic-Det-48234,23-05-2020
CA-2020-154921,EA-14035,US-Sou-Sou-Col-29203,23-05-2020
US-2020-110569,EB-13870,US-Wes-Ari-Pho-85023,23-05-2020
CA-2020-119102,KH-16690,US-Eas-Rho-Woo-2895,23-05-2020
US-2020-165512,VS-21820,US-Cen-Ill-Nap-60540,24-05-2020
CA-2020-132941,MM-18280,US-Cen-Tex-Hal-76117,25-05-2020
CA-2020-109708,CY-12745,US-Sou-Ten-Col-38401,25-05-2020
CA-2020-138898,JH-16180,US-Wes-Col-Pue-81001,25-05-2020
CA-2020-141768,NP-18685,US-Wes-Cal-San-94109,25-05-2020
US-2020-152128,NM-18445,US-Cen-Kan-Wic-67212,25-05-2020
CA-2020-143147,PS-18760,US-Cen-Tex-San-78207,26-05-2020
US-2020-113327,BF-11170,US-Sou-Nor-Jac-28540,26-05-2020
CA-2020-148964,RD-19900,US-Wes-Was-Bel-98006,26-05-2020
CA-2020-131758,KB-16315,US-Eas-New-Fre-11520,28-05-2020
CA-2020-118948,NK-18490,US-Wes-Was-Sea-98105,28-05-2020
CA-2020-135020,MS-17770,US-Eas-New-Roc-14609,28-05-2020
CA-2020-149601,TB-21625,US-Eas-Con-Man-6040,28-05-2020
CA-2020-120880,JL-15850,US-Wes-Was-Sea-98105,29-05-2020
CA-2020-111339,VP-21760,US-Eas-Ohi-Col-43229,29-05-2020
CA-2020-104297,CC-12100,US-Eas-Ohi-Cle-44105,29-05-2020
CA-2020-168277,KB-16315,US-Cen-Ind-Ind-46203,29-05-2020
CA-2020-103177,EN-13780,US-Eas-New-New-10009,30-05-2020
CA-2020-163923,BD-11560,US-Sou-Vir-Spr-22153,30-05-2020
CA-2020-147788,TM-21010,US-Wes-Uta-Ore-84057,31-05-2020
CA-2020-133627,SC-20050,US-Eas-Con-Nor-6360,31-05-2020
CA-2020-100818,JM-15265,US-Cen-Ill-Chi-60653,31-05-2020
CA-2020-149748,EM-13825,US-Eas-New-Pat-7501,31-05-2020
CA-2020-120677,BD-11320,US-Cen-Min-Min-55407,31-05-2020
CA-2020-156153,CW-11905,US-Eas-New-Lon-11561,31-05-2020
CA-2020-124919,SP-20650,US-Wes-Cal-San-95123,31-05-2020
CA-2020-136224,ML-18265,US-Sou-Nor-Fay-28314,31-05-2020
CA-2020-161242,CG-12040,US-Wes-Cal-Los-90045,01-06-2020
US-2020-132836,AJ-10945,US-Cen-Mic-Det-48227,01-06-2020
US-2020-163685,KE-16420,US-Cen-Tex-San-78207,01-06-2020
CA-2020-158491,BP-11155,US-Wes-Cal-Los-90008,04-06-2020
US-2020-142020,TC-21535,US-Eas-New-New-10024,04-06-2020
CA-2020-164833,LL-16840,US-Wes-Was-Sea-98105,04-06-2020
CA-2020-166947,EB-13750,US-Eas-New-Buf-14215,05-06-2020
CA-2020-115168,BB-11545,US-Cen-Mis-Sai-63301,05-06-2020
CA-2020-157343,HD-14785,US-Eas-Pen-Phi-19143,07-06-2020
CA-2020-142041,EM-13810,US-Wes-Cal-Los-90036,07-06-2020
CA-2020-162201,AG-10495,US-Sou-Flo-Sai-33710,08-06-2020
CA-2020-164007,MG-17695,US-Cen-Ill-Chi-60610,08-06-2020
CA-2020-144190,NC-18415,US-Cen-Mic-Roy-48073,09-06-2020
CA-2020-101868,MJ-17740,US-Sou-Flo-Mia-33178,09-06-2020
CA-2020-110947,AG-10765,US-Sou-Vir-Ham-23666,09-06-2020
CA-2020-141012,TG-21640,US-Wes-Ida-Poc-83201,09-06-2020
CA-2020-121720,JE-15610,US-Sou-Flo-Lak-33801,11-06-2020
US-2020-123960,BD-11605,US-Sou-Lou-Mon-71203,11-06-2020
CA-2020-139850,GB-14575,US-Eas-Pen-Phi-19134,12-06-2020
CA-2020-104115,JH-15910,US-Sou-Flo-Wes-33407,12-06-2020
CA-2020-136105,SZ-20035,US-Cen-Ind-Col-47201,12-06-2020
CA-2020-131779,LE-16810,US-Eas-Del-New-19711,12-06-2020
CA-2020-155054,PS-19045,US-Eas-Mai-Lew-4240,13-06-2020
CA-2020-104941,DH-13075,US-Sou-Ala-Dec-35601,13-06-2020
CA-2020-137281,BF-10975,US-Sou-Geo-Ros-30076,13-06-2020
CA-2020-127418,JJ-15445,US-Wes-Cal-Los-90004,13-06-2020
CA-2020-104059,FC-14245,US-Eas-Ohi-Spr-45503,13-06-2020
CA-2020-120439,AD-10180,US-Eas-Pen-Phi-19120,14-06-2020
CA-2020-129896,PF-19120,US-Wes-Ari-Gil-85234,15-06-2020
US-2020-106495,AC-10450,US-Sou-Flo-Tam-33614,15-06-2020
CA-2020-164567,GK-14620,US-Wes-Cal-Los-90004,15-06-2020
CA-2020-167269,PB-19150,US-Eas-Pen-Phi-19134,16-06-2020
CA-2020-118955,LS-17230,US-Cen-Tex-Gra-75051,16-06-2020
US-2020-163825,LC-16885,US-Eas-New-New-10009,16-06-2020
CA-2020-133242,KH-16510,US-Sou-Vir-Arl-22204,18-06-2020
CA-2020-122287,SN-20560,US-Wes-Ari-Peo-85345,18-06-2020
CA-2020-147011,HR-14830,US-Sou-Flo-Mia-33178,18-06-2020
CA-2020-154200,BG-11740,US-Wes-Cal-San-92105,18-06-2020
CA-2020-156734,BV-11245,US-Sou-Ten-Smy-37167,18-06-2020
CA-2020-111864,PP-18955,US-Eas-Pen-Phi-19134,19-06-2020
CA-2020-121965,LH-17155,US-Wes-Cal-Los-90032,19-06-2020
CA-2020-163734,KM-16375,US-Cen-Tex-Hou-77070,19-06-2020
CA-2020-144302,ME-17320,US-Cen-Tex-Dal-75081,19-06-2020
CA-2020-158351,BC-11125,US-Eas-Pen-Phi-19134,20-06-2020
CA-2020-140144,SC-20770,US-Wes-Cal-San-94122,20-06-2020
US-2020-136427,JM-16195,US-Wes-Col-Aur-80013,20-06-2020
CA-2020-123330,EP-13915,US-Sou-Flo-Del-32725,21-06-2020
CA-2020-153423,SW-20455,US-Eas-New-Roc-14609,22-06-2020
CA-2020-128167,KL-16645,US-Wes-Uta-Lay-84041,22-06-2020
CA-2020-124975,MG-17875,US-Cen-Ill-Aur-60505,22-06-2020
CA-2020-122826,RD-19480,US-Wes-Was-Oly-98502,23-06-2020
CA-2020-139164,CS-12355,US-Wes-Cal-Lon-90805,23-06-2020
CA-2020-106187,RF-19345,US-Sou-Geo-Eas-30344,23-06-2020
CA-2020-127110,CH-12070,US-Eas-Pen-Phi-19143,25-06-2020
CA-2020-115945,AB-10165,US-Wes-Cal-Los-90045,25-06-2020
CA-2020-137750,JF-15565,US-Wes-Cal-San-94110,25-06-2020
CA-2020-119690,MV-17485,US-Cen-Tex-Hou-77041,25-06-2020
CA-2020-115938,SA-20830,US-Sou-Vir-Ric-23223,26-06-2020
CA-2020-166583,VD-21670,US-Cen-Tex-Hou-77070,26-06-2020
CA-2020-143882,DB-13360,US-Eas-Ohi-Lak-44107,26-06-2020
CA-2020-125395,LA-16780,US-Cen-Mic-Tay-48180,26-06-2020
CA-2020-162950,DW-13585,US-Eas-Ohi-Tro-45373,28-06-2020
CA-2020-112144,CY-12745,US-Wes-Ari-Gil-85234,28-06-2020
CA-2020-103772,MP-17470,US-Sou-Geo-Smy-30080,28-06-2020
US-2020-141684,MM-18055,US-Eas-New-New-10011,29-06-2020
US-2020-100069,NF-18475,US-Cen-Neb-Oma-68104,29-06-2020
CA-2020-165799,SG-20470,US-Eas-New-New-10024,29-06-2020
CA-2020-157322,RH-19600,US-Cen-Ill-Car-60188,02-07-2020
CA-2020-140718,FA-14230,US-Sou-Nor-Ral-27604,02-07-2020
CA-2020-120397,RB-19435,US-Cen-Tex-Hou-77070,02-07-2020
CA-2020-111703,KB-16315,US-Sou-Flo-Hol-33021,02-07-2020
CA-2020-150196,SR-20740,US-Eas-New-New-10024,02-07-2020
CA-2020-128139,BD-11725,US-Sou-Ken-Ric-40475,03-07-2020
US-2020-153500,DG-13300,US-Eas-Pen-Phi-19134,03-07-2020
CA-2020-124268,AD-10180,US-Eas-New-New-10035,04-07-2020
CA-2020-152513,JP-16135,US-Wes-Cal-San-92024,04-07-2020
CA-2020-154956,IM-15070,US-Cen-Wis-Mil-53209,04-07-2020
US-2020-158911,RS-19765,US-Sou-Nor-Cha-28205,05-07-2020
CA-2020-130610,VP-21730,US-Cen-Mic-Ste-48310,05-07-2020
CA-2020-164336,MW-18220,US-Eas-Pen-Phi-19140,05-07-2020
CA-2020-116750,BF-10975,US-Sou-Nor-Fay-28314,05-07-2020
CA-2020-108665,KM-16225,US-Eas-New-New-10011,06-07-2020
CA-2020-146087,PP-18955,US-Eas-Mas-Hol-1040,06-07-2020
CA-2020-161627,SJ-20215,US-Wes-Cal-Pas-91104,06-07-2020
CA-2020-116260,BF-10975,US-Eas-New-Vin-8360,06-07-2020
CA-2020-129392,DM-13015,US-Cen-Tex-Hou-77070,08-07-2020
CA-2020-132626,BT-11680,US-Eas-Mar-Cli-20735,09-07-2020
CA-2020-123456,KN-16450,US-Cen-Tex-Dal-75220,09-07-2020
CA-2020-135314,MC-17575,US-Eas-Pen-Phi-19120,09-07-2020
CA-2020-111094,CB-12535,US-Eas-Mas-Fra-2038,09-07-2020
CA-2020-153626,EB-13870,US-Sou-Ten-Nas-37211,09-07-2020
CA-2020-107020,MV-18190,US-Wes-Cal-San-92404,10-07-2020
CA-2020-149384,EH-13945,US-Wes-Ari-Tem-85281,10-07-2020
CA-2020-142419,SC-20380,US-Wes-Was-Sea-98115,11-07-2020
CA-2020-142237,CK-12595,US-Eas-Pen-Phi-19134,11-07-2020
CA-2020-136469,TS-21370,US-Eas-Del-Wil-19805,11-07-2020
CA-2020-126557,RL-19615,US-Cen-Ill-Chi-60610,12-07-2020
CA-2020-112711,FM-14380,US-Cen-Tex-Ama-79109,12-07-2020
CA-2020-114069,ND-18370,US-Eas-New-New-10035,13-07-2020
US-2020-107349,SL-20155,US-Cen-Tex-Hou-77095,13-07-2020
US-2020-140851,ND-18460,US-Sou-Geo-Mac-31204,13-07-2020
CA-2020-143364,TG-21310,US-Wes-Ari-Mes-85204,14-07-2020
CA-2020-146948,MG-17890,US-Eas-Mar-Bal-21215,16-07-2020
CA-2020-113404,EM-13810,US-Wes-Cal-San-94122,16-07-2020
US-2020-166520,KE-16420,US-Eas-New-New-10035,16-07-2020
CA-2020-121132,VB-21745,US-Cen-Tex-Hou-77041,17-07-2020
US-2020-149629,MP-17965,US-Sou-Flo-Por-34952,17-07-2020
CA-2020-138534,JM-15535,US-Wes-Cal-Bak-93309,17-07-2020
CA-2020-122973,PJ-19015,US-Eas-New-New-10024,18-07-2020
CA-2020-159590,KC-16255,US-Eas-New-New-10009,18-07-2020
CA-2020-111206,RF-19735,US-Wes-Cal-San-92105,18-07-2020
US-2020-160150,TS-21085,US-Wes-Ari-Pho-85023,19-07-2020
CA-2020-160472,RK-19300,US-Cen-Ind-Sou-46614,20-07-2020
US-2020-122784,RA-19915,US-Cen-Ill-Hig-60035,20-07-2020
CA-2020-120810,TH-21550,US-Eas-New-New-10009,23-07-2020
CA-2020-124044,MS-17830,US-Eas-New-Roc-14609,23-07-2020
CA-2020-103135,SS-20515,US-Sou-Ken-Lou-40214,24-07-2020
CA-2020-148635,MH-18025,US-Wes-Was-Sea-98115,25-07-2020
US-2020-150161,RB-19795,US-Eas-Pen-Phi-19143,25-07-2020
CA-2020-154291,YS-21880,US-Sou-Ala-Mon-36116,25-07-2020
CA-2020-139248,RD-19930,US-Wes-Cal-Los-90032,25-07-2020
CA-2020-148180,BP-11095,US-Wes-Cal-Oxn-93030,26-07-2020
CA-2020-127754,CK-12760,US-Wes-Ari-Gle-85301,26-07-2020
CA-2020-136735,HA-14920,US-Wes-Cal-San-94110,26-07-2020
CA-2020-143700,AS-10240,US-Eas-Pen-Phi-19140,26-07-2020
US-2020-140200,CA-12775,US-Wes-Ari-Mes-85204,26-07-2020
US-2020-129553,PG-18820,US-Sou-Ken-Lou-40214,27-07-2020
CA-2020-155334,HA-14920,US-Wes-Cal-San-94109,30-07-2020
US-2020-164966,GH-14410,US-Cen-Min-Lak-55044,30-07-2020
CA-2020-132507,CC-12610,US-Cen-Tex-Hou-77041,30-07-2020
CA-2020-124891,RH-19495,US-Eas-New-New-10024,31-07-2020
CA-2020-111017,SC-20695,US-Cen-Mis-Sai-63116,31-07-2020
CA-2020-164427,AR-10405,US-Sou-Mis-Hat-39401,31-07-2020
CA-2020-153388,PC-19000,US-Wes-Cal-Los-90004,01-08-2020
CA-2020-147501,Co-12640,US-Wes-Was-Sea-98105,02-08-2020
CA-2020-122406,BE-11455,US-Eas-Rho-Pro-2908,02-08-2020
CA-2020-112767,DK-12985,US-Wes-Ore-Spr-97477,02-08-2020
CA-2020-112214,AH-10690,US-Cen-Tex-Dal-75220,05-08-2020
CA-2020-160794,MS-17980,US-Cen-Tex-Hou-77041,06-08-2020
CA-2020-135251,RP-19270,US-Cen-Tex-Hou-77095,06-08-2020
CA-2020-138331,JK-15625,US-Eas-Pen-Phi-19120,07-08-2020
CA-2020-163237,EM-14095,US-Sou-Vir-Spr-22153,07-08-2020
US-2020-117492,NS-18640,US-Eas-Mar-Bal-21215,07-08-2020
US-2020-124219,KW-16570,US-Cen-Mis-Kir-63122,07-08-2020
CA-2020-141936,PN-18775,US-Wes-Cal-Bak-93309,07-08-2020
CA-2020-163895,NS-18640,US-Wes-Ida-Boi-83704,07-08-2020
CA-2020-129322,DB-13405,US-Eas-Mas-Law-1841,08-08-2020
CA-2020-168564,TT-21220,US-Wes-Cal-San-94109,08-08-2020
CA-2020-127544,RD-19585,US-Eas-New-Uti-13501,08-08-2020
CA-2020-131338,NP-18325,US-Eas-New-New-10024,09-08-2020
CA-2020-163055,DS-13180,US-Cen-Mic-Det-48227,09-08-2020
CA-2020-128013,MF-18250,US-Eas-New-New-10035,09-08-2020
CA-2020-103954,HR-14770,US-Cen-Wis-Mil-53209,09-08-2020
CA-2020-155453,RA-19885,US-Sou-Flo-Jac-32216,09-08-2020
US-2020-156496,WB-21850,US-Wes-Ore-Red-97756,10-08-2020
CA-2020-130022,JK-16120,US-Cen-Min-Eag-55122,10-08-2020
CA-2020-121699,BD-11320,US-Cen-Mic-Det-48227,10-08-2020
US-2020-156797,PO-19180,US-Eas-New-New-10035,11-08-2020
CA-2020-119634,BW-11065,US-Sou-Nor-Ral-27604,11-08-2020
CA-2020-133396,GK-14620,US-Sou-Nor-Gre-27405,13-08-2020
CA-2020-150441,RA-19285,US-Cen-Ind-Ric-47374,13-08-2020
CA-2020-120516,CK-12595,US-Sou-Geo-Mar-30062,13-08-2020
CA-2020-148495,SF-20065,US-Wes-Cal-Pom-91767,13-08-2020
CA-2020-112011,ON-18715,US-Wes-Cal-Yuc-92399,13-08-2020
CA-2020-169656,EJ-13720,US-Eas-Pen-Phi-19143,13-08-2020
CA-2020-162369,TT-21265,US-Wes-Cal-Los-90045,15-08-2020
CA-2020-142454,RE-19450,US-Wes-Cal-Oak-94601,15-08-2020
US-2020-128090,JM-15865,US-Wes-Ari-Pho-85023,16-08-2020
US-2020-164238,JW-15955,US-Eas-Pen-Phi-19120,16-08-2020
US-2020-126753,SP-20860,US-Eas-Pen-Phi-19134,16-08-2020
CA-2020-119627,SC-20725,US-Wes-Ari-Peo-85345,17-08-2020
CA-2020-111297,SC-20440,US-Eas-Mas-New-2740,17-08-2020
US-2020-130512,SM-20320,US-Eas-Pen-All-18103,21-08-2020
CA-2020-130456,DS-13180,US-Wes-Cal-San-94122,21-08-2020
CA-2020-144267,NZ-18565,US-Wes-Cal-San-94110,21-08-2020
CA-2020-122168,HG-14965,US-Sou-Ken-Flo-41042,21-08-2020
CA-2020-154823,KN-16390,US-Eas-Ohi-Spr-45503,21-08-2020
CA-2020-129854,RB-19705,US-Eas-New-New-10009,22-08-2020
CA-2020-132080,DP-13105,US-Eas-New-New-10035,22-08-2020
CA-2020-114468,TD-20995,US-Cen-Ill-Bol-60440,23-08-2020
CA-2020-165624,FH-14350,US-Sou-Geo-Atl-30318,23-08-2020
CA-2020-102491,KW-16435,US-Sou-Ken-Flo-41042,24-08-2020
CA-2020-123939,MS-17710,US-Eas-Ohi-Bow-43402,24-08-2020
CA-2020-146563,CB-12025,US-Cen-Tex-Arl-76017,24-08-2020
CA-2020-113740,SC-20380,US-Eas-New-New-10035,24-08-2020
CA-2020-139584,EM-13810,US-Eas-New-New-10009,24-08-2020
CA-2020-169299,DO-13435,US-Wes-Ore-Por-97206,24-08-2020
US-2020-139759,NL-18310,US-Wes-Cal-Los-90045,25-08-2020
CA-2020-168809,MC-18100,US-Cen-Tex-Hou-77041,25-08-2020
CA-2020-126445,RA-19945,US-Wes-Cal-Mur-92563,27-08-2020
CA-2020-101707,PF-19165,US-Wes-Cal-San-92105,27-08-2020
CA-2020-113040,CC-12100,US-Wes-Cal-Los-90045,27-08-2020
CA-2020-121188,CB-12025,US-Wes-Cal-Los-90049,28-08-2020
CA-2020-166219,BP-11185,US-Cen-Tex-Dal-75081,28-08-2020
US-2020-100377,TS-21370,US-Cen-Ill-Chi-60623,28-08-2020
CA-2020-107902,SM-20950,US-Eas-Con-Fai-6824,28-08-2020
CA-2020-108532,CC-12100,US-Cen-Mic-Det-48234,29-08-2020
CA-2020-111514,SC-20260,US-Wes-Cal-San-94122,31-08-2020
CA-2020-112319,AR-10510,US-Wes-Cal-Los-90004,31-08-2020
CA-2020-157805,RH-19510,US-Wes-Cal-San-92037,31-08-2020
CA-2020-142139,SD-20485,US-Cen-Tex-Bed-76021,31-08-2020
CA-2020-104626,DR-12940,US-Eas-Mas-Fra-2038,01-09-2020
CA-2020-137946,DB-13615,US-Wes-Cal-Los-90045,01-09-2020
CA-2020-130204,DB-13120,US-Wes-Cal-San-94122,03-09-2020
CA-2020-113215,CP-12085,US-Wes-Ari-Tuc-85705,03-09-2020
US-2020-146745,AS-10630,US-Wes-Cal-San-94110,03-09-2020
CA-2020-121608,JB-15400,US-Eas-Con-Bri-6010,03-09-2020
US-2020-138303,MG-18145,US-Eas-Pen-Phi-19134,03-09-2020
US-2020-104185,JB-15400,US-Eas-New-New-10009,03-09-2020
CA-2020-149734,JC-16105,US-Sou-Nor-Dur-27707,03-09-2020
CA-2020-169537,JH-15820,US-Cen-Mic-Hol-49423,03-09-2020
CA-2020-142755,CS-12355,US-Sou-Geo-Ros-30076,04-09-2020
CA-2020-101924,KB-16585,US-Wes-Ore-Med-97504,04-09-2020
CA-2020-113523,SC-20440,US-Eas-Pen-Phi-19140,04-09-2020
CA-2020-159863,DS-13180,US-Cen-Tex-Hou-77095,04-09-2020
CA-2020-135510,TW-21025,US-Sou-Vir-Cha-22901,05-09-2020
CA-2020-105158,SP-20860,US-Cen-Min-Roc-55901,05-09-2020
CA-2020-162621,CA-12055,US-Cen-Tex-Hou-77036,05-09-2020
CA-2020-130785,AG-10900,US-Wes-Cal-San-92105,05-09-2020
CA-2020-150791,CC-12430,US-Eas-New-New-10024,06-09-2020
US-2020-109015,BS-11590,US-Eas-New-New-10011,06-09-2020
CA-2020-138002,BT-11305,US-Wes-Was-Sea-98103,06-09-2020
US-2020-151435,SW-20455,US-Sou-Lou-Laf-70506,06-09-2020
CA-2020-160696,CK-12760,US-Sou-Ten-Nas-37211,06-09-2020
CA-2020-169572,AG-10525,US-Sou-Vir-Ric-23223,06-09-2020
CA-2020-143238,LO-17170,US-Wes-Cal-La -92253,06-09-2020
CA-2020-133977,AT-10435,US-Sou-Flo-Tam-33319,06-09-2020
CA-2020-105599,MC-17275,US-Eas-New-New-10011,07-09-2020
CA-2020-140557,TN-21040,US-Eas-New-New-10009,07-09-2020
CA-2020-164084,AG-10525,US-Eas-New-New-10011,07-09-2020
CA-2020-161445,CC-12610,US-Sou-Nor-Dur-27707,07-09-2020
CA-2020-122623,CC-12145,US-Cen-Tex-El -79907,07-09-2020
CA-2020-110744,HA-14920,US-Wes-Cal-Pas-91104,07-09-2020
CA-2020-102876,LR-17035,US-Eas-Pen-Phi-19134,07-09-2020
CA-2020-151624,VW-21775,US-Sou-Ala-Mon-36116,08-09-2020
CA-2020-162166,NM-18520,US-Wes-Cal-Mor-92553,08-09-2020
CA-2020-168186,AB-10150,US-Cen-Okl-Tul-74133,10-09-2020
US-2020-147242,EH-13765,US-Eas-Mas-Rev-2151,10-09-2020
CA-2020-132906,CC-12145,US-Wes-Cal-Los-90004,10-09-2020
CA-2020-136658,BO-11425,US-Eas-New-New-10024,10-09-2020
CA-2020-117772,MC-17575,US-Wes-Was-Sea-98103,10-09-2020
CA-2020-108672,FA-14230,US-Wes-Cal-Los-90032,10-09-2020
CA-2020-139374,AR-10345,US-Cen-Tex-Aus-78745,10-09-2020
CA-2020-165057,SC-20725,US-Wes-Cal-Red-92374,11-09-2020
CA-2020-132465,DM-13525,US-Eas-New-New-10035,11-09-2020
CA-2020-125934,SN-20560,US-Eas-New-Pat-7501,11-09-2020
CA-2020-126186,GB-14530,US-Wes-Col-Aur-80013,11-09-2020
CA-2020-153794,SB-20290,US-Wes-Cal-San-92024,11-09-2020
CA-2020-166464,PG-18895,US-Eas-New-New-10035,12-09-2020
CA-2020-102015,TM-21010,US-Eas-New-Aub-13021,12-09-2020
CA-2020-128993,CC-12670,US-Wes-Was-Sea-98103,12-09-2020
US-2020-161347,HG-14845,US-Eas-Pen-Phi-19120,13-09-2020
US-2020-129007,KD-16615,US-Wes-Cal-Ana-92804,13-09-2020
CA-2020-115567,ZC-21910,US-Cen-Ind-Col-47201,13-09-2020
CA-2020-118843,JH-15910,US-Sou-Geo-Atl-30318,13-09-2020
CA-2020-136728,AG-10900,US-Cen-Ill-Chi-60623,13-09-2020
CA-2020-138457,AM-10705,US-Sou-Nor-Jac-28540,13-09-2020
CA-2020-140984,CC-12685,US-Eas-New-New-10011,14-09-2020
CA-2020-131597,SP-20620,US-Wes-Cal-Los-90045,14-09-2020
CA-2020-115924,BE-11455,US-Cen-Iow-Des-50315,14-09-2020
CA-2020-120362,CA-12265,US-Wes-Uta-Pro-84604,14-09-2020
CA-2020-128027,CM-12385,US-Sou-Sou-Nor-29406,14-09-2020
CA-2020-105102,BM-11575,US-Eas-New-New-10035,15-09-2020
CA-2020-100734,AC-10615,US-Eas-Pen-Phi-19143,15-09-2020
CA-2020-145849,CT-11995,US-Cen-Ind-Ind-46203,15-09-2020
US-2020-130519,NG-18355,US-Sou-Flo-Cor-33065,15-09-2020
CA-2020-102582,NW-18400,US-Sou-Ala-Mob-36608,15-09-2020
CA-2020-167696,BD-11500,US-Sou-Vir-New-23602,16-09-2020
US-2020-150630,TB-21520,US-Eas-Pen-Phi-19140,17-09-2020
CA-2020-143077,SF-20965,US-Cen-Tex-Hou-77041,17-09-2020
US-2020-126977,PF-19120,US-Eas-New-New-10035,17-09-2020
CA-2020-133025,MO-17800,US-Wes-Cal-Los-90036,17-09-2020
US-2020-138716,CS-11845,US-Wes-Was-Sea-98105,17-09-2020
US-2020-138919,LS-16975,US-Eas-New-New-10035,17-09-2020
CA-2020-141145,DB-13405,US-Sou-Flo-Orl-32839,17-09-2020
CA-2020-167745,GB-14530,US-Wes-Cal-Los-90049,18-09-2020
CA-2020-149713,TG-21640,US-Wes-Cal-Lon-90805,18-09-2020
CA-2020-142202,JR-16210,US-Sou-Flo-Jac-32216,18-09-2020
CA-2020-101154,CM-12190,US-Wes-Cal-San-92105,18-09-2020
CA-2020-109575,KH-16630,US-Eas-Mar-Cli-20735,18-09-2020
CA-2020-150511,AB-10060,US-Wes-Was-Des-98198,18-09-2020
CA-2020-135489,GW-14605,US-Eas-New-New-10024,19-09-2020
CA-2020-149517,FC-14245,US-Wes-Cal-Sac-95823,19-09-2020
CA-2020-137603,MH-17290,US-Wes-New-San-87505,19-09-2020
CA-2020-132815,RW-19540,US-Wes-Cal-Los-90008,19-09-2020
CA-2020-115847,TC-21535,US-Sou-Vir-Arl-22204,19-09-2020
CA-2020-147102,NH-18610,US-Sou-Geo-Col-31907,19-09-2020
CA-2020-156013,TC-20980,US-Eas-New-Lon-11561,20-09-2020
CA-2020-151470,AM-10705,US-Wes-Nev-Las-89115,20-09-2020
CA-2020-153738,AG-10270,US-Eas-Mas-Law-1841,20-09-2020
CA-2020-141565,BG-11035,US-Sou-Ten-Nas-37211,20-09-2020
CA-2020-126970,TP-21130,US-Cen-Ill-Nap-60540,20-09-2020
CA-2020-158421,GB-14575,US-Sou-Sou-Col-29203,21-09-2020
CA-2020-117800,TH-21550,US-Eas-Mas-Eve-2149,21-09-2020
CA-2020-126697,SV-20815,US-Cen-Tex-Hou-77041,21-09-2020
CA-2020-102036,CS-12130,US-Wes-Was-Sea-98105,21-09-2020
CA-2020-168480,DM-12955,US-Cen-Mic-Lin-48146,21-09-2020
CA-2020-127593,DH-13675,US-Eas-Mas-Qui-2169,21-09-2020
CA-2020-149972,CD-12790,US-Wes-Cal-Los-90036,21-09-2020
CA-2020-102260,SJ-20125,US-Sou-Ten-Fra-37064,22-09-2020
CA-2020-134992,MG-17875,US-Sou-Vir-Arl-22204,22-09-2020
CA-2020-112571,DL-12925,US-Wes-Cal-Oce-92054,22-09-2020
CA-2020-168760,MM-18280,US-Wes-Cal-Los-90049,22-09-2020
US-2020-115343,FO-14305,US-Eas-Pen-Phi-19143,22-09-2020
US-2020-164308,SC-20680,US-Cen-Okl-Bro-74012,24-09-2020
CA-2020-113131,MB-17305,US-Eas-Ohi-Col-43229,24-09-2020
US-2020-106873,KM-16720,US-Wes-Ari-Avo-85323,24-09-2020
US-2020-161466,ON-18715,US-Eas-Pen-Phi-19120,24-09-2020
CA-2020-161830,ME-17725,US-Wes-Was-Sea-98105,24-09-2020
CA-2020-143119,MC-17275,US-Sou-Lou-Laf-70506,24-09-2020
CA-2020-153381,DE-13255,US-Cen-Iow-Dub-52001,24-09-2020
CA-2020-105508,JF-15190,US-Eas-New-New-10035,24-09-2020
CA-2020-147816,CM-11935,US-Wes-Ari-Tuc-85705,24-09-2020
CA-2020-103835,SC-20440,US-Wes-Cal-Los-90032,24-09-2020
CA-2020-139738,DK-12895,US-Cen-Ill-Roc-61107,25-09-2020
CA-2020-159779,SB-20185,US-Eas-New-Con-3301,25-09-2020
CA-2020-120845,ML-17395,US-Sou-Ten-Mur-37130,25-09-2020
CA-2020-160787,BM-11785,US-Eas-Pen-Phi-19143,25-09-2020
CA-2020-156510,EH-13990,US-Eas-Con-Mer-6450,25-09-2020
CA-2020-149083,SH-19975,US-Wes-Was-Sea-98103,25-09-2020
CA-2020-106320,EB-13870,US-Wes-Uta-Ore-84057,25-09-2020
CA-2020-151869,CS-11950,US-Eas-New-Fre-11520,25-09-2020
CA-2020-103933,DR-12880,US-Eas-New-New-10011,25-09-2020
CA-2020-100573,AM-10705,US-Wes-Cal-Los-90004,25-09-2020
CA-2020-156335,PO-19195,US-Eas-New-Bay-7002,25-09-2020
CA-2020-124800,RW-19540,US-Wes-Ari-Mes-85204,26-09-2020
CA-2020-127173,GM-14500,US-Eas-New-Oce-11572,26-09-2020
CA-2020-122371,BS-11800,US-Wes-Cal-San-92037,26-09-2020
US-2020-161991,SC-20725,US-Cen-Tex-Hou-77070,26-09-2020
CA-2020-111458,PF-19165,US-Eas-New-New-10035,26-09-2020
CA-2020-130883,TB-21520,US-Wes-Ore-Por-97206,26-09-2020
CA-2020-120341,SF-20200,US-Eas-Pen-Phi-19143,26-09-2020
CA-2020-167255,RH-19510,US-Wes-Cal-San-94110,27-09-2020
US-2020-100531,NM-18520,US-Cen-Ill-Chi-60610,27-09-2020
CA-2020-125976,JK-15205,US-Sou-Vir-Arl-22204,27-09-2020
CA-2020-143616,SS-20140,US-Wes-Was-Sea-98103,27-09-2020
CA-2020-103072,HW-14935,US-Cen-Mic-Det-48205,27-09-2020
CA-2020-120915,JJ-15445,US-Eas-New-New-10035,28-09-2020
CA-2020-106978,ZC-21910,US-Wes-Col-Aur-80013,28-09-2020
CA-2020-129546,RP-19855,US-Wes-Cal-Los-90032,28-09-2020
CA-2020-169201,HG-14965,US-Wes-Cal-San-94110,28-09-2020
CA-2020-166135,SC-20440,US-Wes-Col-Aur-80013,01-10-2020
CA-2020-148873,EM-13960,US-Cen-Ill-Qui-62301,01-10-2020
CA-2020-156566,EM-13960,US-Wes-Ore-Por-97206,01-10-2020
CA-2020-115392,RM-19675,US-Eas-Mas-Cam-2138,01-10-2020
CA-2020-129917,HM-14980,US-Wes-Cal-Los-90008,02-10-2020
CA-2020-128356,RP-19390,US-Wes-Col-Tho-80229,02-10-2020
US-2020-137008,JP-15460,US-Eas-New-Lak-8701,02-10-2020
CA-2020-140375,SG-20470,US-Eas-Mar-Roc-20852,02-10-2020
US-2020-145121,MP-17965,US-Eas-Con-Mid-6457,02-10-2020
US-2020-144771,CK-12205,US-Wes-Ore-Hil-97123,02-10-2020
CA-2020-125696,NP-18685,US-Sou-Nor-Wil-27893,02-10-2020
CA-2020-104493,EB-13705,US-Wes-Cal-San-92105,02-10-2020
US-2020-119312,CS-12400,US-Wes-Cal-Los-90045,02-10-2020
US-2020-157014,BM-11785,US-Eas-Ohi-Col-43229,03-10-2020
CA-2020-126137,BS-11755,US-Wes-Cal-Los-90032,03-10-2020
CA-2020-125178,MZ-17515,US-Eas-Pen-Rea-19601,03-10-2020
CA-2020-134859,JK-16120,US-Eas-Pen-Phi-19134,04-10-2020
CA-2020-168004,DJ-13420,US-Sou-Geo-War-31088,04-10-2020
CA-2020-121391,AA-10315,US-Wes-Cal-San-94109,04-10-2020
CA-2020-145828,MB-17305,US-Eas-Ohi-Cin-45231,05-10-2020
CA-2020-151722,IL-15100,US-Eas-Ohi-Col-43229,05-10-2020
CA-2020-115091,JJ-15760,US-Sou-Vir-Spr-22153,05-10-2020
CA-2020-161214,SF-20965,US-Eas-Del-Wil-19805,05-10-2020
CA-2020-133445,JF-15490,US-Wes-Ore-Por-97206,05-10-2020
CA-2020-125710,BT-11680,US-Cen-Tex-Hou-77036,08-10-2020
CA-2020-168529,MB-17305,US-Wes-Cal-San-94122,08-10-2020
CA-2020-131352,GH-14485,US-Cen-Tex-Dal-75081,08-10-2020
CA-2020-124499,FM-14380,US-Cen-Mic-Det-48227,09-10-2020
CA-2020-162761,SC-20575,US-Sou-Flo-Mia-33178,09-10-2020
CA-2020-124107,BM-11650,US-Cen-Mic-Ann-48104,09-10-2020
CA-2020-141040,TB-21250,US-Eas-New-New-10024,09-10-2020
CA-2020-129098,DK-13090,US-Sou-Vir-Spr-22153,09-10-2020
CA-2020-134719,JD-15790,US-Sou-Flo-Jac-32216,10-10-2020
CA-2020-132388,KN-16390,US-Wes-Cal-San-93101,10-10-2020
CA-2020-109736,DJ-13420,US-Wes-Cal-San-94109,10-10-2020
CA-2020-112522,DP-13165,US-Cen-Ill-Chi-60610,10-10-2020
US-2020-108966,SO-20335,US-Sou-Flo-For-33311,11-10-2020
CA-2020-112053,SH-20395,US-Eas-New-Roc-14609,11-10-2020
CA-2020-159786,RK-19300,US-Eas-New-Roc-14609,12-10-2020
CA-2020-142993,KA-16525,US-Wes-Was-Sea-98103,12-10-2020
CA-2020-102281,MP-17470,US-Eas-New-New-10035,12-10-2020
CA-2020-134747,DL-12925,US-Cen-Ind-Nob-46060,12-10-2020
CA-2020-114300,AF-10885,US-Sou-Ken-Lou-40214,13-10-2020
US-2020-123918,CG-12520,US-Cen-Tex-Dal-75217,15-10-2020
US-2020-126235,GA-14725,US-Cen-Mic-Mou-48858,15-10-2020
US-2020-118766,LS-16975,US-Cen-Tex-Dal-75217,15-10-2020
CA-2020-129476,PA-19060,US-Cen-Ill-Orl-60462,15-10-2020
CA-2020-139731,JE-15745,US-Cen-Tex-Ama-79109,15-10-2020
CA-2020-110765,MP-17965,US-Eas-New-New-10011,16-10-2020
CA-2020-152527,CM-12190,US-Wes-Cal-Los-90004,17-10-2020
CA-2020-105613,KN-16705,US-Cen-Tex-Mca-78501,18-10-2020
CA-2020-127824,JC-15775,US-Wes-Was-Sea-98115,18-10-2020
CA-2020-160171,RM-19675,US-Wes-Cal-Los-90008,19-10-2020
CA-2020-131128,TB-21520,US-Eas-New-Con-3301,19-10-2020
CA-2020-113901,NH-18610,US-Cen-Mic-Det-48227,19-10-2020
CA-2020-150413,CS-11860,US-Cen-Tex-Dal-75220,19-10-2020
CA-2020-149097,SV-20785,US-Wes-Cal-Los-90045,20-10-2020
US-2020-160563,NS-18640,US-Wes-Cal-San-94109,20-10-2020
CA-2020-164623,MS-17770,US-Eas-New-New-10035,20-10-2020
US-2020-104430,LT-17110,US-Cen-Ill-Blo-61701,22-10-2020
CA-2020-169733,GM-14500,US-Sou-Flo-Hol-33021,22-10-2020
CA-2020-109190,CC-12685,US-Cen-Tex-Lub-79424,23-10-2020
CA-2020-132486,JF-15355,US-Wes-Cal-San-92105,23-10-2020
CA-2020-142692,AG-10495,US-Wes-Was-Sea-98105,23-10-2020
CA-2020-155068,RA-19285,US-Sou-Flo-Lak-33801,23-10-2020
CA-2020-110877,JE-15715,US-Cen-Tex-Hou-77041,23-10-2020
CA-2020-118738,AG-10495,US-Cen-Tex-Hou-77041,24-10-2020
CA-2020-149650,RD-19660,US-Wes-Cal-Oak-94601,24-10-2020
CA-2020-156608,MT-18070,US-Cen-Tex-San-78207,24-10-2020
CA-2020-130848,DG-13300,US-Wes-Col-Den-80219,25-10-2020
CA-2020-105844,JF-15415,US-Wes-Nev-Spa-89431,25-10-2020
CA-2020-152891,TB-21625,US-Wes-Cal-San-94110,25-10-2020
CA-2020-109862,HK-14890,US-Eas-Del-New-19711,25-10-2020
CA-2020-150714,KH-16690,US-Wes-Ore-Spr-97477,26-10-2020
CA-2020-156146,AG-10495,US-Wes-Ari-Peo-85345,26-10-2020
CA-2020-139290,MY-17380,US-Wes-Cal-Ran-91730,26-10-2020
CA-2020-162537,RD-19585,US-Sou-Ken-Hen-42420,28-10-2020
CA-2020-110289,NB-18655,US-Wes-Cal-San-94109,29-10-2020
US-2020-131359,FA-14230,US-Wes-Col-Den-80219,30-10-2020
CA-2020-132318,TT-21220,US-Sou-Vir-Vir-23464,30-10-2020
CA-2020-145758,BF-11020,US-Eas-New-New-10024,30-10-2020
CA-2020-123673,CH-12070,US-Cen-Mic-Det-48227,30-10-2020
US-2020-164448,DK-12835,US-Wes-Cal-Sal-93905,31-10-2020
CA-2020-132570,KT-16480,US-Eas-New-Buf-14215,31-10-2020
CA-2020-131457,MZ-17515,US-Wes-Cal-Red-92374,31-10-2020
CA-2020-164882,SG-20080,US-Wes-Cal-Red-92374,31-10-2020
CA-2020-122259,HP-14815,US-Cen-Mic-Jac-49201,31-10-2020
CA-2020-105221,VM-21685,US-Eas-Pen-Phi-19140,01-11-2020
CA-2020-108119,MS-17530,US-Sou-Ark-Con-72032,01-11-2020
US-2020-110163,GA-14725,US-Wes-Ore-Sal-97301,01-11-2020
CA-2020-126739,JH-16180,US-Eas-New-New-10035,01-11-2020
CA-2020-113145,VD-21670,US-Eas-New-New-10011,01-11-2020
CA-2020-141740,JF-15490,US-Eas-New-New-10009,01-11-2020
CA-2020-130995,QJ-19255,US-Eas-New-New-10009,01-11-2020
CA-2020-141810,BB-10990,US-Cen-Tex-San-78207,02-11-2020
CA-2020-168207,LT-17110,US-Wes-Cal-San-92105,02-11-2020
CA-2020-130890,JO-15280,US-Wes-Cal-Los-90004,02-11-2020
CA-2020-160227,ED-13885,US-Eas-New-New-10011,02-11-2020
CA-2020-100657,SW-20245,US-Eas-New-Tro-12180,02-11-2020
CA-2020-125416,KC-16540,US-Wes-Was-Sea-98115,02-11-2020
CA-2020-138625,EG-13900,US-Sou-Vir-Che-23320,02-11-2020
CA-2020-121041,CS-12250,US-Cen-Tex-Hal-76117,03-11-2020
CA-2020-162047,FH-14365,US-Eas-New-Lon-11561,03-11-2020
CA-2020-140410,CM-12655,US-Wes-Cal-Los-90008,03-11-2020
CA-2020-103961,NG-18430,US-Cen-Ill-Qui-62301,05-11-2020
CA-2020-144386,GT-14635,US-Eas-New-New-10009,05-11-2020
CA-2020-145485,JM-16195,US-Wes-Cal-San-94109,05-11-2020
US-2020-136259,CB-12415,US-Eas-Ohi-Lak-44107,05-11-2020
CA-2020-118444,VD-21670,US-Sou-Flo-Cor-33065,05-11-2020
CA-2020-131072,KL-16645,US-Wes-Was-Sea-98105,05-11-2020
CA-2020-131422,GB-14530,US-Sou-Nor-Mon-28110,05-11-2020
CA-2020-105312,MT-17815,US-Wes-Ari-Sco-85254,06-11-2020
CA-2020-105571,CP-12340,US-Sou-Flo-Mia-33142,07-11-2020
CA-2020-163181,AB-10105,US-Cen-Tex-Hou-77041,07-11-2020
CA-2020-102848,KB-16240,US-Wes-Cal-Los-90036,07-11-2020
CA-2020-134922,KB-16240,US-Eas-Pen-Phi-19140,07-11-2020
CA-2020-162887,SV-20785,US-Eas-Ver-Bur-5408,07-11-2020
CA-2020-126669,DO-13645,US-Cen-Tex-Hou-77036,07-11-2020
CA-2020-148432,MC-18130,US-Eas-Del-New-19711,07-11-2020
CA-2020-114811,KD-16495,US-Eas-New-New-10024,08-11-2020
CA-2020-108259,NS-18640,US-Sou-Nor-Jac-28540,08-11-2020
CA-2020-123568,SC-20095,US-Wes-Uta-Wes-84084,08-11-2020
CA-2020-154886,SW-20455,US-Wes-Cal-San-94109,08-11-2020
CA-2020-109386,RH-19600,US-Sou-Vir-Ham-23666,08-11-2020
CA-2020-164441,AC-10450,US-Eas-New-New-10011,08-11-2020
CA-2020-111990,DB-13660,US-Cen-Tex-Hou-77095,08-11-2020
CA-2020-117611,MZ-17335,US-Wes-Cal-San-92024,08-11-2020
US-2020-151407,RD-19585,US-Cen-Iow-Dub-52001,08-11-2020
CA-2020-117086,QJ-19255,US-Eas-Ver-Bur-5408,08-11-2020
CA-2020-105634,HA-14905,US-Eas-Mas-Fra-2038,08-11-2020
CA-2020-146486,DV-13465,US-Eas-New-Oce-11572,09-11-2020
CA-2020-126466,JO-15550,US-Wes-Cal-Ros-95661,09-11-2020
CA-2020-127509,AS-10090,US-Cen-Mis-Spr-65807,09-11-2020
CA-2020-169796,Dp-13240,US-Eas-New-New-10035,09-11-2020
CA-2020-158554,CM-12190,US-Eas-Pen-Phi-19134,09-11-2020
CA-2020-113222,AG-10765,US-Cen-Ind-Law-46226,09-11-2020
CA-2020-121783,PO-19180,US-Cen-Min-Ros-55113,10-11-2020
CA-2020-155040,AH-10210,US-Wes-Cal-Bre-94513,10-11-2020
CA-2020-158659,SC-20695,US-Cen-Ind-Ric-47374,10-11-2020
CA-2020-147690,SC-20020,US-Eas-Pen-Phi-19140,10-11-2020
CA-2020-111948,AG-10495,US-Cen-Mic-Det-48234,11-11-2020
US-2020-153283,EB-14110,US-Eas-New-New-10035,12-11-2020
CA-2020-162964,MF-18250,US-Cen-Tex-Hou-77095,12-11-2020
CA-2020-153220,YC-21895,US-Wes-Cal-Los-90032,12-11-2020
CA-2020-113628,AH-10690,US-Sou-Flo-Pla-33317,12-11-2020
US-2020-156867,LC-16870,US-Wes-Col-Aur-80013,13-11-2020
CA-2020-149909,RA-19915,US-Cen-Ind-Col-47201,13-11-2020
CA-2020-115798,KL-16645,US-Eas-Del-New-19711,13-11-2020
CA-2020-136147,FM-14380,US-Sou-Flo-Mia-33178,13-11-2020
CA-2020-114503,AA-10375,US-Sou-Ten-Leb-37087,13-11-2020
CA-2020-111199,JK-15730,US-Sou-Nor-Jac-28540,13-11-2020
CA-2020-144519,AW-10930,US-Wes-Mon-Hel-59601,13-11-2020
CA-2020-104948,KH-16510,US-Wes-Cal-San-92404,13-11-2020
CA-2020-130183,PO-18850,US-Cen-Tex-Hou-77041,13-11-2020
CA-2020-153073,HA-14905,US-Cen-Ill-Chi-60610,13-11-2020
CA-2020-154746,PJ-18835,US-Sou-Vir-Spr-22153,14-11-2020
CA-2020-138674,KB-16585,US-Wes-Ore-Spr-97477,14-11-2020
US-2020-111927,LS-17230,US-Eas-Del-Dov-19901,14-11-2020
CA-2020-151043,MG-17680,US-Eas-Pen-Phi-19143,14-11-2020
CA-2020-123141,GZ-14470,US-Wes-New-Rio-87124,14-11-2020
CA-2020-137897,PJ-18835,US-Eas-New-New-10035,14-11-2020
CA-2020-129525,VP-21760,US-Eas-Ohi-Tol-43615,15-11-2020
CA-2020-145324,DH-13675,US-Sou-Vir-Har-22801,15-11-2020
CA-2020-113173,DK-13225,US-Cen-Ill-Chi-60653,15-11-2020
CA-2020-138954,MH-17785,US-Eas-New-New-10035,15-11-2020
CA-2020-150875,HK-14890,US-Wes-Ida-Boi-83704,16-11-2020
CA-2020-135685,MP-18175,US-Cen-Wis-Mil-53209,16-11-2020
CA-2020-164539,PO-19180,US-Eas-New-New-10011,16-11-2020
CA-2020-145394,MC-17605,US-Cen-Ill-Chi-60610,16-11-2020
CA-2020-120446,JG-15805,US-Wes-Cal-San-92105,16-11-2020
CA-2020-126725,BS-11665,US-Wes-Cal-San-92105,17-11-2020
CA-2020-110863,AA-10645,US-Cen-Okl-Okl-73120,17-11-2020
CA-2020-163090,GH-14665,US-Cen-Ill-Chi-60610,17-11-2020
CA-2020-166800,AG-10300,US-Wes-Nev-Las-89115,19-11-2020
CA-2020-145814,KD-16345,US-Eas-New-New-10035,19-11-2020
CA-2020-151680,TC-21475,US-Wes-Was-Sea-98115,19-11-2020
CA-2020-163965,SS-20875,US-Sou-Flo-Mia-33180,20-11-2020
CA-2020-116484,JK-15205,US-Eas-Ohi-Mar-43302,20-11-2020
CA-2020-112305,KB-16405,US-Wes-Was-Sea-98105,20-11-2020
CA-2020-124058,LC-16885,US-Wes-Cal-Oak-94601,20-11-2020
CA-2020-144652,SN-20560,US-Wes-Cal-Los-90008,20-11-2020
CA-2020-156524,DL-12865,US-Eas-New-New-10011,20-11-2020
CA-2020-136420,CS-12250,US-Wes-Cal-San-92024,20-11-2020
CA-2020-146465,PB-18805,US-Wes-Cal-San-94122,20-11-2020
US-2020-165743,MM-18055,US-Wes-Col-Aur-80013,20-11-2020
CA-2020-100454,BM-11650,US-Eas-New-New-10035,20-11-2020
US-2020-158589,KW-16570,US-Wes-Cal-San-94109,20-11-2020
CA-2020-110891,PO-19195,US-Eas-Pen-Phi-19140,20-11-2020
CA-2020-161767,GK-14620,US-Cen-Tex-Dal-75217,20-11-2020
US-2020-101511,JE-15745,US-Eas-Ohi-New-43055,21-11-2020
CA-2020-109337,DL-13330,US-Cen-Ind-Law-46226,21-11-2020
CA-2020-115511,NW-18400,US-Wes-Nev-Las-89115,21-11-2020
CA-2020-105690,CA-11965,US-Cen-Tex-Por-77642,21-11-2020
US-2020-159499,EM-14095,US-Wes-Ari-Pho-85023,21-11-2020
CA-2020-119879,SS-20410,US-Eas-Pen-Phi-19120,21-11-2020
CA-2020-107083,BB-11545,US-Cen-Tex-For-76106,21-11-2020
CA-2020-102778,JH-15820,US-Sou-Nor-Mon-28110,21-11-2020
CA-2020-139094,MO-17800,US-Cen-Tex-San-78207,22-11-2020
US-2020-118983,HP-14815,US-Cen-Tex-For-76106,22-11-2020
US-2020-165449,AP-10720,US-Cen-Tex-Fri-75034,22-11-2020
CA-2020-100545,IM-15070,US-Eas-Pen-Phi-19120,22-11-2020
CA-2020-123505,AR-10540,US-Eas-Mas-Qui-2169,22-11-2020
CA-2020-137708,NG-18430,US-Wes-Cal-Los-90008,22-11-2020
CA-2020-149300,BH-11710,US-Sou-Flo-Hia-33012,22-11-2020
CA-2020-162376,HD-14785,US-Eas-Mas-Cam-2138,22-11-2020
CA-2020-168459,MC-17275,US-Sou-Ten-Mem-38109,22-11-2020
CA-2020-144274,PW-19240,US-Eas-Del-Wil-19805,23-11-2020
CA-2020-111395,VB-21745,US-Cen-Tex-San-78207,23-11-2020
CA-2020-123113,AT-10735,US-Eas-New-Mor-7960,23-11-2020
CA-2020-153416,TS-21340,US-Wes-Cal-Los-90036,24-11-2020
CA-2020-135545,KM-16720,US-Wes-Cal-Los-90004,24-11-2020
CA-2020-105347,DP-13000,US-Wes-Cal-Los-90004,24-11-2020
US-2020-164357,SF-20065,US-Sou-Nor-Wil-28403,25-11-2020
CA-2020-117961,GP-14740,US-Eas-Mas-Leo-1453,26-11-2020
CA-2020-158939,EA-14035,US-Cen-Mis-Spr-65807,26-11-2020
CA-2020-166975,SH-20635,US-Sou-Ten-Jac-38301,26-11-2020
CA-2020-145184,JD-16150,US-Eas-Del-New-19711,27-11-2020
CA-2020-130974,MA-17560,US-Eas-Mas-Eve-2149,27-11-2020
US-2020-168935,DO-13435,US-Sou-Flo-Pem-33024,27-11-2020
CA-2020-160059,TB-21190,US-Sou-Ark-Fay-72701,27-11-2020
CA-2020-101910,CD-11920,US-Wes-Cal-Lak-92530,27-11-2020
CA-2020-125234,SN-20710,US-Wes-Cal-Los-90049,27-11-2020
US-2020-154389,EH-14125,US-Eas-Pen-Phi-19140,27-11-2020
CA-2020-163762,JE-15475,US-Eas-New-New-10024,27-11-2020
CA-2020-157028,MA-17995,US-Wes-New-Las-88001,28-11-2020
CA-2020-157133,LC-16885,US-Cen-Ill-Cha-61821,28-11-2020
CA-2020-164497,AJ-10945,US-Wes-Cal-San-94110,28-11-2020
CA-2020-161711,MC-17425,US-Eas-New-New-10035,28-11-2020
CA-2020-111612,EB-14110,US-Eas-Ohi-Col-43229,28-11-2020
US-2020-159982,DR-12880,US-Cen-Ill-Chi-60623,28-11-2020
CA-2020-142930,EB-14170,US-Cen-Tex-Aus-78745,28-11-2020
CA-2020-129112,AW-10840,US-Cen-Tex-All-75002,29-11-2020
CA-2020-154340,EK-13795,US-Wes-Cal-San-92704,29-11-2020
CA-2020-138009,SF-20965,US-Cen-Mic-Dea-48126,29-11-2020
CA-2020-110016,BT-11395,US-Cen-Mic-Det-48227,29-11-2020
CA-2020-144099,PO-19195,US-Wes-Cal-San-94122,29-11-2020
CA-2020-158323,AB-10600,US-Sou-Nor-Jac-28540,30-11-2020
CA-2020-107685,JM-15865,US-Wes-Nev-Las-89115,30-11-2020
CA-2020-141327,LR-16915,US-Sou-Nor-Dur-27707,30-11-2020
CA-2020-122210,WB-21850,US-Eas-Pen-Phi-19134,30-11-2020
CA-2020-140830,PS-18970,US-Sou-Ken-Hen-42420,30-11-2020
CA-2020-137925,JL-15235,US-Eas-New-New-10035,30-11-2020
CA-2020-156328,RM-19375,US-Sou-Nor-Ral-27604,30-11-2020
US-2020-141453,DB-13270,US-Cen-Tex-Aus-78745,30-11-2020
CA-2020-103723,BT-11305,US-Wes-Was-Sea-98105,01-12-2020
CA-2020-119907,LC-17140,US-Wes-Was-Sea-98103,01-12-2020
CA-2020-137113,TW-21025,US-Wes-Was-Sea-98105,01-12-2020
CA-2020-111038,LC-16960,US-Wes-Cal-San-92037,01-12-2020
US-2020-105676,NM-18520,US-Cen-Tex-Hou-77036,01-12-2020
US-2020-148817,KD-16495,US-Sou-Vir-Che-23320,01-12-2020
CA-2020-110324,MA-17560,US-Cen-Mic-Jac-49201,01-12-2020
CA-2020-123092,JG-15115,US-Sou-Nor-Jac-28540,03-12-2020
CA-2020-156853,HP-14815,US-Eas-New-Con-3301,03-12-2020
CA-2020-122756,DK-13225,US-Eas-Pen-Phi-19140,03-12-2020
CA-2020-110093,AB-10255,US-Eas-Pen-Phi-19134,03-12-2020
CA-2020-147851,MP-17470,US-Eas-New-New-10009,03-12-2020
CA-2020-142475,BS-11380,US-Eas-New-New-10011,03-12-2020
CA-2020-142377,MS-17980,US-Cen-Mis-Spr-65807,04-12-2020
CA-2020-119508,TZ-21580,US-Wes-Cal-Lak-90712,04-12-2020
CA-2020-130659,MS-17365,US-Eas-New-New-10035,04-12-2020
CA-2020-110247,RH-19555,US-Sou-Flo-Tal-32303,04-12-2020
CA-2020-118871,HM-14860,US-Wes-Cal-Los-90049,04-12-2020
CA-2020-161718,SO-20335,US-Eas-New-Hem-11550,04-12-2020
CA-2020-155600,RO-19780,US-Sou-Ten-Cla-37042,04-12-2020
CA-2020-110814,BD-11635,US-Eas-New-New-10009,05-12-2020
CA-2020-149566,GB-14530,US-Wes-Cal-Los-90049,05-12-2020
CA-2020-101091,SW-20245,US-Eas-Pen-Phi-19140,05-12-2020
CA-2020-117898,TB-21250,US-Cen-Ill-Blo-61701,05-12-2020
US-2020-131842,RR-19525,US-Sou-Ten-Nas-37211,05-12-2020
CA-2020-156440,MH-17620,US-Wes-Cal-San-92105,05-12-2020
CA-2020-142937,SF-20065,US-Cen-Tex-Dal-75220,05-12-2020
CA-2020-134943,SU-20665,US-Cen-Mic-Ann-48104,05-12-2020
US-2020-127040,SG-20605,US-Eas-New-New-10009,06-12-2020
CA-2020-148628,KM-16375,US-Wes-Cal-Tho-91360,06-12-2020
CA-2020-136700,DB-13120,US-Wes-Cal-San-93101,06-12-2020
US-2020-114741,IL-15100,US-Wes-Nev-Nor-89031,06-12-2020
CA-2020-143490,NP-18325,US-Wes-Cal-San-92105,06-12-2020
CA-2020-131884,DK-13375,US-Eas-Ohi-Mar-43302,06-12-2020
CA-2020-144806,GH-14425,US-Wes-Ari-Tuc-85705,06-12-2020
CA-2020-153752,RO-19780,US-Sou-Vir-Arl-22204,06-12-2020
CA-2020-156104,NP-18685,US-Cen-Ind-Ind-46203,06-12-2020
US-2020-149692,KW-16435,US-Cen-Tex-Aus-78745,06-12-2020
CA-2020-168634,AF-10870,US-Wes-Cal-San-94109,06-12-2020
CA-2020-166338,MP-18175,US-Eas-Ohi-Tro-45373,06-12-2020
CA-2020-165050,AH-10210,US-Eas-New-New-10024,07-12-2020
US-2020-120957,KH-16690,US-Wes-Cal-Riv-92503,07-12-2020
CA-2020-134894,DK-12985,US-Sou-Ken-Hen-42420,07-12-2020
CA-2020-135272,MS-17830,US-Wes-Cal-Los-90036,07-12-2020
CA-2020-130736,JF-15490,US-Wes-Was-Sea-98105,07-12-2020
CA-2020-135622,TT-21460,US-Cen-Tex-For-76106,08-12-2020
CA-2020-129532,YS-21880,US-Wes-Cal-Los-90036,08-12-2020
CA-2020-103205,JJ-15760,US-Cen-Tex-Hou-77036,08-12-2020
CA-2020-156118,HG-14965,US-Wes-Col-Col-80906,08-12-2020
CA-2020-157035,KB-16600,US-Cen-Ind-Col-47201,09-12-2020
CA-2020-143105,MA-17560,US-Eas-New-New-10024,10-12-2020
US-2020-168732,KM-16660,US-Sou-Geo-Ros-30076,10-12-2020
CA-2020-106208,JW-16075,US-Cen-Ill-Chi-60610,10-12-2020
CA-2020-115693,FC-14245,US-Wes-Cal-Los-90032,10-12-2020
CA-2020-121650,KD-16495,US-Cen-Mic-Jac-49201,10-12-2020
US-2020-138093,KM-16225,US-Eas-Mar-Bal-21215,10-12-2020
CA-2020-112823,RA-19945,US-Eas-Ohi-Cle-44105,10-12-2020
CA-2020-127502,MT-17815,US-Wes-Cal-San-94110,10-12-2020
CA-2020-104346,IM-15070,US-Wes-Col-Col-80906,11-12-2020
CA-2020-135853,CA-12775,US-Cen-Mic-Det-48205,11-12-2020
CA-2020-106362,LC-16885,US-Eas-Ohi-Tro-45373,11-12-2020
CA-2020-155761,SC-20800,US-Cen-Tex-Hou-77041,11-12-2020
CA-2020-150560,SW-20455,US-Sou-Vir-Suf-23434,11-12-2020
US-2020-120572,GH-14425,US-Sou-Flo-Jac-32216,11-12-2020
CA-2020-134082,JK-15640,US-Wes-Cal-San-92404,11-12-2020
CA-2020-154620,LT-17110,US-Wes-Cal-Lan-93534,12-12-2020
CA-2020-155586,XP-21865,US-Wes-Cal-Chi-95928,12-12-2020
CA-2020-110870,KD-16270,US-Wes-Cal-Los-90032,12-12-2020
CA-2020-145065,DK-13375,US-Wes-Cal-San-92105,12-12-2020
US-2020-167220,JB-15925,US-Cen-Tex-Aus-78745,12-12-2020
CA-2020-129042,EM-13960,US-Eas-Mar-Bal-21215,12-12-2020
CA-2020-127481,JD-15895,US-Wes-Nev-Las-89115,12-12-2020
CA-2020-134075,HA-14905,US-Wes-Cal-San-95123,12-12-2020
CA-2020-148250,RP-19270,US-Wes-Cal-Riv-92503,13-12-2020
CA-2020-125423,MC-17575,US-Wes-Cal-Los-90036,13-12-2020
CA-2020-157770,RD-19585,US-Wes-Cal-Tem-92592,13-12-2020
CA-2020-139962,Dp-13240,US-Eas-Mas-Rev-2151,13-12-2020
CA-2020-146696,RD-19480,US-Wes-Cal-San-92105,14-12-2020
CA-2020-125066,KD-16495,US-Sou-Mis-Jac-39212,14-12-2020
CA-2020-141593,DB-12970,US-Wes-Cal-Los-90045,14-12-2020
CA-2020-114048,EH-13945,US-Wes-Cal-Cos-92627,14-12-2020
CA-2020-126347,AJ-10945,US-Wes-Cal-Los-90045,14-12-2020
CA-2020-130253,PP-18955,US-Wes-Cal-Los-90036,14-12-2020
CA-2020-123232,DJ-13630,US-Wes-Ore-Por-97206,14-12-2020
CA-2020-119592,MM-18280,US-Sou-Geo-Col-31907,14-12-2020
CA-2020-109638,JH-15985,US-Wes-Was-Sea-98115,15-12-2020
CA-2020-137225,JK-15640,US-Eas-New-New-10009,15-12-2020
CA-2020-147830,NF-18385,US-Eas-Ohi-New-43055,15-12-2020
CA-2020-150308,RR-19525,US-Sou-Nor-Car-27511,15-12-2020
CA-2020-162544,SG-20080,US-Wes-Was-Sea-98105,16-12-2020
US-2020-138121,JL-15835,US-Cen-Mic-Det-48205,17-12-2020
US-2020-129637,MC-18100,US-Cen-Ill-Blo-61701,17-12-2020
CA-2020-134117,PG-18895,US-Wes-Cal-Los-90008,17-12-2020
US-2020-137533,JK-15640,US-Eas-Ohi-Cle-44105,18-12-2020
US-2020-120131,LM-17065,US-Eas-Ohi-Spr-45503,18-12-2020
CA-2020-107468,MK-17905,US-Wes-Col-Lou-80027,18-12-2020
CA-2020-153038,RB-19645,US-Sou-Ten-Mem-38109,18-12-2020
US-2020-137960,MW-18220,US-Eas-New-New-10035,18-12-2020
CA-2020-157084,JG-15160,US-Wes-Cal-Los-90049,19-12-2020
US-2020-134558,PM-19135,US-Eas-New-Dov-3820,19-12-2020
CA-2020-109113,EK-13795,US-Cen-Ill-Chi-60610,19-12-2020
CA-2020-100685,SM-20950,US-Cen-Neb-Oma-68104,19-12-2020
CA-2020-115399,AG-10900,US-Eas-Pen-Phi-19134,19-12-2020
CA-2020-127453,JK-15370,US-Eas-Pen-Phi-19143,19-12-2020
US-2020-110261,PR-18880,US-Cen-Ill-Gle-60025,19-12-2020
CA-2020-154144,MH-17785,US-Eas-New-Lin-11757,20-12-2020
CA-2020-137071,ED-13885,US-Cen-Tex-Hou-77036,20-12-2020
CA-2020-154795,GZ-14470,US-Wes-Ari-Bul-86442,20-12-2020
US-2020-123218,KD-16345,US-Cen-Ill-Chi-60623,20-12-2020
CA-2020-141754,EM-14200,US-Sou-Flo-Mia-33142,20-12-2020
US-2020-120712,CS-12130,US-Cen-Tex-Aus-78745,20-12-2020
CA-2020-158918,AI-10855,US-Wes-Cal-Los-90036,20-12-2020
CA-2020-158148,JM-15865,US-Sou-Vir-Arl-22204,20-12-2020
CA-2020-165414,LS-17245,US-Sou-Nor-Jac-28540,21-12-2020
US-2020-126214,JS-15880,US-Wes-Was-Sea-98103,21-12-2020
CA-2020-154284,SZ-20035,US-Cen-Ill-Sai-60174,21-12-2020
CA-2020-112375,RD-19720,US-Sou-Flo-Day-32114,21-12-2020
CA-2020-161795,AH-10075,US-Eas-Ohi-Col-43229,21-12-2020
CA-2020-127019,ER-13855,US-Wes-Col-Col-80906,21-12-2020
CA-2020-157287,HR-14830,US-Eas-Pen-Phi-19140,22-12-2020
CA-2020-153612,BT-11305,US-Cen-Wis-Sup-54880,22-12-2020
CA-2020-117828,BD-11500,US-Sou-Vir-Ric-23223,23-12-2020
US-2020-128587,HM-14860,US-Cen-Mis-Spr-65807,24-12-2020
CA-2020-169397,JB-15925,US-Eas-Ohi-Dub-43017,24-12-2020
CA-2020-124653,DB-13120,US-Eas-New-Roc-14609,24-12-2020
CA-2020-120103,MS-17365,US-Wes-Ari-Pho-85023,24-12-2020
US-2020-103471,JR-15670,US-Wes-Col-Col-80906,24-12-2020
CA-2020-135538,HR-14830,US-Wes-Ari-Gil-85234,24-12-2020
CA-2020-158456,KT-16465,US-Wes-Cal-Los-90032,24-12-2020
US-2020-147739,JD-16150,US-Eas-Pen-Phi-19140,25-12-2020
CA-2020-113152,JK-15625,US-Eas-New-New-10024,25-12-2020
CA-2020-153717,DL-13495,US-Cen-Mic-Det-48227,25-12-2020
US-2020-136749,LH-16900,US-Sou-Geo-Col-31907,25-12-2020
CA-2020-111780,RA-19285,US-Wes-Cal-San-92037,25-12-2020
CA-2020-143980,JK-15640,US-Eas-New-New-10011,25-12-2020
CA-2020-144890,SM-20320,US-Wes-Cal-Los-90049,25-12-2020
CA-2020-144288,MB-17305,US-Sou-Ten-Nas-37211,25-12-2020
CA-2020-119550,RB-19705,US-Cen-Tex-Hou-77070,26-12-2020
CA-2020-158792,BD-11605,US-Eas-Mas-Law-1841,26-12-2020
CA-2020-111073,MC-18100,US-Eas-Ohi-Med-44256,26-12-2020
CA-2020-124933,DF-13135,US-Eas-New-New-10009,26-12-2020
CA-2020-130113,AH-10030,US-Wes-Cal-San-94122,27-12-2020
CA-2020-101889,DB-13120,US-Eas-Ohi-Mar-43302,27-12-2020
CA-2020-103870,SP-20860,US-Sou-Ten-Mur-37130,27-12-2020
CA-2020-117415,SN-20710,US-Cen-Tex-Hou-77041,27-12-2020
CA-2020-148376,AG-10900,US-Wes-Cal-Los-90008,27-12-2020
CA-2020-151589,RE-19450,US-Cen-Wis-Eau-54703,27-12-2020
US-2020-163783,DR-12940,US-Cen-Ill-Chi-60610,27-12-2020
CA-2020-155145,KN-16450,US-Wes-Cal-Vis-93277,27-12-2020
CA-2020-165085,BT-11485,US-Eas-Mar-Cli-20735,27-12-2020
CA-2020-134782,MD-17350,US-Sou-Ark-Fay-72701,27-12-2020
CA-2020-119697,EM-13960,US-Eas-Pen-Phi-19134,28-12-2020
CA-2020-148859,FH-14350,US-Cen-Ill-Chi-60623,28-12-2020
CA-2020-130855,RF-19840,US-Eas-New-New-10035,29-12-2020
CA-2020-135580,CL-12565,US-Wes-Cal-Los-90049,30-12-2020
CA-2020-109197,JO-15280,US-Wes-Mon-Mis-59801,31-12-2020
CA-2020-109470,KC-16255,US-Sou-Ken-Hen-42420,31-12-2020
CA-2020-156377,TB-21625,US-Cen-Tex-Gra-75051,31-12-2020
CA-2020-120901,BG-11035,US-Cen-Tex-Aus-78745,31-12-2020
CA-2020-139780,AH-10690,US-Cen-Mic-Det-48205,31-12-2020
CA-2021-160304,BM-11575,US-Eas-Mar-Gai-20877,02-01-2021
CA-2021-105207,BO-11350,US-Cen-Okl-Bro-74012,03-01-2021
US-2021-116365,CA-12310,US-Cen-Tex-San-78207,03-01-2021
CA-2021-125206,LR-16915,US-Wes-Cal-Los-90045,03-01-2021
CA-2021-158211,BP-11185,US-Eas-Pen-Phi-19143,04-01-2021
US-2021-164630,EB-13975,US-Sou-Nor-Cha-28205,04-01-2021
CA-2021-134474,AJ-10795,US-Sou-Flo-Jac-32216,05-01-2021
CA-2021-101938,DW-13480,US-Wes-Cal-Oak-94601,07-01-2021
CA-2021-158806,NM-18520,US-Cen-Tex-Ama-79109,07-01-2021
US-2021-137295,VS-21820,US-Sou-Nor-Ral-27604,08-01-2021
US-2021-100461,JO-15145,US-Cen-Wis-Fra-53132,08-01-2021
CA-2021-108882,LA-16780,US-Wes-Cal-Fre-93727,09-01-2021
CA-2021-126543,MF-17665,US-Eas-Ohi-Tol-43615,09-01-2021
CA-2021-116547,KB-16585,US-Wes-Was-Sea-98115,10-01-2021
CA-2021-163937,JB-16000,US-Wes-Was-Lon-98632,10-01-2021
CA-2021-141887,MP-17470,US-Eas-Ohi-Col-43229,11-01-2021
CA-2021-126529,DE-13255,US-Eas-Ohi-Spr-45503,11-01-2021
CA-2021-133368,AG-10675,US-Sou-Nor-Con-28027,14-01-2021
CA-2021-166912,BE-11335,US-Eas-New-New-10009,1/15/2021
CA-2021-152072,Dp-13240,US-Eas-New-Wes-7090,1/15/2021
CA-2021-140746,RC-19825,US-Eas-Con-Fai-6824,1/15/2021
CA-2021-137848,WB-21850,US-Eas-New-New-10011,1/15/2021
CA-2021-121755,EH-13945,US-Wes-Cal-Los-90049,16-01-2021
CA-2021-116736,CC-12430,US-Eas-New-Con-3301,17-01-2021
CA-2021-106558,DL-13495,US-Sou-Geo-Col-31907,17-01-2021
US-2021-167339,TD-20995,US-Wes-Cal-San-92037,21-01-2021
CA-2021-148208,BT-11530,US-Eas-Ohi-Cle-44105,22-01-2021
US-2021-155180,TB-21280,US-Eas-New-New-10009,22-01-2021
CA-2021-125850,FP-14320,US-Wes-Cal-San-92037,22-01-2021
CA-2021-111010,PG-18895,US-Eas-New-Mor-7960,22-01-2021
US-2021-135923,CM-11935,US-Sou-Nor-Fay-28314,22-01-2021
CA-2021-146318,MC-17275,US-Wes-Was-Sea-98105,22-01-2021
CA-2021-138079,AJ-10795,US-Wes-Was-Sea-98115,22-01-2021
US-2021-165505,CB-12535,US-Eas-Ver-Bur-5408,23-01-2021
CA-2021-113656,CB-12415,US-Wes-Cal-Los-90036,23-01-2021
CA-2021-109407,HG-14965,US-Sou-Mis-Gul-39503,24-01-2021
CA-2021-153346,TB-21355,US-Eas-New-Pla-7060,25-01-2021
CA-2021-168046,JD-15895,US-Eas-New-New-10024,25-01-2021
CA-2021-146437,HG-14965,US-Wes-Cal-Los-90036,28-01-2021
CA-2021-164483,JF-15490,US-Wes-Cal-San-94122,30-01-2021
US-2021-166660,TB-21250,US-Wes-Was-Sea-98103,30-01-2021
CA-2021-168032,DF-13135,US-Cen-Ill-Roc-61107,30-01-2021
CA-2021-153661,SC-20725,US-Wes-Cal-San-94122,30-01-2021
CA-2021-114944,HE-14800,US-Cen-Ill-Chi-60623,30-01-2021
CA-2021-158043,JK-15325,US-Eas-New-Atl-8401,31-01-2021
CA-2021-159891,BF-11170,US-Sou-Geo-Atl-30318,31-01-2021
CA-2021-129238,SC-20050,US-Wes-Cal-Los-90045,31-01-2021
CA-2021-147970,AB-10150,US-Cen-Tex-Dal-75220,31-01-2021
CA-2021-154067,SM-20950,US-Wes-Cal-Los-90036,01-02-2021
US-2021-140809,CK-12760,US-Sou-Vir-Arl-22204,01-02-2021
CA-2021-158841,SE-20110,US-Sou-Vir-Arl-22204,02-02-2021
CA-2021-147431,AB-10105,US-Eas-New-New-10011,02-02-2021
CA-2021-144645,NS-18640,US-Cen-Tex-Hou-77041,02-02-2021
CA-2021-118514,LC-17050,US-Sou-Ken-Ric-40475,03-02-2021
CA-2021-150077,MS-17365,US-Eas-Mar-Roc-20852,04-02-2021
CA-2021-117912,TB-21520,US-Wes-Ari-Sie-85635,04-02-2021
CA-2021-101189,JB-15400,US-Wes-Cal-Los-90049,04-02-2021
CA-2021-100993,AZ-10750,US-Wes-Cal-San-92037,05-02-2021
US-2021-108504,PP-18955,US-Sou-Geo-Smy-30080,05-02-2021
CA-2021-125017,KB-16240,US-Sou-Ten-Cha-37421,06-02-2021
CA-2021-106894,CA-12265,US-Sou-Vir-Spr-22153,07-02-2021
CA-2021-135461,EB-13975,US-Wes-Cal-Los-90049,07-02-2021
CA-2021-161662,BE-11410,US-Eas-Ohi-Lan-43130,07-02-2021
CA-2021-163048,MH-17440,US-Cen-Tex-Hou-77036,08-02-2021
CA-2021-109344,CH-12070,US-Sou-Nor-Ral-27604,08-02-2021
US-2021-112396,JR-16210,US-Wes-Cal-San-94110,09-02-2021
CA-2021-164938,PB-19210,US-Cen-Okl-Tul-74133,11-02-2021
CA-2021-110492,JS-15880,US-Sou-Geo-Atl-30318,12-02-2021
CA-2021-112942,RD-19810,US-Wes-Cal-Los-90045,13-02-2021
CA-2021-134334,DK-13090,US-Eas-Mar-Cli-20735,14-02-2021
CA-2021-146150,FM-14380,US-Sou-Mis-Jac-39212,14-02-2021
US-2021-162859,PG-18820,US-Eas-New-New-10009,15-02-2021
CA-2021-105781,JF-15565,US-Eas-New-New-10024,16-02-2021
CA-2021-168956,EA-14035,US-Cen-Ill-Chi-60623,16-02-2021
CA-2021-108105,GW-14605,US-Sou-Ken-Hen-42420,16-02-2021
CA-2021-134138,JD-15790,US-Eas-New-Bel-7109,16-02-2021
CA-2021-106460,GT-14710,US-Wes-Cal-San-94109,19-02-2021
CA-2021-101630,CK-12760,US-Eas-New-Lon-11561,19-02-2021
CA-2021-123274,GT-14710,US-Eas-New-New-10035,19-02-2021
CA-2021-166485,AH-10210,US-Sou-Ten-Nas-37211,20-02-2021
CA-2021-121447,EA-14035,US-Eas-New-New-10011,21-02-2021
US-2021-139262,LC-16960,US-Sou-Flo-Tam-33614,21-02-2021
US-2021-168410,BV-11245,US-Eas-New-Oce-11572,21-02-2021
CA-2021-139010,MC-17635,US-Wes-Cal-Los-90032,21-02-2021
CA-2021-119025,PV-18985,US-Cen-Wis-Mil-53209,22-02-2021
US-2021-143280,TZ-21580,US-Wes-Cal-Los-90045,22-02-2021
CA-2021-144400,AC-10420,US-Eas-Pen-Phi-19120,23-02-2021
CA-2021-165015,BD-11725,US-Eas-Ohi-New-43055,25-02-2021
CA-2021-102456,DL-12865,US-Eas-New-New-10011,27-02-2021
CA-2021-128706,DW-13540,US-Cen-Tex-Hou-77070,27-02-2021
CA-2021-101448,EB-13930,US-Cen-Wis-La -54601,27-02-2021
CA-2021-101623,RR-19525,US-Eas-New-New-10035,28-02-2021
CA-2021-111283,LC-16870,US-Eas-Ohi-New-43055,01-03-2021
US-2021-151862,ON-18715,US-Wes-Col-Den-80219,02-03-2021
US-2021-143819,KD-16270,US-Eas-New-Yon-10701,02-03-2021
CA-2021-120005,TS-21160,US-Wes-Cal-San-94110,04-03-2021
CA-2021-116799,JG-15310,US-Cen-Tex-Ode-79762,04-03-2021
CA-2021-167759,CC-12670,US-Cen-Ind-Blo-47401,04-03-2021
CA-2021-145730,CC-12220,US-Cen-Tex-San-78207,04-03-2021
CA-2021-103982,AA-10315,US-Cen-Tex-Rou-78664,04-03-2021
CA-2021-112123,BH-11710,US-Eas-Del-New-19711,04-03-2021
CA-2021-158358,EM-13810,US-Eas-New-Dov-3820,05-03-2021
CA-2021-164637,RD-19480,US-Cen-Ind-Mis-46544,05-03-2021
CA-2021-154053,MG-17890,US-Wes-Cal-San-92024,05-03-2021
CA-2021-122518,RF-19345,US-Sou-Flo-Mia-33180,05-03-2021
CA-2021-165218,RW-19630,US-Cen-Tex-Dal-75220,06-03-2021
CA-2021-110898,LC-16870,US-Cen-Ill-Chi-60623,07-03-2021
US-2021-155173,JB-16045,US-Eas-Pen-Phi-19120,07-03-2021
US-2021-137547,EB-13705,US-Cen-Tex-For-76106,08-03-2021
CA-2021-137337,GB-14575,US-Eas-New-New-10011,09-03-2021
CA-2021-169103,ZC-21910,US-Sou-Flo-Mia-33142,09-03-2021
US-2021-140172,SP-20650,US-Cen-Mic-Jac-49201,09-03-2021
CA-2021-111976,BD-11620,US-Eas-Pen-Phi-19120,09-03-2021
CA-2021-130400,SJ-20125,US-Cen-Tex-Dal-75217,09-03-2021
CA-2021-106306,PG-18820,US-Wes-Ari-Gle-85301,09-03-2021
CA-2021-120803,RB-19465,US-Eas-Con-Mil-6460,10-03-2021
CA-2021-153269,PS-18760,US-Eas-Mas-And-1810,10-03-2021
CA-2021-159016,KF-16285,US-Wes-Cal-Los-90008,11-03-2021
US-2021-112977,CJ-12010,US-Eas-New-Lon-11561,11-03-2021
CA-2021-169663,RH-19510,US-Wes-Cal-Los-90045,11-03-2021
US-2021-122182,BD-11770,US-Eas-Pen-Phi-19143,11-03-2021
CA-2021-108959,MH-17785,US-Wes-Ari-Gle-85301,11-03-2021
CA-2021-146171,JP-16135,US-Sou-Geo-Col-31907,12-03-2021
CA-2021-122511,BT-11485,US-Eas-Pen-Phi-19140,12-03-2021
CA-2021-118255,ON-18715,US-Cen-Min-Eag-55122,12-03-2021
US-2021-128902,MB-18085,US-Eas-New-Vin-8360,12-03-2021
CA-2021-127138,DK-13225,US-Wes-Cal-San-94109,13-03-2021
US-2021-119270,SW-20245,US-Wes-Cal-Los-90036,13-03-2021
CA-2021-115504,MC-18130,US-Sou-Lou-Mon-71203,13-03-2021
CA-2021-119683,CK-12595,US-Eas-New-New-10024,13-03-2021
CA-2021-158834,TW-21025,US-Wes-Ari-Sco-85254,14-03-2021
US-2021-108637,AB-10060,US-Sou-Vir-Way-22980,14-03-2021
CA-2021-136301,EH-13765,US-Wes-Cal-San-94109,14-03-2021
CA-2021-159373,LT-17110,US-Cen-Tex-San-78207,14-03-2021
US-2021-114013,SC-20770,US-Eas-Pen-Phi-19134,14-03-2021
CA-2021-119123,DB-13360,US-Wes-Cal-Riv-92503,14-03-2021
CA-2021-162082,JS-15880,US-Cen-Tex-Har-78550,15-03-2021
CA-2021-133802,SP-20650,US-Wes-Cal-Red-94061,15-03-2021
US-2021-154361,HZ-14950,US-Eas-Ohi-Col-43229,15-03-2021
CA-2021-102134,SP-20545,US-Cen-Wis-Gre-54302,15-03-2021
CA-2021-124793,MM-18280,US-Wes-Was-Sea-98103,15-03-2021
CA-2021-149272,MY-18295,US-Cen-Tex-Bry-77803,16-03-2021
CA-2021-138968,FC-14335,US-Wes-Cal-San-94110,16-03-2021
US-2021-113509,PL-18925,US-Eas-Pen-Phi-19143,16-03-2021
CA-2021-140571,SJ-20125,US-Sou-Mis-Jac-39212,16-03-2021
CA-2021-131737,GZ-14470,US-Eas-Mar-Col-21044,18-03-2021
CA-2021-115476,VM-21835,US-Eas-Del-New-19711,18-03-2021
CA-2021-128111,CS-12355,US-Eas-Mas-Mal-2148,18-03-2021
CA-2021-134544,AC-10660,US-Wes-Cal-San-94109,18-03-2021
US-2021-120929,RO-19780,US-Sou-Ten-Mem-38109,19-03-2021
CA-2021-113292,DB-13060,US-Sou-Ten-Col-38401,19-03-2021
CA-2021-106383,BT-11440,US-Wes-Col-Lit-80122,20-03-2021
CA-2021-136371,SV-20935,US-Eas-New-Oce-11572,20-03-2021
CA-2021-118178,CC-12610,US-Sou-Ten-Nas-37211,20-03-2021
CA-2021-162747,AH-10030,US-Sou-Mis-Gul-39503,21-03-2021
CA-2021-127670,RD-19660,US-Cen-Mis-Sai-63376,21-03-2021
US-2021-156986,ZC-21910,US-Wes-Ore-Sal-97301,21-03-2021
CA-2021-150889,PB-19105,US-Cen-Ill-Eva-60201,21-03-2021
US-2021-133879,KT-16465,US-Cen-Ill-Chi-60623,22-03-2021
CA-2021-163153,DM-12955,US-Cen-Tex-Hou-77036,22-03-2021
CA-2021-118899,MC-17275,US-Wes-Was-Sea-98103,23-03-2021
CA-2021-107615,RB-19645,US-Wes-Nev-Nor-89031,23-03-2021
US-2021-164189,DR-12880,US-Wes-Ore-Gre-97030,25-03-2021
CA-2021-130911,DC-12850,US-Eas-Ohi-Cle-44105,25-03-2021
CA-2021-113803,VG-21805,US-Cen-Ind-Ric-47374,25-03-2021
CA-2021-120082,DK-12835,US-Eas-New-New-10024,26-03-2021
CA-2021-134887,TB-21280,US-Cen-Okl-Nor-73071,26-03-2021
CA-2021-123666,SP-20545,US-Eas-New-New-10011,27-03-2021
CA-2021-161361,MV-17485,US-Wes-Ida-Poc-83201,27-03-2021
US-2021-162677,DB-13210,US-Sou-Nor-Jac-28540,27-03-2021
CA-2021-119074,DS-13180,US-Sou-Geo-Col-31907,28-03-2021
CA-2021-131380,CC-12220,US-Wes-Cal-Los-90032,29-03-2021
CA-2021-162901,AS-10045,US-Sou-Vir-Arl-22204,29-03-2021
CA-2021-127236,TB-21595,US-Eas-Ohi-Spr-45503,30-03-2021
CA-2021-152555,ME-17320,US-Cen-Ill-Chi-60653,30-03-2021
CA-2021-167556,JM-15250,US-Eas-New-New-10009,30-03-2021
CA-2021-128258,CP-12085,US-Eas-Con-Nor-6360,31-03-2021
US-2021-151827,CS-11950,US-Eas-Pen-Phi-19134,01-04-2021
CA-2021-124100,EH-13990,US-Eas-New-New-10009,01-04-2021
CA-2021-149902,DW-13540,US-Eas-New-New-10024,02-04-2021
CA-2021-127985,DB-12910,US-Sou-Geo-Col-31907,02-04-2021
CA-2021-161473,TB-21175,US-Eas-New-New-10035,02-04-2021
CA-2021-111213,FP-14320,US-Eas-New-New-10009,02-04-2021
CA-2021-103947,BB-10990,US-Wes-Ari-Sie-85635,02-04-2021
CA-2021-166674,RB-19360,US-Eas-New-Aub-13021,02-04-2021
US-2021-160206,MY-18295,US-Cen-Wis-Mil-53209,02-04-2021
CA-2021-123540,DJ-13420,US-Cen-Wis-Mil-53209,03-04-2021
CA-2021-162222,SR-20740,US-Cen-Tex-Dal-75081,04-04-2021
CA-2021-167682,ZD-21925,US-Cen-Ind-Ric-47374,04-04-2021
CA-2021-120796,CS-11950,US-Eas-Pen-Phi-19140,04-04-2021
CA-2021-123050,BC-11125,US-Eas-New-Tro-12180,05-04-2021
CA-2021-159142,ME-17320,US-Sou-Vir-Spr-22153,05-04-2021
CA-2021-167115,EH-14185,US-Eas-New-New-10035,05-04-2021
CA-2021-161907,JH-16180,US-Eas-Pen-Phi-19140,06-04-2021
CA-2021-159695,GM-14455,US-Cen-Tex-Hou-77095,06-04-2021
US-2021-150140,VM-21685,US-Eas-Ver-Bur-5408,07-04-2021
CA-2021-132899,SF-20200,US-Eas-New-New-10009,08-04-2021
CA-2021-120530,Dl-13600,US-Eas-New-New-10035,08-04-2021
CA-2021-114405,AS-10240,US-Eas-Pen-Phi-19120,08-04-2021
CA-2021-110499,YC-21895,US-Wes-Cal-San-94110,08-04-2021
CA-2021-154998,ES-14080,US-Eas-New-Lak-8701,08-04-2021
CA-2021-138520,JL-15505,US-Eas-New-New-10035,09-04-2021
CA-2021-130477,LC-17140,US-Wes-Cal-Los-90032,09-04-2021
CA-2021-134789,CK-12325,US-Sou-Ark-Hot-71901,09-04-2021
CA-2021-124233,CK-12595,US-Wes-Cal-Los-90032,09-04-2021
CA-2021-104969,EH-14125,US-Eas-Ohi-Tro-45373,09-04-2021
US-2021-106600,RM-19375,US-Sou-Geo-Col-31907,09-04-2021
CA-2021-150000,PG-18820,US-Sou-Geo-Smy-30080,09-04-2021
CA-2021-130946,ZC-21910,US-Cen-Tex-Hou-77041,09-04-2021
CA-2021-128517,SW-20350,US-Cen-Mic-Det-48227,10-04-2021
CA-2021-117681,HF-14995,US-Wes-Cal-Los-90004,10-04-2021
CA-2021-126809,EB-13750,US-Wes-Was-Sea-98103,10-04-2021
CA-2021-123358,BT-11680,US-Wes-Cal-San-94122,11-04-2021
US-2021-114622,JR-16210,US-Eas-Ohi-Spr-45503,11-04-2021
CA-2021-109652,QJ-19255,US-Cen-Ill-Chi-60653,11-04-2021
CA-2021-124814,FM-14215,US-Wes-Cal-Bak-93309,11-04-2021
CA-2021-124254,TB-21175,US-Sou-Nor-Wil-27893,13-04-2021
CA-2021-112102,BD-11605,US-Sou-Vir-Spr-22153,13-04-2021
CA-2021-163594,JF-15295,US-Wes-Cal-Los-90036,13-04-2021
CA-2021-142398,BP-11290,US-Wes-Cal-Los-90036,13-04-2021
CA-2021-152800,SP-20920,US-Wes-Cal-San-94109,14-04-2021
CA-2021-164735,TB-21400,US-Sou-Vir-Ale-22304,15-04-2021
CA-2021-112669,KT-16465,US-Wes-Ari-Gle-85301,15-04-2021
CA-2021-166625,JM-15580,US-Eas-Mar-Bal-21215,15-04-2021
CA-2021-148796,PB-19150,US-Wes-Cal-Los-90004,15-04-2021
US-2021-132423,MY-18295,US-Cen-Tex-Gra-76051,16-04-2021
CA-2021-117849,JK-16120,US-Wes-Cal-San-92105,16-04-2021
CA-2021-136406,BD-11320,US-Wes-Cal-San-94110,16-04-2021
US-2021-123750,RB-19795,US-Sou-Nor-Gas-28052,16-04-2021
US-2021-164588,AP-10915,US-Sou-Geo-Col-31907,17-04-2021
US-2021-107440,BS-11365,US-Eas-New-Lak-8701,17-04-2021
CA-2021-166282,PK-19075,US-Sou-Ten-Nas-37211,17-04-2021
CA-2021-105473,BM-11785,US-Wes-Was-Sea-98115,17-04-2021
US-2021-133508,SW-20350,US-Cen-Neb-Oma-68104,18-04-2021
CA-2021-108735,JM-15535,US-Wes-Cal-Lak-90712,18-04-2021
CA-2021-149111,BF-11170,US-Sou-Nor-Ral-27604,18-04-2021
US-2021-159415,CS-12175,US-Sou-Ten-Col-38401,18-04-2021
CA-2021-144785,CS-12490,US-Eas-New-New-10009,19-04-2021
CA-2021-139381,RF-19840,US-Sou-Vir-Che-23320,19-04-2021
CA-2021-125087,TH-21115,US-Cen-Tex-Hou-77070,19-04-2021
CA-2021-155551,CR-12580,US-Cen-Ill-Elm-60126,19-04-2021
US-2021-161396,GM-14455,US-Eas-Ohi-Col-43229,20-04-2021
US-2021-115819,JO-15280,US-Wes-Cal-Los-90049,20-04-2021
CA-2021-109666,KM-16720,US-Eas-New-New-10035,20-04-2021
CA-2021-146423,BT-11680,US-Eas-Con-Mil-6460,22-04-2021
US-2021-103646,SP-20545,US-Cen-Ill-Chi-60623,22-04-2021
CA-2021-151498,DN-13690,US-Wes-Was-Sea-98115,22-04-2021
CA-2021-109869,TN-21040,US-Wes-Ari-Pho-85023,23-04-2021
CA-2021-109057,TT-21460,US-Cen-Ill-Aur-60505,23-04-2021
CA-2021-113061,EL-13735,US-Cen-Mis-Jef-65109,23-04-2021
CA-2021-147578,PG-18895,US-Wes-Cal-San-94122,23-04-2021
CA-2021-101329,MM-17920,US-Eas-New-Rom-13440,23-04-2021
CA-2021-130001,HK-14890,US-Sou-Nor-Cha-28205,24-04-2021
CA-2021-124149,MJ-17740,US-Eas-Ohi-Lan-43130,24-04-2021
CA-2021-126270,AF-10870,US-Wes-Cal-San-92672,24-04-2021
CA-2021-162138,GK-14620,US-Wes-Cal-Hes-92345,24-04-2021
CA-2021-138933,JL-15130,US-Wes-Cal-Riv-92503,25-04-2021
CA-2021-168081,CA-12055,US-Cen-Tex-Hou-77070,25-04-2021
CA-2021-149279,CL-12700,US-Wes-Col-Col-80906,25-04-2021
US-2021-150147,JL-15850,US-Eas-Pen-Phi-19134,26-04-2021
CA-2021-139556,DB-13360,US-Eas-New-New-10009,27-04-2021
CA-2021-161816,NB-18655,US-Cen-Tex-Dal-75217,29-04-2021
CA-2021-137204,BO-11350,US-Wes-Cal-Los-90045,29-04-2021
CA-2021-152814,EH-14005,US-Wes-Col-Den-80219,29-04-2021
CA-2021-167605,RB-19570,US-Cen-Ill-Sai-60174,29-04-2021
US-2021-120460,BF-11170,US-Cen-Tex-Dal-75081,01-05-2021
CA-2021-144792,KD-16615,US-Wes-Ari-Sco-85254,01-05-2021
CA-2021-154788,JL-15835,US-Eas-New-New-10011,01-05-2021
CA-2021-164784,HF-14995,US-Sou-Ten-Mem-38109,02-05-2021
CA-2021-101525,CM-12235,US-Sou-Ark-Lit-72209,02-05-2021
CA-2021-148698,BD-11770,US-Cen-Tex-Hou-77070,03-05-2021
CA-2021-158155,EH-13765,US-Eas-New-New-10009,03-05-2021
CA-2021-104311,AS-10090,US-Cen-Tex-Irv-75061,03-05-2021
CA-2021-109400,NR-18550,US-Cen-Tex-Ama-79109,03-05-2021
CA-2021-146836,CC-12475,US-Eas-New-New-10024,03-05-2021
CA-2021-154060,DL-12865,US-Sou-Nor-Gre-27405,03-05-2021
CA-2021-163398,CB-12415,US-Cen-Ill-Chi-60653,04-05-2021
CA-2021-129280,SM-20905,US-Eas-Ohi-New-43055,04-05-2021
CA-2021-160500,DM-13015,US-Wes-Cal-Enc-92024,06-05-2021
CA-2021-105662,RB-19465,US-Sou-Flo-Tal-32303,06-05-2021
US-2021-147991,ZD-21925,US-Sou-Ten-Cha-37421,06-05-2021
CA-2021-137729,BF-11005,US-Wes-Cal-Los-90004,06-05-2021
US-2021-102239,LW-16990,US-Wes-Nev-Hen-89015,06-05-2021
CA-2021-145247,ND-18370,US-Sou-Ken-Lou-40214,06-05-2021
CA-2021-126165,AH-10465,US-Wes-Cal-San-94109,06-05-2021
CA-2021-112676,PJ-18835,US-Sou-Ten-Mur-37130,06-05-2021
US-2021-146857,BE-11455,US-Cen-Mis-Spr-65807,07-05-2021
CA-2021-118052,BE-11455,US-Eas-Ohi-Lor-44052,07-05-2021
CA-2021-139234,AF-10870,US-Cen-Ill-Chi-60610,07-05-2021
CA-2021-137393,GM-14500,US-Wes-Cal-Bak-93309,07-05-2021
CA-2021-128818,CJ-12010,US-Eas-New-New-10009,08-05-2021
CA-2021-111696,TB-21625,US-Wes-Cal-Los-90004,09-05-2021
CA-2021-106530,CL-12565,US-Eas-Ohi-Cle-44105,09-05-2021
CA-2021-164672,GB-14530,US-Eas-Del-Dov-19901,09-05-2021
US-2021-144057,CV-12805,US-Cen-Tex-Aus-78745,10-05-2021
CA-2021-161158,PS-18970,US-Eas-New-New-10024,10-05-2021
CA-2021-169166,SS-20590,US-Wes-Was-Sea-98115,10-05-2021
CA-2021-109176,JW-16075,US-Eas-Pen-Phi-19140,10-05-2021
US-2021-159093,RS-19420,US-Wes-Cal-Los-90036,10-05-2021
CA-2021-159765,TH-21100,US-Sou-Vir-Sal-24153,10-05-2021
CA-2021-112382,MB-18085,US-Cen-Tex-Hou-77036,10-05-2021
CA-2021-117625,GM-14500,US-Cen-Ill-Chi-60610,11-05-2021
CA-2021-133816,CS-12400,US-Eas-Pen-Phi-19134,11-05-2021
CA-2021-161543,RD-19720,US-Wes-Was-Sea-98105,11-05-2021
CA-2021-162733,TT-21070,US-Wes-Cal-Los-90045,12-05-2021
CA-2021-100510,HM-14860,US-Eas-New-New-10024,13-05-2021
CA-2021-109911,VG-21805,US-Sou-Vir-Vir-23464,13-05-2021
US-2021-123610,VM-21835,US-Wes-Cal-Mis-92691,13-05-2021
CA-2021-167416,JM-15580,US-Wes-Was-Sea-98105,13-05-2021
US-2021-101196,FM-14215,US-Eas-Pen-Phi-19140,13-05-2021
US-2021-148901,MK-17905,US-Sou-Flo-Jac-32216,15-05-2021
CA-2021-141019,LH-17155,US-Eas-Ohi-Cin-45231,15-05-2021
CA-2021-108224,TH-21235,US-Wes-Ari-Yum-85364,15-05-2021
CA-2021-152408,TT-21220,US-Eas-New-New-10035,16-05-2021
CA-2021-141180,DP-13000,US-Sou-Flo-For-33311,16-05-2021
CA-2021-165673,MN-17935,US-Eas-Ohi-Spr-45503,16-05-2021
US-2021-146570,SN-20710,US-Sou-Mis-Jac-39212,16-05-2021
CA-2021-122133,JR-15670,US-Eas-Con-Mid-6457,17-05-2021
CA-2021-133144,DO-13435,US-Wes-Cal-Los-90036,17-05-2021
CA-2021-130638,SC-20095,US-Wes-Cal-Los-90045,17-05-2021
US-2021-117037,LW-17215,US-Cen-Ill-Chi-60653,18-05-2021
CA-2021-158435,AG-10900,US-Eas-Con-Wat-6708,18-05-2021
US-2021-150567,RP-19855,US-Sou-Flo-Apo-32712,18-05-2021
CA-2021-122728,EB-13930,US-Wes-Cal-San-94110,19-05-2021
US-2021-152835,RP-19855,US-Cen-Ind-Laf-47905,20-05-2021
CA-2021-138282,AH-10690,US-Wes-Cal-Los-90008,20-05-2021
CA-2021-126935,BT-11395,US-Wes-Cal-San-94109,20-05-2021
CA-2021-157245,LE-16810,US-Sou-Vir-Arl-22204,20-05-2021
CA-2021-169943,BN-11515,US-Eas-New-New-10011,20-05-2021
CA-2021-105256,JK-15730,US-Sou-Nor-Ash-28806,21-05-2021
CA-2021-115917,RB-19465,US-Wes-Cal-Val-94591,21-05-2021
CA-2021-146010,EH-14125,US-Wes-Col-Col-80906,21-05-2021
CA-2021-108567,DB-13210,US-Sou-Flo-Por-34952,21-05-2021
CA-2021-114209,AS-10285,US-Cen-Tex-Dal-75081,22-05-2021
US-2021-139486,LH-17155,US-Wes-Cal-Los-90032,22-05-2021
CA-2021-127642,CP-12340,US-Eas-Rho-War-2886,22-05-2021
CA-2021-125920,SH-19975,US-Cen-Ill-Chi-60610,22-05-2021
CA-2021-107202,LC-16930,US-Wes-Nev-Spa-89431,22-05-2021
CA-2021-146934,AF-10870,US-Eas-New-Pas-7055,23-05-2021
CA-2021-154081,JE-15610,US-Wes-Cal-Los-90049,23-05-2021
CA-2021-159653,JF-15490,US-Sou-Geo-Ath-30605,23-05-2021
CA-2021-142762,LD-17005,US-Wes-Cal-San-94109,24-05-2021
CA-2021-143714,CC-12370,US-Eas-Pen-Phi-19120,24-05-2021
CA-2021-133725,KL-16645,US-Cen-Ill-Chi-60623,24-05-2021
CA-2021-154403,AP-10720,US-Sou-Ala-Flo-35630,24-05-2021
CA-2021-136126,EH-14125,US-Sou-Vir-New-23602,25-05-2021
CA-2021-138583,DP-13390,US-Eas-Pen-Phi-19120,25-05-2021
CA-2021-139269,JB-16045,US-Sou-Geo-Col-31907,26-05-2021
CA-2021-157266,TB-21280,US-Eas-Dis-Was-20016,27-05-2021
CA-2021-148852,SV-20785,US-Wes-Cal-San-92704,27-05-2021
CA-2021-113236,CP-12085,US-Sou-Flo-Del-33445,27-05-2021
CA-2021-149237,CM-12235,US-Cen-Wis-Mil-53209,27-05-2021
CA-2021-132409,TH-21235,US-Eas-Pen-Phi-19134,27-05-2021
CA-2021-119186,MS-17710,US-Cen-Tex-For-76106,27-05-2021
CA-2021-101791,BS-11665,US-Cen-Ill-Chi-60623,28-05-2021
CA-2021-122903,LA-16780,US-Cen-Mic-Det-48205,28-05-2021
CA-2021-136994,LS-17245,US-Wes-Cal-Los-90045,28-05-2021
CA-2021-121377,TN-21040,US-Cen-Ill-Par-60068,29-05-2021
CA-2021-134803,CL-12565,US-Wes-Cal-Los-90004,29-05-2021
CA-2021-138695,KC-16675,US-Sou-Flo-Tal-32303,29-05-2021
CA-2021-113747,VD-21670,US-Sou-Mis-Jac-39212,29-05-2021
CA-2021-155565,EH-13765,US-Eas-New-New-10035,29-05-2021
CA-2021-156573,RB-19360,US-Sou-Ten-Nas-37211,30-05-2021
CA-2021-168753,RL-19615,US-Sou-Ala-Mon-36116,30-05-2021
US-2021-105578,MY-17380,US-Wes-Col-Par-80134,31-05-2021
CA-2021-166380,EB-13750,US-Sou-Vir-Arl-22204,31-05-2021
CA-2021-153682,BG-11695,US-Eas-Ohi-Cin-45231,31-05-2021
CA-2021-152730,EM-14140,US-Cen-Wis-Sup-54880,31-05-2021
CA-2021-113831,AH-10690,US-Sou-Vir-Spr-22153,31-05-2021
CA-2021-129728,JG-15310,US-Wes-Cal-Los-90032,31-05-2021
CA-2021-108210,AT-10735,US-Cen-Tex-Hou-77041,31-05-2021
CA-2021-147473,NL-18310,US-Wes-Cal-Los-90049,31-05-2021
CA-2021-158547,JM-16195,US-Eas-Ohi-Ham-45011,31-05-2021
CA-2021-145499,RW-19690,US-Sou-Nor-Wil-28403,31-05-2021
CA-2021-168844,NM-18520,US-Eas-New-New-10011,01-06-2021
CA-2021-150483,BP-11290,US-Cen-Ill-Dec-62521,01-06-2021
US-2021-119046,EH-13765,US-Wes-Was-Sea-98115,03-06-2021
US-2021-128293,KC-16255,US-Eas-Pen-Phi-19120,03-06-2021
CA-2021-164889,CP-12340,US-Wes-Cal-Los-90049,04-06-2021
CA-2021-165848,EN-13780,US-Eas-New-New-10035,05-06-2021
CA-2021-157749,KL-16645,US-Cen-Ill-Chi-60610,05-06-2021
CA-2021-119823,KD-16270,US-Sou-Vir-Spr-22153,05-06-2021
CA-2021-110982,CK-12205,US-Wes-Cal-San-95051,06-06-2021
CA-2021-165169,JL-15235,US-Eas-Del-New-19711,06-06-2021
US-2021-134908,JS-15940,US-Eas-Pen-Phi-19134,06-06-2021
CA-2021-149671,KB-16600,US-Wes-Was-Sea-98105,06-06-2021
CA-2021-160717,ME-17320,US-Wes-Cal-San-93101,07-06-2021
CA-2021-125318,RC-19825,US-Cen-Ill-Chi-60610,07-06-2021
CA-2021-108350,SC-20230,US-Eas-Mas-Low-1852,07-06-2021
US-2021-155971,RB-19795,US-Wes-Cal-Los-90036,07-06-2021
CA-2021-127369,DB-13060,US-Eas-Mas-Low-1852,07-06-2021
US-2021-167472,CK-12595,US-Sou-Ark-Lit-72209,07-06-2021
CA-2021-112830,LP-17095,US-Eas-Ohi-Fai-45014,07-06-2021
CA-2021-103163,FM-14290,US-Wes-Cal-Bak-93309,08-06-2021
CA-2021-120558,RD-19810,US-Eas-New-New-10035,08-06-2021
CA-2021-107475,RS-19870,US-Eas-Pen-Phi-19120,08-06-2021
CA-2021-122448,DB-13210,US-Wes-Cal-San-94109,10-06-2021
US-2021-139710,GM-14680,US-Wes-Cal-Los-90045,10-06-2021
CA-2021-147368,TC-21295,US-Sou-Flo-Tal-32303,10-06-2021
CA-2021-154662,BF-11215,US-Cen-Min-Min-55407,10-06-2021
CA-2021-121993,JB-16000,US-Eas-Pen-Phi-19140,11-06-2021
CA-2021-113243,OT-18730,US-Wes-Cal-Los-90045,11-06-2021
CA-2021-169922,MZ-17515,US-Cen-Tex-Arl-76017,12-06-2021
CA-2021-118745,SV-20365,US-Wes-Cal-Los-90049,12-06-2021
CA-2021-142405,SE-20110,US-Wes-Was-Sea-98103,12-06-2021
CA-2021-127775,ES-14020,US-Eas-New-New-10035,12-06-2021
CA-2021-103730,SC-20725,US-Eas-Del-Wil-19805,13-06-2021
CA-2021-120824,AW-10930,US-Cen-Tex-Hou-77070,13-06-2021
CA-2021-127208,SC-20770,US-Sou-Ala-Dec-35601,13-06-2021
CA-2021-138688,DV-13045,US-Wes-Cal-Los-90036,13-06-2021
CA-2021-164035,CR-12730,US-Cen-Ill-Chi-60610,13-06-2021
CA-2021-139941,CB-12415,US-Eas-New-Lon-11561,13-06-2021
CA-2021-104633,EA-14035,US-Wes-Cal-Pas-91104,13-06-2021
CA-2021-147375,PO-19180,US-Cen-Ill-Chi-60623,13-06-2021
CA-2021-155005,SC-20050,US-Cen-Mic-Jac-49201,14-06-2021
CA-2021-126795,GT-14710,US-Eas-New-New-10024,14-06-2021
CA-2021-136287,SS-20590,US-Cen-Kan-Wic-67212,14-06-2021
CA-2021-155747,JS-15685,US-Eas-Pen-Phi-19140,15-06-2021
CA-2021-128223,EB-13705,US-Wes-Cal-Ana-92804,15-06-2021
CA-2021-133872,VM-21835,US-Sou-Flo-Boc-33433,15-06-2021
CA-2021-107216,PV-18985,US-Wes-Cal-San-94122,15-06-2021
CA-2021-132304,AR-10825,US-Wes-Was-Sea-98103,15-06-2021
US-2021-108497,MH-17290,US-Wes-Cal-Los-90036,15-06-2021
CA-2021-152765,LS-17245,US-Cen-Tex-Hou-77036,16-06-2021
CA-2021-148593,BD-11320,US-Wes-Cal-Los-90045,17-06-2021
CA-2021-137127,JJ-15445,US-Eas-Del-New-19711,17-06-2021
CA-2021-140977,JL-15175,US-Sou-Ten-Cha-37421,17-06-2021
CA-2021-123512,MV-18190,US-Wes-Cal-Los-90045,18-06-2021
CA-2021-107146,LC-16885,US-Wes-Col-Lon-80501,18-06-2021
CA-2021-145842,FM-14380,US-Eas-New-New-10024,18-06-2021
CA-2021-133613,CP-12340,US-Eas-Con-Wat-6708,18-06-2021
CA-2021-129861,DM-13345,US-Eas-New-Roc-14609,18-06-2021
CA-2021-111682,TB-21055,US-Eas-New-Tro-12180,18-06-2021
CA-2021-159345,IG-15085,US-Wes-Cal-San-92024,18-06-2021
CA-2021-131744,SC-20770,US-Eas-Pen-Phi-19134,19-06-2021
US-2021-163461,BT-11440,US-Cen-Ill-Fra-60423,19-06-2021
CA-2021-105760,KC-16255,US-Wes-Cal-San-94110,20-06-2021
CA-2021-141397,RC-19825,US-Wes-Cal-Pas-91104,21-06-2021
CA-2021-140081,CG-12040,US-Eas-Pen-Phi-19120,21-06-2021
CA-2021-152534,DP-13105,US-Wes-Cal-Sal-93905,21-06-2021
CA-2021-108581,EA-14035,US-Cen-Tex-Car-75007,21-06-2021
CA-2021-169194,LH-16900,US-Eas-Del-Dov-19901,21-06-2021
CA-2021-149965,BS-11365,US-Cen-Okl-Okl-73120,21-06-2021
CA-2021-119865,AS-10090,US-Eas-New-New-10011,22-06-2021
CA-2021-168361,KB-16600,US-Cen-Ill-Chi-60623,22-06-2021
CA-2021-140501,IM-15070,US-Eas-New-New-10009,24-06-2021
CA-2021-140382,RD-19900,US-Wes-Cal-San-94109,24-06-2021
US-2021-142685,MG-17695,US-Eas-New-Buf-14215,24-06-2021
US-2021-154256,SM-20005,US-Eas-New-New-10035,24-06-2021
CA-2021-100300,MJ-17740,US-Wes-Cal-San-92037,25-06-2021
CA-2021-101987,HL-15040,US-Cen-Ind-Ric-47374,25-06-2021
CA-2021-130680,BD-11320,US-Wes-Cal-San-92024,25-06-2021
CA-2021-166240,DH-13075,US-Cen-Tex-Hou-77095,25-06-2021
US-2021-152051,TS-21160,US-Eas-Pen-Yor-17403,26-06-2021
CA-2021-101693,LC-17140,US-Cen-Tex-Hou-77070,26-06-2021
CA-2021-118913,AS-10240,US-Wes-Cal-Los-90049,26-06-2021
CA-2021-118101,SN-20560,US-Cen-Mic-Ros-48066,27-06-2021
CA-2021-152331,LD-16855,US-Cen-Ill-Chi-60653,27-06-2021
CA-2021-100790,JG-15805,US-Eas-New-New-10024,27-06-2021
US-2021-158708,AB-10255,US-Cen-Tex-Pla-75023,27-06-2021
CA-2021-144015,AH-10075,US-Wes-Cal-Los-90036,27-06-2021
CA-2021-114951,DN-13690,US-Wes-Cal-San-94109,27-06-2021
CA-2021-119445,GM-14500,US-Eas-Rho-Pro-2908,27-06-2021
CA-2021-102127,VP-21760,US-Eas-New-New-10035,27-06-2021
CA-2021-160234,PF-19225,US-Sou-Geo-Atl-30318,27-06-2021
CA-2021-153577,KH-16330,US-Cen-Ill-Hig-60035,28-06-2021
CA-2021-161928,AC-10660,US-Wes-Cal-San-94109,28-06-2021
CA-2021-154767,BP-11155,US-Eas-New-Pat-7501,29-06-2021
CA-2021-161095,CS-12250,US-Wes-Cal-Los-90032,29-06-2021
CA-2021-110044,RF-19735,US-Cen-Ill-Chi-60610,29-06-2021
CA-2021-140543,Co-12640,US-Sou-Sou-Flo-29501,30-06-2021
CA-2021-162355,PF-19165,US-Sou-Geo-San-30328,01-07-2021
CA-2021-135594,AH-10120,US-Cen-Ill-Aur-60505,01-07-2021
CA-2021-139997,EM-14140,US-Wes-Uta-Leh-84043,02-07-2021
CA-2021-152163,JF-15355,US-Sou-Sou-Col-29203,02-07-2021
US-2021-126431,SU-20665,US-Eas-New-New-10009,02-07-2021
US-2021-158680,NZ-18565,US-Wes-Was-Sea-98115,02-07-2021
CA-2021-149314,GB-14530,US-Wes-Cal-Los-90004,03-07-2021
CA-2021-101469,KH-16360,US-Sou-Vir-Arl-22204,03-07-2021
CA-2021-102813,EA-14035,US-Cen-Tex-Hun-77340,03-07-2021
CA-2021-104983,FM-14215,US-Eas-Pen-Phi-19143,04-07-2021
CA-2021-130029,GT-14755,US-Wes-Cal-Los-90049,04-07-2021
CA-2021-168543,DK-13225,US-Eas-New-New-10035,04-07-2021
CA-2021-147137,AA-10645,US-Wes-Cal-San-94109,05-07-2021
CA-2021-103107,RB-19465,US-Wes-Was-Sea-98103,05-07-2021
CA-2021-129308,CC-12100,US-Eas-Pen-Phi-19120,08-07-2021
CA-2021-159940,BF-11020,US-Cen-Ill-Aur-60505,08-07-2021
CA-2021-106397,MJ-17740,US-Wes-Uta-Ore-84057,08-07-2021
CA-2021-114713,SC-20695,US-Sou-Flo-Hia-33012,08-07-2021
CA-2021-135265,CC-12370,US-Wes-Cal-Los-90045,08-07-2021
CA-2021-100965,RM-19375,US-Wes-Cal-San-95123,08-07-2021
CA-2021-112109,JE-15715,US-Wes-Col-Bro-80020,09-07-2021
CA-2021-156685,SC-20230,US-Cen-Tex-Arl-76017,09-07-2021
CA-2021-155474,CC-12220,US-Wes-Was-Sea-98105,09-07-2021
CA-2021-152471,ZD-21925,US-Sou-Flo-Jac-32216,09-07-2021
CA-2021-152520,TH-21115,US-Eas-Rho-Pro-2908,09-07-2021
CA-2021-136329,JD-15895,US-Eas-New-New-10035,10-07-2021
CA-2021-126613,AA-10375,US-Wes-Ari-Mes-85204,11-07-2021
CA-2021-164924,EA-14035,US-Eas-Pen-Phi-19143,11-07-2021
US-2021-131149,LH-17155,US-Cen-Tex-Dal-75081,11-07-2021
CA-2021-134222,NZ-18565,US-Wes-Ari-Yum-85364,11-07-2021
CA-2021-103891,KH-16690,US-Wes-Cal-Los-90008,13-07-2021
CA-2021-115483,JS-15880,US-Cen-Tex-Irv-75061,15-07-2021
CA-2021-120180,TP-21130,US-Eas-Pen-Phi-19134,15-07-2021
CA-2021-137050,SW-20755,US-Eas-New-New-10009,15-07-2021
CA-2021-169215,RE-19450,US-Eas-New-Aub-13021,15-07-2021
CA-2021-157588,AR-10570,US-Sou-Geo-Col-31907,15-07-2021
CA-2021-109953,RB-19360,US-Wes-Cal-San-94122,15-07-2021
CA-2021-101378,RH-19600,US-Sou-Ala-Hun-35810,15-07-2021
CA-2021-136924,ES-14080,US-Wes-Ari-Tuc-85705,15-07-2021
CA-2021-117282,DR-12880,US-Eas-New-New-10009,15-07-2021
CA-2021-101966,BM-11785,US-Cen-Tex-Hou-77036,15-07-2021
CA-2021-122322,RH-19510,US-Wes-Uta-Pro-84604,16-07-2021
US-2021-168095,MC-17425,US-Wes-Ore-Por-97206,16-07-2021
CA-2021-157161,JD-15895,US-Sou-Sou-Col-29203,17-07-2021
CA-2021-130050,MC-17425,US-Cen-Tex-Hou-77036,17-07-2021
CA-2021-157000,AM-10360,US-Cen-Tex-Gra-75051,17-07-2021
US-2021-100720,CK-12205,US-Eas-Pen-Phi-19120,17-07-2021
CA-2021-131835,MC-17590,US-Eas-New-Per-8861,18-07-2021
CA-2021-116603,AT-10735,US-Eas-New-New-10024,18-07-2021
CA-2021-121671,AA-10480,US-Cen-Mis-Spr-65807,18-07-2021
US-2021-139087,DK-13375,US-Wes-Was-Sea-98105,18-07-2021
CA-2021-101343,RA-19885,US-Wes-Cal-Los-90049,18-07-2021
CA-2021-157763,KH-16330,US-Sou-Ken-Bow-42104,19-07-2021
CA-2021-114727,LS-16945,US-Wes-Col-Den-80219,19-07-2021
CA-2021-161676,JP-15460,US-Wes-Ari-Gle-85301,19-07-2021
CA-2021-102561,NK-18490,US-Eas-Pen-Phi-19140,19-07-2021
CA-2021-162110,NP-18670,US-Wes-Ari-Pho-85023,19-07-2021
CA-2021-124681,SV-20935,US-Cen-Tex-Dal-75217,19-07-2021
CA-2021-163776,JS-16030,US-Sou-Mis-Hat-39401,20-07-2021
CA-2021-157217,TC-21535,US-Wes-Cal-San-94110,20-07-2021
CA-2021-137939,PJ-19015,US-Eas-New-Lon-11561,21-07-2021
CA-2021-142895,BP-11290,US-Sou-Nor-Con-28027,22-07-2021
CA-2021-141957,JG-15310,US-Eas-Ohi-New-43055,22-07-2021
CA-2021-160941,DK-12835,US-Wes-Cal-Ros-95661,22-07-2021
CA-2021-146521,CC-12610,US-Eas-Pen-Phi-19134,22-07-2021
CA-2021-140613,KN-16705,US-Wes-Nev-Spa-89431,23-07-2021
US-2021-111290,DK-13375,US-Cen-Mic-Wes-48185,23-07-2021
CA-2021-114307,MF-17665,US-Eas-Mar-Col-21044,23-07-2021
CA-2021-144855,DL-13495,US-Wes-Cal-San-94110,23-07-2021
CA-2021-122392,CJ-12010,US-Eas-Pen-All-18103,23-07-2021
CA-2021-112256,CK-12205,US-Cen-Tex-Mca-78501,24-07-2021
CA-2021-162404,NF-18475,US-Cen-Ill-Roc-61107,24-07-2021
CA-2021-165316,JB-15400,US-Sou-Flo-Tam-33614,24-07-2021
CA-2021-111318,IL-15100,US-Cen-Tex-Hou-77041,24-07-2021
CA-2021-162943,DB-12970,US-Eas-New-New-10035,25-07-2021
CA-2021-102498,JG-15160,US-Sou-Lou-Laf-70506,25-07-2021
CA-2021-126158,SC-20095,US-Wes-Cal-Cos-92627,26-07-2021
CA-2021-128307,BE-11335,US-Cen-Tex-Hou-77041,26-07-2021
CA-2021-149335,BC-11125,US-Wes-Cal-San-94122,26-07-2021
CA-2021-149454,KM-16375,US-Sou-Vir-Arl-22204,26-07-2021
CA-2021-115525,RR-19525,US-Eas-Ohi-Tol-43615,26-07-2021
CA-2021-104157,MT-17815,US-Sou-Mis-Jac-39212,26-07-2021
CA-2021-147417,CB-12415,US-Eas-Ohi-Col-43229,26-07-2021
US-2021-115441,SH-19975,US-Cen-Wis-Mil-53209,26-07-2021
CA-2021-111115,LB-16735,US-Wes-Cal-Los-90032,26-07-2021
CA-2021-103037,KH-16630,US-Cen-Tex-Hou-77070,26-07-2021
CA-2021-107783,OT-18730,US-Eas-Pen-Bet-18018,29-07-2021
CA-2021-143924,SC-20680,US-Cen-Mic-Hol-49423,29-07-2021
CA-2021-140046,KM-16660,US-Wes-Cal-Los-90032,29-07-2021
US-2021-105452,BF-11005,US-Cen-Tex-Pas-77506,29-07-2021
US-2021-131891,PW-19240,US-Sou-Flo-Pen-32503,30-07-2021
CA-2021-164574,RH-19555,US-Sou-Nor-Cha-28205,30-07-2021
CA-2021-116344,JO-15145,US-Eas-Pen-Phi-19140,30-07-2021
CA-2021-137743,KH-16360,US-Cen-Ill-Chi-60623,31-07-2021
CA-2021-112585,RW-19630,US-Wes-Cal-San-94122,31-07-2021
CA-2021-112025,LS-16975,US-Cen-Tex-Hou-77070,31-07-2021
CA-2021-133550,KL-16645,US-Cen-Mic-Det-48205,01-08-2021
CA-2021-144148,AH-10690,US-Wes-Cal-San-94122,01-08-2021
CA-2021-155978,TS-21205,US-Wes-Cal-Riv-92503,02-08-2021
CA-2021-144337,SG-20890,US-Cen-Tex-Ama-79109,02-08-2021
CA-2021-132990,KM-16660,US-Eas-Pen-Phi-19140,02-08-2021
CA-2021-156265,BF-11020,US-Wes-Cal-Los-90032,03-08-2021
CA-2021-104150,AG-10330,US-Cen-Okl-Tul-74133,04-08-2021
CA-2021-111913,LC-16930,US-Wes-Cal-Sac-95823,05-08-2021
CA-2021-110254,ML-17755,US-Sou-Vir-Suf-23434,05-08-2021
US-2021-128195,RA-19285,US-Cen-Ill-Peo-61604,05-08-2021
US-2021-102232,MF-17665,US-Sou-Ala-Hun-35810,06-08-2021
CA-2021-151092,VG-21790,US-Wes-Cal-Los-90032,07-08-2021
CA-2021-105263,LM-17065,US-Eas-New-New-10024,07-08-2021
CA-2021-158869,AH-10690,US-Eas-New-New-10024,07-08-2021
CA-2021-148516,DW-13585,US-Wes-Was-Edm-98026,08-08-2021
CA-2021-130078,CC-12145,US-Cen-Okl-Okl-73120,09-08-2021
CA-2021-107328,CA-12055,US-Wes-Cal-Los-90036,09-08-2021
CA-2021-121034,JF-15565,US-Cen-Tex-Dal-75081,09-08-2021
CA-2021-169026,CM-12655,US-Sou-Mis-Jac-39212,09-08-2021
CA-2021-118934,GH-14410,US-Sou-Ten-Hen-37075,10-08-2021
US-2021-113649,HA-14920,US-Sou-Nor-Fay-28314,10-08-2021
CA-2021-128671,MT-18070,US-Cen-Okl-Tul-74133,12-08-2021
CA-2021-155845,CM-12235,US-Cen-Tex-Car-75007,13-08-2021
CA-2021-167584,LC-16870,US-Cen-Iow-Des-50315,13-08-2021
CA-2021-105459,NP-18700,US-Eas-New-New-10024,13-08-2021
US-2021-144477,DB-13270,US-Eas-Pen-Phi-19134,13-08-2021
CA-2021-118073,CS-12490,US-Sou-Flo-Lak-33801,13-08-2021
CA-2021-143910,BC-11125,US-Eas-New-New-10011,13-08-2021
US-2021-156692,HG-15025,US-Sou-Lou-Ken-70065,14-08-2021
US-2021-141264,CT-11995,US-Cen-Tex-Irv-75061,14-08-2021
CA-2021-155670,EM-14065,US-Sou-Nor-Jac-28540,14-08-2021
CA-2021-156251,TS-21160,US-Cen-Wis-Wes-53214,14-08-2021
CA-2021-125843,RF-19840,US-Sou-Vir-Spr-22153,14-08-2021
CA-2021-119515,TR-21325,US-Sou-Ten-Nas-37211,15-08-2021
CA-2021-136021,JM-15580,US-Wes-Cal-Los-90045,15-08-2021
CA-2021-136770,SP-20650,US-Eas-Ohi-Akr-44312,15-08-2021
US-2021-123470,ME-17725,US-Wes-Col-Aur-80013,16-08-2021
CA-2021-166163,CY-12745,US-Wes-Cal-Oak-94601,16-08-2021
CA-2021-118626,JC-15775,US-Sou-Flo-Tal-32303,16-08-2021
CA-2021-167241,BD-11320,US-Wes-Cal-Los-90004,16-08-2021
CA-2021-154690,CC-12370,US-Sou-Nor-Fay-28314,16-08-2021
CA-2021-150343,PK-19075,US-Wes-Cal-San-94110,17-08-2021
CA-2021-113117,JP-15520,US-Wes-Cal-Dav-95616,17-08-2021
CA-2021-148096,AO-10810,US-Wes-Cal-Los-90045,17-08-2021
US-2021-157308,NM-18520,US-Wes-Was-Sea-98105,18-08-2021
CA-2021-153353,GG-14650,US-Eas-New-New-10035,19-08-2021
CA-2021-128916,MA-17560,US-Cen-Tex-Hou-77070,19-08-2021
CA-2021-113551,NF-18385,US-Cen-Tex-Edi-78539,19-08-2021
CA-2021-136133,HW-14935,US-Eas-New-New-10024,19-08-2021
CA-2021-101980,RP-19390,US-Eas-New-New-10009,20-08-2021
CA-2021-151141,DW-13480,US-Cen-Mic-Det-48205,21-08-2021
CA-2021-167983,RP-19270,US-Wes-Was-Sea-98115,22-08-2021
CA-2021-122581,JK-15370,US-Eas-New-New-10035,22-08-2021
US-2021-126452,SC-20230,US-Wes-Cal-Los-90004,22-08-2021
CA-2021-123414,SU-20665,US-Sou-Nor-Gre-27834,22-08-2021
US-2021-146066,RB-19465,US-Eas-Pen-Phi-19143,22-08-2021
CA-2021-137239,CR-12730,US-Eas-Ohi-Col-43229,23-08-2021
US-2021-106313,DG-13300,US-Wes-Was-Sea-98105,23-08-2021
US-2021-148334,DD-13570,US-Cen-Tex-Hou-77041,23-08-2021
US-2021-141880,TC-21475,US-Wes-Col-For-80525,23-08-2021
CA-2021-140256,PW-19030,US-Wes-Cal-Los-90049,23-08-2021
CA-2021-130484,SG-20470,US-Wes-Ore-Gre-97030,23-08-2021
CA-2021-150350,MS-17770,US-Wes-Was-Sea-98105,24-08-2021
US-2021-117793,MA-17560,US-Cen-Wis-She-53081,24-08-2021
US-2021-160528,MH-18115,US-Cen-Tex-Pha-78577,24-08-2021
CA-2021-158001,JP-15460,US-Eas-New-New-10035,24-08-2021
CA-2021-114601,AA-10480,US-Cen-Mic-Det-48234,27-08-2021
CA-2021-160598,SV-20815,US-Sou-Flo-Mia-33142,27-08-2021
CA-2021-105585,RF-19735,US-Wes-Cal-San-95123,27-08-2021
CA-2021-152289,LC-16930,US-Cen-Tex-Pas-77506,27-08-2021
US-2021-100405,TS-21430,US-Wes-Cal-Los-90045,27-08-2021
CA-2021-128594,DJ-13510,US-Wes-Cal-San-92037,27-08-2021
CA-2021-148201,CC-12145,US-Wes-Was-Sea-98103,27-08-2021
US-2021-127425,DR-12880,US-Eas-New-New-10035,27-08-2021
CA-2021-132094,VG-21805,US-Eas-Pen-Phi-19140,27-08-2021
CA-2021-163174,XP-21865,US-Sou-Geo-Ath-30605,27-08-2021
US-2021-163538,SS-20515,US-Cen-Wis-Fra-53132,27-08-2021
US-2021-102141,KD-16615,US-Eas-New-New-10024,27-08-2021
CA-2021-145982,TB-21055,US-Eas-Mas-Qui-2169,28-08-2021
US-2021-146710,SS-20875,US-Cen-Tex-Dal-75220,28-08-2021
CA-2021-116764,EM-13825,US-Sou-Flo-Hol-33021,28-08-2021
CA-2021-117919,TB-21355,US-Cen-Tex-Hou-77041,28-08-2021
CA-2021-145303,TP-21415,US-Cen-Tex-Dal-75081,29-08-2021
CA-2021-137652,EB-13750,US-Eas-Ohi-Cin-45231,29-08-2021
US-2021-144211,CS-12130,US-Wes-Col-Eng-80112,29-08-2021
CA-2021-159912,GB-14530,US-Eas-Pen-Phi-19120,30-08-2021
CA-2021-158568,RB-19465,US-Cen-Ill-Chi-60610,30-08-2021
CA-2021-128727,MO-17800,US-Eas-New-New-10024,30-08-2021
CA-2021-161207,AB-10060,US-Eas-New-Con-3301,30-08-2021
CA-2021-165995,BG-11740,US-Wes-Cal-Los-90008,31-08-2021
US-2021-141544,PO-18850,US-Eas-Pen-Phi-19143,31-08-2021
CA-2021-117408,TP-21130,US-Cen-Tex-Wac-76706,01-09-2021
CA-2021-151561,PG-18820,US-Eas-New-New-10011,02-09-2021
CA-2021-116526,JA-15970,US-Cen-Mic-Det-48227,02-09-2021
CA-2021-124583,LB-16795,US-Wes-Cal-Hun-92646,02-09-2021
CA-2021-129714,AB-10060,US-Eas-New-New-10009,02-09-2021
CA-2021-155481,DK-13225,US-Eas-Pen-Phi-19140,02-09-2021
CA-2021-120859,CV-12805,US-Wes-Cal-San-94110,02-09-2021
CA-2021-130407,KD-16270,US-Eas-New-New-10024,03-09-2021
CA-2021-112739,RD-19810,US-Cen-Tex-Hou-77070,03-09-2021
CA-2021-106950,JE-15715,US-Sou-Nor-Cha-28205,03-09-2021
CA-2021-144764,RL-19615,US-Cen-Ill-Chi-60623,03-09-2021
CA-2021-116540,SS-20590,US-Cen-Wis-Mad-53711,03-09-2021
CA-2021-126732,LR-16915,US-Wes-Cal-Los-90036,03-09-2021
CA-2021-129847,TA-21385,US-Cen-Ill-Chi-60653,03-09-2021
CA-2021-166429,TG-21310,US-Wes-Was-Des-98198,03-09-2021
CA-2021-106278,BM-11140,US-Wes-Was-Des-98198,03-09-2021
CA-2021-113096,SZ-20035,US-Wes-Cal-San-94122,03-09-2021
CA-2021-158099,PK-18910,US-Eas-Pen-Phi-19143,04-09-2021
US-2021-147711,HF-14995,US-Eas-Mar-Bal-21215,04-09-2021
US-2021-101616,CY-12745,US-Sou-Lou-Mon-71203,04-09-2021
CA-2021-163986,JJ-15445,US-Cen-Wis-Wau-53186,04-09-2021
US-2021-100566,JK-16120,US-Cen-Ill-Aur-60505,04-09-2021
CA-2021-153185,MH-17620,US-Eas-Ohi-Cin-45231,04-09-2021
CA-2021-159737,CS-11950,US-Cen-Ill-Chi-60610,04-09-2021
US-2021-104815,RB-19570,US-Cen-Ill-Chi-60610,04-09-2021
CA-2021-132143,FM-14215,US-Eas-Con-Mid-6457,04-09-2021
CA-2021-149783,DL-13315,US-Sou-Ten-Kno-37918,05-09-2021
CA-2021-129630,IM-15055,US-Wes-Cal-San-94122,05-09-2021
CA-2021-131205,AA-10645,US-Sou-Ken-Geo-40324,05-09-2021
CA-2021-123120,CV-12295,US-Eas-New-New-10011,05-09-2021
CA-2021-142524,MB-18085,US-Cen-Mis-Spr-65807,05-09-2021
CA-2021-168774,RP-19855,US-Cen-Min-Woo-55125,05-09-2021
CA-2021-169971,IL-15100,US-Cen-Tex-Hou-77041,05-09-2021
CA-2021-117604,JP-15520,US-Sou-Ark-Jon-72401,05-09-2021
CA-2021-140774,BE-11455,US-Cen-Kan-Ola-66062,06-09-2021
CA-2021-139409,FW-14395,US-Eas-New-New-10011,06-09-2021
CA-2021-136231,DM-13015,US-Sou-Ten-Joh-37604,06-09-2021
CA-2021-137673,ML-17395,US-Wes-Cal-San-92105,06-09-2021
CA-2021-144540,GH-14410,US-Cen-Tex-Hou-77070,06-09-2021
CA-2021-115756,PK-19075,US-Cen-Mic-Det-48227,06-09-2021
CA-2021-154536,JC-15340,US-Eas-Pen-Phi-19120,06-09-2021
CA-2021-133319,MV-17485,US-Eas-New-New-10011,06-09-2021
US-2021-121013,MM-17920,US-Sou-Vir-Che-23320,06-09-2021
CA-2021-158778,DB-13210,US-Eas-Pen-Phi-19134,06-09-2021
CA-2021-162383,MD-17350,US-Eas-Ohi-Lan-43130,06-09-2021
CA-2021-151372,JH-15985,US-Wes-Cal-Red-90278,06-09-2021
CA-2021-149195,DM-13525,US-Cen-Tex-Hou-77070,06-09-2021
CA-2021-160815,TR-21325,US-Cen-Iow-Ced-52402,06-09-2021
US-2021-152373,PT-19090,US-Cen-Tex-San-78207,06-09-2021
CA-2021-164490,SU-20665,US-Cen-Ill-Chi-60653,06-09-2021
CA-2021-136595,EM-13825,US-Cen-Tex-Hou-77036,06-09-2021
CA-2021-110366,JD-15895,US-Eas-Pen-Phi-19140,06-09-2021
US-2021-148110,AR-10825,US-Cen-Tex-Aus-78745,06-09-2021
CA-2021-133123,KB-16315,US-Sou-Nor-Tho-27360,07-09-2021
CA-2021-123932,YC-21895,US-Cen-Tex-Dal-75217,07-09-2021
CA-2021-102981,MO-17500,US-Eas-New-New-10035,07-09-2021
CA-2021-145240,BG-11740,US-Cen-Tex-Hou-77070,07-09-2021
CA-2021-149223,ER-13855,US-Cen-Min-Sai-55106,07-09-2021
CA-2021-103709,LP-17095,US-Wes-Cal-Vis-93277,09-09-2021
US-2021-114174,AP-10720,US-Eas-Mas-Mal-2148,09-09-2021
CA-2021-108987,AG-10675,US-Cen-Tex-Hou-77036,09-09-2021
CA-2021-108868,KB-16585,US-Cen-Tex-Dal-75081,09-09-2021
CA-2021-110009,TR-21325,US-Wes-Was-Sea-98103,09-09-2021
CA-2021-113516,VM-21685,US-Wes-Cal-Lan-93534,09-09-2021
CA-2021-153101,PJ-19015,US-Wes-Cal-San-92704,09-09-2021
CA-2021-131499,MG-17875,US-Eas-New-New-10011,09-09-2021
US-2021-115455,SE-20110,US-Cen-Ill-Whe-60090,09-09-2021
CA-2021-155138,JM-15580,US-Sou-Nor-Mon-28110,09-09-2021
CA-2021-110023,TS-21610,US-Eas-New-New-10024,10-09-2021
CA-2021-137176,DB-12910,US-Cen-Tex-Dal-75220,10-09-2021
CA-2021-112893,AT-10735,US-Wes-Cal-Sto-95207,10-09-2021
CA-2021-165918,BD-11770,US-Wes-Was-Edm-98026,11-09-2021
CA-2021-146206,KT-16480,US-Cen-Tex-Hou-77095,11-09-2021
CA-2021-164350,CG-12040,US-Sou-Ten-Bri-37620,11-09-2021
CA-2021-126102,DV-13465,US-Wes-Cal-Los-90049,11-09-2021
US-2021-118780,PN-18775,US-Eas-New-New-10011,11-09-2021
CA-2021-112277,SC-20695,US-Sou-Flo-For-33311,11-09-2021
CA-2021-145625,KC-16540,US-Wes-Cal-San-92037,12-09-2021
CA-2021-102162,JF-15565,US-Sou-Vir-New-23602,12-09-2021
CA-2021-116561,EB-14110,US-Wes-Cal-San-95123,12-09-2021
CA-2021-164154,NZ-18565,US-Eas-Ohi-Tol-43615,12-09-2021
CA-2021-130225,RC-19960,US-Cen-Tex-Hou-77041,12-09-2021
CA-2021-150007,AS-10090,US-Cen-Ill-Chi-60653,12-09-2021
CA-2021-143476,LC-16930,US-Wes-Ari-Pho-85023,12-09-2021
CA-2021-121223,GD-14590,US-Eas-Pen-Phi-19143,12-09-2021
CA-2021-153157,TB-21625,US-Cen-Kan-Wic-67212,12-09-2021
CA-2021-113082,MC-17590,US-Eas-New-Uti-13501,13-09-2021
CA-2021-151148,PO-19180,US-Wes-Col-Lou-80027,13-09-2021
CA-2021-142902,BP-11185,US-Wes-Col-Arv-80004,13-09-2021
CA-2021-152457,SC-20695,US-Cen-Mic-Ros-48066,13-09-2021
CA-2021-123946,AJ-10795,US-Sou-Vir-Spr-22153,13-09-2021
CA-2021-128811,SF-20200,US-Wes-Was-Sea-98103,13-09-2021
CA-2021-105732,AG-10270,US-Cen-Neb-Oma-68104,14-09-2021
CA-2021-155439,PN-18775,US-Sou-Sou-Col-29203,15-09-2021
CA-2021-153178,CL-12565,US-Eas-New-Lon-11561,15-09-2021
CA-2021-149370,DB-13210,US-Eas-Pen-Phi-19140,16-09-2021
US-2021-128678,RB-19570,US-Wes-Was-Sea-98105,16-09-2021
CA-2021-116911,JD-16150,US-Wes-Ida-Twi-83301,16-09-2021
CA-2021-149797,AH-10075,US-Eas-New-New-10011,16-09-2021
CA-2021-160479,AH-10585,US-Wes-Was-Sea-98105,16-09-2021
CA-2021-123337,KD-16495,US-Wes-Cal-San-95123,17-09-2021
US-2021-134369,BC-11125,US-Wes-Cal-Lag-92677,17-09-2021
US-2021-152415,PO-18865,US-Eas-Mas-Mar-1752,18-09-2021
CA-2021-131093,TS-21610,US-Eas-Ohi-Spr-45503,18-09-2021
CA-2021-105900,BS-11590,US-Cen-Ind-Col-47201,18-09-2021
CA-2021-164091,LA-16780,US-Eas-Mai-Ban-4401,18-09-2021
US-2021-148957,CC-12430,US-Wes-Was-Red-98052,18-09-2021
CA-2021-109806,JS-15685,US-Wes-Cal-Los-90036,18-09-2021
CA-2021-134208,CS-12505,US-Sou-Geo-Col-31907,18-09-2021
CA-2021-159730,SJ-20125,US-Wes-Was-Sea-98103,18-09-2021
CA-2021-111416,LW-17215,US-Eas-New-New-10035,18-09-2021
CA-2021-120355,MM-17260,US-Eas-New-New-10801,19-09-2021
CA-2021-111409,PO-18850,US-Sou-Flo-Jac-32216,19-09-2021
CA-2021-140928,NB-18655,US-Sou-Flo-Jac-32216,19-09-2021
CA-2021-106075,HM-14980,US-Eas-New-New-10009,19-09-2021
CA-2021-133935,JW-15220,US-Wes-Cal-San-92105,19-09-2021
CA-2021-145905,AM-10705,US-Sou-Ala-Aub-36830,19-09-2021
CA-2021-157511,SV-20365,US-Eas-Ohi-Col-43229,19-09-2021
CA-2021-110086,BD-11320,US-Wes-Cal-Woo-95695,19-09-2021
CA-2021-168354,RH-19510,US-Eas-Rho-Pro-2908,20-09-2021
CA-2021-130267,SW-20245,US-Wes-Cal-Sto-95207,20-09-2021
CA-2021-158610,CK-12595,US-Eas-Rho-Pro-2908,20-09-2021
US-2021-114888,CC-12430,US-Wes-Cal-San-94109,20-09-2021
US-2021-156097,EH-14125,US-Cen-Ill-Aur-60505,20-09-2021
CA-2021-102932,SD-20485,US-Eas-New-Ora-7050,20-09-2021
CA-2021-142370,TP-21130,US-Sou-Geo-Col-31907,20-09-2021
CA-2021-120250,AP-10720,US-Eas-Pen-Phi-19140,20-09-2021
CA-2021-168557,FH-14275,US-Wes-Cal-San-94122,20-09-2021
CA-2021-100244,GM-14695,US-Wes-Cal-San-94122,21-09-2021
CA-2021-145611,HA-14905,US-Eas-New-New-10035,21-09-2021
CA-2021-166772,HJ-14875,US-Wes-Was-Sea-98105,21-09-2021
CA-2021-134516,FM-14215,US-Sou-Nor-Gre-27405,21-09-2021
CA-2021-126284,EN-13780,US-Cen-Mic-Gra-49505,21-09-2021
CA-2021-158617,AC-10660,US-Cen-Ind-Law-46226,23-09-2021
CA-2021-125724,SM-20950,US-Wes-Col-Bro-80020,23-09-2021
CA-2021-120257,PW-19240,US-Eas-Pen-Phi-19140,23-09-2021
US-2021-155404,AS-10630,US-Sou-Ken-Lou-40214,23-09-2021
CA-2021-166653,NP-18685,US-Eas-Ohi-Par-44134,23-09-2021
CA-2021-116232,AC-10450,US-Sou-Flo-Pem-33024,23-09-2021
CA-2021-109743,SH-19975,US-Sou-Ten-Smy-37167,23-09-2021
CA-2021-151974,RD-19660,US-Eas-Pen-Phi-19134,23-09-2021
CA-2021-119641,CS-12250,US-Cen-Wis-Gre-54302,23-09-2021
CA-2021-135965,SZ-20035,US-Eas-New-New-10035,23-09-2021
US-2021-157728,RC-19960,US-Cen-Mic-Gra-49505,23-09-2021
CA-2021-124016,JS-15940,US-Eas-Ohi-Lan-43130,24-09-2021
CA-2021-110730,CM-11815,US-Wes-Was-Sea-98115,24-09-2021
CA-2021-159009,DP-13105,US-Wes-Was-Sea-98115,24-09-2021
US-2021-129469,KL-16555,US-Eas-Ohi-Fai-45014,24-09-2021
CA-2021-106656,DV-13045,US-Wes-Cal-San-92037,24-09-2021
CA-2021-149979,RA-19915,US-Sou-Geo-Col-31907,24-09-2021
CA-2021-101742,CR-12580,US-Eas-New-New-10009,24-09-2021
CA-2021-141551,BP-11230,US-Cen-Okl-Bro-74012,25-09-2021
CA-2021-132479,MK-17905,US-Cen-Ill-Roc-61107,25-09-2021
CA-2021-100944,EH-13765,US-Wes-Cal-Los-90049,25-09-2021
US-2021-134488,PK-19075,US-Eas-Ohi-Col-43229,25-09-2021
CA-2021-108875,CL-12700,US-Wes-Col-Aur-80013,25-09-2021
US-2021-147340,EB-13750,US-Wes-Cal-San-94110,25-09-2021
CA-2021-154235,RD-19900,US-Cen-Ind-Blo-47401,25-09-2021
CA-2021-155187,LA-16780,US-Wes-Cal-Los-90004,25-09-2021
CA-2021-101385,JW-16075,US-Wes-Cal-San-94109,26-09-2021
CA-2021-140417,KE-16420,US-Wes-Ore-Tig-97224,26-09-2021
CA-2021-123722,NH-18610,US-Cen-Tex-Irv-75061,26-09-2021
US-2021-124163,SC-20695,US-Cen-Wis-La -54601,26-09-2021
CA-2021-148747,AS-10045,US-Wes-Cal-San-94110,26-09-2021
CA-2021-113978,TS-21505,US-Eas-Ohi-Cle-44105,26-09-2021
US-2021-122245,AB-10105,US-Wes-Ari-Pho-85023,26-09-2021
US-2021-125402,DL-12865,US-Wes-Cal-Lon-90805,26-09-2021
CA-2021-169957,SN-20710,US-Wes-Was-Cov-98042,27-09-2021
US-2021-149790,SC-20380,US-Cen-Tex-Hou-77095,27-09-2021
CA-2021-143406,LR-17035,US-Cen-Tex-Hou-77041,27-09-2021
CA-2021-132017,MH-17620,US-Cen-Tex-Hou-77041,27-09-2021
CA-2021-157714,CS-12175,US-Cen-Iow-Iow-52240,27-09-2021
US-2021-146794,SH-19975,US-Wes-Cal-Hes-92345,27-09-2021
US-2021-109260,TN-21040,US-Sou-Flo-Tal-32303,27-09-2021
CA-2021-145898,CM-12445,US-Wes-Cal-Red-92374,27-09-2021
US-2021-157945,NF-18385,US-Cen-Ill-Dec-62521,27-09-2021
CA-2021-165820,DW-13585,US-Wes-Cal-San-94109,27-09-2021
CA-2021-123176,JG-15160,US-Sou-Geo-Atl-30318,28-09-2021
US-2021-110170,HM-14860,US-Cen-Tex-Hun-77340,28-09-2021
CA-2021-140249,SW-20455,US-Wes-Was-Sea-98103,28-09-2021
CA-2021-163202,BM-11650,US-Eas-Ohi-Lan-43130,28-09-2021
US-2021-134656,MM-18280,US-Cen-Ill-Qui-62301,29-09-2021
CA-2021-108616,JK-15730,US-Sou-Ala-Mob-36608,30-09-2021
US-2021-101497,PS-18760,US-Wes-Cal-Los-90008,30-09-2021
CA-2021-161781,CC-12100,US-Cen-Ind-Col-47201,30-09-2021
CA-2021-108056,ES-14080,US-Wes-Ore-Spr-97477,30-09-2021
CA-2021-125794,ML-17410,US-Wes-Cal-Los-90008,30-09-2021
CA-2021-134362,LS-16945,US-Eas-Pen-Phi-19140,30-09-2021
CA-2021-138037,AR-10540,US-Wes-Cal-San-94109,30-09-2021
CA-2021-106621,DM-12955,US-Wes-Ari-Yum-85364,30-09-2021
CA-2021-108644,SJ-20215,US-Cen-Ill-Qui-62301,01-10-2021
CA-2021-106243,GM-14680,US-Eas-New-New-10011,01-10-2021
CA-2021-111794,HG-15025,US-Cen-Tex-Ama-79109,02-10-2021
CA-2021-155992,CC-12220,US-Cen-Ind-La -46350,02-10-2021
CA-2021-116918,JK-15205,US-Sou-Flo-Hia-33012,02-10-2021
CA-2021-139157,GM-14680,US-Eas-New-New-10024,02-10-2021
CA-2021-118689,TC-20980,US-Cen-Ind-Laf-47905,03-10-2021
CA-2021-134376,TT-21265,US-Eas-New-New-10024,03-10-2021
CA-2021-118969,LP-17095,US-Wes-Ari-Pho-85023,03-10-2021
CA-2021-144939,EB-13870,US-Eas-New-New-10035,04-10-2021
CA-2021-101672,DB-12910,US-Wes-Cal-Lak-92630,04-10-2021
CA-2021-140634,HL-15040,US-Cen-Tex-Hou-77095,04-10-2021
CA-2021-103919,TP-21565,US-Cen-Tex-Gra-75051,04-10-2021
US-2021-140158,DR-12940,US-Eas-Rho-Pro-2908,05-10-2021
CA-2021-145709,AH-10690,US-Sou-Flo-Cor-33134,05-10-2021
CA-2021-131296,MS-17830,US-Eas-Mar-Bal-21215,05-10-2021
CA-2021-121601,MO-17500,US-Cen-Tex-The-75056,05-10-2021
US-2021-157490,LB-16795,US-Wes-Col-Pue-81001,07-10-2021
US-2021-115952,JH-15910,US-Cen-Okl-Tul-74133,07-10-2021
CA-2021-127649,DL-13495,US-Wes-Was-Spo-99207,08-10-2021
CA-2021-155033,CC-12475,US-Wes-Cal-Los-90032,08-10-2021
CA-2021-139808,MC-18100,US-Wes-Was-Mar-98270,08-10-2021
CA-2021-163216,AW-10930,US-Eas-Pen-Phi-19143,08-10-2021
CA-2021-162614,TB-21250,US-Wes-Cal-Los-90049,08-10-2021
US-2021-126844,BW-11110,US-Cen-Tex-Hou-77070,09-10-2021
CA-2021-149685,PM-19135,US-Cen-Tex-San-78207,09-10-2021
US-2021-162026,JE-15745,US-Wes-Cal-Los-90036,09-10-2021
CA-2021-135636,DB-13615,US-Sou-Nor-Cha-28205,09-10-2021
CA-2021-116974,MP-17965,US-Eas-Ohi-Tro-45373,10-10-2021
CA-2021-114748,MZ-17335,US-Wes-Ari-Pho-85023,10-10-2021
US-2021-128909,SP-20545,US-Eas-Pen-Phi-19143,10-10-2021
US-2021-150357,EB-13975,US-Sou-Nor-Gre-27405,11-10-2021
CA-2021-126627,WB-21850,US-Cen-Tex-La -77571,11-10-2021
CA-2021-157707,CC-12610,US-Wes-Col-Den-80219,11-10-2021
CA-2021-113390,EP-13915,US-Cen-Ill-Chi-60610,12-10-2021
CA-2021-145583,LC-16885,US-Wes-Cal-Ros-95661,14-10-2021
CA-2021-154018,HA-14920,US-Cen-Tex-Lar-78041,14-10-2021
CA-2021-101161,BW-11110,US-Eas-New-New-10024,14-10-2021
US-2021-100839,NC-18625,US-Wes-Col-Aur-80013,14-10-2021
CA-2021-125220,BE-11410,US-Cen-Wis-App-54915,15-10-2021
CA-2021-113607,PW-19030,US-Eas-New-New-10009,15-10-2021
CA-2021-156503,NC-18415,US-Sou-Nor-Jac-28540,15-10-2021
US-2021-108098,CP-12340,US-Wes-Was-Sea-98115,15-10-2021
CA-2021-124352,CD-12790,US-Cen-Okl-Okl-73120,16-10-2021
CA-2021-142097,QJ-19255,US-Sou-Vir-Spr-22153,16-10-2021
CA-2021-125738,PB-18805,US-Wes-Uta-Sal-84106,16-10-2021
CA-2021-132066,NB-18655,US-Eas-New-New-10011,17-10-2021
CA-2021-152688,NR-18550,US-Eas-New-Per-8861,18-10-2021
CA-2021-141586,NK-18490,US-Wes-Cal-San-94122,18-10-2021
CA-2021-147256,FC-14245,US-Cen-Mis-Col-65203,18-10-2021
CA-2021-163972,MG-17890,US-Wes-Cal-Fre-93727,18-10-2021
US-2021-159856,EP-13915,US-Wes-Ari-Tem-85281,19-10-2021
CA-2021-133697,CM-12445,US-Cen-Tex-Hou-77095,21-10-2021
CA-2021-105753,LC-16960,US-Sou-Vir-Arl-22204,21-10-2021
CA-2021-160220,JS-16030,US-Cen-Mic-Tre-48183,21-10-2021
CA-2021-139549,MY-18295,US-Wes-Cal-El -92020,21-10-2021
CA-2021-106341,LF-17185,US-Eas-Ohi-New-43055,21-10-2021
CA-2021-168921,AG-10495,US-Wes-Cal-Los-90049,21-10-2021
CA-2021-151169,MY-18295,US-Eas-Del-New-19711,22-10-2021
CA-2021-133669,SV-20935,US-Eas-Ohi-Col-43229,22-10-2021
CA-2021-125080,VW-21775,US-Eas-Ohi-Lak-44107,22-10-2021
CA-2021-144729,JE-15745,US-Wes-Cal-San-92037,22-10-2021
CA-2021-111493,CM-12160,US-Eas-Mar-Bal-21215,22-10-2021
CA-2021-136322,AP-10720,US-Sou-Flo-For-33311,22-10-2021
CA-2021-155516,MK-17905,US-Eas-Con-Man-6040,22-10-2021
CA-2021-169334,GW-14605,US-Sou-Ten-Jac-38301,22-10-2021
CA-2021-138478,DP-13390,US-Wes-Nev-Nor-89031,22-10-2021
CA-2021-112340,NM-18520,US-Wes-Cal-Riv-92503,22-10-2021
CA-2021-161746,CS-11950,US-Wes-Cal-Los-90045,22-10-2021
CA-2021-166373,JF-15565,US-Cen-Tex-San-78207,22-10-2021
CA-2021-169887,MS-17530,US-Wes-Was-Sea-98105,23-10-2021
US-2021-116400,EB-13930,US-Sou-Vir-Ric-23223,23-10-2021
CA-2021-165148,PM-19135,US-Cen-Mic-Det-48227,23-10-2021
CA-2021-165484,HK-14890,US-Cen-Ill-Chi-60610,24-10-2021
CA-2021-151323,AB-10255,US-Wes-Was-Sea-98103,24-10-2021
CA-2021-132661,SR-20740,US-Eas-New-New-10024,24-10-2021
CA-2021-121748,VW-21775,US-Wes-Cal-Los-90032,25-10-2021
CA-2021-121020,CG-12040,US-Sou-Ten-Leb-37087,25-10-2021
CA-2021-158925,JP-15460,US-Cen-Tex-Hou-77041,25-10-2021
CA-2021-166275,SS-20590,US-Wes-Cal-San-94109,25-10-2021
CA-2021-118311,ED-13885,US-Wes-Cal-San-94110,25-10-2021
CA-2021-153318,JS-15595,US-Sou-Flo-Mia-33180,26-10-2021
CA-2021-116596,BW-11200,US-Eas-New-New-10011,28-10-2021
CA-2021-152632,JE-15475,US-Eas-New-Tro-12180,28-10-2021
CA-2021-156811,BP-11095,US-Wes-Cal-San-94122,28-10-2021
CA-2021-120873,BW-11200,US-Sou-Vir-Ham-23666,28-10-2021
US-2021-117387,PA-19060,US-Wes-Cal-San-94122,28-10-2021
CA-2021-142545,JD-15895,US-Eas-New-Bel-7109,29-10-2021
CA-2021-130162,JH-15910,US-Wes-Cal-Los-90032,29-10-2021
CA-2021-140641,EP-13915,US-Sou-Flo-Tam-33614,29-10-2021
CA-2021-144344,PG-18820,US-Sou-Flo-Boy-33437,29-10-2021
CA-2021-134775,AS-10285,US-Wes-Cal-San-94109,29-10-2021
US-2021-144393,SM-20950,US-Sou-Nor-Gre-27834,29-10-2021
CA-2021-125815,DL-13330,US-Eas-New-New-10009,29-10-2021
CA-2021-120369,VB-21745,US-Eas-New-Roc-14609,29-10-2021
CA-2021-146682,KW-16435,US-Cen-Mic-Lan-48911,30-10-2021
US-2021-131912,LH-17155,US-Wes-Cal-Los-90008,30-10-2021
CA-2021-112389,JM-15655,US-Eas-New-Bri-8302,30-10-2021
CA-2021-153836,EH-13765,US-Eas-New-New-10011,31-10-2021
CA-2021-167290,JF-15295,US-Cen-Mic-Ste-48310,31-10-2021
CA-2021-105291,SP-20920,US-Wes-Cal-San-93405,31-10-2021
CA-2021-146913,SF-20965,US-Wes-Cal-San-94109,01-11-2021
CA-2021-140130,HW-14935,US-Cen-Okl-Tul-74133,01-11-2021
CA-2021-144218,JD-15895,US-Wes-Cal-Los-90045,01-11-2021
CA-2021-119165,BD-11320,US-Eas-Pen-Phi-19143,01-11-2021
US-2021-142251,FO-14305,US-Sou-Flo-Hol-33021,01-11-2021
CA-2021-159212,KM-16375,US-Sou-Vir-Sal-24153,02-11-2021
CA-2021-100671,CS-12490,US-Cen-Tex-Con-77301,02-11-2021
CA-2021-129196,XP-21865,US-Cen-Ill-Chi-60610,02-11-2021
CA-2021-109365,XP-21865,US-Wes-Cal-Los-90049,04-11-2021
CA-2021-128867,CL-12565,US-Cen-Iow-Urb-50322,04-11-2021
CA-2021-160136,PJ-18835,US-Cen-Tex-Dal-75217,04-11-2021
CA-2021-127250,SF-20200,US-Wes-Was-Mar-98270,04-11-2021
CA-2021-168893,AP-10915,US-Sou-Ken-Hen-42420,04-11-2021
CA-2021-114972,PF-19225,US-Wes-Cal-Los-90032,04-11-2021
CA-2021-134180,JP-16135,US-Eas-Pen-Phi-19120,04-11-2021
CA-2021-159023,NW-18400,US-Wes-Ore-Por-97206,04-11-2021
CA-2021-158260,CC-12475,US-Wes-Cal-San-92037,05-11-2021
CA-2021-163328,TP-21565,US-Wes-Ore-Eug-97405,05-11-2021
CA-2021-143308,RC-19825,US-Sou-Ken-Lou-40214,05-11-2021
CA-2021-163755,AS-10285,US-Wes-Was-Sea-98103,05-11-2021
CA-2021-119018,CW-11905,US-Wes-Cal-Los-90004,05-11-2021
CA-2021-165827,MF-17665,US-Sou-Flo-Mia-33180,05-11-2021
US-2021-111563,SM-20005,US-Cen-Tex-Hou-77041,05-11-2021
CA-2021-146766,TT-21220,US-Wes-Cal-Chu-91911,05-11-2021
CA-2021-166443,LH-17020,US-Wes-Cal-San-94122,05-11-2021
CA-2021-162236,ER-13855,US-Sou-Nor-Cha-28205,05-11-2021
CA-2021-148908,JH-15985,US-Wes-Cal-San-94109,06-11-2021
US-2021-131611,EP-13915,US-Cen-Tex-Hou-77036,06-11-2021
CA-2021-157280,LW-17125,US-Sou-Vir-Vir-23464,06-11-2021
CA-2021-144092,LH-17155,US-Wes-Cal-San-95123,06-11-2021
US-2021-106677,AS-10285,US-Eas-Pen-Phi-19134,06-11-2021
CA-2021-140207,CS-12400,US-Wes-Cal-San-95123,06-11-2021
US-2021-165078,MA-17995,US-Cen-Ind-Law-46226,06-11-2021
CA-2021-143441,EB-14170,US-Cen-Tex-Lar-78041,06-11-2021
CA-2021-125094,NP-18700,US-Wes-Was-Sea-98105,06-11-2021
US-2021-153815,KL-16555,US-Sou-Flo-Jac-32216,07-11-2021
CA-2021-109925,IM-15070,US-Wes-Cal-San-92105,07-11-2021
US-2021-125969,LS-16975,US-Wes-Cal-Los-90004,07-11-2021
CA-2021-152247,MA-17995,US-Wes-Wyo-Che-82001,08-11-2021
CA-2021-147585,CB-12535,US-Wes-Cal-San-94110,08-11-2021
CA-2021-132997,LW-17215,US-Eas-New-Roc-14609,08-11-2021
CA-2021-113817,MJ-17740,US-Wes-Was-Sea-98115,08-11-2021
CA-2021-116337,MC-17845,US-Cen-Tex-Dal-75220,08-11-2021
CA-2021-144554,DM-13345,US-Eas-Ohi-New-43055,08-11-2021
CA-2021-116379,LD-17005,US-Wes-Cal-San-94122,08-11-2021
CA-2021-161669,EM-14095,US-Wes-Cal-Los-90036,08-11-2021
US-2021-139388,CC-12475,US-Eas-New-Lak-8701,08-11-2021
CA-2021-164896,PS-19045,US-Wes-Cal-Oce-92054,08-11-2021
CA-2021-168830,ML-17395,US-Wes-Cal-San-94122,08-11-2021
CA-2021-152156,CG-12520,US-Sou-Ken-Hen-42420,09-11-2021
CA-2021-138233,PF-19165,US-Wes-Cal-Oak-94601,10-11-2021
CA-2021-158694,AI-10855,US-Wes-Cal-Los-90036,11-11-2021
CA-2021-163384,CC-12430,US-Wes-Cal-San-94122,11-11-2021
CA-2021-145177,PP-18955,US-Eas-Ohi-Spr-45503,11-11-2021
CA-2021-127761,SW-20275,US-Eas-New-New-10009,11-11-2021
CA-2021-137736,DC-13285,US-Sou-Geo-War-31088,11-11-2021
CA-2021-125164,SH-19975,US-Eas-New-New-10011,11-11-2021
CA-2021-140935,AB-10015,US-Cen-Okl-Okl-73120,11-11-2021
CA-2021-162348,BF-11170,US-Wes-Cal-Sac-95823,11-11-2021
CA-2021-115588,AF-10885,US-Eas-Ohi-Tol-43615,11-11-2021
CA-2021-152940,RO-19780,US-Wes-Cal-San-94110,11-11-2021
US-2021-144547,MS-17770,US-Cen-Tex-Hou-77036,11-11-2021
CA-2021-119935,KM-16225,US-Cen-Mis-Spr-65807,11-11-2021
CA-2021-105494,PC-18745,US-Wes-Cal-San-94122,11-11-2021
US-2021-136581,SV-20365,US-Eas-Ohi-Tro-45373,11-11-2021
CA-2021-131968,LB-16795,US-Sou-Flo-Apo-32712,12-11-2021
CA-2021-124667,BD-11770,US-Eas-New-New-10011,12-11-2021
US-2021-164196,AS-10285,US-Cen-Ind-Nob-46060,12-11-2021
CA-2021-145548,EB-13750,US-Eas-New-New-10011,12-11-2021
CA-2021-116722,LP-17080,US-Wes-Cal-San-94110,12-11-2021
CA-2021-124506,BB-11545,US-Cen-Ill-Chi-60623,12-11-2021
CA-2021-103128,SC-20845,US-Cen-Ill-Arl-60004,12-11-2021
CA-2021-139878,LD-17005,US-Cen-Mic-Det-48234,12-11-2021
CA-2021-130799,BK-11260,US-Wes-Cal-San-94110,12-11-2021
CA-2021-134348,MS-17710,US-Wes-Ari-Mes-85204,13-11-2021
CA-2021-124590,SP-20920,US-Eas-Ohi-Par-44134,13-11-2021
CA-2021-152170,FH-14275,US-Cen-Ind-La -46350,13-11-2021
CA-2021-149349,SP-20650,US-Cen-Ill-Chi-60623,13-11-2021
CA-2021-164399,DW-13480,US-Wes-Cal-San-92024,13-11-2021
CA-2021-101336,CK-12760,US-Eas-New-New-10011,14-11-2021
CA-2021-118570,CC-12430,US-Eas-Pen-Phi-19143,14-11-2021
US-2021-162103,LB-16795,US-Cen-Ill-Hig-60035,14-11-2021
CA-2021-121958,CS-12505,US-Sou-Nor-Tho-27360,14-11-2021
CA-2021-147683,PO-19180,US-Wes-Was-Sea-98103,14-11-2021
CA-2021-155488,FM-14290,US-Wes-Was-Van-98661,14-11-2021
CA-2021-149461,AS-10135,US-Wes-Was-Aub-98002,14-11-2021
US-2021-113677,CM-12655,US-Eas-New-New-10011,14-11-2021
CA-2021-128972,TS-21430,US-Cen-Okl-Okl-73120,14-11-2021
CA-2021-166618,DP-13000,US-Eas-New-New-10035,15-11-2021
US-2021-117541,JM-16195,US-Eas-Del-New-19711,15-11-2021
US-2021-144351,RC-19960,US-Eas-Mar-Bal-21215,15-11-2021
CA-2021-131065,AA-10375,US-Sou-Geo-Atl-30318,15-11-2021
CA-2021-118759,MB-17305,US-Eas-New-New-10009,15-11-2021
CA-2021-121370,EB-14110,US-Eas-Pen-Phi-19134,15-11-2021
CA-2021-149482,RR-19315,US-Wes-Cal-San-94110,15-11-2021
US-2021-112970,TB-21250,US-Wes-Cal-Los-90049,15-11-2021
CA-2021-134691,KC-16540,US-Cen-Tex-Hou-77041,15-11-2021
CA-2021-148740,AH-10690,US-Wes-Cal-San-92024,16-11-2021
CA-2021-130820,ON-18715,US-Sou-Nor-Bur-27217,16-11-2021
CA-2021-146633,TG-21310,US-Wes-Cal-Los-90049,16-11-2021
CA-2021-105963,SC-20770,US-Wes-Cal-Los-90008,16-11-2021
CA-2021-154508,RD-19900,US-Wes-New-Car-88220,17-11-2021
CA-2021-124527,IM-15055,US-Wes-Cal-Ros-95661,17-11-2021
CA-2021-118500,HJ-14875,US-Wes-Cal-San-94122,18-11-2021
CA-2021-134110,BG-11035,US-Cen-Tex-The-75056,18-11-2021
CA-2021-150658,MS-17365,US-Wes-New-Car-88220,18-11-2021
CA-2021-108630,BE-11410,US-Wes-Cal-Con-94521,19-11-2021
CA-2021-158575,SB-20290,US-Eas-Ohi-Ken-44240,19-11-2021
US-2021-138408,KC-16255,US-Sou-Ala-Hun-35810,19-11-2021
CA-2021-119963,SN-20710,US-Cen-Tex-Pas-77506,19-11-2021
CA-2021-136812,AW-10930,US-Cen-Okl-Okl-73120,19-11-2021
CA-2021-115378,AJ-10945,US-Cen-Mic-Tay-48180,19-11-2021
CA-2021-166226,TC-21535,US-Wes-Cal-Los-90008,19-11-2021
CA-2021-103464,PG-18820,US-Wes-Cal-San-92105,19-11-2021
US-2021-110156,EH-13945,US-Cen-Tex-Hou-77041,20-11-2021
CA-2021-113138,NP-18685,US-Eas-New-Nia-14304,20-11-2021
CA-2021-126858,JM-15265,US-Wes-Was-Sea-98115,20-11-2021
CA-2021-164511,DJ-13630,US-Eas-New-New-10024,20-11-2021
CA-2021-111143,TT-21265,US-Cen-Ind-Ind-46203,20-11-2021
CA-2021-130778,ND-18370,US-Eas-New-Lon-11561,20-11-2021
CA-2021-157364,LT-17110,US-Sou-Nor-Jac-28540,20-11-2021
CA-2021-145492,MC-17605,US-Wes-Cal-Los-90004,21-11-2021
CA-2021-114104,NP-18670,US-Cen-Okl-Edm-73034,21-11-2021
CA-2021-109820,AG-10390,US-Eas-Ohi-Cin-45231,21-11-2021
CA-2021-107790,EH-13990,US-Cen-Tex-Hou-77041,21-11-2021
CA-2021-110772,NZ-18565,US-Eas-Ohi-Col-43229,21-11-2021
CA-2021-121356,SJ-20500,US-Eas-Del-New-19711,21-11-2021
CA-2021-113845,FA-14230,US-Sou-Flo-Orl-32839,21-11-2021
CA-2021-142615,BM-11575,US-Wes-Cal-Mon-90640,21-11-2021
CA-2021-100041,BF-10975,US-Cen-Ind-Col-47201,21-11-2021
US-2021-127971,DW-13195,US-Cen-Tex-Hou-77095,21-11-2021
US-2021-114293,JH-16180,US-Wes-Ore-Gre-97030,22-11-2021
CA-2021-114482,DM-13345,US-Cen-Iow-Des-50315,22-11-2021
CA-2021-146157,RD-19720,US-Cen-Ill-Chi-60610,22-11-2021
CA-2021-113425,JK-16120,US-Eas-New-New-10009,22-11-2021
CA-2021-114895,MV-18190,US-Eas-New-New-10035,22-11-2021
CA-2021-140018,CK-12205,US-Eas-Ohi-Col-43229,22-11-2021
CA-2021-152646,TH-21235,US-Wes-Cal-Los-90049,22-11-2021
CA-2021-154711,TB-21355,US-Eas-New-New-10009,23-11-2021
US-2021-164945,CA-12055,US-Eas-New-New-10009,23-11-2021
CA-2021-131576,RD-19585,US-Cen-Mic-Det-48205,23-11-2021
US-2021-132577,JE-15475,US-Cen-Tex-Hou-77095,23-11-2021
CA-2021-160129,LS-17200,US-Eas-Pen-Phi-19140,24-11-2021
US-2021-163881,SP-20860,US-Wes-Cal-Los-90036,25-11-2021
CA-2021-128531,NS-18505,US-Cen-Tex-Dal-75217,25-11-2021
CA-2021-100083,CD-11980,US-Wes-Ore-Med-97504,25-11-2021
CA-2021-113726,SC-20680,US-Wes-Was-Sea-98105,25-11-2021
CA-2021-123533,SC-20050,US-Sou-Flo-Hia-33012,25-11-2021
CA-2021-132731,GA-14515,US-Cen-Tex-Dal-75081,25-11-2021
CA-2021-125661,CA-12055,US-Eas-Ohi-Cle-44105,25-11-2021
CA-2021-124485,NC-18340,US-Eas-New-New-10035,25-11-2021
CA-2021-123806,LA-16780,US-Eas-Mar-Bal-21215,25-11-2021
CA-2021-100468,AT-10435,US-Wes-Cal-Los-90045,25-11-2021
CA-2021-165561,CR-12580,US-Wes-Was-Bel-98006,25-11-2021
CA-2021-163573,AC-10450,US-Wes-Was-Sea-98105,25-11-2021
CA-2021-105284,MG-17650,US-Eas-Pen-Phi-19143,25-11-2021
CA-2021-113341,MH-17455,US-Wes-Cal-Los-90032,26-11-2021
CA-2021-160535,BP-11050,US-Eas-New-Pla-7060,26-11-2021
US-2021-119298,EP-13915,US-Sou-Ark-Jon-72401,26-11-2021
CA-2021-165470,HJ-14875,US-Sou-Flo-Jac-32216,26-11-2021
CA-2021-169838,BB-11545,US-Cen-Mic-Jac-49201,26-11-2021
CA-2021-108196,CS-12505,US-Eas-Ohi-Lan-43130,26-11-2021
CA-2021-132549,JK-15370,US-Sou-Ala-Hun-35810,26-11-2021
CA-2021-107104,MS-17365,US-Wes-Cal-Los-90045,27-11-2021
US-2021-158288,EH-13945,US-Eas-Pen-Phi-19120,27-11-2021
CA-2021-145135,CD-12790,US-Eas-Con-She-6484,27-11-2021
CA-2021-129693,TC-20980,US-Wes-Was-Sea-98105,27-11-2021
CA-2021-133711,MC-17425,US-Sou-Ala-Mob-36608,27-11-2021
CA-2021-130288,DK-13225,US-Eas-New-New-10011,27-11-2021
CA-2021-106915,GA-14515,US-Cen-Tex-El -79907,27-11-2021
US-2021-158309,PA-19060,US-Sou-Flo-Mia-33142,27-11-2021
US-2021-126893,CT-11995,US-Eas-Pen-Phi-19134,27-11-2021
CA-2021-144911,RW-19630,US-Cen-Kan-Ove-66212,28-11-2021
CA-2021-104276,HF-14995,US-Sou-Flo-For-33311,28-11-2021
CA-2021-117583,CB-12025,US-Eas-New-Eas-7017,28-11-2021
CA-2021-159639,PC-18745,US-Eas-New-Wes-7090,28-11-2021
CA-2021-162313,VB-21745,US-Cen-Mic-Lin-48146,28-11-2021
US-2021-114230,CM-12235,US-Wes-Ari-Pho-85023,28-11-2021
CA-2021-129686,GG-14650,US-Cen-Ill-Chi-60623,28-11-2021
CA-2021-152121,CC-12670,US-Wes-Ari-Sco-85254,28-11-2021
CA-2021-163167,RF-19345,US-Sou-Geo-Mar-30062,29-11-2021
CA-2021-127243,DS-13180,US-Eas-Pen-Phi-19140,29-11-2021
CA-2021-105018,SK-19990,US-Eas-Con-Fai-6824,29-11-2021
CA-2021-123617,AJ-10780,US-Sou-Flo-Pal-32137,29-11-2021
CA-2021-160241,DR-12940,US-Cen-Ill-Aur-60505,30-11-2021
US-2021-131674,NC-18535,US-Cen-Tex-Dal-75217,30-11-2021
CA-2021-156748,BS-11755,US-Cen-Mic-Det-48227,01-12-2021
US-2021-134761,DB-13210,US-Sou-Nor-Hic-28601,01-12-2021
US-2021-155768,LB-16795,US-Wes-Cal-Oxn-93030,02-12-2021
CA-2021-129903,GZ-14470,US-Cen-Min-Roc-55901,02-12-2021
CA-2021-104689,FH-14365,US-Wes-Cal-Los-90004,02-12-2021
US-2021-150035,CL-11890,US-Wes-Cal-San-94122,02-12-2021
CA-2021-136434,RD-19480,US-Cen-Ind-Ric-47374,02-12-2021
CA-2021-157336,SJ-20500,US-Eas-Con-Fai-6824,02-12-2021
CA-2021-113621,JE-15745,US-Eas-Mar-Roc-20852,02-12-2021
CA-2021-142594,EJ-14155,US-Eas-Mas-Fra-2038,02-12-2021
CA-2021-136483,AG-10390,US-Sou-Ten-Kno-37918,02-12-2021
CA-2021-130393,JM-15865,US-Cen-Tex-San-76903,02-12-2021
CA-2021-127698,MV-18190,US-Sou-Nor-Ral-27604,02-12-2021
CA-2021-143805,JD-15895,US-Sou-Vir-Ric-23223,02-12-2021
CA-2021-105354,PW-19030,US-Cen-Iow-Mar-52302,03-12-2021
CA-2021-164770,MY-18295,US-Cen-Tex-Hou-77036,03-12-2021
CA-2021-163804,DB-13270,US-Eas-Rho-Pro-2908,03-12-2021
US-2021-108455,MK-18160,US-Wes-Cal-San-94122,03-12-2021
CA-2021-143154,AS-10225,US-Wes-Col-Lon-80501,03-12-2021
US-2021-155103,JF-15190,US-Eas-New-New-10024,03-12-2021
US-2021-113985,KD-16495,US-Wes-Cal-San-95123,03-12-2021
US-2021-161683,CJ-12010,US-Eas-Pen-Phi-19134,04-12-2021
CA-2021-153598,NM-18520,US-Wes-Cal-Los-90045,04-12-2021
US-2021-150861,EG-13900,US-Eas-New-Oce-11572,04-12-2021
CA-2021-122063,MM-17920,US-Cen-Ind-Ric-47374,04-12-2021
CA-2021-149762,RD-19720,US-Wes-Cal-Mor-95037,04-12-2021
CA-2021-161025,GM-14440,US-Wes-Cal-Los-90049,04-12-2021
CA-2021-126004,BM-11140,US-Eas-New-New-10024,05-12-2021
CA-2021-112060,KT-16465,US-Wes-Cal-San-94109,05-12-2021
CA-2021-139885,EB-13840,US-Eas-New-New-10035,05-12-2021
CA-2021-105277,LM-17065,US-Eas-New-Aub-13021,05-12-2021
CA-2021-143749,AG-10300,US-Eas-Mas-Fra-2038,06-12-2021
CA-2021-114489,JE-16165,US-Cen-Wis-Fra-53132,06-12-2021
CA-2021-163636,MP-18175,US-Cen-Ill-Chi-60623,06-12-2021
CA-2021-146374,HE-14800,US-Eas-Del-New-19711,06-12-2021
CA-2021-145009,RF-19345,US-Cen-Ill-Chi-60610,06-12-2021
CA-2021-109722,TP-21130,US-Sou-Ken-Geo-40324,06-12-2021
CA-2021-140564,TC-21475,US-Eas-Dis-Was-20016,06-12-2021
CA-2021-161389,IM-15070,US-Wes-Was-Sea-98103,06-12-2021
CA-2021-108434,JG-15160,US-Eas-New-New-10024,06-12-2021
CA-2021-124772,JG-15160,US-Sou-Ken-Mur-42071,06-12-2021
US-2021-103674,AP-10720,US-Wes-Cal-Los-90032,07-12-2021
US-2021-169040,GT-14710,US-Wes-Was-Sea-98105,07-12-2021
CA-2021-162390,DP-13105,US-Eas-New-Hem-11550,07-12-2021
US-2021-114776,GG-14650,US-Wes-Cal-Ant-94509,07-12-2021
CA-2021-115224,DB-13615,US-Wes-Cal-San-94110,09-12-2021
CA-2021-117590,GH-14485,US-Cen-Tex-Ric-75080,09-12-2021
CA-2021-131289,SP-20620,US-Wes-Cal-San-94110,09-12-2021
CA-2021-124562,JP-16135,US-Eas-Ohi-Col-43229,09-12-2021
CA-2021-113733,LH-16900,US-Sou-Nor-Gre-27834,09-12-2021
CA-2021-160108,AG-10900,US-Cen-Wis-Eau-54703,09-12-2021
CA-2021-158302,JB-16045,US-Eas-Ohi-Col-43229,09-12-2021
CA-2021-134425,QJ-19255,US-Cen-Min-Sai-55106,09-12-2021
US-2021-131114,RW-19630,US-Cen-Ill-Chi-60610,10-12-2021
CA-2021-137330,KB-16585,US-Cen-Neb-Fre-68025,10-12-2021
CA-2021-149503,SP-20650,US-Wes-Cal-Sto-95207,10-12-2021
CA-2021-141082,FM-14380,US-Eas-Mas-Law-1841,10-12-2021
CA-2021-133340,LH-17155,US-Cen-Mic-Jac-49201,10-12-2021
CA-2021-128923,GB-14530,US-Cen-Tex-For-76106,10-12-2021
US-2021-161844,DK-12835,US-Sou-Ten-Fra-37064,10-12-2021
CA-2021-159989,EB-13870,US-Sou-Ten-Fra-37064,10-12-2021
CA-2021-102092,PM-18940,US-Sou-Vir-Spr-22153,10-12-2021
CA-2021-128412,AP-10915,US-Wes-Was-Sea-98105,11-12-2021
CA-2021-144309,CM-12235,US-Eas-New-Wat-13601,11-12-2021
CA-2021-100587,SL-20155,US-Eas-New-New-10024,11-12-2021
CA-2021-154739,LH-17155,US-Wes-Cal-San-94109,11-12-2021
US-2021-143448,MH-17455,US-Cen-Ind-Gre-46142,11-12-2021
CA-2021-147123,SJ-20125,US-Wes-Cal-Lon-90805,11-12-2021
CA-2021-146941,DL-13315,US-Eas-New-New-10024,11-12-2021
CA-2021-127194,BW-11110,US-Eas-New-New-10024,11-12-2021
US-2021-151260,SC-20695,US-Eas-Ohi-Spr-45503,12-12-2021
CA-2021-105816,JM-15265,US-Eas-New-New-10024,12-12-2021
CA-2021-165330,WB-21850,US-Wes-Cal-Ana-92804,12-12-2021
CA-2021-162187,NS-18640,US-Eas-Ohi-Col-43229,12-12-2021
US-2021-135720,FM-14380,US-Wes-Col-Aur-80013,12-12-2021
CA-2021-160745,AR-10825,US-Wes-Was-Van-98661,12-12-2021
US-2021-132857,CA-12775,US-Sou-Ten-Smy-37167,12-12-2021
US-2021-148803,LR-16915,US-Sou-Flo-Hom-33030,12-12-2021
CA-2021-143609,DB-13270,US-Wes-Ore-Por-97206,12-12-2021
CA-2021-139395,MG-17650,US-Cen-Mic-Jac-49201,13-12-2021
CA-2021-136686,RF-19840,US-Wes-Cal-Pas-91104,13-12-2021
US-2021-169369,EC-14050,US-Sou-Geo-Col-31907,13-12-2021
CA-2021-169824,NS-18640,US-Eas-New-New-10009,13-12-2021
US-2021-108777,JM-15655,US-Eas-Ohi-Lor-44052,13-12-2021
CA-2021-102792,JC-15340,US-Wes-Cal-Riv-92503,14-12-2021
CA-2021-142958,RW-19630,US-Wes-Cal-Tor-90503,14-12-2021
CA-2021-100153,KH-16630,US-Cen-Okl-Nor-73071,14-12-2021
CA-2021-146143,MC-17845,US-Sou-Mis-Jac-39212,15-12-2021
CA-2021-146325,DS-13180,US-Wes-Cal-San-92037,15-12-2021
CA-2021-129126,PK-19075,US-Eas-New-New-10011,15-12-2021
US-2021-127334,MP-18175,US-Wes-Ore-Spr-97477,16-12-2021
CA-2021-142335,MP-17965,US-Cen-Mic-Det-48205,16-12-2021
CA-2021-100307,TC-21475,US-Sou-Ark-Fay-72701,16-12-2021
CA-2021-113600,SH-20395,US-Eas-Ohi-Cuy-44221,16-12-2021
US-2021-116442,BP-11230,US-Wes-Cal-Los-90004,16-12-2021
CA-2021-118332,PK-19075,US-Wes-Cal-App-92307,17-12-2021
CA-2021-130442,SF-20065,US-Sou-Nor-Gol-27534,17-12-2021
US-2021-100419,CC-12670,US-Cen-Ill-Chi-60610,17-12-2021
US-2021-104794,KD-16495,US-Eas-New-New-10009,17-12-2021
CA-2021-155446,TN-21040,US-Wes-Cal-San-92024,17-12-2021
CA-2021-155383,SC-20680,US-Wes-Was-Sea-98115,18-12-2021
CA-2021-155530,CM-12160,US-Wes-Cal-San-94122,18-12-2021
CA-2021-131639,NS-18640,US-Wes-New-Car-88220,18-12-2021
CA-2021-147109,AH-10075,US-Cen-Tex-Arl-76017,18-12-2021
CA-2021-117121,AB-10105,US-Cen-Mic-Det-48205,18-12-2021
CA-2021-133795,JE-15475,US-Wes-Cal-San-92037,19-12-2021
CA-2021-147067,JD-16150,US-Cen-Min-Min-55407,19-12-2021
CA-2021-145261,AH-10120,US-Wes-Ore-Sal-97301,19-12-2021
CA-2021-112697,AH-10195,US-Sou-Flo-Tam-33319,19-12-2021
CA-2021-139934,AY-10555,US-Wes-Cal-San-94110,19-12-2021
CA-2021-150945,JK-16120,US-Eas-New-New-10009,19-12-2021
CA-2021-138597,PN-18775,US-Cen-Neb-Oma-68104,19-12-2021
CA-2021-145919,HG-14965,US-Wes-Cal-Los-90032,19-12-2021
CA-2021-101546,GK-14620,US-Eas-New-Mor-7960,19-12-2021
CA-2021-134936,ES-14080,US-Wes-Ari-Tuc-85705,20-12-2021
CA-2021-108364,BP-11050,US-Cen-Ill-Chi-60623,20-12-2021
CA-2021-141523,MH-17440,US-Eas-New-New-10035,20-12-2021
CA-2021-118129,CL-12565,US-Eas-Pen-Rea-19601,20-12-2021
CA-2021-168536,SC-20800,US-Sou-Mis-Jac-39212,21-12-2021
US-2021-157840,MC-17575,US-Cen-Neb-Fre-68025,21-12-2021
CA-2021-151155,AB-10255,US-Sou-Mis-Jac-39212,21-12-2021
CA-2021-149916,ED-13885,US-Wes-Was-Sea-98115,23-12-2021
CA-2021-114860,DN-13690,US-Wes-Cal-Mor-92553,23-12-2021
CA-2021-167507,SA-20830,US-Wes-Ore-Red-97756,23-12-2021
CA-2021-103359,LC-16885,US-Eas-New-New-10035,23-12-2021
CA-2021-137043,LC-17140,US-Sou-Vir-Spr-22153,24-12-2021
CA-2021-132829,LA-16780,US-Cen-Tex-Hou-77041,24-12-2021
CA-2021-135776,EH-13765,US-Wes-Was-Sea-98103,24-12-2021
CA-2021-115574,BP-11185,US-Cen-Ill-Chi-60623,24-12-2021
CA-2021-157868,MC-17590,US-Cen-Mic-Gra-49505,24-12-2021
CA-2021-114867,FM-14290,US-Eas-Pen-Phi-19143,24-12-2021
CA-2021-157791,CA-11965,US-Eas-Rho-War-2886,24-12-2021
CA-2021-136049,NM-18520,US-Eas-Ohi-Bow-43402,24-12-2021
US-2021-168620,RB-19795,US-Sou-Nor-Cha-28205,25-12-2021
CA-2021-157259,JM-15535,US-Eas-New-New-10035,25-12-2021
CA-2021-140438,PW-19030,US-Eas-New-New-10009,25-12-2021
CA-2021-101651,SC-20305,US-Wes-Cal-San-95123,25-12-2021
CA-2021-123526,BV-11245,US-Wes-Was-Sea-98103,25-12-2021
CA-2021-109827,LW-16825,US-Wes-Ari-Pho-85023,26-12-2021
CA-2021-148684,TS-21655,US-Sou-Ark-Fay-72701,26-12-2021
CA-2021-105081,JE-15715,US-Wes-Was-Sea-98115,26-12-2021
CA-2021-111941,BD-11620,US-Eas-New-New-10035,26-12-2021
CA-2021-110975,DB-12970,US-Eas-New-New-10024,26-12-2021
CA-2021-101168,SS-20140,US-Eas-New-Nas-3060,26-12-2021
US-2021-116729,GK-14620,US-Wes-Cal-Los-90049,26-12-2021
CA-2021-169670,JE-15715,US-Eas-New-New-10009,26-12-2021
CA-2021-155166,BB-11545,US-Eas-New-Vin-8360,27-12-2021
CA-2021-147536,AR-10510,US-Eas-New-New-10024,27-12-2021
CA-2021-114538,RC-19825,US-Wes-Col-Col-80906,27-12-2021
CA-2021-123015,AJ-10795,US-Eas-New-New-10024,27-12-2021
US-2021-153129,FP-14320,US-Wes-Was-Sea-98105,27-12-2021
CA-2021-129868,MC-18130,US-Wes-Cal-Los-90004,27-12-2021
CA-2021-151512,SH-19975,US-Wes-Col-Den-80219,27-12-2021
CA-2021-102596,RD-19810,US-Eas-Ohi-Akr-44312,28-12-2021
CA-2021-111605,JW-15955,US-Sou-Ken-Lou-40214,28-12-2021
US-2021-131058,EM-14140,US-Wes-Cal-San-92704,28-12-2021
CA-2021-162726,MT-17815,US-Cen-Tex-Por-77642,28-12-2021
US-2021-162852,BG-11695,US-Cen-Ill-Woo-60098,28-12-2021
CA-2021-138667,MW-18220,US-Eas-Ohi-Lan-43130,28-12-2021
US-2021-135209,MH-17290,US-Sou-Flo-Mia-33178,30-12-2021
CA-2021-112578,FO-14305,US-Wes-Cal-Sac-95823,30-12-2021
CA-2021-124051,KA-16525,US-Cen-Ill-Aur-60505,30-12-2021
US-2021-163258,PF-19225,US-Wes-Cal-Los-90045,30-12-2021
CA-2021-122014,CD-11920,US-Cen-Kan-Wic-67212,30-12-2021
CA-2021-157742,KL-16645,US-Wes-Ore-Spr-97477,30-12-2021
CA-2021-139689,MP-17965,US-Sou-Ten-Bri-37620,30-12-2021
CA-2021-156300,TB-21595,US-Cen-Wis-Mil-53209,30-12-2021
CA-2021-117226,KD-16495,US-Cen-Tex-Dee-77536,31-12-2021
US-2021-111528,JP-16135,US-Wes-Cal-Los-90032,31-12-2021
CA-2021-105746,BD-11605,US-Eas-Pen-Lan-17602,31-12-2021
CA-2021-163951,CJ-11875,US-Eas-Pen-Phi-19140,31-12-2021
CA-2021-160486,EH-14185,US-Sou-Flo-Wes-33407,31-12-2021
CA-2021-117660,BM-11785,US-Eas-Ohi-Col-43229,31-12-2021
CA-2022-160395,KL-16555,US-Wes-Nev-Ren-89502,2022-01-01
US-2022-105830,DB-13660,US-Eas-Ohi-Lan-43130,2022-01-01
US-2022-165953,EP-13915,US-Sou-Flo-Jac-32216,2022-01-01
CA-2022-100202,BD-11620,US-Wes-Cal-Ana-92804,2022-01-01
CA-2022-156139,BP-11155,US-Wes-Cal-San-94109,2022-01-01
CA-2022-154466,DP-13390,US-Cen-Wis-Fra-53132,02-01-2022
CA-2022-107503,GA-14725,US-Eas-Ohi-Lor-44052,02-01-2022
CA-2022-144463,SC-20725,US-Wes-Cal-Los-90036,02-01-2022
CA-2022-151750,JM-15250,US-Cen-Tex-Hun-77340,02-01-2022
CA-2022-147207,TS-21655,US-Cen-Tex-El -79907,03-01-2022
CA-2022-118668,FW-14395,US-Wes-Cal-Los-90032,03-01-2022
CA-2022-113481,AS-10045,US-Sou-Nor-Jac-28540,03-01-2022
US-2022-114034,DL-13315,US-Wes-Cal-Ran-91730,04-01-2022
CA-2022-111738,CM-12385,US-Wes-Cal-San-94110,04-01-2022
CA-2022-150931,DP-13390,US-Sou-Ala-Tus-35401,07-01-2022
US-2022-123862,JF-15190,US-Wes-Cal-Lon-90805,08-01-2022
US-2022-168690,TS-21085,US-Sou-Flo-Orm-32174,08-01-2022
CA-2022-159366,BW-11110,US-Cen-Mic-Det-48205,08-01-2022
CA-2022-115154,RS-19420,US-Wes-Was-Sea-98115,09-01-2022
CA-2022-154760,BP-11290,US-Eas-Pen-Phi-19140,10-01-2022
US-2022-158512,DA-13450,US-Eas-Dis-Was-20016,13-01-2022
CA-2022-108000,LS-16945,US-Wes-Cal-San-94110,13-01-2022
US-2022-148551,DB-13120,US-Cen-Tex-Dal-75217,13-01-2022
US-2022-167402,CP-12085,US-Cen-Mis-Spr-65807,14-01-2022
CA-2022-138779,RB-19570,US-Sou-Nor-Jac-28540,1/15/2022
CA-2022-113278,HR-14770,US-Cen-Ind-Ric-47374,1/15/2022
CA-2022-127306,BH-11710,US-Sou-Ten-Joh-37604,1/15/2022
CA-2022-149076,SO-20335,US-Wes-Cal-Los-90036,1/15/2022
US-2022-106131,TP-21565,US-Wes-Col-Aur-80013,1/15/2022
CA-2022-152961,SC-20095,US-Eas-Mas-Qui-2169,16-01-2022
CA-2022-167752,RW-19690,US-Eas-Pen-Phi-19134,16-01-2022
US-2022-104661,TB-21250,US-Cen-Tex-Aus-78745,16-01-2022
CA-2022-160934,TT-21460,US-Wes-Cal-Los-90008,16-01-2022
CA-2022-125913,JO-15145,US-Wes-Cal-Los-90008,17-01-2022
CA-2022-138289,AR-10540,US-Cen-Mic-Jac-49201,17-01-2022
US-2022-127292,RM-19375,US-Eas-Ver-Bur-5408,20-01-2022
CA-2022-154718,DL-12865,US-Cen-Tex-Kel-76248,20-01-2022
CA-2022-153045,NS-18505,US-Eas-Pen-Phi-19140,20-01-2022
CA-2022-161809,TH-21100,US-Wes-Cal-Los-90045,21-01-2022
CA-2022-144589,TM-21010,US-Wes-Cal-San-94122,21-01-2022
CA-2022-152079,ML-17410,US-Cen-Ill-Chi-60653,21-01-2022
US-2022-120649,JF-15490,US-Eas-Con-Wat-6708,21-01-2022
CA-2022-157252,CV-12805,US-Eas-New-New-10024,21-01-2022
CA-2022-131954,DS-13030,US-Wes-Was-Sea-98115,22-01-2022
CA-2022-141782,BE-11410,US-Cen-Ill-Aur-60505,22-01-2022
CA-2022-160423,PS-19045,US-Sou-Nor-Cha-28205,22-01-2022
CA-2022-127026,MH-18115,US-Cen-Mic-Jac-49201,22-01-2022
CA-2022-127432,AD-10180,US-Wes-Mon-Gre-59405,23-01-2022
CA-2022-152499,EH-13765,US-Cen-Ill-Chi-60623,23-01-2022
CA-2022-145142,MC-17605,US-Cen-Mic-Det-48234,24-01-2022
CA-2022-139080,CS-12250,US-Wes-Was-Sea-98103,24-01-2022
CA-2022-161893,HP-14815,US-Wes-Ari-Tuc-85705,24-01-2022
CA-2022-104619,KD-16495,US-Wes-Cal-San-95123,25-01-2022
CA-2022-119669,TP-21130,US-Sou-Geo-Smy-30080,25-01-2022
US-2022-105935,BD-11500,US-Sou-Geo-Col-31907,27-01-2022
CA-2022-164098,CG-12520,US-Cen-Tex-Hou-77070,27-01-2022
CA-2022-150469,CJ-12010,US-Wes-Cal-San-94109,27-01-2022
CA-2022-134649,CA-11965,US-Sou-Ala-Hoo-35244,27-01-2022
CA-2022-117870,JH-15820,US-Eas-Ohi-Ken-44240,28-01-2022
US-2022-104437,TG-21310,US-Eas-New-New-10035,28-01-2022
US-2022-166037,CL-12700,US-Eas-New-New-10009,29-01-2022
CA-2022-115994,BT-11305,US-Wes-Cal-Cos-92627,29-01-2022
US-2022-147984,GB-14575,US-Cen-Kan-Wic-67212,29-01-2022
CA-2022-139304,VG-21790,US-Wes-Cal-San-94109,30-01-2022
CA-2022-160927,TM-21010,US-Cen-Iow-Mar-52302,30-01-2022
CA-2022-145338,BD-11770,US-Eas-Pen-Phi-19120,30-01-2022
CA-2022-131653,RD-19585,US-Eas-New-New-10011,30-01-2022
US-2022-127341,CK-12595,US-Cen-Ill-Chi-60653,30-01-2022
CA-2022-164329,MM-17920,US-Wes-Cal-San-94109,31-01-2022
CA-2022-148999,EB-13870,US-Sou-Flo-Mia-33142,31-01-2022
CA-2022-121790,LP-17095,US-Cen-Ill-Aur-60505,31-01-2022
CA-2022-112725,EH-14125,US-Wes-Cal-San-94110,31-01-2022
CA-2022-104220,BV-11245,US-Cen-Iow-Des-50315,31-01-2022
CA-2022-157273,SZ-20035,US-Wes-Was-Sea-98105,31-01-2022
CA-2022-128076,BO-11350,US-Wes-Cal-San-92105,03-02-2022
CA-2022-161333,JL-15835,US-Wes-Cal-Los-90045,03-02-2022
US-2022-164147,DW-13585,US-Eas-Ohi-Col-43229,03-02-2022
CA-2022-126354,SC-20380,US-Sou-Flo-Pem-33024,04-02-2022
CA-2022-127474,RD-19810,US-Cen-Ill-Chi-60610,04-02-2022
CA-2022-167703,MC-17575,US-Eas-Ohi-Cin-45231,04-02-2022
CA-2022-169474,JF-15355,US-Eas-New-Roc-14609,05-02-2022
CA-2022-131282,CB-12025,US-Cen-Tex-Wac-76706,06-02-2022
CA-2022-107517,FC-14335,US-Wes-Cal-Tor-90503,06-02-2022
CA-2022-122994,MV-17485,US-Sou-Vir-Arl-22204,07-02-2022
CA-2022-115105,BD-11770,US-Eas-New-New-10024,07-02-2022
US-2022-101840,SP-20545,US-Eas-New-New-10024,07-02-2022
CA-2022-154102,SN-20560,US-Wes-Cal-San-94109,07-02-2022
CA-2022-145807,SB-20170,US-Wes-Cal-Los-90032,10-02-2022
CA-2022-118773,TP-21415,US-Cen-Tex-Hou-77070,10-02-2022
CA-2022-150602,ML-17395,US-Wes-Cal-Los-90045,10-02-2022
CA-2022-124086,MP-18175,US-Wes-Cal-Lag-92677,11-02-2022
CA-2022-123659,MN-17935,US-Eas-Mar-Cli-20735,11-02-2022
CA-2022-131828,CS-11845,US-Wes-Was-Sea-98105,12-02-2022
US-2022-118535,DJ-13510,US-Eas-New-New-10024,12-02-2022
CA-2022-116204,VW-21775,US-Wes-Cal-San-94110,12-02-2022
CA-2022-138156,MM-17260,US-Eas-Ohi-Col-43229,12-02-2022
CA-2022-104801,FH-14350,US-Wes-Was-Sea-98105,14-02-2022
CA-2022-154809,MH-17455,US-Cen-Min-Min-55407,14-02-2022
CA-2022-151176,SV-20785,US-Eas-Mar-Bal-21215,14-02-2022
CA-2022-104906,JP-15460,US-Eas-New-New-10009,14-02-2022
CA-2022-163265,JS-16030,US-Cen-Ill-Dec-62521,17-02-2022
CA-2022-118521,LF-17185,US-Eas-New-New-10035,17-02-2022
CA-2022-120019,NG-18355,US-Eas-Con-Fai-6824,17-02-2022
CA-2022-132647,GH-14410,US-Eas-New-Per-8861,18-02-2022
CA-2022-109085,CK-12325,US-Eas-Ohi-Tro-45373,18-02-2022
CA-2022-159149,CR-12820,US-Cen-Tex-Hou-77041,18-02-2022
CA-2022-154039,JK-16120,US-Cen-Ill-Chi-60653,18-02-2022
US-2022-163195,LL-16840,US-Sou-Lou-Laf-70506,18-02-2022
CA-2022-164707,CV-12805,US-Wes-Cal-Los-90045,19-02-2022
CA-2022-166415,ME-17725,US-Wes-Was-Sea-98103,20-02-2022
CA-2022-122693,NH-18610,US-Sou-Geo-Ros-30076,20-02-2022
CA-2022-134838,ED-13885,US-Wes-Cal-Los-90045,20-02-2022
CA-2022-150525,JP-16135,US-Cen-Okl-Mus-74403,21-02-2022
CA-2022-105445,BP-11095,US-Wes-Col-Lou-80027,21-02-2022
CA-2022-135937,KM-16375,US-Wes-Ari-Gil-85234,21-02-2022
CA-2022-105809,HW-14935,US-Wes-Cal-San-92105,21-02-2022
CA-2022-124940,DK-13090,US-Cen-Tex-Car-75007,22-02-2022
CA-2022-104647,CK-12595,US-Wes-Cal-Los-90008,24-02-2022
CA-2022-136007,AC-10615,US-Wes-Was-Sea-98115,24-02-2022
CA-2022-127397,ES-14080,US-Eas-Pen-Phi-19134,25-02-2022
CA-2022-111374,CB-12415,US-Eas-Pen-Phi-19134,25-02-2022
CA-2022-125878,MH-18025,US-Cen-Ill-Chi-60623,26-02-2022
US-2022-134642,SW-20245,US-Sou-Nor-Gre-27834,26-02-2022
CA-2022-117212,BT-11530,US-Wes-Cal-Los-90036,27-02-2022
CA-2022-121706,BM-11140,US-Wes-Cal-San-93101,27-02-2022
CA-2022-121258,DB-13060,US-Wes-Cal-Cos-92627,27-02-2022
CA-2022-101959,DB-13660,US-Eas-Con-Mid-6457,01-03-2022
CA-2022-163902,MY-17380,US-Wes-Cal-Los-90045,03-03-2022
CA-2022-104885,DB-13555,US-Eas-Del-New-19711,03-03-2022
CA-2022-155712,KD-16615,US-Wes-Cal-Los-90008,03-03-2022
CA-2022-124114,RS-19765,US-Cen-Tex-Wac-76706,03-03-2022
CA-2022-146024,SC-20770,US-Cen-Tex-Dal-75081,03-03-2022
CA-2022-152261,JA-15970,US-Eas-Ohi-Cuy-44221,03-03-2022
CA-2022-123085,EJ-13720,US-Wes-Cal-Los-90008,04-03-2022
CA-2022-111815,EP-13915,US-Cen-Mic-Dea-48127,04-03-2022
CA-2022-121804,LP-17095,US-Sou-Ken-Mur-42071,04-03-2022
CA-2022-127621,RE-19450,US-Cen-Tex-Dal-75081,04-03-2022
CA-2022-117513,BT-11395,US-Wes-Cal-Los-90004,04-03-2022
US-2022-119816,TT-21460,US-Cen-Tex-Hou-77095,05-03-2022
CA-2022-142174,DP-13000,US-Cen-Tex-Hou-77041,05-03-2022
CA-2022-110478,SP-20860,US-Wes-Cal-Los-90045,05-03-2022
CA-2022-147753,PK-19075,US-Cen-Wis-Mil-53209,06-03-2022
CA-2022-168123,JD-16060,US-Cen-Min-Roc-55901,06-03-2022
CA-2022-161046,CB-12535,US-Sou-Mis-Sou-38671,06-03-2022
CA-2022-148642,DW-13540,US-Cen-Tex-Dal-75220,07-03-2022
CA-2022-168193,RM-19750,US-Eas-New-New-10011,07-03-2022
CA-2022-167640,FC-14245,US-Wes-Cal-San-94109,07-03-2022
CA-2022-125101,SH-19975,US-Wes-Cal-San-94109,07-03-2022
US-2022-119039,BF-11170,US-Wes-Cal-San-94109,07-03-2022
CA-2022-136672,MG-17890,US-Eas-Mar-Cli-20735,08-03-2022
CA-2022-110884,SH-20395,US-Eas-New-New-10035,08-03-2022
CA-2022-104080,AH-10210,US-Wes-Cal-Ana-92804,09-03-2022
CA-2022-155698,VB-21745,US-Sou-Geo-Col-31907,09-03-2022
CA-2022-147354,KB-16315,US-Wes-Cal-Los-90008,10-03-2022
CA-2022-102834,LW-16990,US-Wes-Cal-San-94110,10-03-2022
CA-2022-132290,MD-17350,US-Cen-Tex-Dal-75217,11-03-2022
CA-2022-155824,KS-16300,US-Sou-Nor-Ral-27604,11-03-2022
CA-2022-144638,MH-18115,US-Eas-Pen-Che-19013,11-03-2022
CA-2022-140494,CM-11815,US-Wes-Cal-San-94109,11-03-2022
CA-2022-130967,EB-13870,US-Eas-Pen-Phi-19140,11-03-2022
US-2022-141558,MH-17290,US-Eas-Pen-Phi-19140,12-03-2022
US-2022-133081,PV-18985,US-Eas-Mas-Cam-2138,12-03-2022
CA-2022-147291,MJ-17740,US-Cen-Mic-Det-48227,12-03-2022
CA-2022-116288,BS-11380,US-Wes-Cal-San-94122,13-03-2022
CA-2022-152786,GA-14725,US-Sou-Ark-Rog-72756,13-03-2022
CA-2022-159352,KB-16585,US-Eas-Mas-Low-1852,13-03-2022
US-2022-146906,MT-17815,US-Eas-New-New-10011,14-03-2022
CA-2022-105851,SE-20110,US-Wes-Col-Den-80219,14-03-2022
CA-2022-166296,KF-16285,US-Wes-Cal-Man-95336,14-03-2022
CA-2022-157966,SU-20665,US-Cen-Ill-Chi-60610,14-03-2022
CA-2022-107713,JB-16000,US-Eas-Mar-Col-21044,14-03-2022
CA-2022-153843,SC-20380,US-Eas-Con-Fai-6824,14-03-2022
CA-2022-106859,BF-11215,US-Wes-New-Alb-87105,14-03-2022
CA-2022-162474,FH-14275,US-Cen-Ill-Aur-60505,14-03-2022
CA-2022-114370,BN-11470,US-Cen-Ill-Chi-60623,15-03-2022
US-2022-101539,VM-21685,US-Wes-Was-Sea-98105,17-03-2022
CA-2022-161172,SP-20920,US-Eas-Ohi-Col-43229,17-03-2022
CA-2022-152135,MG-17650,US-Eas-Ohi-Lak-44107,17-03-2022
CA-2022-129294,KD-16615,US-Wes-Cal-Los-90032,17-03-2022
CA-2022-142867,PO-19180,US-Cen-Tex-Hou-77095,18-03-2022
CA-2022-140949,DB-13405,US-Eas-New-New-10011,18-03-2022
CA-2022-129567,CL-12565,US-Wes-Cal-Lan-93534,18-03-2022
US-2022-129224,AS-10630,US-Sou-Ten-Kno-37918,18-03-2022
CA-2022-162075,TT-21220,US-Cen-Tex-Hou-77041,19-03-2022
CA-2022-148145,SW-20275,US-Wes-Was-Sea-98115,19-03-2022
US-2022-119438,CD-11980,US-Cen-Tex-Tyl-75701,19-03-2022
CA-2022-122007,JK-15325,US-Wes-Cal-Los-90032,19-03-2022
CA-2022-160087,EN-13780,US-Cen-Tex-Dal-75220,19-03-2022
CA-2022-143084,BP-11050,US-Wes-Cal-Los-90008,19-03-2022
CA-2022-124436,SA-20830,US-Wes-Cal-Fre-93727,20-03-2022
US-2022-104955,CG-12040,US-Eas-New-New-10024,20-03-2022
CA-2022-140515,GZ-14545,US-Wes-Cal-Los-90008,20-03-2022
CA-2022-166499,VG-21805,US-Eas-New-Lak-8701,20-03-2022
CA-2022-105410,ND-18370,US-Wes-Cal-San-94110,20-03-2022
CA-2022-122763,HG-14845,US-Cen-Tex-Hou-77041,21-03-2022
CA-2022-154214,TB-21595,US-Cen-Ind-Col-47201,21-03-2022
CA-2022-165491,HW-14935,US-Wes-Was-Sea-98115,21-03-2022
US-2022-143770,RD-19720,US-Eas-Con-Mid-6457,21-03-2022
CA-2022-108539,SC-20725,US-Wes-Cal-Los-90045,22-03-2022
CA-2022-117156,TB-21055,US-Eas-Pen-Rea-19601,22-03-2022
CA-2022-111591,PS-18970,US-Wes-Was-Sea-98105,22-03-2022
CA-2022-169285,RW-19690,US-Cen-Ind-Laf-47905,22-03-2022
CA-2022-119452,CL-12565,US-Cen-Okl-Tul-74133,22-03-2022
CA-2022-156272,PW-19030,US-Sou-Flo-Pom-33068,22-03-2022
CA-2022-135650,AC-10660,US-Cen-Tex-Hun-77340,24-03-2022
CA-2022-136511,MZ-17515,US-Eas-New-New-10011,24-03-2022
CA-2022-140151,RB-19360,US-Wes-Was-Sea-98115,24-03-2022
CA-2022-155985,BE-11335,US-Wes-Cal-San-94122,24-03-2022
CA-2022-120719,SJ-20125,US-Wes-Was-Sea-98105,24-03-2022
US-2022-140074,EC-14050,US-Eas-New-New-10024,24-03-2022
CA-2022-101637,AC-10615,US-Cen-Tex-Bea-77705,25-03-2022
CA-2022-167101,BM-11650,US-Eas-New-New-10009,25-03-2022
CA-2022-122308,MV-17485,US-Eas-New-New-10011,25-03-2022
CA-2022-166184,HR-14830,US-Eas-New-New-10035,25-03-2022
CA-2022-155880,JD-16150,US-Cen-Wis-Mil-53209,26-03-2022
CA-2022-112039,JC-15775,US-Cen-Tex-San-78207,26-03-2022
CA-2022-143651,FM-14215,US-Wes-Was-Sea-98103,26-03-2022
US-2022-117534,CV-12295,US-Wes-Cal-Fre-93727,26-03-2022
CA-2022-101077,DB-13660,US-Cen-Tex-Dal-75081,26-03-2022
CA-2022-105193,JL-15835,US-Eas-New-New-10024,26-03-2022
US-2022-141677,HK-14890,US-Cen-Tex-Hou-77070,27-03-2022
US-2022-121251,GM-14440,US-Eas-New-New-10009,27-03-2022
CA-2022-113208,ML-18040,US-Cen-Mic-Dea-48126,27-03-2022
CA-2022-162033,EM-14200,US-Sou-Vir-Vir-23464,27-03-2022
CA-2022-147144,MZ-17335,US-Wes-Was-Sea-98105,27-03-2022
CA-2022-144491,CJ-12010,US-Cen-Tex-Hou-77070,28-03-2022
CA-2022-113705,LC-16870,US-Sou-Vir-Ric-23223,28-03-2022
CA-2022-139416,AG-10270,US-Eas-Pen-Phi-19120,28-03-2022
CA-2022-124716,BD-11560,US-Wes-Cal-Fre-93727,28-03-2022
US-2022-147886,DH-13075,US-Wes-Cal-Fai-94533,29-03-2022
US-2022-166611,CK-12760,US-Sou-Flo-Jac-32216,29-03-2022
CA-2022-126550,RD-19720,US-Cen-Ind-Laf-47905,30-03-2022
CA-2022-126634,AB-10165,US-Wes-Cal-Lak-90712,31-03-2022
US-2022-120117,TB-21400,US-Wes-Cal-Los-90036,31-03-2022
CA-2022-129910,ME-17320,US-Sou-Geo-Col-31907,31-03-2022
CA-2022-113474,TM-21490,US-Cen-Okl-Okl-73120,31-03-2022
US-2022-154851,BP-11155,US-Eas-Pen-Lan-17602,31-03-2022
US-2022-159205,DB-12910,US-Sou-Ken-Hen-42420,01-04-2022
CA-2022-133263,JE-15610,US-Sou-Geo-Atl-30318,01-04-2022
CA-2022-144680,SC-20260,US-Cen-Tex-Arl-76017,01-04-2022
US-2022-160143,HG-14965,US-Wes-Cal-Los-90004,01-04-2022
CA-2022-114524,EG-13900,US-Cen-Ill-Chi-60623,01-04-2022
CA-2022-102771,DO-13435,US-Eas-New-New-10035,01-04-2022
CA-2022-100524,CM-12115,US-Eas-New-New-10011,01-04-2022
CA-2022-154907,DS-13180,US-Cen-Tex-Ama-79109,01-04-2022
CA-2022-134495,BF-11020,US-Sou-Flo-Jac-32216,02-04-2022
CA-2022-129028,GB-14530,US-Sou-Sou-Flo-29501,02-04-2022
CA-2022-147942,MS-17365,US-Wes-Cal-San-94110,02-04-2022
CA-2022-145877,AS-10090,US-Cen-Mis-Spr-65807,02-04-2022
CA-2022-118360,JC-15775,US-Eas-New-New-10011,02-04-2022
CA-2022-149881,NC-18535,US-Wes-Cal-San-94110,02-04-2022
CA-2022-145275,AH-10465,US-Sou-Ala-Dec-35601,03-04-2022
CA-2022-121419,TC-21475,US-Sou-Geo-Col-31907,03-04-2022
CA-2022-106355,AT-10435,US-Eas-Con-Mer-6450,03-04-2022
US-2022-123281,JF-15190,US-Wes-Cal-Los-90008,03-04-2022
CA-2022-131156,KH-16360,US-Eas-Pen-Phi-19143,04-04-2022
CA-2022-127264,SA-20830,US-Cen-Ill-Chi-60653,04-04-2022
CA-2022-157903,AM-10705,US-Cen-Ill-Des-60016,05-04-2022
CA-2022-144848,DS-13030,US-Eas-New-New-10009,05-04-2022
CA-2022-140536,TA-21385,US-Eas-New-New-10035,05-04-2022
CA-2022-109211,PS-19045,US-Eas-New-New-10011,05-04-2022
CA-2022-107265,ML-17755,US-Cen-Iow-Mar-52302,07-04-2022
CA-2022-161592,CS-12175,US-Sou-Ten-Cha-37421,07-04-2022
US-2022-100930,CS-12400,US-Sou-Flo-Tam-33614,08-04-2022
CA-2022-165904,HR-14770,US-Sou-Flo-Jac-32216,08-04-2022
US-2022-136721,NH-18610,US-Cen-Mic-Oak-48237,09-04-2022
CA-2022-157854,DM-13345,US-Sou-Geo-Ros-30076,09-04-2022
CA-2022-150987,AH-10120,US-Wes-Cal-San-94110,09-04-2022
CA-2022-112333,KF-16285,US-Eas-New-Pla-7060,09-04-2022
CA-2022-169404,NC-18625,US-Eas-Pen-Yor-17403,10-04-2022
CA-2022-122154,SA-20830,US-Sou-Flo-Jac-32216,10-04-2022
CA-2022-135279,BS-11800,US-Eas-New-New-10011,10-04-2022
CA-2022-112900,KL-16645,US-Cen-Mic-Det-48205,10-04-2022
CA-2022-115070,MG-18205,US-Sou-Flo-Jac-32216,11-04-2022
CA-2022-161984,SJ-20125,US-Eas-New-New-8901,11-04-2022
CA-2022-135069,BS-11755,US-Eas-Pen-Phi-19143,11-04-2022
CA-2022-150623,DB-13360,US-Eas-Con-Wat-6708,11-04-2022
CA-2022-125115,RD-19930,US-Cen-Tex-Aus-78745,11-04-2022
US-2022-100482,JL-15130,US-Eas-Ohi-Lan-43130,12-04-2022
CA-2022-166128,LW-17215,US-Wes-Cal-Pas-91104,12-04-2022
CA-2022-130904,HM-14980,US-Sou-Nor-Bur-27217,12-04-2022
US-2022-143028,SC-20050,US-Cen-Tex-Lub-79424,12-04-2022
CA-2022-122735,BD-11320,US-Eas-Rho-Pro-2908,13-04-2022
CA-2022-155460,RW-19630,US-Wes-Was-Sea-98105,14-04-2022
CA-2022-135076,YS-21880,US-Wes-Cal-Hes-92345,14-04-2022
CA-2022-141663,DP-13105,US-Eas-Pen-Phi-19134,14-04-2022
CA-2022-131233,CS-12355,US-Eas-New-New-10024,15-04-2022
CA-2022-144932,AB-10165,US-Eas-Ohi-Tol-43615,15-04-2022
US-2022-126060,DW-13585,US-Sou-Nor-Fay-28314,15-04-2022
CA-2022-127117,HM-14860,US-Eas-New-Mor-7960,15-04-2022
CA-2022-159604,CL-12700,US-Cen-Mis-Spr-65807,15-04-2022
CA-2022-126774,SH-20395,US-Sou-Vir-Arl-22204,16-04-2022
CA-2022-161851,BP-11095,US-Sou-Flo-Mia-33180,16-04-2022
CA-2022-118857,AH-10075,US-Wes-Nev-Hen-89015,16-04-2022
CA-2022-134635,NS-18640,US-Wes-Cal-Los-90049,16-04-2022
CA-2022-114412,AA-10480,US-Sou-Nor-Con-28027,16-04-2022
US-2022-141698,SD-20485,US-Cen-Tex-Hou-77041,16-04-2022
CA-2022-136497,RF-19840,US-Eas-Ohi-Col-43229,17-04-2022
US-2022-138086,JO-15550,US-Wes-Cal-San-94109,17-04-2022
CA-2022-122707,EB-13750,US-Sou-Ala-Hoo-35244,17-04-2022
US-2022-156356,ND-18370,US-Cen-Tex-Hou-77095,17-04-2022
CA-2022-108070,JE-15745,US-Wes-Cal-San-95123,17-04-2022
CA-2022-109946,PL-18925,US-Cen-Ill-Chi-60610,17-04-2022
CA-2022-128965,PS-18760,US-Wes-Cal-Los-90008,18-04-2022
CA-2022-134845,SR-20425,US-Wes-Col-Lou-80027,18-04-2022
US-2022-129203,BM-11575,US-Cen-Ill-Chi-60653,18-04-2022
CA-2022-119655,CV-12295,US-Cen-Mic-Det-48234,21-04-2022
CA-2022-151484,CV-12805,US-Eas-Pen-Phi-19120,21-04-2022
CA-2022-166849,SJ-20125,US-Cen-Ill-Chi-60610,21-04-2022
CA-2022-100615,SJ-20215,US-Cen-Ill-Chi-60653,21-04-2022
US-2022-166324,BE-11455,US-Eas-Ohi-Cle-44105,21-04-2022
US-2022-145863,RP-19390,US-Cen-Tex-Hou-77041,22-04-2022
US-2022-152366,SJ-20500,US-Cen-Tex-Hou-77036,22-04-2022
CA-2022-166198,JW-15955,US-Wes-Was-Sea-98103,22-04-2022
CA-2022-128853,JM-15250,US-Eas-Mar-Bal-21215,22-04-2022
CA-2022-140802,KN-16390,US-Cen-Tex-Hou-77070,22-04-2022
CA-2022-169054,MO-17800,US-Eas-Pen-Phi-19140,23-04-2022
CA-2022-135783,GM-14440,US-Wes-Cal-San-94122,23-04-2022
CA-2022-146192,BD-11725,US-Sou-Geo-Col-31907,23-04-2022
US-2022-132031,PN-18775,US-Sou-Ten-Cla-37042,24-04-2022
CA-2022-104010,TD-20995,US-Eas-New-New-10011,24-04-2022
CA-2022-146360,SC-20305,US-Cen-Ind-Law-46226,24-04-2022
CA-2022-157112,GG-14650,US-Eas-Ohi-Col-43229,24-04-2022
CA-2022-108553,SK-19990,US-Eas-New-New-10024,24-04-2022
CA-2022-136651,JF-15355,US-Wes-Cal-Pas-91104,24-04-2022
CA-2022-101700,SO-20335,US-Wes-Col-Gre-80634,24-04-2022
CA-2022-149489,DK-12835,US-Eas-Pen-Phi-19143,25-04-2022
CA-2022-168102,CP-12340,US-Sou-Flo-Jac-32216,25-04-2022
CA-2022-116953,SV-20935,US-Wes-Ari-Mes-85204,25-04-2022
CA-2022-125269,AF-10870,US-Cen-Ill-Chi-60610,25-04-2022
US-2022-128832,LS-16945,US-Eas-Rho-Pro-2908,25-04-2022
CA-2022-166933,MG-17890,US-Wes-Cal-San-93101,25-04-2022
CA-2022-125381,SG-20605,US-Wes-Cal-San-94109,26-04-2022
CA-2022-120222,LL-16840,US-Wes-Cal-Los-90032,26-04-2022
CA-2022-129707,LH-16750,US-Wes-Ari-Cha-85224,26-04-2022
CA-2022-132213,PN-18775,US-Sou-Ten-Nas-37211,26-04-2022
CA-2022-151071,MB-18085,US-Wes-Cal-Los-90049,26-04-2022
CA-2022-159226,RL-19615,US-Wes-Cal-Los-90008,26-04-2022
CA-2022-143665,PO-19180,US-Wes-Was-Sea-98115,27-04-2022
CA-2022-160045,LB-16735,US-Cen-Tex-For-76106,27-04-2022
CA-2022-135692,CV-12805,US-Cen-Tex-For-76106,28-04-2022
CA-2022-151281,HM-14980,US-Wes-Was-Sea-98105,28-04-2022
CA-2022-168228,AP-10915,US-Wes-Cal-Los-90045,28-04-2022
CA-2022-160962,MC-17605,US-Eas-Pen-Phi-19143,29-04-2022
CA-2022-120894,JL-15130,US-Sou-Nor-Wil-28403,29-04-2022
CA-2022-137631,JL-15235,US-Sou-Flo-Kis-34741,29-04-2022
US-2022-164056,FM-14215,US-Eas-Ohi-Dub-43017,30-04-2022
CA-2022-126718,KT-16480,US-Eas-New-Ora-7050,30-04-2022
CA-2022-150609,NZ-18565,US-Wes-Cal-Los-90032,01-05-2022
CA-2022-108322,SS-20140,US-Sou-Flo-Pom-33068,01-05-2022
CA-2022-137876,DJ-13510,US-Wes-Cal-San-94110,01-05-2022
US-2022-108315,MH-18115,US-Sou-Flo-San-32771,01-05-2022
CA-2022-144526,QJ-19255,US-Eas-Pen-Phi-19143,01-05-2022
US-2022-150847,JF-15490,US-Eas-Ohi-Col-43229,01-05-2022
CA-2022-151911,DL-13495,US-Eas-New-New-10024,01-05-2022
US-2022-107636,NM-18520,US-Eas-Con-Man-6040,01-05-2022
CA-2022-154501,EA-14035,US-Wes-Cal-Los-90008,01-05-2022
US-2022-144582,TC-21475,US-Cen-Ill-Dan-61832,01-05-2022
US-2022-136784,AD-10180,US-Wes-Cal-San-94122,01-05-2022
CA-2022-124597,AS-10630,US-Sou-Flo-Boy-33437,01-05-2022
CA-2022-110198,AG-10900,US-Sou-Flo-Cor-33065,02-05-2022
CA-2022-102204,CJ-12010,US-Sou-Flo-Jac-32216,02-05-2022
CA-2022-110212,SJ-20125,US-Sou-Ark-Tex-71854,02-05-2022
CA-2022-123134,DW-13585,US-Eas-New-Wes-7090,03-05-2022
CA-2022-147844,DD-13570,US-Wes-Cal-Los-90049,03-05-2022
US-2022-128398,EM-13825,US-Wes-Cal-Los-90049,03-05-2022
CA-2022-132199,BO-11350,US-Eas-Pen-Phi-19134,04-05-2022
CA-2022-163209,MK-18160,US-Wes-Cal-San-94122,04-05-2022
CA-2022-132178,DB-12970,US-Wes-Cal-Los-90004,04-05-2022
CA-2022-133067,MY-18295,US-Eas-Pen-Phi-19140,05-05-2022
CA-2022-119914,CC-12220,US-Wes-Cal-Wes-92683,05-05-2022
CA-2022-162978,LW-16990,US-Wes-Cal-San-94109,05-05-2022
CA-2022-128755,MK-18160,US-Sou-Vir-New-23602,05-05-2022
CA-2022-168900,SH-20395,US-Eas-Ohi-Spr-45503,05-05-2022
CA-2022-107552,AI-10855,US-Eas-New-New-10035,06-05-2022
CA-2022-160724,YS-21880,US-Sou-Geo-Col-31907,06-05-2022
CA-2022-105991,LH-17020,US-Wes-Col-Lou-80027,06-05-2022
US-2022-141943,DK-12985,US-Wes-Cal-San-94122,06-05-2022
US-2022-133200,DB-13555,US-Cen-Tex-For-76106,07-05-2022
CA-2022-167668,TC-21295,US-Eas-New-New-10035,07-05-2022
CA-2022-140242,ML-17755,US-Cen-Ill-Chi-60623,07-05-2022
CA-2022-133487,TS-21655,US-Wes-Cal-Ran-91730,07-05-2022
US-2022-162124,JF-15490,US-Cen-Ill-Chi-60653,07-05-2022
CA-2022-156769,GZ-14470,US-Sou-Vir-Arl-22204,07-05-2022
CA-2022-144498,MB-18085,US-Sou-Nor-Cha-28205,07-05-2022
CA-2022-145779,DB-13615,US-Wes-Ari-Tuc-85705,07-05-2022
CA-2022-102820,CS-11950,US-Wes-Cal-Pas-91104,08-05-2022
CA-2022-159688,AB-10060,US-Wes-Cal-Los-90004,08-05-2022
CA-2022-141733,RW-19540,US-Cen-Mic-Det-48234,08-05-2022
CA-2022-156895,DJ-13510,US-Eas-Pen-Phi-19140,09-05-2022
US-2022-104451,MM-18055,US-Wes-Cal-San-94110,09-05-2022
CA-2022-133865,PS-19045,US-Wes-Cal-Los-90032,09-05-2022
CA-2022-107797,EB-13705,US-Cen-Tex-Man-76063,09-05-2022
CA-2022-149181,MD-17350,US-Eas-Ohi-Col-43229,09-05-2022
CA-2022-118199,LB-16795,US-Wes-Was-Sea-98105,10-05-2022
CA-2022-134810,MC-17605,US-Sou-Nor-Jac-28540,10-05-2022
US-2022-139647,TS-21370,US-Wes-Ari-Pho-85023,12-05-2022
CA-2022-140298,JK-16120,US-Cen-Tex-Aus-78745,12-05-2022
CA-2022-133823,LP-17080,US-Wes-Was-Sea-98103,12-05-2022
CA-2022-115322,ZC-21910,US-Eas-New-New-10024,12-05-2022
US-2022-158218,AC-10420,US-Cen-Tex-Hou-77041,13-05-2022
CA-2022-117632,CS-12175,US-Wes-Cal-San-94122,13-05-2022
CA-2022-122175,CA-12775,US-Eas-New-Vin-8360,13-05-2022
US-2022-106796,JP-16135,US-Eas-Ohi-Spr-45503,13-05-2022
CA-2022-104577,CK-12205,US-Eas-Mas-Eve-2149,13-05-2022
CA-2022-152226,JH-15910,US-Eas-Ohi-Cin-45231,13-05-2022
CA-2022-149048,BM-11650,US-Cen-Ind-Col-47201,14-05-2022
CA-2022-161655,CW-11905,US-Eas-Del-New-19711,14-05-2022
CA-2022-104318,FH-14275,US-Sou-Ten-Fra-37064,14-05-2022
CA-2022-137785,MH-18115,US-Eas-Pen-Phi-19140,14-05-2022
CA-2022-100748,RB-19795,US-Wes-Cal-San-94110,14-05-2022
CA-2022-143686,PJ-19015,US-Wes-Cal-San-92704,15-05-2022
US-2022-133361,AJ-10780,US-Eas-Mar-Bal-21215,15-05-2022
CA-2022-161774,GT-14710,US-Cen-Tex-Hou-77041,15-05-2022
CA-2022-115546,AH-10465,US-Eas-New-New-10035,15-05-2022
CA-2022-129357,KB-16585,US-Wes-Was-Sea-98103,15-05-2022
US-2022-154872,DP-13000,US-Eas-Ohi-Cle-44105,15-05-2022
CA-2022-133641,EJ-14155,US-Sou-Mis-Gul-39503,15-05-2022
CA-2022-102414,JA-15970,US-Wes-Ari-Pho-85023,16-05-2022
US-2022-110604,JF-15295,US-Wes-Was-Sea-98103,16-05-2022
US-2022-152569,JD-16015,US-Cen-Ill-Chi-60653,16-05-2022
CA-2022-166576,JM-15865,US-Eas-Ohi-Akr-44312,17-05-2022
CA-2022-117863,TS-21340,US-Eas-New-New-10024,19-05-2022
CA-2022-112536,SG-20890,US-Cen-Tex-Mca-78501,19-05-2022
CA-2022-112865,BH-11710,US-Eas-Pen-Phi-19140,19-05-2022
CA-2022-121643,AB-10105,US-Wes-Ore-Por-97206,19-05-2022
CA-2022-159464,TB-21355,US-Sou-Geo-San-30328,19-05-2022
CA-2022-117401,PP-18955,US-Cen-Mis-Spr-65807,19-05-2022
CA-2022-155642,BM-11575,US-Cen-Ill-Chi-60653,19-05-2022
CA-2022-138975,SC-20380,US-Sou-Geo-Atl-30318,20-05-2022
US-2022-100048,RS-19765,US-Eas-New-Mou-10550,20-05-2022
CA-2022-113530,BC-11125,US-Wes-Cal-San-94109,20-05-2022
CA-2022-127803,ND-18460,US-Sou-Ala-Hun-35810,20-05-2022
CA-2022-122077,JF-15295,US-Cen-Tex-Pla-75023,20-05-2022
CA-2022-145702,AH-10075,US-Sou-Ten-Kno-37918,20-05-2022
CA-2022-153787,AT-10735,US-Wes-Was-Sea-98115,20-05-2022
US-2022-108700,PJ-18835,US-Cen-Ill-Roc-61107,20-05-2022
US-2022-147998,SA-20830,US-Wes-Cal-San-95123,20-05-2022
US-2022-120607,JC-15775,US-Sou-Geo-Atl-30318,20-05-2022
CA-2022-111332,NC-18340,US-Cen-Nor-Far-58103,21-05-2022
US-2022-166688,RD-19480,US-Wes-Nev-Las-89115,21-05-2022
CA-2022-166695,CC-12430,US-Wes-Cal-Lak-90712,21-05-2022
CA-2022-149468,AR-10405,US-Cen-Mic-Tre-48183,21-05-2022
CA-2022-167899,JG-15805,US-Eas-New-Aub-13021,22-05-2022
US-2022-151127,RL-19615,US-Wes-Cal-Los-90049,23-05-2022
CA-2022-153080,EH-13945,US-Wes-Cal-Los-90008,23-05-2022
CA-2022-130106,VF-21715,US-Wes-Cal-San-94109,23-05-2022
US-2022-150595,LE-16810,US-Cen-Ill-Chi-60653,23-05-2022
CA-2022-164042,KL-16645,US-Cen-Tex-Hou-77095,24-05-2022
CA-2022-167003,VS-21820,US-Wes-Cal-Los-90036,24-05-2022
CA-2022-112473,JL-15505,US-Cen-Tex-Hou-77070,26-05-2022
CA-2022-120138,TB-21625,US-Eas-New-New-10009,26-05-2022
CA-2022-161088,MH-18115,US-Sou-Geo-Col-31907,26-05-2022
CA-2022-152968,BM-11785,US-Sou-Vir-Har-22801,27-05-2022
CA-2022-107853,CD-11920,US-Wes-Cal-Oce-92054,27-05-2022
CA-2022-123687,KC-16675,US-Sou-Ken-Lou-40214,27-05-2022
CA-2022-134152,RP-19855,US-Wes-Was-Sea-98103,28-05-2022
CA-2022-136882,DN-13690,US-Cen-Okl-Tul-74133,28-05-2022
US-2022-116897,JG-15160,US-Wes-Ida-Poc-83201,28-05-2022
CA-2022-151855,BW-11110,US-Sou-Nor-Gre-27405,28-05-2022
US-2022-132297,DW-13480,US-Sou-Ken-Lou-40214,28-05-2022
CA-2022-160458,EH-13945,US-Sou-Ten-Mem-38109,28-05-2022
CA-2022-145765,CM-11815,US-Wes-Ari-Pho-85023,29-05-2022
US-2022-112613,JH-15910,US-Cen-Tex-Hou-77070,29-05-2022
CA-2022-100055,MD-17860,US-Eas-Mar-Lau-20707,29-05-2022
CA-2022-161340,AM-10360,US-Eas-Ohi-Cle-44105,29-05-2022
US-2022-118556,TH-21235,US-Cen-Ill-Chi-60653,29-05-2022
CA-2022-141572,LO-17170,US-Eas-New-Con-3301,29-05-2022
CA-2022-140088,PO-18865,US-Sou-Sou-Col-29203,29-05-2022
CA-2022-121580,ML-17410,US-Cen-Ind-Col-47201,30-05-2022
CA-2022-144568,JO-15550,US-Cen-Neb-Oma-68104,30-05-2022
CA-2022-104745,GT-14755,US-Cen-Tex-Har-78550,30-05-2022
CA-2022-168739,HZ-14950,US-Cen-Tex-Hou-77095,30-05-2022
CA-2022-142461,KT-16480,US-Cen-Tex-Dal-75217,31-05-2022
CA-2022-120614,SM-20950,US-Wes-Cal-Los-90004,31-05-2022
CA-2022-121125,MG-17890,US-Wes-Ore-Tig-97224,31-05-2022
CA-2022-125472,BD-11725,US-Sou-Lou-Laf-70506,31-05-2022
CA-2022-116498,KA-16525,US-Wes-Cal-San-92037,31-05-2022
CA-2022-109393,JC-15775,US-Wes-Cal-Los-90032,01-07-2022
CA-2022-102946,VP-21730,US-Wes-Nev-Las-89115,01-07-2022
CA-2022-125745,DV-13045,US-Sou-Ten-Mem-38109,01-07-2022
US-2022-113201,TT-21220,US-Wes-Cal-Los-90045,01-07-2022
CA-2022-163006,GH-14410,US-Cen-Ill-Chi-60653,01-07-2022
US-2022-102890,SG-20470,US-Eas-New-New-10011,01-07-2022
CA-2022-131695,RA-19285,US-Eas-New-New-10024,01-07-2022
CA-2022-164112,ND-18460,US-Eas-New-Mou-10550,01-07-2022
US-2022-148362,KF-16285,US-Cen-Ind-Ind-46203,02-07-2022
CA-2022-107958,AH-10120,US-Cen-Tex-Hou-77036,03-07-2022
CA-2022-139437,RD-19585,US-Wes-Cal-Los-90004,04-07-2022
CA-2022-140053,CA-12265,US-Wes-New-Far-87401,04-07-2022
US-2022-129777,FM-14290,US-Eas-Mas-Qui-2169,04-07-2022
US-2022-126179,CS-12460,US-Sou-Geo-Col-31907,04-07-2022
CA-2022-111647,RD-19585,US-Cen-Tex-Pla-75023,04-07-2022
CA-2022-168109,JK-15640,US-Wes-Was-Sea-98105,04-07-2022
CA-2022-121503,FH-14275,US-Cen-Tex-Hou-77041,04-07-2022
CA-2022-124828,YS-21880,US-Sou-Nor-Bur-27217,04-07-2022
CA-2022-169124,MB-17305,US-Wes-Cal-Cit-95610,04-07-2022
US-2022-111024,SZ-20035,US-Eas-Ohi-Lan-43130,04-07-2022
US-2022-166233,MO-17950,US-Sou-Nor-Jac-28540,04-07-2022
CA-2022-106747,TS-21505,US-Eas-New-Con-3301,04-07-2022
CA-2022-100223,LS-16945,US-Cen-Tex-Dal-75220,06-07-2022
CA-2022-104388,DK-12835,US-Cen-Neb-Fre-68025,06-07-2022
US-2022-152492,AH-10585,US-Sou-Flo-Mia-33142,07-07-2022
US-2022-124303,FH-14365,US-Eas-Pen-Phi-19120,07-07-2022
US-2022-169551,RL-19615,US-Eas-Pen-Phi-19120,08-07-2022
CA-2022-155152,MP-17965,US-Eas-Rho-War-2886,08-07-2022
CA-2022-105053,CS-12355,US-Eas-New-Lon-11561,08-07-2022
CA-2022-106824,AT-10735,US-Wes-Cal-Los-90049,08-07-2022
CA-2022-138464,VF-21715,US-Wes-Was-Sea-98115,09-07-2022
CA-2022-150189,VG-21790,US-Wes-Cal-San-94403,09-07-2022
CA-2022-134306,TD-20995,US-Eas-Mas-Low-1852,09-07-2022
CA-2022-108560,JC-15385,US-Wes-Was-Ken-98031,09-07-2022
CA-2022-140480,HE-14800,US-Eas-Del-New-19711,09-07-2022
CA-2022-133249,SZ-20035,US-Wes-Cal-Pic-90660,09-07-2022
CA-2022-111759,MR-17545,US-Wes-Was-Sea-98103,09-07-2022
CA-2022-121083,JF-15190,US-Eas-Con-Man-6040,10-07-2022
CA-2022-115651,NS-18640,US-Cen-Ill-Chi-60610,10-07-2022
US-2022-100209,TD-20995,US-Wes-Ore-Por-97206,10-07-2022
CA-2022-145128,SM-20320,US-Cen-Ind-Laf-47905,10-07-2022
CA-2022-132122,JH-15820,US-Cen-Ill-Chi-60610,10-07-2022
CA-2022-169012,BF-11275,US-Sou-Geo-Col-31907,11-07-2022
CA-2022-128629,BP-11155,US-Sou-Geo-Col-31907,11-07-2022
CA-2022-127460,FG-14260,US-Cen-Ill-Aur-60505,11-07-2022
CA-2022-162012,KB-16240,US-Wes-Cal-Los-90049,12-07-2022
CA-2022-164959,KN-16390,US-Wes-Cal-Los-90004,12-07-2022
CA-2022-136623,TS-21430,US-Wes-Cal-San-92105,12-07-2022
CA-2022-156818,JD-16015,US-Eas-New-New-10009,12-07-2022
CA-2022-127656,NW-18400,US-Cen-Iow-Wat-50701,12-07-2022
CA-2022-106047,CS-11860,US-Eas-Ohi-Fai-45014,13-07-2022
CA-2022-102155,RR-19525,US-Cen-Kan-Ove-66212,14-07-2022
CA-2022-136364,MH-17455,US-Eas-Pen-Phi-19140,14-07-2022
US-2022-161935,JL-15835,US-Eas-Ohi-Col-43229,15-07-2022
CA-2022-121048,TC-21295,US-Wes-Cal-Wes-92683,15-07-2022
CA-2022-166142,MM-17260,US-Eas-Del-Wil-19805,16-07-2022
US-2022-128951,RS-19420,US-Sou-Vir-Suf-23434,16-07-2022
CA-2022-164378,MM-18055,US-Eas-New-New-10024,16-07-2022
CA-2022-109778,VM-21685,US-Cen-Ill-Woo-60098,17-07-2022
US-2022-156909,SF-20065,US-Eas-Pen-Phi-19140,17-07-2022
US-2022-152842,NF-18385,US-Sou-Nor-Cha-28205,17-07-2022
US-2022-105046,BE-11335,US-Eas-New-Rom-13440,18-07-2022
CA-2022-126662,AB-10255,US-Wes-Cal-Los-90036,18-07-2022
CA-2022-142342,AJ-10795,US-Wes-Cal-App-92307,18-07-2022
CA-2022-139948,SW-20455,US-Sou-Flo-Tam-33614,18-07-2022
US-2022-142573,ML-17410,US-Wes-Ari-Pho-85023,19-07-2022
US-2022-165358,SV-20365,US-Eas-Pen-Phi-19134,19-07-2022
CA-2022-150497,SM-20950,US-Cen-Min-Map-55369,21-07-2022
CA-2022-122035,EM-13825,US-Cen-Sou-Sio-57103,21-07-2022
CA-2022-118640,CS-11950,US-Cen-Ill-Chi-60610,21-07-2022
US-2022-108343,AR-10825,US-Eas-New-New-10009,21-07-2022
CA-2022-103478,KL-16555,US-Cen-Ill-Aur-60505,22-07-2022
US-2022-158505,SF-20200,US-Wes-Uta-Mur-84107,22-07-2022
CA-2022-145429,SW-20455,US-Wes-Cal-San-92024,22-07-2022
CA-2022-118724,AR-10825,US-Wes-Cal-Con-94521,22-07-2022
CA-2022-104731,AM-10705,US-Sou-Vir-Sal-24153,22-07-2022
US-2022-127719,TW-21025,US-Eas-New-Pla-7060,22-07-2022
US-2022-123834,GM-14500,US-Cen-Tex-Pha-78577,22-07-2022
CA-2022-145093,PT-19090,US-Cen-Ill-Chi-60623,22-07-2022
US-2022-160465,SW-20350,US-Eas-Ohi-Cle-44105,22-07-2022
US-2022-123204,CS-11860,US-Eas-New-New-10024,22-07-2022
US-2022-106551,EB-13930,US-Cen-Ill-Chi-60653,23-07-2022
CA-2022-109750,FH-14365,US-Eas-New-New-10009,23-07-2022
US-2022-101721,MY-17380,US-Cen-Ill-Chi-60623,24-07-2022
CA-2022-117240,CP-12340,US-Eas-New-New-10009,24-07-2022
CA-2022-133718,TB-21520,US-Wes-Cal-Los-90045,24-07-2022
CA-2022-125367,NM-18445,US-Eas-New-New-10011,24-07-2022
CA-2022-103506,LR-17035,US-Eas-New-Lon-11561,24-07-2022
US-2022-169320,LH-16900,US-Cen-Ind-Elk-46514,24-07-2022
CA-2022-110940,AZ-10750,US-Cen-Ill-Whe-60090,24-07-2022
CA-2022-118346,PO-19180,US-Cen-Wis-Ken-53142,24-07-2022
US-2022-135013,HR-14830,US-Wes-Cal-Hun-92646,25-07-2022
CA-2022-121293,JC-15775,US-Eas-Pen-Phi-19143,26-07-2022
CA-2022-125640,DD-13570,US-Eas-Pen-Phi-19134,26-07-2022
CA-2022-169810,RB-19360,US-Cen-Sou-Sio-57103,26-07-2022
CA-2022-167549,EM-14200,US-Cen-Tex-Dal-75217,26-07-2022
US-2022-167318,GZ-14545,US-Wes-Cal-Los-90036,27-07-2022
CA-2022-108791,TM-21490,US-Eas-New-Yon-10701,28-07-2022
CA-2022-123239,MG-18145,US-Sou-Flo-Jac-32216,28-07-2022
CA-2022-133046,DK-13375,US-Wes-Was-Sea-98115,28-07-2022
CA-2022-130841,MH-17620,US-Wes-Cal-San-94110,29-07-2022
US-2022-130953,RF-19735,US-Cen-Okl-Okl-73120,30-07-2022
CA-2022-146031,GM-14440,US-Eas-New-Tro-12180,30-07-2022
US-2022-115301,VG-21790,US-Wes-Was-Sea-98103,30-07-2022
CA-2022-130771,LA-16780,US-Cen-Tex-Aus-78745,30-07-2022
CA-2022-101483,AG-10675,US-Sou-Nor-Jac-28540,30-07-2022
US-2022-113852,GW-14605,US-Wes-Was-Sea-98115,30-07-2022
CA-2022-155740,TC-21475,US-Eas-Ohi-Lak-44107,31-07-2022
CA-2022-141103,JF-15355,US-Eas-Mar-Bal-21215,31-07-2022
CA-2022-167913,JL-15835,US-Wes-Cal-Mis-92691,31-07-2022
US-2022-165869,LS-17200,US-Cen-Wis-Mil-53209,01-08-2022
CA-2022-125752,EH-14125,US-Sou-Flo-For-33311,01-08-2022
CA-2022-147032,LB-16795,US-Eas-Del-Wil-19805,01-08-2022
CA-2022-115805,KW-16435,US-Cen-Ill-Chi-60653,01-08-2022
CA-2022-121909,EA-14035,US-Eas-Pen-Phi-19134,01-08-2022
CA-2022-161102,EC-14050,US-Wes-Cal-San-94110,01-08-2022
CA-2022-126144,GM-14680,US-Eas-Pen-Phi-19134,01-08-2022
CA-2022-162691,AS-10045,US-Cen-Tex-Aus-78745,02-08-2022
CA-2022-135034,AT-10735,US-Cen-Ill-Chi-60653,02-08-2022
CA-2022-133235,LH-16750,US-Sou-Nor-Cha-28205,02-08-2022
CA-2022-124576,HK-14890,US-Wes-Cal-Sal-93905,02-08-2022
CA-2022-168942,EM-13960,US-Wes-Cal-San-94109,02-08-2022
CA-2022-165386,CM-12190,US-Cen-Ill-Chi-60623,04-08-2022
CA-2022-168396,BD-11725,US-Wes-Cal-San-94122,04-08-2022
CA-2022-141747,SC-20230,US-Wes-Was-Sea-98105,04-08-2022
CA-2022-140781,AB-10105,US-Cen-Ill-Blo-61701,04-08-2022
US-2022-143175,GA-14515,US-Wes-Cal-Los-90004,04-08-2022
CA-2022-163566,TB-21055,US-Eas-Ohi-Fai-45014,04-08-2022
CA-2022-146367,HM-14860,US-Cen-Tex-Car-75007,05-08-2022
CA-2022-132738,HM-14860,US-Wes-Col-Lov-80538,05-08-2022
CA-2022-154676,NZ-18565,US-Cen-Tex-Hou-77070,06-08-2022
CA-2022-117695,PW-19030,US-Sou-Ken-Ric-40475,06-08-2022
CA-2022-128328,PO-18865,US-Cen-Ind-Ind-46203,06-08-2022
CA-2022-151981,GM-14455,US-Eas-New-Con-3301,07-08-2022
CA-2022-161200,SV-20365,US-Sou-Lou-Laf-70506,07-08-2022
CA-2022-136609,TB-21355,US-Cen-Tex-Ced-75104,07-08-2022
CA-2022-168172,SH-20395,US-Eas-New-New-10011,07-08-2022
CA-2022-156776,JL-15505,US-Wes-Cal-Wes-92683,08-08-2022
US-2022-155999,JK-15370,US-Wes-Cal-San-92105,08-08-2022
CA-2022-115175,MC-17575,US-Wes-Cal-San-95123,08-08-2022
CA-2022-117023,JW-15955,US-Eas-New-Lon-11561,08-08-2022
CA-2022-110821,CK-12205,US-Cen-Tex-Dal-75081,08-08-2022
CA-2022-158344,CC-12475,US-Cen-Min-Moo-56560,08-08-2022
CA-2022-163321,FM-14380,US-Sou-Nor-Jac-28540,08-08-2022
CA-2022-143063,IL-15100,US-Cen-Ind-Col-47201,11-08-2022
CA-2022-145443,SC-20695,US-Cen-Ind-Ric-47374,11-08-2022
CA-2022-139311,SF-20965,US-Cen-Tex-Bed-76021,12-08-2022
CA-2022-160899,DR-12940,US-Sou-Lou-Lak-70601,12-08-2022
CA-2022-100433,SJ-20125,US-Eas-New-New-10009,12-08-2022
CA-2022-152310,DK-12895,US-Wes-Was-Sea-98103,13-08-2022
CA-2022-158169,JM-16195,US-Wes-Cal-Lak-92630,13-08-2022
US-2022-118941,BB-11545,US-Eas-Mar-Col-21044,13-08-2022
CA-2022-106537,RH-19495,US-Sou-Flo-Orl-32839,13-08-2022
CA-2022-128363,DC-12850,US-Sou-Ten-Mem-38109,14-08-2022
US-2022-103828,JK-15370,US-Wes-Cal-San-94122,14-08-2022
CA-2022-100580,MK-17905,US-Wes-Cal-San-92037,14-08-2022
CA-2022-167542,KD-16495,US-Eas-Pen-Phi-19120,14-08-2022
CA-2022-169264,NP-18700,US-Wes-Cal-San-94109,15-08-2022
CA-2022-105921,JM-15250,US-Wes-Cal-Los-90032,15-08-2022
US-2022-117723,DL-13495,US-Eas-Pen-Phi-19120,16-08-2022
CA-2022-144883,BO-11350,US-Cen-Min-Ros-55113,16-08-2022
CA-2022-138548,JG-15160,US-Eas-New-Pla-7060,16-08-2022
CA-2022-122987,SJ-20215,US-Sou-Ten-Col-38401,17-08-2022
US-2022-111423,EH-13765,US-Eas-New-Wat-13601,18-08-2022
CA-2022-166093,RW-19540,US-Wes-Cal-Bre-94513,18-08-2022
CA-2022-133102,ED-13885,US-Cen-Tex-Hou-77095,18-08-2022
CA-2022-151211,AH-10120,US-Sou-Ken-Lou-40214,18-08-2022
CA-2022-118892,TP-21415,US-Eas-Pen-Phi-19134,18-08-2022
CA-2022-151358,NF-18595,US-Wes-Was-Sea-98105,19-08-2022
CA-2022-121027,HW-14935,US-Wes-Was-Sea-98105,19-08-2022
CA-2022-117947,NG-18355,US-Eas-New-New-10011,19-08-2022
CA-2022-112809,RA-19915,US-Cen-Tex-Dal-75220,19-08-2022
CA-2022-162936,CM-12160,US-Eas-Mas-New-2740,19-08-2022
CA-2022-122028,CK-12205,US-Eas-Ohi-Lak-44107,19-08-2022
CA-2022-119809,YS-21880,US-Wes-Was-Sea-98103,19-08-2022
CA-2022-163069,PJ-19015,US-Eas-Ohi-Col-43229,19-08-2022
US-2022-100398,DO-13435,US-Wes-Uta-Sal-84106,20-08-2022
CA-2022-132339,JB-15400,US-Eas-Mas-Law-1841,20-08-2022
CA-2022-115777,DO-13645,US-Eas-Mas-Law-1841,20-08-2022
CA-2022-101728,SC-20575,US-Cen-Ill-Chi-60653,20-08-2022
US-2022-114356,TT-21460,US-Sou-Nor-Cha-28205,21-08-2022
CA-2022-105326,KT-16480,US-Wes-Cal-Los-90036,21-08-2022
CA-2022-137344,EM-13810,US-Eas-Mas-Fra-2038,21-08-2022
CA-2022-119011,LR-17035,US-Wes-Cal-San-94109,21-08-2022
US-2022-111241,GM-14500,US-Wes-Cal-Fre-93727,21-08-2022
CA-2022-117646,SC-20845,US-Wes-Col-Lou-80027,22-08-2022
CA-2022-144750,DL-13495,US-Wes-Ari-Cha-85224,22-08-2022
CA-2022-112956,TH-21550,US-Eas-Mar-Col-21044,22-08-2022
US-2022-109253,PR-18880,US-Wes-Cal-Oak-94601,22-08-2022
US-2022-102183,PK-19075,US-Eas-New-New-10035,22-08-2022
CA-2022-155705,NF-18385,US-Sou-Mis-Jac-39212,22-08-2022
CA-2022-121489,CM-11815,US-Wes-Was-Sea-98115,22-08-2022
CA-2022-126956,GT-14710,US-Cen-Min-Lak-55044,22-08-2022
US-2022-132381,Dp-13240,US-Eas-Pen-Phi-19143,23-08-2022
CA-2022-131037,TM-21490,US-Wes-Cal-San-94110,23-08-2022
CA-2022-129021,PO-18850,US-Sou-Flo-Tal-32303,24-08-2022
CA-2022-123043,AH-10195,US-Eas-New-New-10024,25-08-2022
CA-2022-139717,DM-13015,US-Eas-Ohi-Lan-43130,25-08-2022
CA-2022-114636,GA-14725,US-Sou-Nor-Cha-28205,26-08-2022
CA-2022-101210,DW-13540,US-Sou-Ten-Jac-38301,26-08-2022
US-2022-105697,JE-15715,US-Eas-Ohi-Cle-44105,26-08-2022
CA-2022-159793,SV-20365,US-Eas-Pen-Phi-19140,26-08-2022
CA-2022-132584,HJ-14875,US-Cen-Mic-Det-48234,27-08-2022
CA-2022-128475,SC-20680,US-Sou-Geo-Col-31907,27-08-2022
CA-2022-157350,DP-13000,US-Cen-Ill-Chi-60610,27-08-2022
CA-2022-161956,DR-12880,US-Wes-Cal-Ing-90301,28-08-2022
US-2022-139465,MR-17545,US-Eas-New-New-10024,28-08-2022
CA-2022-130036,BP-11185,US-Eas-Pen-Phi-19120,28-08-2022
CA-2022-155047,SE-20110,US-Cen-Tex-Dal-75220,28-08-2022
CA-2022-163097,SF-20200,US-Wes-Ari-Mes-85204,28-08-2022
US-2022-134481,AR-10405,US-Eas-Mas-Fra-2038,28-08-2022
US-2022-162208,SP-20620,US-Sou-Flo-Tam-33614,28-08-2022
CA-2022-101273,ST-20530,US-Sou-Flo-Por-34952,28-08-2022
CA-2022-133501,DK-12895,US-Sou-Ten-Fra-37064,28-08-2022
US-2022-169502,MG-17650,US-Cen-Wis-Mil-53209,29-08-2022
CA-2022-126067,KN-16705,US-Wes-Was-Sea-98105,29-08-2022
CA-2022-146920,SC-20305,US-Cen-Ill-Chi-60623,29-08-2022
CA-2022-101014,RW-19540,US-Wes-Cal-Los-90049,30-08-2022
CA-2022-144064,CP-12085,US-Cen-Ill-Qui-62301,30-08-2022
CA-2022-104024,MD-17860,US-Eas-Pen-Phi-19134,30-08-2022
CA-2022-107321,AW-10930,US-Wes-Cal-San-94110,01-09-2022
CA-2022-133004,AJ-10945,US-Cen-Ind-Law-46226,01-09-2022
US-2022-135062,RL-19615,US-Sou-Nor-Fay-28314,01-09-2022
CA-2022-132619,MS-17770,US-Wes-Cal-San-94109,01-09-2022
CA-2022-127712,MG-17890,US-Wes-Ore-Sal-97301,01-09-2022
CA-2022-159884,JF-15490,US-Wes-Ari-Tem-85281,01-09-2022
CA-2022-154074,BW-11110,US-Wes-Was-Spo-99207,01-09-2022
CA-2022-117198,BG-11035,US-Sou-Lou-Mon-71203,01-09-2022
US-2022-135230,CK-12325,US-Wes-Was-Sea-98103,02-09-2022
CA-2022-128041,RW-19540,US-Wes-Was-Sea-98103,02-09-2022
CA-2022-145653,CA-12775,US-Cen-Mic-Det-48205,02-09-2022
CA-2022-131625,BN-11515,US-Eas-New-New-10009,02-09-2022
CA-2022-107909,SS-20875,US-Wes-Was-Red-98052,02-09-2022
CA-2022-123001,AW-10840,US-Wes-Cal-Bak-93309,03-09-2022
US-2022-163657,JL-15235,US-Wes-Cal-Los-90049,03-09-2022
CA-2022-145037,TB-21055,US-Eas-Con-Mer-6450,03-09-2022
CA-2022-114216,RK-19300,US-Eas-Pen-Phi-19140,03-09-2022
CA-2022-169327,MH-17290,US-Wes-Cal-Los-90008,03-09-2022
CA-2022-110380,PF-19225,US-Wes-Cal-San-94122,03-09-2022
CA-2022-137596,BE-11335,US-Cen-Mic-Jac-49201,03-09-2022
CA-2022-157987,AC-10615,US-Eas-New-New-10009,03-09-2022
CA-2022-146983,AH-10210,US-Sou-Ken-Hen-42420,03-09-2022
CA-2022-102218,LW-17215,US-Wes-Col-For-80525,03-09-2022
CA-2022-113075,MC-18100,US-Cen-Ill-Chi-60623,03-09-2022
CA-2022-111388,SU-20665,US-Wes-Was-Sea-98103,03-09-2022
CA-2022-111220,JS-15595,US-Cen-Ill-Chi-60653,03-09-2022
CA-2022-114552,Dl-13600,US-Eas-Ohi-Cle-44105,03-09-2022
US-2022-153255,JK-15730,US-Wes-Cal-Con-94521,04-09-2022
CA-2022-161067,KB-16405,US-Eas-New-New-10035,04-09-2022
US-2022-122637,EP-13915,US-Cen-Ill-Chi-60653,04-09-2022
CA-2022-123022,SC-20050,US-Wes-Cal-La -91941,04-09-2022
CA-2022-167626,MY-18295,US-Cen-Ill-Chi-60623,04-09-2022
CA-2022-161557,AG-10900,US-Cen-Tex-Dal-75217,04-09-2022
CA-2022-146136,AP-10915,US-Sou-Flo-Pal-32137,04-09-2022
CA-2022-161823,AG-10300,US-Wes-Cal-San-94122,04-09-2022
CA-2022-147410,EJ-14155,US-Wes-Cal-San-92704,05-09-2022
CA-2022-101182,KB-16405,US-Wes-Cal-App-92307,05-09-2022
US-2022-117450,DO-13645,US-Sou-Flo-Boy-33437,05-09-2022
CA-2022-140326,HW-14935,US-Cen-Ill-Chi-60653,05-09-2022
CA-2022-117261,TH-21235,US-Wes-Cal-Los-90032,05-09-2022
CA-2022-102750,GM-14695,US-Wes-Cal-Los-90036,05-09-2022
CA-2022-152485,JD-15790,US-Cen-Tex-Cop-75019,05-09-2022
CA-2022-100783,JK-16120,US-Cen-Tex-Gar-75043,05-09-2022
CA-2022-117394,MM-17920,US-Eas-Pen-Phi-19120,05-09-2022
CA-2022-141929,RA-19285,US-Wes-Cal-Los-90004,05-09-2022
CA-2022-109757,MD-17350,US-Eas-Ohi-Akr-44312,05-09-2022
CA-2022-137582,CV-12805,US-Wes-Cal-Oak-94601,05-09-2022
CA-2022-120761,AB-10150,US-Eas-New-Lon-11561,05-09-2022
US-2022-147655,AS-10045,US-Wes-Ore-Red-97756,05-09-2022
US-2022-166394,VM-21835,US-Eas-New-Nas-3060,05-09-2022
CA-2022-116680,PK-19075,US-Wes-Cal-San-94122,05-09-2022
CA-2022-120705,MG-17875,US-Sou-Flo-For-33311,06-09-2022
CA-2022-107293,CS-12400,US-Wes-Was-Sea-98115,06-09-2022
CA-2022-102736,LP-17095,US-Sou-Ten-Kno-37918,06-09-2022
CA-2022-148929,SP-20620,US-Eas-New-New-10011,08-09-2022
CA-2022-151008,JM-16195,US-Wes-Uta-Dra-84020,08-09-2022
US-2022-169488,AA-10375,US-Eas-Rho-Pro-2908,08-09-2022
CA-2022-100335,NF-18595,US-Cen-Ill-Chi-60610,08-09-2022
CA-2022-103877,RD-19660,US-Cen-Mis-Ind-64055,08-09-2022
CA-2022-107244,AG-10390,US-Wes-Cal-Los-90004,08-09-2022
CA-2022-124401,RD-19900,US-Wes-Ore-Por-97206,08-09-2022
CA-2022-100160,CB-12025,US-Eas-Pen-Phi-19134,08-09-2022
CA-2022-128783,TG-21640,US-Cen-Mis-Sai-63301,08-09-2022
US-2022-130687,PF-19225,US-Wes-Was-Edm-98026,08-09-2022
CA-2022-163692,Dp-13240,US-Wes-Ari-Pho-85023,08-09-2022
US-2022-129441,JC-15340,US-Wes-Cal-Los-90032,08-09-2022
CA-2022-128769,DM-12955,US-Sou-Ten-Nas-37211,08-09-2022
US-2022-150070,JA-15970,US-Wes-Cal-Mod-95351,08-09-2022
US-2022-104094,AG-10675,US-Cen-Wis-Mil-53209,08-09-2022
US-2022-124779,BF-11020,US-Cen-Tex-Arl-76017,09-09-2022
CA-2022-152856,RS-19765,US-Eas-Ohi-Mar-43302,09-09-2022
CA-2022-149895,EB-14110,US-Eas-Pen-Phi-19134,09-09-2022
CA-2022-132437,EM-14095,US-Eas-New-New-10024,09-09-2022
CA-2022-158036,DB-13555,US-Eas-Ohi-Dub-43017,09-09-2022
CA-2022-144456,FC-14245,US-Sou-Flo-Hia-33012,09-09-2022
US-2022-124968,MM-18055,US-Cen-Ill-Chi-60610,09-09-2022
CA-2022-126396,AR-10345,US-Cen-Tex-Hou-77070,09-09-2022
US-2022-159562,JB-16000,US-Cen-Mic-Ros-48066,10-09-2022
CA-2022-152198,JD-16015,US-Eas-Ohi-Tol-43615,10-09-2022
CA-2022-155929,AI-10855,US-Wes-Ari-Gle-85301,10-09-2022
US-2022-118087,SP-20620,US-Eas-Pen-Phi-19134,10-09-2022
CA-2022-147228,SO-20335,US-Sou-Ten-Col-38401,10-09-2022
CA-2022-100825,KD-16495,US-Wes-Cal-Los-90036,10-09-2022
CA-2022-137498,LC-17050,US-Wes-Cal-Los-90004,10-09-2022
CA-2022-169439,LC-17140,US-Eas-Ohi-Cle-44105,10-09-2022
CA-2022-147361,SB-20290,US-Sou-Sou-Flo-29501,10-09-2022
CA-2022-139444,GK-14620,US-Cen-Tex-Pla-75023,10-09-2022
US-2022-146213,MC-17605,US-Wes-Cal-Los-90032,10-09-2022
CA-2022-168403,DK-12835,US-Wes-Ore-Por-97206,10-09-2022
CA-2022-126438,AR-10345,US-Eas-Mas-Law-1841,11-09-2022
CA-2022-110905,RW-19690,US-Cen-Mis-Spr-65807,11-09-2022
CA-2022-128370,FH-14275,US-Wes-Cal-Los-90004,11-09-2022
CA-2022-159954,SS-20410,US-Sou-Geo-Atl-30318,11-09-2022
CA-2022-122280,SH-20395,US-Eas-New-New-10024,11-09-2022
CA-2022-120999,LC-16930,US-Cen-Ill-Nap-60540,11-09-2022
CA-2022-123036,HA-14905,US-Eas-Ohi-Spr-45503,11-09-2022
CA-2022-147403,KH-16630,US-Eas-Ohi-Akr-44312,11-09-2022
CA-2022-152093,SN-20560,US-Cen-Ill-Chi-60653,11-09-2022
US-2022-152898,CB-12025,US-Sou-Vir-Ric-23223,12-09-2022
US-2022-142188,JF-15415,US-Wes-Was-Sea-98105,12-09-2022
CA-2022-166898,KH-16630,US-Wes-Cal-San-92704,12-09-2022
CA-2022-149559,KF-16285,US-Wes-Cal-Lon-90805,12-09-2022
CA-2022-127726,SS-20410,US-Sou-Ken-Geo-40324,12-09-2022
CA-2022-112774,RC-19960,US-Sou-Flo-Jac-32216,12-09-2022
US-2022-160836,CC-12475,US-Cen-Tex-Hou-77070,12-09-2022
CA-2022-117044,HA-14920,US-Cen-Ill-Chi-60623,12-09-2022
CA-2022-124898,DB-12910,US-Sou-Geo-Col-31907,12-09-2022
CA-2022-144484,CB-12025,US-Wes-Cal-San-94110,12-09-2022
CA-2022-140676,BF-11080,US-Eas-Mar-Bal-21215,13-09-2022
CA-2022-108749,DJ-13510,US-Eas-Rho-Woo-2895,13-09-2022
US-2022-109582,JM-15865,US-Wes-Cal-Los-90036,13-09-2022
CA-2022-103611,JM-15535,US-Wes-Cal-Los-90036,13-09-2022
CA-2022-139493,SG-20605,US-Sou-Nor-Ash-28806,14-09-2022
CA-2022-152975,RB-19705,US-Eas-New-New-10035,15-09-2022
CA-2022-147725,LT-17110,US-Eas-New-Ora-7050,15-09-2022
US-2022-157224,JB-16000,US-Wes-Cal-Los-90045,15-09-2022
CA-2022-130302,CY-12745,US-Eas-Ohi-Spr-45503,15-09-2022
CA-2022-156237,PS-18760,US-Eas-Pen-Phi-19140,15-09-2022
CA-2022-108931,HZ-14950,US-Eas-New-New-10024,15-09-2022
CA-2022-114440,TB-21520,US-Cen-Mic-Jac-49201,15-09-2022
CA-2022-115882,DB-13555,US-Sou-Nor-Ral-27604,15-09-2022
CA-2022-165008,DO-13645,US-Wes-Uta-Sal-84106,16-09-2022
CA-2022-124205,TC-21145,US-Eas-New-Lak-8701,16-09-2022
US-2022-163300,ES-14020,US-Wes-Cal-Los-90049,16-09-2022
US-2022-116652,RD-19480,US-Wes-Cal-San-94122,16-09-2022
CA-2022-130043,BB-11545,US-Cen-Tex-Hou-77070,16-09-2022
CA-2022-139822,Dp-13240,US-Eas-Con-Wat-6708,16-09-2022
CA-2022-145737,AB-10165,US-Sou-Ten-Leb-37087,16-09-2022
CA-2022-121888,CL-11890,US-Eas-Mas-Eve-2149,16-09-2022
CA-2022-132353,DB-13060,US-Cen-Ill-Chi-60653,16-09-2022
CA-2022-127096,CS-12400,US-Wes-Cal-San-94109,16-09-2022
CA-2022-134418,GM-14500,US-Wes-Was-Sea-98103,16-09-2022
CA-2022-146185,CC-12145,US-Cen-Tex-Hou-77095,16-09-2022
CA-2022-163020,MO-17800,US-Eas-New-New-10009,16-09-2022
CA-2022-112984,EH-14185,US-Eas-Pen-Phi-19143,17-09-2022
CA-2022-141446,CL-12700,US-Sou-Ken-Flo-41042,17-09-2022
CA-2022-118136,BB-10990,US-Wes-Cal-Ing-90301,17-09-2022
CA-2022-136448,AS-10090,US-Eas-Pen-Phi-19143,17-09-2022
CA-2022-130715,CY-12745,US-Wes-Cal-San-94110,17-09-2022
CA-2022-134173,AB-10060,US-Eas-Pen-Phi-19143,17-09-2022
CA-2022-144113,JF-15355,US-Cen-Tex-Aus-78745,17-09-2022
CA-2022-142293,SC-20380,US-Wes-Ida-Boi-83704,18-09-2022
CA-2022-137470,TP-21415,US-Wes-Was-Sea-98115,18-09-2022
CA-2022-126928,GZ-14470,US-Eas-New-Mor-7960,18-09-2022
CA-2022-157931,MO-17800,US-Sou-Geo-Ros-30076,18-09-2022
CA-2022-112515,AS-10225,US-Wes-Uta-Pro-84604,18-09-2022
CA-2022-105669,SJ-20125,US-Cen-Tex-Hou-77036,18-09-2022
CA-2022-164756,SS-20140,US-Sou-Geo-Col-31907,19-09-2022
CA-2022-131016,DC-12850,US-Cen-Tex-Arl-76017,19-09-2022
CA-2022-166856,TS-21505,US-Wes-New-Clo-88101,19-09-2022
CA-2022-134439,TM-21010,US-Cen-Neb-Gra-68801,19-09-2022
CA-2022-133333,BF-11020,US-Cen-Wis-Gre-54302,19-09-2022
CA-2022-148068,MM-18280,US-Eas-New-New-10035,19-09-2022
CA-2022-140508,PA-19060,US-Cen-Tex-Dal-75220,19-09-2022
CA-2022-106180,SH-19975,US-Wes-Cal-San-94122,19-09-2022
CA-2022-139787,JP-16135,US-Sou-Geo-Col-31907,20-09-2022
CA-2022-153822,AB-10105,US-Wes-Ari-Pho-85023,20-09-2022
CA-2022-160801,FG-14260,US-Eas-Pen-Phi-19120,20-09-2022
CA-2022-102974,DP-13105,US-Wes-Cal-Los-90032,20-09-2022
CA-2022-143378,JR-16210,US-Wes-Ore-Spr-97477,20-09-2022
CA-2022-139619,ES-14080,US-Sou-Flo-Mel-32935,20-09-2022
US-2022-148866,JM-15535,US-Eas-New-New-10011,20-09-2022
CA-2022-100111,SV-20365,US-Eas-New-New-10035,21-09-2022
CA-2022-133074,DB-13615,US-Wes-Cal-San-94109,22-09-2022
CA-2022-169817,EB-13870,US-Eas-Pen-Phi-19143,22-09-2022
CA-2022-165155,BM-11575,US-Wes-Cal-Los-90045,22-09-2022
CA-2022-132262,ML-18265,US-Wes-Was-Sea-98103,22-09-2022
CA-2022-151428,RH-19495,US-Cen-Min-Roc-55901,22-09-2022
US-2022-146878,DL-12865,US-Sou-Flo-Mia-33142,22-09-2022
CA-2022-123351,KT-16480,US-Sou-Geo-Col-31907,22-09-2022
CA-2022-166317,JE-15610,US-Cen-Wis-Mil-53209,23-09-2022
CA-2022-102967,MG-17890,US-Eas-New-Con-3301,23-09-2022
CA-2022-117009,BK-11260,US-Wes-Cal-San-92704,23-09-2022
US-2022-103226,DW-13195,US-Wes-New-Alb-87105,23-09-2022
CA-2022-158379,JA-15970,US-Eas-Pen-Phi-19134,23-09-2022
CA-2022-162789,LC-17140,US-Eas-New-New-10035,23-09-2022
CA-2022-161970,PB-19105,US-Sou-Geo-Smy-30080,23-09-2022
CA-2022-167381,EH-14005,US-Cen-Mic-Lan-48911,23-09-2022
US-2022-108245,SH-19975,US-Cen-Tex-Pea-77581,23-09-2022
CA-2022-122196,CA-12265,US-Eas-Del-Wil-19805,23-09-2022
CA-2022-161053,JE-15745,US-Sou-Ark-Fay-72701,23-09-2022
CA-2022-136000,SC-20440,US-Eas-New-New-10009,23-09-2022
CA-2022-103520,MH-17785,US-Cen-Tex-Lub-79424,24-09-2022
CA-2022-121853,DB-13660,US-Wes-Cal-Los-90036,24-09-2022
CA-2022-102309,DO-13645,US-Sou-Ark-Pin-71603,24-09-2022
CA-2022-121412,BG-11695,US-Wes-Col-Lou-80027,24-09-2022
CA-2022-117485,BD-11320,US-Cen-Okl-Tul-74133,24-09-2022
US-2022-132059,AP-10915,US-Wes-Col-For-80525,24-09-2022
CA-2022-123778,BS-11755,US-Wes-Cal-San-94122,24-09-2022
CA-2022-132521,DW-13540,US-Wes-Was-Sea-98105,24-09-2022
US-2022-125647,LC-16870,US-Cen-Ill-Chi-60653,24-09-2022
CA-2022-121314,BE-11410,US-Sou-Flo-Mia-33178,24-09-2022
CA-2022-138422,KN-16705,US-Wes-Col-For-80525,24-09-2022
CA-2022-122364,FA-14230,US-Wes-Cal-Los-90008,25-09-2022
CA-2022-108910,KC-16540,US-Eas-Ohi-New-43055,25-09-2022
CA-2022-163335,AG-10675,US-Sou-Geo-Col-31907,25-09-2022
CA-2022-130148,NK-18490,US-Wes-Cal-San-94110,25-09-2022
CA-2022-148411,RO-19780,US-Cen-Ill-Chi-60623,25-09-2022
CA-2022-121839,MH-18115,US-Eas-Ohi-Lan-43130,25-09-2022
CA-2022-134096,PP-18955,US-Sou-Flo-Hol-33021,25-09-2022
CA-2022-144694,BD-11605,US-Sou-Flo-Mia-33180,25-09-2022
CA-2022-142034,KB-16240,US-Cen-Min-Sai-56301,25-09-2022
US-2022-132675,KF-16285,US-Sou-Geo-San-30328,25-09-2022
CA-2022-160325,BP-11095,US-Eas-Mas-Law-1841,25-09-2022
CA-2022-142391,PB-19150,US-Wes-Was-Sea-98115,25-09-2022
CA-2022-144904,KW-16435,US-Eas-New-New-10009,26-09-2022
CA-2022-169929,LS-17200,US-Wes-Mon-Hel-59601,26-09-2022
CA-2022-122112,CA-11965,US-Eas-Ohi-Lak-44107,26-09-2022
CA-2022-112004,AH-10075,US-Eas-Pen-Che-19013,26-09-2022
CA-2022-162572,RB-19360,US-Eas-Ohi-Cin-45231,26-09-2022
CA-2022-116939,AG-10900,US-Sou-Vir-Ric-23223,26-09-2022
CA-2022-162481,CT-11995,US-Cen-Min-Roc-55901,26-09-2022
CA-2022-156391,SL-20155,US-Wes-Ore-Sal-97301,27-09-2022
US-2022-106145,RA-19885,US-Wes-Cal-San-94109,27-09-2022
CA-2022-129490,SJ-20125,US-Sou-Flo-Mir-33023,27-09-2022
CA-2022-160017,SP-20860,US-Sou-Flo-Jac-32216,29-09-2022
US-2022-139955,CM-12160,US-Cen-Tex-Bro-78521,29-09-2022
CA-2022-152205,SF-20965,US-Eas-Pen-Phi-19134,29-09-2022
CA-2022-101574,BD-11725,US-Wes-Cal-Los-90032,29-09-2022
US-2022-125717,DS-13030,US-Wes-Col-Aur-80013,29-09-2022
CA-2022-121300,MG-17680,US-Eas-Ohi-Men-44060,30-09-2022
CA-2022-137918,JK-15730,US-Wes-Cal-Lod-95240,30-09-2022
CA-2022-140186,PG-18820,US-Wes-Cal-Bak-93309,30-09-2022
US-2022-141509,SC-20575,US-Wes-Cal-Los-90036,30-09-2022
CA-2022-100314,AS-10630,US-Cen-Tex-Pas-77506,30-09-2022
CA-2022-118402,JO-15280,US-Sou-Ten-Mem-38109,30-09-2022
CA-2022-126676,FH-14365,US-Eas-New-Hem-11550,30-09-2022
CA-2022-128335,JA-15970,US-Eas-New-Mou-10550,30-09-2022
CA-2022-148138,ME-18010,US-Eas-Ohi-Mar-43302,30-09-2022
US-2022-130603,SC-20050,US-Cen-Tex-Arl-76017,01-10-2022
CA-2022-147452,CS-11845,US-Wes-Was-Sea-98103,01-10-2022
CA-2022-144225,CC-12475,US-Eas-Mar-Bal-21215,01-10-2022
CA-2022-123029,BT-11530,US-Wes-Cal-Los-90049,01-10-2022
US-2022-120908,BF-10975,US-Eas-Pen-Phi-19120,01-10-2022
CA-2022-156951,EB-13840,US-Wes-Was-Sea-98105,02-10-2022
CA-2022-129378,NS-18505,US-Wes-Cal-San-95123,02-10-2022
US-2022-139577,TN-21040,US-Wes-Cal-San-94110,02-10-2022
CA-2022-152275,KH-16630,US-Cen-Tex-San-78207,02-10-2022
CA-2022-117807,DK-13090,US-Cen-Neb-Fre-68025,02-10-2022
CA-2022-113418,CM-12655,US-Eas-New-New-10035,02-10-2022
US-2022-162558,Dp-13240,US-Sou-Ten-Kno-37918,03-10-2022
CA-2022-101308,FG-14260,US-Wes-Was-Sea-98105,03-10-2022
CA-2022-105914,PV-18985,US-Wes-Cal-Los-90036,03-10-2022
CA-2022-147564,BP-11155,US-Eas-New-New-10011,03-10-2022
CA-2022-152926,SC-20695,US-Cen-Tex-Hou-77041,03-10-2022
CA-2022-141117,JK-16090,US-Wes-Ore-Spr-97477,03-10-2022
CA-2022-137414,CM-12115,US-Wes-Cal-San-94109,03-10-2022
CA-2022-123981,RW-19630,US-Eas-New-New-10035,03-10-2022
CA-2022-116113,JW-15220,US-Sou-Ala-Mon-36116,03-10-2022
CA-2022-126074,RF-19735,US-Cen-Mic-Tre-48183,03-10-2022
CA-2022-134607,HL-15040,US-Eas-New-Roc-14609,04-10-2022
CA-2022-144820,LW-16825,US-Cen-Tex-Pas-77506,04-10-2022
CA-2022-149853,PO-18850,US-Sou-Flo-Hia-33012,04-10-2022
CA-2022-141789,AC-10450,US-Cen-Min-Min-55407,04-10-2022
CA-2022-143035,CC-12430,US-Eas-New-New-10009,04-10-2022
CA-2022-101749,AS-10045,US-Wes-Cal-Pas-91104,04-10-2022
CA-2022-163818,PS-18970,US-Eas-Mar-Cli-20735,05-10-2022
CA-2022-131807,GG-14650,US-Wes-Cal-Chi-95928,06-10-2022
US-2022-103247,PO-19195,US-Eas-New-New-10011,06-10-2022
CA-2022-143112,TS-21370,US-Eas-New-New-10035,06-10-2022
CA-2022-167661,MP-18175,US-Wes-Cal-San-94110,06-10-2022
CA-2022-157672,RB-19795,US-Wes-Col-Den-80219,06-10-2022
US-2022-136868,CR-12820,US-Eas-New-New-10035,07-10-2022
CA-2022-109099,MM-18280,US-Eas-New-New-10009,07-10-2022
CA-2022-137421,AJ-10945,US-Wes-Ari-Cha-85224,07-10-2022
CA-2022-118577,XP-21865,US-Eas-New-Bel-7109,07-10-2022
CA-2022-146269,MH-17455,US-Cen-Ill-Chi-60623,07-10-2022
US-2022-148054,NZ-18565,US-Wes-Ida-Mer-83642,07-10-2022
CA-2022-108574,MG-18145,US-Wes-Cal-Los-90045,08-10-2022
CA-2022-148404,Dp-13240,US-Sou-Nor-Cha-28205,08-10-2022
CA-2022-104003,DC-13285,US-Wes-Cal-San-94110,08-10-2022
CA-2022-152709,DB-13210,US-Cen-Mic-Det-48234,08-10-2022
CA-2022-128426,JK-15730,US-Cen-Tex-Hou-77036,08-10-2022
CA-2022-105487,CS-12250,US-Wes-Cal-San-92105,09-10-2022
US-2022-168613,GM-14440,US-Eas-New-New-10009,09-10-2022
CA-2022-151596,BP-11050,US-Eas-Rho-Cra-2920,09-10-2022
CA-2022-162635,EB-14170,US-Sou-Nor-Wil-28403,10-10-2022
CA-2022-141873,HG-14845,US-Eas-New-New-10024,10-10-2022
US-2022-115595,XP-21865,US-Wes-Cal-Los-90032,10-10-2022
CA-2022-132430,CP-12085,US-Eas-Ohi-Lak-44107,10-10-2022
US-2022-117247,CK-12760,US-Cen-Ill-Aur-60505,10-10-2022
CA-2022-163125,MB-17305,US-Cen-Tex-Lea-77573,10-10-2022
CA-2022-111717,SW-20245,US-Cen-Ill-Aur-60505,11-10-2022
CA-2022-152933,MG-17650,US-Cen-Tex-Dal-75081,13-10-2022
CA-2022-152702,SN-20710,US-Cen-Ill-Roc-61107,13-10-2022
CA-2022-130505,NF-18385,US-Eas-Wes-Whe-26003,13-10-2022
CA-2022-112431,RW-19690,US-Wes-Cal-Los-90049,13-10-2022
CA-2022-149146,SM-20320,US-Sou-Nor-Mon-28110,13-10-2022
CA-2022-126536,NK-18490,US-Wes-Cal-San-94110,13-10-2022
CA-2022-168655,ML-18040,US-Wes-New-Alb-87105,13-10-2022
CA-2022-169362,SP-20860,US-Cen-Tex-Dal-75217,13-10-2022
CA-2022-169607,CA-12265,US-Eas-New-New-10024,13-10-2022
CA-2022-150091,NP-18670,US-Eas-New-Lak-8701,13-10-2022
CA-2022-132976,AG-10495,US-Eas-Pen-Phi-19140,14-10-2022
CA-2022-116519,CR-12730,US-Eas-New-New-10009,14-10-2022
CA-2022-163160,TS-21610,US-Cen-Ill-Fre-61032,14-10-2022
CA-2022-103212,MH-18025,US-Sou-Lou-Laf-70506,14-10-2022
CA-2022-135909,JW-15220,US-Wes-Cal-Sac-95823,14-10-2022
US-2022-148831,AH-10210,US-Sou-Ken-Lou-40214,14-10-2022
CA-2022-126123,AG-10765,US-Cen-Ill-Chi-60623,15-10-2022
CA-2022-150707,EL-13735,US-Eas-Mar-Col-21044,15-10-2022
CA-2022-168837,JW-15955,US-Wes-Cal-Oak-94601,15-10-2022
CA-2022-151183,BK-11260,US-Wes-Cal-San-94110,15-10-2022
CA-2022-113670,RS-19765,US-Wes-Cal-Los-90045,16-10-2022
CA-2022-154949,MC-17275,US-Wes-Cal-Cam-93010,16-10-2022
CA-2022-142643,DL-13495,US-Wes-Cal-Tho-91360,16-10-2022
CA-2022-164819,RS-19420,US-Eas-Con-Fai-6824,16-10-2022
CA-2022-100237,SV-20815,US-Wes-Uta-Ore-84057,16-10-2022
CA-2022-106033,FG-14260,US-Wes-Cal-San-94110,16-10-2022
CA-2022-111577,AJ-10780,US-Wes-Ari-Sco-85254,17-10-2022
CA-2022-159100,VP-21760,US-Sou-Ten-Col-38401,17-10-2022
CA-2022-132234,MY-17380,US-Eas-New-New-10011,17-10-2022
CA-2022-159282,GH-14410,US-Wes-Ari-Yum-85364,17-10-2022
CA-2022-158386,BO-11425,US-Sou-Ken-Ric-40475,17-10-2022
CA-2022-165603,SS-20140,US-Eas-Rho-War-2886,18-10-2022
CA-2022-123246,AJ-10960,US-Wes-Cal-San-92037,18-10-2022
CA-2022-114804,BF-11020,US-Wes-Cal-Mod-95351,18-10-2022
CA-2022-125199,HM-14860,US-Eas-Pen-Phi-19120,20-10-2022
CA-2022-106432,CA-12265,US-Cen-Tex-Wac-76706,20-10-2022
CA-2022-107727,MA-17560,US-Cen-Tex-Hou-77095,20-10-2022
CA-2022-159457,RD-19480,US-Cen-Tex-Hou-77095,20-10-2022
US-2022-120390,TH-21550,US-Sou-Nor-Bur-27217,20-10-2022
CA-2022-117653,MO-17500,US-Cen-Ill-Chi-60623,20-10-2022
CA-2022-125388,MP-17965,US-Eas-Mas-Law-1841,20-10-2022
CA-2022-131492,HH-15010,US-Wes-Cal-San-94110,20-10-2022
CA-2022-125990,JS-16030,US-Wes-Cal-San-94122,20-10-2022
CA-2022-103065,PT-19090,US-Sou-Flo-Jac-32216,21-10-2022
CA-2022-147277,EB-13705,US-Eas-Ohi-Akr-44312,21-10-2022
CA-2022-158722,MA-17560,US-Eas-Pen-Phi-19120,21-10-2022
US-2022-115252,MY-18295,US-Sou-Nor-Dur-27707,21-10-2022
CA-2022-104822,RB-19465,US-Eas-New-New-10024,21-10-2022
US-2022-146416,JE-16165,US-Wes-Cal-Woo-95695,21-10-2022
CA-2022-158743,IG-15085,US-Sou-Ark-Lit-72209,21-10-2022
CA-2022-167094,DK-12835,US-Wes-Ore-Spr-97477,22-10-2022
CA-2022-148166,NK-18490,US-Sou-Flo-Del-32725,22-10-2022
CA-2022-117422,FC-14245,US-Eas-Ohi-Lak-44107,22-10-2022
CA-2022-142125,JB-15400,US-Cen-Wis-Mil-53209,22-10-2022
CA-2022-145884,SL-20155,US-Cen-Okl-Mus-74403,22-10-2022
CA-2022-100356,SP-20920,US-Cen-Ill-Chi-60653,22-10-2022
CA-2022-154410,MD-17860,US-Cen-Ind-Ind-46203,22-10-2022
CA-2022-113453,CM-12160,US-Eas-Pen-Phi-19143,22-10-2022
CA-2022-113558,PH-18790,US-Sou-Flo-Lak-33801,22-10-2022
US-2022-117331,ND-18370,US-Wes-Ari-Gle-85301,22-10-2022
CA-2022-130211,BD-11620,US-Cen-Okl-Law-73505,23-10-2022
CA-2022-127180,TA-21385,US-Eas-New-New-10024,23-10-2022
US-2022-111920,PS-18970,US-Cen-Okl-Tul-74133,23-10-2022
CA-2022-130141,HA-14905,US-Wes-Col-For-80525,23-10-2022
CA-2022-156363,ML-17395,US-Eas-Pen-Phi-19134,23-10-2022
CA-2022-101581,DW-13195,US-Wes-Ore-Red-97756,23-10-2022
CA-2022-125451,AH-10075,US-Eas-Rho-Cra-2920,24-10-2022
CA-2022-117079,JR-15700,US-Sou-Flo-Jac-32216,24-10-2022
US-2022-105389,DM-13015,US-Cen-Tex-San-78207,24-10-2022
CA-2022-139913,JC-16105,US-Eas-New-Roc-14609,24-10-2022
CA-2022-106068,RB-19330,US-Cen-Tex-Aus-78745,24-10-2022
CA-2022-144365,CS-11950,US-Sou-Mis-Jac-39212,25-10-2022
CA-2022-141705,PO-18850,US-Cen-Tex-Man-76063,25-10-2022
CA-2022-155558,PG-18895,US-Cen-Min-Roc-55901,27-10-2022
CA-2022-162173,OT-18730,US-Sou-Vir-Vir-23464,27-10-2022
US-2022-110646,JF-15190,US-Eas-Pen-Phi-19134,27-10-2022
CA-2022-115119,SC-20440,US-Eas-Pen-Lan-17602,27-10-2022
CA-2022-102729,BF-11215,US-Cen-Tex-Dal-75217,27-10-2022
CA-2022-110310,NB-18655,US-Sou-Flo-Tal-32303,28-10-2022
CA-2022-134880,TW-21025,US-Wes-Ari-Mes-85204,28-10-2022
CA-2022-127922,SH-19975,US-Cen-Tex-Dal-75081,28-10-2022
CA-2022-151225,JM-15655,US-Wes-Cal-Los-90032,28-10-2022
CA-2022-130764,JO-15145,US-Wes-Cal-San-94110,28-10-2022
CA-2022-110373,MA-17560,US-Cen-Ill-Chi-60610,28-10-2022
CA-2022-139353,JM-15250,US-Sou-Nor-Fay-28314,29-10-2022
CA-2022-111262,KH-16510,US-Cen-Tex-Hou-77095,29-10-2022
CA-2022-118367,LO-17170,US-Eas-New-New-10035,29-10-2022
CA-2022-160661,SA-20830,US-Eas-Mas-Eve-2149,29-10-2022
CA-2022-160983,GB-14530,US-Eas-New-Aub-13021,30-10-2022
CA-2022-155292,RD-19810,US-Sou-Ken-Ric-40475,31-10-2022
CA-2022-152583,RA-19945,US-Cen-Tex-Dal-75217,31-10-2022
CA-2022-142622,JK-15625,US-Wes-Was-Sea-98115,31-10-2022
CA-2022-152807,MC-18100,US-Eas-Pen-Phi-19140,31-10-2022
CA-2022-127285,MM-18055,US-Wes-Was-Sea-98115,31-10-2022
CA-2022-123491,JK-15205,US-Wes-Cal-San-94122,31-10-2022
CA-2022-139661,JW-15220,US-Wes-Was-Van-98661,31-10-2022
CA-2022-131632,AH-10120,US-Cen-Tex-Dal-75217,01-11-2022
CA-2022-117114,CY-12745,US-Cen-Ill-Chi-60610,01-11-2022
CA-2022-104136,SF-20065,US-Eas-Mas-Eve-2149,02-11-2022
CA-2022-123967,SF-20200,US-Wes-Was-Bel-98226,02-11-2022
CA-2022-127782,TH-21115,US-Eas-Pen-Phi-19140,03-11-2022
CA-2022-143567,TB-21175,US-Sou-Ken-Hen-42420,03-11-2022
US-2022-145597,GG-14650,US-Cen-Ill-Blo-61701,03-11-2022
CA-2022-116358,KM-16225,US-Cen-Kan-Ove-66212,03-11-2022
US-2022-115609,CS-12505,US-Wes-Cal-Los-90036,03-11-2022
CA-2022-164049,KH-16630,US-Wes-Was-Sea-98105,03-11-2022
CA-2022-169005,BG-11035,US-Sou-Vir-Spr-22153,03-11-2022
CA-2022-167227,NP-18670,US-Cen-Mis-Sai-63116,03-11-2022
CA-2022-120061,SR-20425,US-Eas-Ohi-Spr-45503,03-11-2022
CA-2022-141425,AR-10825,US-Eas-Ohi-Col-43229,03-11-2022
CA-2022-168179,JB-16000,US-Wes-Uta-Sal-84106,03-11-2022
US-2022-163790,NL-18310,US-Wes-Cal-Dan-94526,03-11-2022
US-2022-168802,JO-15145,US-Wes-Was-Sea-98103,04-11-2022
CA-2022-135419,BG-11740,US-Wes-Cal-Bak-93309,04-11-2022
CA-2022-126046,JC-16105,US-Sou-Geo-Atl-30318,04-11-2022
US-2022-110989,EJ-14155,US-Wes-Was-Sea-98105,04-11-2022
US-2022-105998,CR-12580,US-Wes-Cal-San-92037,04-11-2022
CA-2022-130834,JM-16195,US-Sou-Nor-Wil-28403,04-11-2022
CA-2022-110429,DM-13015,US-Eas-Pen-Phi-19143,04-11-2022
CA-2022-100622,DK-13090,US-Sou-Flo-Orl-32839,04-11-2022
CA-2022-121615,DL-12925,US-Cen-Min-Eag-55122,04-11-2022
CA-2022-143329,DL-13330,US-Wes-New-Las-88001,04-11-2022
CA-2022-103009,PJ-18835,US-Sou-Ken-Ric-40475,04-11-2022
CA-2022-153339,DJ-13510,US-Sou-Ten-Mur-37130,04-11-2022
CA-2022-148320,PG-18895,US-Wes-Cal-San-94109,04-11-2022
US-2022-101518,PB-19105,US-Eas-Pen-Phi-19140,04-11-2022
CA-2022-161130,BF-11275,US-Sou-Flo-Mia-33178,04-11-2022
CA-2022-142636,KC-16675,US-Wes-Was-Sea-98105,04-11-2022
US-2022-122672,HG-14965,US-Eas-Ohi-Lan-43130,05-11-2022
CA-2022-147760,KL-16555,US-Sou-Nor-Gre-27405,05-11-2022
US-2022-168116,GT-14635,US-Sou-Nor-Bur-27217,05-11-2022
CA-2022-159135,KM-16375,US-Sou-Ark-Spr-72762,05-11-2022
CA-2022-105144,SZ-20035,US-Cen-Tex-Gra-75051,05-11-2022
US-2022-156083,JL-15175,US-Sou-Ten-Col-38401,05-11-2022
CA-2022-102610,CA-12265,US-Sou-Ten-Cha-37421,05-11-2022
CA-2022-121160,FM-14290,US-Cen-Tex-Bry-77803,05-11-2022
CA-2022-102925,CD-12280,US-Eas-New-New-10024,06-11-2022
CA-2022-118213,AB-10060,US-Cen-Ind-Gre-46142,06-11-2022
CA-2022-154732,AH-10195,US-Cen-Ill-Chi-60623,06-11-2022
US-2022-107272,TS-21610,US-Wes-Ari-Pho-85023,06-11-2022
CA-2022-157196,AA-10645,US-Wes-Cal-San-92105,06-11-2022
CA-2022-114258,EM-13825,US-Cen-Tex-Dal-75081,06-11-2022
CA-2022-116225,SV-20935,US-Eas-New-New-10009,06-11-2022
US-2022-111745,RA-19885,US-Wes-New-Far-87401,06-11-2022
CA-2022-144596,CD-11980,US-Eas-New-New-10011,07-11-2022
CA-2022-167941,JF-15565,US-Sou-Nor-Fay-28314,07-11-2022
CA-2022-106691,CC-12370,US-Cen-Tex-Hou-77070,07-11-2022
US-2022-119319,LC-17050,US-Cen-Tex-Dal-75217,07-11-2022
CA-2022-154109,ML-17410,US-Eas-Pen-Phi-19143,07-11-2022
US-2022-153948,FM-14290,US-Wes-Cal-San-94122,07-11-2022
CA-2022-125290,CC-12430,US-Cen-Min-Min-55407,07-11-2022
CA-2022-100013,ZC-21910,US-Wes-Cal-Los-90045,07-11-2022
CA-2022-107720,VM-21685,US-Eas-New-Wes-7090,07-11-2022
CA-2022-107174,AB-10060,US-Wes-Was-Sea-98105,07-11-2022
CA-2022-150504,HG-14845,US-Cen-Tex-Dal-75220,07-11-2022
CA-2022-154816,VB-21745,US-Sou-Ken-Ric-40475,07-11-2022
US-2022-109484,RB-19705,US-Wes-Ore-Por-97206,07-11-2022
CA-2022-132346,PK-19075,US-Eas-Del-New-19711,08-11-2022
CA-2022-152737,TS-21505,US-Wes-Cal-San-94122,08-11-2022
CA-2022-149888,EP-13915,US-Eas-Pen-Phi-19120,08-11-2022
CA-2022-163188,EC-14050,US-Cen-Okl-Okl-73120,08-11-2022
CA-2022-122504,DB-13270,US-Wes-Cal-Bre-94513,08-11-2022
CA-2022-113572,FP-14320,US-Eas-New-New-10024,08-11-2022
CA-2022-113460,KN-16390,US-Eas-Mar-Cli-20735,08-11-2022
CA-2022-155621,KN-16450,US-Eas-Mar-Bal-21215,09-11-2022
CA-2022-143658,SR-20425,US-Eas-New-New-10035,09-11-2022
CA-2022-152912,BM-11650,US-Eas-Mar-Col-21044,10-11-2022
US-2022-141852,JE-15745,US-Wes-Cal-Oce-92054,10-11-2022
CA-2022-158246,JB-15400,US-Wes-Cal-Sun-94086,10-11-2022
CA-2022-159667,PM-19135,US-Sou-Flo-Jac-32216,10-11-2022
CA-2022-159597,MC-17590,US-Wes-Cal-Coa-92236,10-11-2022
CA-2022-161018,PN-18775,US-Eas-New-New-10009,10-11-2022
CA-2022-119494,JE-15610,US-Wes-Cal-San-92105,10-11-2022
US-2022-128447,MC-17845,US-Wes-Was-Pas-99301,11-11-2022
CA-2022-163874,NC-18535,US-Wes-Was-Sea-98105,11-11-2022
CA-2022-137624,ME-17320,US-Wes-Cal-Los-90008,11-11-2022
US-2022-155425,AB-10600,US-Wes-Ari-Tuc-85705,11-11-2022
CA-2022-141138,GH-14425,US-Wes-Cal-Mod-95351,11-11-2022
CA-2022-142671,DR-12940,US-Sou-Flo-Hol-33021,11-11-2022
CA-2022-104640,FH-14275,US-Eas-New-New-10024,11-11-2022
CA-2022-162096,TB-21190,US-Wes-Cal-Riv-92503,11-11-2022
CA-2022-161739,EB-13750,US-Cen-Tex-Rou-78664,11-11-2022
CA-2022-167976,JL-15505,US-Cen-Sou-Abe-57401,12-11-2022
CA-2022-158561,BB-11545,US-Sou-Flo-For-33311,12-11-2022
CA-2022-143455,ML-17755,US-Eas-Ohi-Spr-45503,12-11-2022
CA-2022-115448,MH-18025,US-Sou-Ten-Kno-37918,12-11-2022
CA-2022-110842,GA-14725,US-Wes-Cal-Los-90036,12-11-2022
CA-2022-150959,TD-20995,US-Cen-Tex-Gar-75043,12-11-2022
CA-2022-154137,MT-17815,US-Eas-New-New-10009,12-11-2022
US-2022-116491,PG-18820,US-Cen-Tex-Dal-75081,12-11-2022
CA-2022-120327,WB-21850,US-Cen-Iow-Urb-50322,12-11-2022
CA-2022-157483,EP-13915,US-Cen-Mic-Det-48227,12-11-2022
CA-2022-143217,CG-12040,US-Cen-Wis-Mil-53209,12-11-2022
CA-2022-148985,TB-21190,US-Wes-Cal-Los-90045,12-11-2022
CA-2022-164168,LS-16975,US-Cen-Tex-Dal-75081,13-11-2022
CA-2022-166835,DK-13375,US-Eas-Pen-Lan-17602,13-11-2022
CA-2022-134915,EM-14140,US-Wes-Ari-Gle-85301,13-11-2022
CA-2022-122644,SF-20965,US-Eas-Ohi-Col-43229,13-11-2022
US-2022-116659,NG-18355,US-Eas-Ohi-New-43055,13-11-2022
CA-2022-164364,CS-12355,US-Wes-Was-Sea-98115,13-11-2022
US-2022-136707,JE-15610,US-Wes-Cal-Los-90036,13-11-2022
CA-2022-149944,MB-17305,US-Wes-Was-Lon-98632,13-11-2022
CA-2022-154088,LB-16735,US-Sou-Flo-Tal-32303,13-11-2022
CA-2022-134978,EB-13705,US-Eas-New-New-10024,13-11-2022
US-2022-125808,EP-13915,US-Wes-Cal-Los-90032,13-11-2022
CA-2022-130386,NG-18430,US-Cen-Tex-Aus-78745,13-11-2022
CA-2022-160514,DB-13120,US-Wes-Cal-San-95051,13-11-2022
US-2022-132220,DJ-13510,US-Wes-Ari-Tem-85281,13-11-2022
US-2022-165344,SB-20290,US-Eas-Ohi-Spr-45503,14-11-2022
US-2022-153633,TC-21295,US-Sou-Flo-Jup-33458,14-11-2022
CA-2022-113873,KE-16420,US-Cen-Tex-Dal-75220,14-11-2022
US-2022-140312,KL-16645,US-Wes-Cal-Dub-94568,14-11-2022
CA-2022-159156,KB-16600,US-Eas-New-New-10009,14-11-2022
CA-2022-122490,TT-21070,US-Wes-Was-Sea-98103,14-11-2022
CA-2022-165204,MN-17935,US-Sou-Ten-Mem-38109,14-11-2022
US-2022-124926,ME-17320,US-Cen-Tex-Hou-77095,14-11-2022
CA-2022-123624,SE-20110,US-Wes-Cal-Oxn-93030,14-11-2022
CA-2022-112844,SP-20620,US-Eas-New-Buf-14215,14-11-2022
CA-2022-160416,AD-10180,US-Eas-New-Yon-10701,14-11-2022
CA-2022-133620,EM-14065,US-Eas-New-New-10009,14-11-2022
US-2022-119662,CS-12400,US-Cen-Ill-Chi-60623,14-11-2022
US-2022-102904,CB-12025,US-Sou-Ala-Dec-35601,14-11-2022
CA-2022-137323,PW-19030,US-Eas-New-Wat-13601,15-11-2022
US-2022-136679,XP-21865,US-Cen-Tex-Pas-77506,15-11-2022
US-2022-118157,AW-10930,US-Cen-Min-Min-55407,15-11-2022
CA-2022-152142,LW-16990,US-Wes-Cal-San-94110,15-11-2022
CA-2022-106943,FO-14305,US-Eas-New-New-10035,15-11-2022
CA-2022-142489,TC-21295,US-Cen-Tex-Hou-77095,15-11-2022
CA-2022-138611,CK-12595,US-Eas-Ohi-Gro-43123,15-11-2022
CA-2022-124261,JE-15715,US-Wes-Cal-Los-90049,15-11-2022
CA-2022-108112,DK-12895,US-Sou-Flo-Mir-33023,16-11-2022
CA-2022-137022,SW-20275,US-Wes-Cal-San-92105,17-11-2022
CA-2022-121678,BM-11650,US-Eas-Ohi-Ely-44035,17-11-2022
US-2022-107888,CC-12220,US-Wes-Was-Sea-98103,17-11-2022
US-2022-157896,CB-12415,US-Eas-New-New-10009,17-11-2022
CA-2022-160633,BS-11380,US-Eas-Ohi-Bow-43402,17-11-2022
US-2022-114657,MH-18115,US-Eas-New-Yon-10701,17-11-2022
CA-2022-100601,JK-15370,US-Wes-Cal-Fre-93727,17-11-2022
CA-2022-122945,MB-18085,US-Wes-Cal-Ros-95661,17-11-2022
US-2022-118598,CM-12190,US-Eas-New-Uti-13501,17-11-2022
CA-2022-108091,EK-13795,US-Wes-Cal-Esc-92025,17-11-2022
CA-2022-157448,LC-16885,US-Wes-Cal-Los-90049,17-11-2022
CA-2022-136308,MW-18235,US-Wes-Cal-San-94122,17-11-2022
CA-2022-118122,GG-14650,US-Wes-Was-Sea-98103,18-11-2022
CA-2022-158120,KH-16330,US-Wes-Ore-Hil-97123,18-11-2022
US-2022-116505,TB-21625,US-Eas-Mar-Hag-21740,18-11-2022
CA-2022-100902,CK-12595,US-Sou-Nor-Cha-28205,18-11-2022
CA-2022-138163,XP-21865,US-Eas-Mas-Eve-2149,18-11-2022
CA-2022-163629,RA-19885,US-Sou-Geo-Ath-30605,18-11-2022
CA-2022-165687,CS-12355,US-Sou-Vir-Sal-24153,18-11-2022
CA-2022-141719,EG-13900,US-Cen-Ill-Nap-60540,18-11-2022
CA-2022-166709,HL-15040,US-Eas-Del-New-19711,18-11-2022
CA-2022-128265,VW-21775,US-Eas-New-New-10011,18-11-2022
US-2022-155866,CC-12370,US-Eas-New-New-10011,18-11-2022
CA-2022-124674,JB-16000,US-Cen-Tex-Bro-78521,18-11-2022
CA-2022-160122,RD-19930,US-Cen-Ill-Chi-60623,19-11-2022
CA-2022-104864,JS-15685,US-Sou-Flo-Mir-33023,19-11-2022
US-2022-132444,CD-12280,US-Wes-Was-Sea-98105,19-11-2022
US-2022-158946,JW-15220,US-Eas-Ohi-Lak-44107,19-11-2022
CA-2022-107825,NB-18655,US-Cen-Wis-Mil-53209,19-11-2022
CA-2022-143434,ME-17320,US-Cen-Mic-Sag-48601,19-11-2022
CA-2022-104913,DK-13090,US-Eas-New-Lon-11561,19-11-2022
CA-2022-167871,AF-10870,US-Sou-Flo-Hom-33030,19-11-2022
CA-2022-168858,JD-16150,US-Eas-New-New-10011,20-11-2022
CA-2022-143021,AP-10720,US-Eas-New-New-10011,20-11-2022
CA-2022-112529,SC-20770,US-Cen-Tex-San-78207,20-11-2022
US-2022-152380,JH-15910,US-Cen-Ill-Chi-60623,20-11-2022
CA-2022-158876,AB-10150,US-Cen-Tex-Car-75007,20-11-2022
CA-2022-162929,AS-10135,US-Eas-New-New-10035,20-11-2022
CA-2022-126242,MC-18100,US-Wes-Cal-Los-90049,20-11-2022
CA-2022-131254,NC-18415,US-Cen-Tex-Hou-77095,20-11-2022
CA-2022-110926,DD-13570,US-Sou-Vir-Ale-22304,20-11-2022
CA-2022-146458,RB-19435,US-Sou-Vir-Spr-22153,20-11-2022
CA-2022-121468,KD-16345,US-Wes-Cal-Wes-92683,20-11-2022
CA-2022-101042,AB-10105,US-Sou-Ken-Hen-42420,20-11-2022
US-2022-137491,LC-16930,US-Cen-Tex-San-76903,20-11-2022
US-2022-139969,AF-10870,US-Cen-Tex-Col-77840,20-11-2022
US-2022-108014,JH-15430,US-Eas-Ohi-Cle-44105,20-11-2022
CA-2022-111556,CD-11920,US-Eas-New-New-10035,21-11-2022
CA-2022-118731,LP-17080,US-Wes-Cal-San-94110,21-11-2022
CA-2022-120404,KH-16330,US-Eas-New-New-10035,21-11-2022
US-2022-110996,KA-16525,US-Wes-Cal-Ont-91761,21-11-2022
CA-2022-103499,ES-14020,US-Sou-Ten-Jac-38301,21-11-2022
CA-2022-146724,HG-15025,US-Cen-Min-Lak-55044,21-11-2022
US-2022-161193,BT-11680,US-Eas-Ohi-New-43055,21-11-2022
CA-2022-121818,JH-15430,US-Sou-Nor-Bur-27217,21-11-2022
CA-2022-154123,SC-20050,US-Sou-Ken-Hen-42420,21-11-2022
CA-2022-110443,CK-12205,US-Wes-Was-Ren-98059,22-11-2022
CA-2022-103380,BF-11005,US-Wes-Cal-Pas-91104,22-11-2022
CA-2022-157420,HZ-14950,US-Cen-Tex-Hou-77095,22-11-2022
CA-2022-142888,BP-11230,US-Wes-Was-Spo-99207,22-11-2022
CA-2022-105130,PJ-18835,US-Wes-Cal-San-94122,22-11-2022
CA-2022-107874,SW-20275,US-Eas-New-New-10035,22-11-2022
CA-2022-100811,CC-12475,US-Eas-Pen-Phi-19143,22-11-2022
CA-2022-144036,FO-14305,US-Cen-Tex-Hou-77070,23-11-2022
CA-2022-166919,AH-10210,US-Cen-Tex-Dal-75220,24-11-2022
CA-2022-149160,JM-15265,US-Cen-Mic-Can-48187,24-11-2022
CA-2022-156622,JP-15460,US-Cen-Tex-Dal-75220,24-11-2022
CA-2022-167017,DC-12850,US-Cen-Mic-Ros-48066,24-11-2022
CA-2022-119004,JM-15250,US-Sou-Nor-Cha-28205,24-11-2022
CA-2022-103156,TD-20995,US-Eas-Pen-Phi-19120,24-11-2022
CA-2022-119746,CM-12385,US-Cen-Ill-Chi-60610,24-11-2022
CA-2022-148992,CS-12250,US-Cen-Ill-Chi-60623,24-11-2022
CA-2022-107832,FH-14275,US-Eas-Pen-Phi-19120,24-11-2022
CA-2022-168641,KA-16525,US-Eas-New-New-10035,25-11-2022
CA-2022-101945,GT-14710,US-Cen-Tex-Hou-77070,25-11-2022
CA-2022-131366,SC-20440,US-Eas-Pen-Lan-17602,25-11-2022
US-2022-128118,MY-17380,US-Sou-Ten-Mem-38109,25-11-2022
CA-2022-169894,MV-17485,US-Wes-Ari-Mes-85204,25-11-2022
CA-2022-103765,JG-15310,US-Cen-Tex-Ode-79762,25-11-2022
CA-2022-137505,BP-11290,US-Wes-Cal-Los-90008,25-11-2022
CA-2022-146535,FM-14290,US-Sou-Ken-Ric-40475,25-11-2022
CA-2022-166436,TS-21370,US-Eas-New-New-10035,25-11-2022
CA-2022-128300,RS-19765,US-Sou-Sou-Sum-29483,25-11-2022
CA-2022-105543,BG-11695,US-Cen-Kan-Gar-67846,25-11-2022
CA-2022-162250,PR-18880,US-Wes-Cal-San-94109,25-11-2022
CA-2022-153654,MD-17860,US-Sou-Nor-Ash-28806,25-11-2022
CA-2022-164028,JL-15835,US-Wes-Cal-San-94122,25-11-2022
CA-2022-123701,PG-18820,US-Wes-Cal-San-94110,25-11-2022
CA-2022-155159,DL-13315,US-Sou-Geo-Atl-30318,26-11-2022
CA-2022-150266,RO-19780,US-Cen-Tex-Hou-77070,26-11-2022
CA-2022-101665,TZ-21580,US-Wes-Cal-San-94122,26-11-2022
CA-2022-161459,EB-13750,US-Wes-Cal-Lag-92677,26-11-2022
CA-2022-124765,HZ-14950,US-Sou-Flo-For-33311,26-11-2022
CA-2022-129000,SZ-20035,US-Cen-Mic-Can-48187,26-11-2022
US-2022-109610,BS-11590,US-Sou-Ken-Lou-40214,26-11-2022
US-2022-133312,BD-11500,US-Wes-Cal-San-94122,26-11-2022
CA-2022-155957,CC-12610,US-Eas-Ohi-Col-43229,27-11-2022
CA-2022-141439,TT-21460,US-Cen-Ind-Ric-47374,27-11-2022
CA-2022-135307,LS-17245,US-Cen-Mis-Gla-64118,27-11-2022
CA-2022-155607,FG-14260,US-Eas-New-New-10009,27-11-2022
CA-2022-100097,MN-17935,US-Eas-New-New-10009,27-11-2022
CA-2022-122700,LT-17110,US-Eas-Ohi-Col-43229,27-11-2022
CA-2022-130526,GT-14755,US-Cen-Ill-Roc-61107,27-11-2022
CA-2022-165029,AH-10075,US-Sou-Geo-Atl-30318,27-11-2022
CA-2022-159506,JR-16210,US-Cen-Ind-Col-47201,28-11-2022
CA-2022-101245,LW-16990,US-Wes-Cal-San-94109,28-11-2022
CA-2022-107125,BD-11320,US-Wes-Cal-Los-90045,28-11-2022
CA-2022-103352,RP-19390,US-Eas-New-New-10011,28-11-2022
CA-2022-132185,DB-13615,US-Sou-Nor-Ash-28806,28-11-2022
CA-2022-102519,BM-11650,US-Cen-Wis-Mil-53209,28-11-2022
CA-2022-133207,DO-13645,US-Wes-Cal-Los-90036,28-11-2022
CA-2022-117702,LS-16975,US-Eas-Mar-Bal-21215,29-11-2022
US-2022-110576,RB-19795,US-Eas-Pen-Phi-19120,29-11-2022
CA-2022-121538,RH-19495,US-Wes-Col-Den-80219,29-11-2022
CA-2022-123372,DG-13300,US-Eas-New-New-10035,29-11-2022
CA-2022-131303,EP-13915,US-Wes-Cal-San-92037,29-11-2022
CA-2022-108035,TT-21070,US-Sou-Ten-Cha-37421,30-11-2022
CA-2022-121559,HW-14935,US-Cen-Ind-Ind-46203,02-06-2022
CA-2022-106831,FH-14350,US-Eas-Ohi-Dub-43017,02-06-2022
CA-2022-146493,CV-12805,US-Cen-Neb-Fre-68025,02-06-2022
US-2022-112928,BB-10990,US-Eas-Ohi-Tol-43615,02-06-2022
CA-2022-157413,BW-11065,US-Eas-Pen-Phi-19120,02-06-2022
CA-2022-143294,JD-15790,US-Cen-Tex-Hou-77070,03-06-2022
CA-2022-127705,AB-10255,US-Eas-Ohi-Lor-44052,03-06-2022
CA-2022-158883,CS-11860,US-Sou-Nor-Jac-28540,03-06-2022
CA-2022-140760,DO-13435,US-Wes-Ari-Mes-85204,03-06-2022
CA-2022-140872,NR-18550,US-Sou-Flo-Pem-33024,04-06-2022
CA-2022-145772,SS-20140,US-Wes-Cal-Los-90036,04-06-2022
CA-2022-145506,MO-17800,US-Wes-Was-Spo-99207,04-06-2022
CA-2022-126382,HK-14890,US-Sou-Ten-Fra-37064,04-06-2022
CA-2022-150420,GD-14590,US-Wes-Was-Bel-98226,04-06-2022
CA-2022-113908,KN-16390,US-Eas-New-New-10011,04-06-2022
CA-2022-158953,ML-18040,US-Cen-Tex-Mis-77489,05-06-2022
CA-2022-149720,EM-14065,US-Cen-Tex-Fri-75034,05-06-2022
CA-2022-133095,EH-14005,US-Sou-Ark-Jon-72401,05-06-2022
CA-2022-158106,CT-11995,US-Cen-Min-App-55124,05-06-2022
CA-2022-100426,DC-12850,US-Sou-Ala-Flo-35630,05-06-2022
CA-2022-158407,LW-16990,US-Sou-Nor-Mon-28110,05-06-2022
CA-2022-141614,NS-18640,US-Sou-Flo-Orl-32839,06-06-2022
CA-2022-126788,AB-10105,US-Cen-Tex-Pea-77581,06-06-2022
US-2022-131849,GH-14410,US-Wes-Cal-San-94122,07-06-2022
US-2022-109316,MG-17680,US-Wes-Cal-Los-90049,09-06-2022
CA-2022-132682,TH-21235,US-Cen-Tex-Dal-75081,09-06-2022
US-2022-106579,BW-11200,US-Cen-Ill-Sko-60076,09-06-2022
US-2022-155299,Dl-13600,US-Cen-Tex-Pas-77506,09-06-2022
CA-2022-117436,LW-17125,US-Eas-Con-Nor-6360,09-06-2022
US-2022-107979,FO-14305,US-Wes-Ari-Gle-85301,09-06-2022
CA-2022-100951,NC-18625,US-Cen-Tex-Dal-75217,10-06-2022
US-2022-146822,AG-10675,US-Sou-Vir-Sal-24153,10-06-2022
US-2022-106663,MO-17800,US-Cen-Ill-Chi-60653,10-06-2022
CA-2022-143343,BW-11200,US-Wes-Cal-Los-90032,11-06-2022
CA-2022-137001,GZ-14545,US-Wes-Cal-Tho-91360,11-06-2022
CA-2022-167080,LC-16930,US-Eas-New-New-10011,11-06-2022
CA-2022-106103,SC-20305,US-Cen-Mic-Roc-48307,11-06-2022
CA-2022-107167,ND-18460,US-Sou-Flo-Jac-32216,11-06-2022
CA-2022-140963,MT-18070,US-Wes-Cal-Los-90045,11-06-2022
CA-2022-158071,BD-11320,US-Wes-Was-Sea-98103,11-06-2022
CA-2022-112172,MM-18280,US-Eas-New-New-10024,11-06-2022
US-2022-131583,CL-11890,US-Eas-Pen-Phi-19143,11-06-2022
US-2022-120418,BC-11125,US-Wes-Ari-Peo-85345,12-06-2022
CA-2022-102554,KN-16705,US-Sou-Ala-Aub-36830,12-06-2022
CA-2022-133928,ZC-21910,US-Sou-Nor-Hic-28601,12-06-2022
CA-2022-141481,ZD-21925,US-Wes-Cal-Los-90036,12-06-2022
CA-2022-134565,TB-21400,US-Wes-Was-Sea-98103,12-06-2022
US-2022-152002,DV-13465,US-Wes-Cal-Los-90004,12-06-2022
CA-2022-108441,SB-20170,US-Eas-New-New-10035,13-06-2022
CA-2022-143861,LC-16885,US-Sou-Flo-Sai-33710,13-06-2022
CA-2022-148474,ME-17320,US-Sou-Geo-Col-31907,13-06-2022
CA-2022-119424,SB-20185,US-Wes-Was-Ken-98031,13-06-2022
CA-2022-117821,HG-15025,US-Eas-Ohi-Mar-43302,13-06-2022
CA-2022-124191,TS-21610,US-Cen-Ill-Chi-60610,13-06-2022
CA-2022-102337,SD-20485,US-Cen-Ill-Chi-60653,14-06-2022
CA-2022-122056,PG-18895,US-Sou-Vir-Spr-22153,14-06-2022
CA-2022-104850,TW-21025,US-Wes-Was-Sea-98103,14-06-2022
CA-2022-126914,JE-15715,US-Sou-Nor-Mon-28110,16-06-2022
CA-2022-111178,TD-20995,US-Cen-Ill-Qui-62301,16-06-2022
CA-2022-119284,TS-21205,US-Sou-Ten-Nas-37211,16-06-2022
CA-2022-135167,SC-20800,US-Wes-Cal-Los-90036,16-06-2022
CA-2022-169901,CC-12550,US-Wes-Cal-San-94122,16-06-2022
CA-2022-169691,Dp-13240,US-Cen-Min-Map-55369,16-06-2022
CA-2022-118864,KH-16690,US-Wes-Cal-Los-90032,16-06-2022
CA-2022-155873,AB-10255,US-Wes-New-Car-88220,17-06-2022
CA-2022-111269,CS-12355,US-Eas-Ohi-Dub-43017,17-06-2022
CA-2022-136826,CB-12535,US-Sou-Nor-Cha-27514,17-06-2022
US-2022-132206,MK-17905,US-Cen-Ill-Chi-60653,17-06-2022
CA-2022-129462,JE-15745,US-Sou-Ken-Flo-41042,17-06-2022
CA-2022-105214,TS-21610,US-Wes-Cal-San-94122,17-06-2022
CA-2022-165323,SR-20740,US-Eas-New-New-10024,18-06-2022
CA-2022-118437,PF-19165,US-Wes-Was-Oly-98502,18-06-2022
CA-2022-157833,KD-16345,US-Wes-Cal-San-94122,18-06-2022
CA-2022-146346,RA-19945,US-Wes-Col-Com-80022,18-06-2022
CA-2022-131618,LS-17200,US-Cen-Ill-Sko-60076,18-06-2022
CA-2022-112753,CC-12670,US-Wes-Cal-Los-90032,19-06-2022
CA-2022-162712,NK-18490,US-Cen-Tex-Cor-78415,19-06-2022
CA-2022-169999,JS-15685,US-Eas-New-New-10035,20-06-2022
CA-2022-140844,AR-10405,US-Eas-New-New-10035,20-06-2022
CA-2022-138870,GA-14515,US-Wes-Cal-San-94109,20-06-2022
CA-2022-154011,DB-13270,US-Cen-Tex-Dal-75081,20-06-2022
US-2022-102288,ZC-21910,US-Cen-Tex-Hou-77095,20-06-2022
CA-2022-128944,KH-16330,US-Eas-Ohi-New-43055,20-06-2022
CA-2022-141992,FO-14305,US-Cen-Tex-Dal-75220,20-06-2022
CA-2022-151218,PJ-19015,US-Sou-Flo-Mia-33180,21-06-2022
CA-2022-101434,TR-21325,US-Eas-New-Bel-7109,21-06-2022
CA-2022-132934,JE-15475,US-Eas-New-New-10801,21-06-2022
US-2022-135986,PG-18895,US-Sou-Vir-Ric-23223,21-06-2022
CA-2022-106852,ST-20530,US-Eas-Ohi-Par-44134,21-06-2022
CA-2022-124744,EH-14125,US-Eas-Wes-Whe-26003,22-06-2022
CA-2022-101049,AS-10240,US-Eas-Ohi-Cle-44105,22-06-2022
CA-2022-165757,PL-18925,US-Eas-Pen-Phi-19140,23-06-2022
CA-2022-105823,RB-19465,US-Cen-Mic-Det-48227,23-06-2022
US-2022-133781,DC-12850,US-Sou-Flo-Mia-33178,23-06-2022
CA-2022-155936,JK-15730,US-Cen-Ill-Chi-60653,23-06-2022
CA-2022-159107,KT-16480,US-Wes-Cal-San-94110,25-06-2022
CA-2022-100384,NH-18610,US-Wes-Cal-Pom-91767,25-06-2022
CA-2022-132955,SC-20575,US-Eas-Rho-Cra-2920,25-06-2022
US-2022-151316,MC-17635,US-Cen-Ill-Dec-62521,25-06-2022
CA-2022-105074,MB-17305,US-Eas-Ohi-Akr-44312,25-06-2022
CA-2022-136350,GA-14515,US-Eas-New-New-10011,25-06-2022
CA-2022-122105,CJ-12010,US-Wes-Cal-Hun-92646,25-06-2022
CA-2022-133648,ML-17755,US-Wes-Ore-Spr-97477,26-06-2022
US-2022-124821,AM-10705,US-Wes-Was-Sea-98115,26-06-2022
CA-2022-134796,FM-14380,US-Cen-Ill-Bol-60440,26-06-2022
CA-2022-163531,SC-20725,US-Eas-New-New-10024,27-06-2022
CA-2022-107132,SC-20260,US-Eas-New-New-10009,27-06-2022
CA-2022-133256,TH-21550,US-Cen-Mic-Det-48227,27-06-2022
CA-2022-157091,DB-13405,US-Cen-Ind-La -46350,27-06-2022
CA-2022-115364,OT-18730,US-Wes-Cal-San-92105,27-06-2022
CA-2022-138310,NP-18700,US-Wes-Col-Den-80219,27-06-2022
CA-2022-100636,DO-13435,US-Eas-New-New-10035,27-06-2022
CA-2022-161410,CC-12220,US-Eas-Pen-Phi-19143,27-06-2022
CA-2022-148810,DR-12880,US-Sou-Flo-Mia-33180,27-06-2022
CA-2022-123638,MA-17995,US-Eas-New-Wat-13601,28-06-2022
CA-2022-116988,PW-19030,US-Wes-Was-Sea-98105,28-06-2022
CA-2022-151190,GT-14710,US-Cen-Neb-Oma-68104,28-06-2022
CA-2022-138149,WB-21850,US-Wes-Cal-Los-90049,30-06-2022
CA-2022-137085,CT-11995,US-Wes-Cal-Los-90004,30-06-2022
CA-2022-137449,ME-17725,US-Cen-Tex-Dal-75220,30-06-2022
US-2022-126081,FC-14335,US-Cen-Tex-Mes-75150,30-06-2022
CA-2022-147039,AA-10315,US-Cen-Min-Min-55407,30-06-2022
CA-2022-143574,DR-12880,US-Eas-Con-Mil-6460,30-06-2022
CA-2022-100650,DK-13225,US-Wes-Cal-Ana-92804,30-06-2022
