Customer ID,Product ID,Location_ID,Order ID,shipment_id,Sales,Quantity,Discount,Profit,Order Date
DP-13000,OFF-PA-10000174,US-Cen-Tex-Hou-77095,CA-2019-103800,SC-2019-01-103800,0.0,0.0,0.2,5.5512,04-01-2019
PO-19195,OFF-LA-10003223,US-Cen-Ill-Nap-60540,CA-2019-112326,SC-2019-01-112326,0.0,0.0,0.2,4.2717,05-01-2019
PO-19195,OFF-ST-10002743,US-Cen-Ill-Nap-60540,CA-2019-112326,SC-2019-01-112326,0.0,0.0,0.2,-64.7748,05-01-2019
PO-19195,OFF-BI-10004094,US-Cen-Ill-Nap-60540,CA-2019-112326,SC-2019-01-112326,0.0,0.0,0.8,-5.487,05-01-2019
MB-18085,OFF-AR-10003478,US-Eas-Pen-Phi-19143,CA-2019-141817,SC-2019-01-141817,0.0,0.0,0.2,4.884,06-01-2019
ME-17320,OFF-AR-10001662,US-Sou-Ken-Hen-42420,CA-2019-167199,SC-2019-01-167199,0.0,0.0,0.0,1.4796,07-01-2019
ME-17320,FUR-CH-10004063,US-Sou-Ken-Hen-42420,CA-2019-167199,SC-2019-01-167199,0.0,0.0,0.0,746.4078,07-01-2019
ME-17320,OFF-BI-20004632,US-Sou-Ken-Hen-42420,CA-2019-167199,SC-2019-01-167199,0.0,0.0,0.0,274.491,07-01-2019
JO-15145,OFF-AR-10002399,US-Sou-Geo-Ath-30605,CA-2019-106054,FC-2019-01-106054,0.0,0.0,0.0,5.2398,07-01-2019
ME-17320,TEC-PH-10004977,US-Sou-Ken-Hen-42420,CA-2019-167199,SC-2019-01-167199,0.0,0.0,0.0,113.6742,07-01-2019
ME-17320,TEC-PH-10004539,US-Sou-Ken-Hen-42420,CA-2019-167199,SC-2019-01-167199,0.0,0.0,0.0,204.1092,07-01-2019
ME-17320,OFF-FA-10001883,US-Sou-Ken-Hen-42420,CA-2019-167199,SC-2019-01-167199,0.0,0.0,0.0,0.3112,07-01-2019
ME-17320,OFF-PA-10000955,US-Sou-Ken-Hen-42420,CA-2019-167199,SC-2019-01-167199,0.0,0.0,0.0,3.0084,07-01-2019
LS-17230,OFF-PA-10002005,US-Wes-Cal-Los-90049,CA-2019-130813,SC-2019-01-130813,0.0,0.0,0.0,9.3312,07-01-2019
VS-21820,FUR-FU-10004864,US-Cen-Tex-Hun-77340,CA-2019-105417,SC-2019-01-105417,0.0,0.0,0.6,-53.7096,08-01-2019
VS-21820,OFF-BI-10003708,US-Cen-Tex-Hun-77340,CA-2019-105417,SC-2019-01-105417,0.0,0.0,0.8,-18.2525,08-01-2019
MS-17830,OFF-AR-10004078,US-Cen-Tex-Lar-78041,CA-2019-135405,SC-2019-01-135405,0.0,0.0,0.2,1.168,10-01-2019
MS-17830,TEC-AC-10001266,US-Cen-Tex-Lar-78041,CA-2019-135405,SC-2019-01-135405,0.0,0.0,0.2,9.75,10-01-2019
AJ-10780,FUR-FU-10000965,US-Sou-Vir-Spr-22153,CA-2019-149020,SC-2019-01-149020,0.0,0.0,0.0,21.2954,11-01-2019
AJ-10780,OFF-LA-10004272,US-Sou-Vir-Spr-22153,CA-2019-149020,SC-2019-01-149020,0.0,0.0,0.0,1.3583,11-01-2019
SV-20365,FUR-FU-10000010,US-Eas-Del-Dov-19901,CA-2019-130092,FC-2019-01-130092,0.0,0.0,0.0,3.0814,12-01-2019
CS-12250,OFF-ST-10000025,US-Sou-Lou-Bos-71111,CA-2019-162775,SC-2019-01-162775,0.0,0.0,0.0,34.3548,14-01-2019
CS-12250,OFF-BI-10004187,US-Sou-Lou-Bos-71111,CA-2019-162775,SC-2019-01-162775,0.0,0.0,0.0,2.7072,14-01-2019
BD-11605,OFF-AR-10003514,US-Wes-Cal-San-94109,CA-2019-157147,SC-2019-01-157147,0.0,0.0,0.0,6.567,14-01-2019
MM-17920,OFF-BI-10003476,US-Eas-Ohi-New-43055,CA-2019-118192,SC-2019-01-118192,0.0,0.0,0.7,-2.5212,14-01-2019
BD-11605,OFF-ST-10000078,US-Wes-Cal-San-94109,CA-2019-157147,SC-2019-01-157147,0.0,0.0,0.0,238.653,14-01-2019
MM-17920,OFF-PA-10002947,US-Eas-Ohi-New-43055,CA-2019-118192,SC-2019-01-118192,0.0,0.0,0.2,13.0928,14-01-2019
CS-12250,OFF-EN-10001990,US-Sou-Lou-Bos-71111,CA-2019-162775,SC-2019-01-162775,0.0,0.0,0.0,5.3392,14-01-2019
ND-18370,FUR-CH-10000422,US-Sou-Sou-Mou-29464,CA-2019-109232,SC-2019-01-109232,0.0,0.0,0.0,87.3504,14-01-2019
BD-11605,FUR-BO-10003034,US-Wes-Cal-San-94109,CA-2019-157147,SC-2019-01-157147,0.0,0.0,0.15,3.9294,14-01-2019
CS-12250,OFF-EN-10001532,US-Sou-Lou-Bos-71111,CA-2019-162775,SC-2019-01-162775,0.0,0.0,0.0,25.47,14-01-2019
CS-12250,TEC-AC-10003174,US-Sou-Lou-Bos-71111,CA-2019-162775,SC-2019-01-162775,0.0,0.0,0.0,258.696,14-01-2019
BS-11590,FUR-BO-10003433,US-Eas-Pen-Phi-19140,CA-2019-149524,FC-2019-01-149524,0.0,0.0,0.5,-53.2856,1/15/2019
EH-13990,TEC-AC-10003628,US-Sou-Geo-Ros-30076,CA-2019-103366,FC-2019-01-103366,0.0,0.0,0.0,65.978,16-01-2019
DL-13315,OFF-LA-10001074,US-Eas-Pen-Phi-19134,CA-2019-115791,SC-2019-01-115791,0.0,0.0,0.2,10.1493,17-01-2019
DL-13315,FUR-FU-10001095,US-Eas-Pen-Phi-19134,CA-2019-115791,SC-2019-01-115791,0.0,0.0,0.2,28.5984,17-01-2019
DL-13315,TEC-PH-10004614,US-Eas-Pen-Phi-19134,CA-2019-115791,SC-2019-01-115791,0.0,0.0,0.4,-31.05,17-01-2019
DL-13315,OFF-BI-10001575,US-Eas-Pen-Phi-19134,CA-2019-115791,SC-2019-01-115791,0.0,0.0,0.7,-13.6312,17-01-2019
DW-13195,OFF-AP-10000692,US-Wes-Ore-Spr-97477,CA-2019-123477,SC-2019-01-123477,0.0,0.0,0.2,6.4864,19-01-2019
TS-21340,OFF-BI-10003676,US-Wes-Ari-Sco-85254,CA-2019-146591,FC-2019-01-146591,0.0,0.0,0.7,-23.716,20-01-2019
TS-21340,OFF-PA-20000659,US-Wes-Ari-Sco-85254,CA-2019-146591,FC-2019-01-146591,0.0,0.0,0.2,19.6224,20-01-2019
TS-21340,OFF-EN-10002504,US-Wes-Ari-Sco-85254,CA-2019-146591,FC-2019-01-146591,0.0,0.0,0.2,36.693,20-01-2019
TS-21340,FUR-BO-10001972,US-Wes-Ari-Sco-85254,CA-2019-146591,FC-2019-01-146591,0.0,0.0,0.7,-320.597,20-01-2019
XP-21865,FUR-FU-10002268,US-Cen-Mic-Wes-48185,CA-2019-167927,SC-2019-01-167927,0.0,0.0,0.0,4.8609,21-01-2019
XP-21865,OFF-BI-10004364,US-Cen-Mic-Wes-48185,CA-2019-167927,SC-2019-01-167927,0.0,0.0,0.0,13.365,21-01-2019
MV-17485,OFF-PA-10002893,US-Wes-Cal-Los-90049,CA-2019-148614,SC-2019-01-148614,0.0,0.0,0.0,9.2928,21-01-2019
MM-18280,OFF-BI-10003091,US-Sou-Ten-Smy-37167,US-2019-147774,SC-2019-01-147774,0.0,0.0,0.7,-51.5154,21-01-2019
XP-21865,OFF-AR-10004456,US-Cen-Mic-Wes-48185,CA-2019-167927,SC-2019-01-167927,0.0,0.0,0.0,12.7368,21-01-2019
HL-15040,FUR-FU-10003194,US-Sou-Ark-Jon-72401,US-2019-147627,SC-2019-01-147627,0.0,0.0,0.0,11.58,21-01-2019
HL-15040,OFF-AR-10003811,US-Sou-Ark-Jon-72401,US-2019-147627,SC-2019-01-147627,0.0,0.0,0.0,1.7901,21-01-2019
XP-21865,OFF-ST-10003123,US-Cen-Mic-Wes-48185,CA-2019-167927,SC-2019-01-167927,0.0,0.0,0.0,15.9792,21-01-2019
HL-15040,FUR-CH-10002331,US-Sou-Ark-Jon-72401,US-2019-147627,SC-2019-01-147627,0.0,0.0,0.0,224.2674,21-01-2019
XP-21865,OFF-BI-10000605,US-Cen-Mic-Wes-48185,CA-2019-167927,SC-2019-01-167927,0.0,0.0,0.0,8.9535,21-01-2019
XP-21865,FUR-FU-10002918,US-Cen-Mic-Wes-48185,CA-2019-167927,SC-2019-01-167927,0.0,0.0,0.0,30.0234,21-01-2019
XP-21865,OFF-ST-10000760,US-Cen-Mic-Wes-48185,CA-2019-167927,SC-2019-01-167927,0.0,0.0,0.0,4.0542,21-01-2019
HL-15040,OFF-EN-10001539,US-Sou-Ark-Jon-72401,US-2019-147627,SC-2019-01-147627,0.0,0.0,0.0,10.9698,21-01-2019
HL-15040,OFF-AR-10002375,US-Sou-Ark-Jon-72401,US-2019-147627,SC-2019-01-147627,0.0,0.0,0.0,6.6584,21-01-2019
MV-17485,FUR-FU-10003194,US-Wes-Cal-Los-90049,CA-2019-148614,SC-2019-01-148614,0.0,0.0,0.0,5.79,21-01-2019
XP-21865,OFF-AP-10002311,US-Cen-Mic-Wes-48185,CA-2019-167927,SC-2019-01-167927,0.0,0.0,0.1,93.5816,21-01-2019
HL-15040,TEC-PH-10001061,US-Sou-Ark-Jon-72401,US-2019-147627,SC-2019-01-147627,0.0,0.0,0.0,181.9818,21-01-2019
TB-21400,FUR-FU-10001889,US-Sou-Flo-Mia-33180,CA-2019-110422,SC-2019-01-110422,0.0,0.0,0.2,4.1028,22-01-2019
SG-20605,OFF-FA-10003467,US-Cen-Ind-Laf-47905,CA-2019-146997,SC-2019-01-146997,0.0,0.0,0.0,0.0,24-01-2019
IM-15055,OFF-PA-10001804,US-Wes-Nev-Las-89115,CA-2019-102645,SC-2019-01-102645,0.0,0.0,0.0,19.2384,24-01-2019
SD-20485,OFF-PA-10000380,US-Sou-Vir-Ale-22304,US-2019-155502,SC-2019-02-155502,0.0,0.0,0.0,8.34,27-01-2019
CA-11965,FUR-BO-10004409,US-Cen-Sou-Rap-57701,CA-2019-167997,FC-2019-01-167997,0.0,0.0,0.0,39.7488,27-01-2019
SD-20485,TEC-PH-10002103,US-Sou-Vir-Ale-22304,US-2019-155502,SC-2019-02-155502,0.0,0.0,0.0,52.6344,27-01-2019
SD-20485,FUR-FU-10001847,US-Sou-Vir-Ale-22304,US-2019-155502,SC-2019-02-155502,0.0,0.0,0.0,4.4712,27-01-2019
SD-20485,TEC-PH-10004833,US-Sou-Vir-Ale-22304,US-2019-155502,SC-2019-02-155502,0.0,0.0,0.0,0.0,27-01-2019
SD-20485,OFF-PA-10003072,US-Sou-Vir-Ale-22304,US-2019-155502,SC-2019-02-155502,0.0,0.0,0.0,9.3312,27-01-2019
SD-20485,OFF-ST-10004337,US-Sou-Vir-Ale-22304,US-2019-155502,SC-2019-02-155502,0.0,0.0,0.0,0.0,27-01-2019
SD-20485,FUR-FU-10004587,US-Sou-Vir-Ale-22304,US-2019-155502,SC-2019-02-155502,0.0,0.0,0.0,30.7818,27-01-2019
CA-11965,OFF-BI-10001758,US-Cen-Sou-Rap-57701,CA-2019-167997,FC-2019-01-167997,0.0,0.0,0.0,5.0196,27-01-2019
EJ-13720,OFF-ST-10003692,US-Wes-Cal-San-92037,US-2019-117163,SC-2019-02-117163,0.0,0.0,0.0,14.3075,28-01-2019
EJ-13720,OFF-AR-10003179,US-Wes-Cal-San-92037,US-2019-117163,SC-2019-02-117163,0.0,0.0,0.0,12.0252,28-01-2019
EJ-13720,FUR-TA-10003469,US-Wes-Cal-San-92037,US-2019-117163,SC-2019-02-117163,0.0,0.0,0.2,-16.65,28-01-2019
JC-15340,OFF-BI-10000343,US-Eas-New-New-10024,CA-2019-100328,SC-2019-02-100328,0.0,0.0,0.2,1.3257,29-01-2019
MV-18190,OFF-ST-10000991,US-Cen-Mic-Det-48234,CA-2019-134103,SC-2019-02-134103,0.0,0.0,0.0,6.8982,31-01-2019
MV-18190,OFF-PA-10001204,US-Cen-Mic-Det-48234,CA-2019-134103,SC-2019-02-134103,0.0,0.0,0.0,4.752,31-01-2019
VF-21715,FUR-CH-10000863,US-Cen-Ill-Elm-60126,CA-2019-113880,SC-2019-03-113880,0.0,0.0,0.3,-172.1172,01-03-2019
DB-13060,FUR-CH-10004063,US-Wes-Was-Sea-98115,CA-2019-104269,SC-2019-03-104269,0.0,0.0,0.2,51.4764,01-03-2019
SC-20380,FUR-CH-10001270,US-Cen-Tex-El -79907,CA-2019-131009,SC-2019-03-131009,0.0,0.0,0.3,0.0,01-03-2019
SC-20380,OFF-FA-10004395,US-Cen-Tex-El -79907,CA-2019-131009,SC-2019-03-131009,0.0,0.0,0.2,-3.5325,01-03-2019
HR-14770,TEC-PH-10003655,US-Eas-New-New-10035,US-2019-143707,SC-2019-03-143707,0.0,0.0,0.0,1.6038,01-03-2019
GW-14605,FUR-TA-10001866,US-Cen-Tex-Hou-77036,CA-2019-168312,SC-2019-03-168312,0.0,0.0,0.3,-43.0296,01-03-2019
GW-14605,OFF-ST-10003692,US-Cen-Tex-Hou-77036,CA-2019-168312,SC-2019-03-168312,0.0,0.0,0.2,8.5845,01-03-2019
SC-20380,OFF-ST-10001469,US-Cen-Tex-El -79907,CA-2019-131009,SC-2019-03-131009,0.0,0.0,0.2,-22.6716,01-03-2019
VF-21715,OFF-PA-10003036,US-Cen-Ill-Elm-60126,CA-2019-113880,SC-2019-03-113880,0.0,0.0,0.2,5.6784,01-03-2019
SC-20380,FUR-FU-10001095,US-Cen-Tex-El -79907,CA-2019-131009,SC-2019-03-131009,0.0,0.0,0.6,-34.9536,01-03-2019
KN-16705,OFF-PA-10000587,US-Eas-New-New-10009,CA-2019-107524,SC-2019-03-107524,0.0,0.0,0.0,17.472,02-03-2019
KN-16705,OFF-EN-10001990,US-Eas-New-New-10009,CA-2019-107524,SC-2019-03-107524,0.0,0.0,0.0,5.3392,02-03-2019
NH-18610,TEC-AC-10004353,US-Eas-Pen-Phi-19120,CA-2019-111157,SC-2019-03-111157,0.0,0.0,0.2,32.13,02-03-2019
NH-18610,OFF-PA-10000327,US-Eas-Pen-Phi-19120,CA-2019-111157,SC-2019-03-111157,0.0,0.0,0.2,1.07,02-03-2019
AJ-10945,OFF-AR-10003560,US-Sou-Nor-Wil-28403,CA-2019-155852,SC-2019-03-155852,0.0,0.0,0.2,3.4048,03-03-2019
JS-15595,FUR-BO-10001972,US-Eas-Ohi-Col-43229,US-2019-127978,SC-2019-03-127978,0.0,0.0,0.5,-199.617,03-03-2019
SC-20020,OFF-AP-10002534,US-Cen-Tex-Hou-77095,CA-2019-130421,SC-2019-03-130421,0.0,0.0,0.8,-459.6072,03-03-2019
EJ-14155,FUR-TA-10002958,US-Wes-Cal-San-92037,CA-2019-105648,SC-2019-03-105648,0.0,0.0,0.2,-23.4882,03-03-2019
AP-10720,TEC-PH-10004700,US-Eas-New-New-10035,CA-2019-127964,SC-2019-03-127964,0.0,0.0,0.0,4.5954,03-03-2019
AP-10720,OFF-BI-10004593,US-Eas-New-New-10035,CA-2019-127964,SC-2019-03-127964,0.0,0.0,0.2,40.872,03-03-2019
JS-15595,OFF-LA-10000305,US-Eas-Ohi-Col-43229,US-2019-127978,SC-2019-03-127978,0.0,0.0,0.2,4.914,03-03-2019
JS-15595,OFF-ST-10002486,US-Eas-Ohi-Col-43229,US-2019-127978,SC-2019-03-127978,0.0,0.0,0.2,-10.0512,03-03-2019
AP-10720,OFF-BI-10003429,US-Eas-New-New-10035,CA-2019-127964,SC-2019-03-127964,0.0,0.0,0.2,9.1785,03-03-2019
SC-20095,OFF-AR-10001374,US-Sou-Flo-Mar-33063,CA-2019-117016,SC-2019-03-117016,0.0,0.0,0.2,2.3328,04-03-2019
CL-12565,OFF-ST-10001370,US-Sou-Sou-Col-29203,CA-2019-116239,SC-2019-03-116239,0.0,0.0,0.0,17.745,04-03-2019
AB-10150,OFF-PA-10001878,US-Eas-New-Yon-10701,CA-2019-169061,SC-2019-03-169061,0.0,0.0,0.0,45.9754,05-03-2019
AB-10150,OFF-AR-10000588,US-Eas-New-Yon-10701,CA-2019-169061,SC-2019-03-169061,0.0,0.0,0.0,15.4752,05-03-2019
AB-10150,TEC-AC-10002001,US-Eas-New-Yon-10701,CA-2019-169061,SC-2019-03-169061,0.0,0.0,0.0,177.5889,05-03-2019
AB-10150,OFF-SU-10000381,US-Eas-New-Yon-10701,CA-2019-169061,SC-2019-03-169061,0.0,0.0,0.0,5.3998,05-03-2019
AB-10150,OFF-BI-10001617,US-Eas-New-Yon-10701,CA-2019-169061,SC-2019-03-169061,0.0,0.0,0.2,16.7508,05-03-2019
CM-12715,FUR-CH-10004495,US-Wes-Was-Sea-98103,CA-2019-104563,SC-2019-03-104563,0.0,0.0,0.2,54.1764,07-03-2019
CM-12715,FUR-CH-10002780,US-Wes-Was-Sea-98103,CA-2019-104563,SC-2019-03-104563,0.0,0.0,0.2,21.8352,07-03-2019
CM-12715,OFF-ST-10000934,US-Wes-Was-Sea-98103,CA-2019-104563,SC-2019-03-104563,0.0,0.0,0.0,0.0,07-03-2019
CM-12715,OFF-AR-10000390,US-Wes-Was-Sea-98103,CA-2019-104563,SC-2019-03-104563,0.0,0.0,0.0,9.499,07-03-2019
AB-10015,FUR-CH-10004477,US-Wes-Was-Sea-98103,CA-2019-156587,FC-2019-03-156587,0.0,0.0,0.2,5.4801,07-03-2019
NP-18685,OFF-BI-10004224,US-Wes-Was-Des-98198,US-2019-131982,SC-2019-03-131982,0.0,0.0,0.2,33.64,07-03-2019
AB-10015,OFF-AR-10001427,US-Wes-Was-Sea-98103,CA-2019-156587,FC-2019-03-156587,0.0,0.0,0.0,4.6644,07-03-2019
AB-10015,OFF-ST-10002344,US-Wes-Was-Sea-98103,CA-2019-156587,FC-2019-03-156587,0.0,0.0,0.0,4.8588,07-03-2019
KT-16480,OFF-AR-10001044,US-Wes-Col-Den-80219,US-2019-140116,SC-2019-03-140116,0.0,0.0,0.2,9.3564,10-03-2019
KT-16480,OFF-ST-10000078,US-Wes-Col-Den-80219,US-2019-140116,SC-2019-03-140116,0.0,0.0,0.2,-15.9102,10-03-2019
SW-20275,OFF-PA-10002259,US-Cen-Mic-Roy-48073,US-2019-100279,SC-2019-03-100279,0.0,0.0,0.0,10.7424,10-03-2019
RB-19435,OFF-AR-10001770,US-Wes-Cal-Ros-95661,US-2019-103338,SC-2019-03-103338,0.0,0.0,0.0,2.0748,11-03-2019
FM-14215,OFF-AP-10002578,US-Sou-Ken-Ric-40475,CA-2019-114790,SC-2019-03-114790,0.0,0.0,0.0,38.1576,11-03-2019
CK-12205,FUR-FU-10003981,US-Eas-Ohi-Col-43229,CA-2019-166884,SC-2019-03-166884,0.0,0.0,0.2,2.288,11-03-2019
CK-12205,OFF-FA-10001561,US-Eas-Ohi-Col-43229,CA-2019-166884,SC-2019-03-166884,0.0,0.0,0.2,1.7004,11-03-2019
FM-14215,TEC-AC-10000710,US-Sou-Ken-Ric-40475,CA-2019-114790,SC-2019-03-114790,0.0,0.0,0.0,14.1728,11-03-2019
FM-14215,OFF-PA-10000213,US-Sou-Ken-Ric-40475,CA-2019-114790,SC-2019-03-114790,0.0,0.0,0.0,7.0218,11-03-2019
KA-16525,OFF-PA-10002137,US-Eas-New-New-10024,CA-2019-158337,SC-2019-03-158337,0.0,0.0,0.0,49.014,11-03-2019
FM-14215,TEC-PH-10000984,US-Sou-Ken-Ric-40475,CA-2019-114790,SC-2019-03-114790,0.0,0.0,0.0,164.6316,11-03-2019
CK-12325,FUR-CH-10003379,US-Sou-Vir-Che-23320,US-2019-125521,SC-2019-03-125521,0.0,0.0,0.0,284.98,14-03-2019
DK-13225,OFF-PA-10001204,US-Wes-Cal-Hun-92646,CA-2019-157623,SC-2019-03-157623,0.0,0.0,0.0,4.752,14-03-2019
NF-18475,OFF-PA-10000176,US-Sou-Flo-Jac-32216,CA-2019-100293,SC-2019-03-100293,0.0,0.0,0.2,31.8696,14-03-2019
JF-15295,OFF-BI-10001617,US-Wes-Uta-Log-84321,CA-2019-114510,SC-2019-03-114510,0.0,0.0,0.2,11.1672,14-03-2019
JF-15295,OFF-ST-10000736,US-Wes-Uta-Log-84321,CA-2019-114510,SC-2019-03-114510,0.0,0.0,0.0,3.2392,14-03-2019
JF-15295,TEC-AC-10004877,US-Wes-Uta-Log-84321,CA-2019-114510,SC-2019-03-114510,0.0,0.0,0.0,6.624,14-03-2019
JF-15295,OFF-ST-10003221,US-Wes-Uta-Log-84321,CA-2019-114510,SC-2019-03-114510,0.0,0.0,0.0,5.7672,14-03-2019
JF-15295,OFF-BI-10003007,US-Wes-Uta-Log-84321,CA-2019-114510,SC-2019-03-114510,0.0,0.0,0.2,20.1656,14-03-2019
DK-13225,OFF-AR-10003723,US-Wes-Cal-Hun-92646,CA-2019-157623,SC-2019-03-157623,0.0,0.0,0.0,1.2506,14-03-2019
RB-19465,TEC-MA-10003626,US-Cen-Ill-Chi-60653,CA-2019-152618,FC-2019-03-152618,0.0,0.0,0.3,156.047,14-03-2019
RB-19465,OFF-PA-10001215,US-Cen-Ill-Chi-60653,CA-2019-152618,FC-2019-03-152618,0.0,0.0,0.2,2.64,14-03-2019
AS-10240,OFF-BI-10001543,US-Sou-Flo-Tam-33614,CA-2019-149958,SC-2019-03-149958,0.0,0.0,0.7,-31.6712,15-03-2019
AS-10240,OFF-ST-10001490,US-Sou-Flo-Tam-33614,CA-2019-149958,SC-2019-03-149958,0.0,0.0,0.2,17.847,15-03-2019
AS-10240,FUR-FU-10001756,US-Sou-Flo-Tam-33614,CA-2019-149958,SC-2019-03-149958,0.0,0.0,0.2,5.1408,15-03-2019
AS-10240,OFF-BI-10000773,US-Sou-Flo-Tam-33614,CA-2019-149958,SC-2019-03-149958,0.0,0.0,0.7,-5.5338,15-03-2019
AS-10240,OFF-PA-10002120,US-Sou-Flo-Tam-33614,CA-2019-149958,SC-2019-03-149958,0.0,0.0,0.2,47.8152,15-03-2019
KN-16705,TEC-PH-10002415,US-Sou-Nor-Ral-27604,CA-2019-157609,SC-2019-03-157609,0.0,0.0,0.2,29.495,16-03-2019
MH-17440,OFF-BI-10000605,US-Sou-Mis-Jac-39212,US-2019-164763,SC-2019-03-164763,0.0,0.0,0.0,5.3721,17-03-2019
MH-17440,OFF-BI-10000309,US-Sou-Mis-Jac-39212,US-2019-164763,SC-2019-03-164763,0.0,0.0,0.0,14.9156,17-03-2019
MH-17440,OFF-PA-10003349,US-Sou-Mis-Jac-39212,US-2019-164763,SC-2019-03-164763,0.0,0.0,0.0,6.3504,17-03-2019
QJ-19255,OFF-PA-10003641,US-Eas-Pen-Phi-19134,CA-2019-127859,SC-2019-03-127859,0.0,0.0,0.2,41.1528,17-03-2019
CP-12340,FUR-TA-10004175,US-Eas-New-New-10024,US-2019-148838,SC-2019-03-148838,0.0,0.0,0.4,-122.7816,17-03-2019
CP-12340,OFF-PA-10002960,US-Eas-New-New-10024,US-2019-148838,SC-2019-03-148838,0.0,0.0,0.0,16.3842,17-03-2019
BN-11515,OFF-BI-10000136,US-Cen-Min-Lak-55044,CA-2019-118339,SC-2019-03-118339,0.0,0.0,0.0,17.2224,17-03-2019
BN-11515,OFF-BI-10001758,US-Cen-Min-Lak-55044,CA-2019-118339,SC-2019-03-118339,0.0,0.0,0.0,25.098,17-03-2019
BN-11515,OFF-AR-10003829,US-Cen-Min-Lak-55044,CA-2019-118339,SC-2019-03-118339,0.0,0.0,0.0,5.7072,17-03-2019
CP-12340,OFF-PA-10000919,US-Eas-New-New-10024,US-2019-148838,SC-2019-03-148838,0.0,0.0,0.0,75.9696,17-03-2019
AZ-10750,OFF-AR-10003732,US-Cen-Tex-Dal-75217,CA-2019-158442,SC-2019-03-158442,0.0,0.0,0.2,0.3336,17-03-2019
CP-12340,FUR-TA-10001950,US-Eas-New-New-10024,US-2019-148838,SC-2019-03-148838,0.0,0.0,0.4,-553.6476,17-03-2019
AZ-10750,OFF-PA-10002365,US-Cen-Tex-Dal-75217,CA-2019-158442,SC-2019-03-158442,0.0,0.0,0.2,5.4432,17-03-2019
BN-11515,OFF-PA-10000466,US-Cen-Min-Lak-55044,CA-2019-118339,SC-2019-03-118339,0.0,0.0,0.0,23.59,17-03-2019
CP-12340,FUR-TA-10003473,US-Eas-New-New-10024,US-2019-148838,SC-2019-03-148838,0.0,0.0,0.4,-447.5947,17-03-2019
MH-17440,OFF-PA-10003063,US-Sou-Mis-Jac-39212,US-2019-164763,SC-2019-03-164763,0.0,0.0,0.0,7.68,17-03-2019
MH-17440,OFF-AP-10003971,US-Sou-Mis-Jac-39212,US-2019-164763,SC-2019-03-164763,0.0,0.0,0.0,8.4942,17-03-2019
AZ-10750,OFF-PA-10002195,US-Cen-Tex-Dal-75217,CA-2019-158442,SC-2019-03-158442,0.0,0.0,0.2,1.8792,17-03-2019
BN-11515,OFF-AP-10001154,US-Cen-Min-Lak-55044,CA-2019-118339,SC-2019-03-118339,0.0,0.0,0.0,36.5742,17-03-2019
SM-20320,TEC-MA-10003626,US-Sou-Flo-Jac-32216,CA-2019-145317,SC-2019-03-145317,0.0,0.0,0.5,-16.426,18-03-2019
SM-20320,FUR-FU-10001986,US-Sou-Flo-Jac-32216,CA-2019-145317,SC-2019-03-145317,0.0,0.0,0.2,15.294,18-03-2019
SM-20320,TEC-MA-10002412,US-Sou-Flo-Jac-32216,CA-2019-145317,SC-2019-03-145317,0.0,0.0,0.5,-1811.0784,18-03-2019
SC-20050,OFF-ST-10000078,US-Wes-Cal-Bur-91505,US-2019-131275,SC-2019-03-131275,0.0,0.0,0.0,334.1142,18-03-2019
SM-20320,OFF-PA-10001804,US-Sou-Flo-Jac-32216,CA-2019-145317,SC-2019-03-145317,0.0,0.0,0.2,7.4816,18-03-2019
SM-20320,OFF-FA-10003112,US-Sou-Flo-Jac-32216,CA-2019-145317,SC-2019-03-145317,0.0,0.0,0.2,5.9175,18-03-2019
SM-20320,FUR-FU-20004270,US-Sou-Flo-Jac-32216,CA-2019-145317,SC-2019-03-145317,0.0,0.0,0.2,8.0766,18-03-2019
SC-20050,FUR-FU-10004597,US-Wes-Cal-Bur-91505,US-2019-131275,SC-2019-03-131275,0.0,0.0,0.0,14.43,18-03-2019
SM-20320,OFF-AR-10003183,US-Sou-Flo-Jac-32216,CA-2019-145317,SC-2019-03-145317,0.0,0.0,0.2,1.002,18-03-2019
EK-13795,FUR-BO-10004218,US-Wes-Cal-San-94110,CA-2019-111871,SC-2019-03-111871,0.0,0.0,0.15,70.49,18-03-2019
SC-20050,TEC-MA-10001148,US-Wes-Cal-Bur-91505,US-2019-131275,SC-2019-03-131275,0.0,0.0,0.2,415.9896,18-03-2019
MC-17605,TEC-AC-10002647,US-Sou-Flo-Lak-33801,CA-2019-103989,FC-2019-03-103989,0.0,0.0,0.2,53.2,19-03-2019
MC-17605,TEC-PH-10004667,US-Sou-Flo-Lak-33801,CA-2019-103989,FC-2019-03-103989,0.0,0.0,0.2,28.3479,19-03-2019
MC-17605,FUR-FU-10002508,US-Sou-Flo-Lak-33801,CA-2019-103989,FC-2019-03-103989,0.0,0.0,0.2,5.5044,19-03-2019
MC-17605,OFF-LA-10000443,US-Sou-Flo-Lak-33801,CA-2019-103989,FC-2019-03-103989,0.0,0.0,0.2,3.9852,19-03-2019
MC-17605,OFF-ST-10000918,US-Sou-Flo-Lak-33801,CA-2019-103989,FC-2019-03-103989,0.0,0.0,0.2,1.962,19-03-2019
MC-17605,OFF-BI-10001196,US-Sou-Flo-Lak-33801,CA-2019-103989,FC-2019-03-103989,0.0,0.0,0.7,-25.737,19-03-2019
MC-17605,FUR-FU-10003981,US-Sou-Flo-Lak-33801,CA-2019-103989,FC-2019-03-103989,0.0,0.0,0.2,1.3728,19-03-2019
KH-16690,OFF-BI-10001597,US-Sou-Vir-Spr-22153,CA-2019-163223,SC-2019-03-163223,0.0,0.0,0.0,59.0112,21-03-2019
GM-14440,FUR-CH-10000422,US-Sou-Ten-Kno-37918,US-2019-155544,SC-2019-03-155544,0.0,0.0,0.2,-10.9188,21-03-2019
KH-16690,OFF-PA-10000675,US-Sou-Vir-Spr-22153,CA-2019-163223,SC-2019-03-163223,0.0,0.0,0.0,60.2553,21-03-2019
KH-16690,OFF-AR-10001573,US-Sou-Vir-Spr-22153,CA-2019-163223,SC-2019-03-163223,0.0,0.0,0.0,2.7028,21-03-2019
GM-14440,OFF-LA-10004544,US-Sou-Ten-Kno-37918,US-2019-155544,SC-2019-03-155544,0.0,0.0,0.2,22.2,21-03-2019
KH-16690,TEC-PH-10000730,US-Sou-Vir-Spr-22153,CA-2019-163223,SC-2019-03-163223,0.0,0.0,0.0,909.9818,21-03-2019
CB-12025,OFF-AR-10004027,US-Eas-Ohi-Ham-45011,CA-2019-140004,SC-2019-03-140004,0.0,0.0,0.2,1.5876,21-03-2019
CB-12025,OFF-AR-10004685,US-Eas-Ohi-Ham-45011,CA-2019-140004,SC-2019-03-140004,0.0,0.0,0.2,1.2038,21-03-2019
TS-21205,OFF-ST-10002301,US-Sou-Nor-Ash-28806,US-2019-107405,SC-2019-03-107405,0.0,0.0,0.2,-3.8646,21-03-2019
KH-16690,OFF-LA-10004409,US-Sou-Vir-Spr-22153,CA-2019-163223,SC-2019-03-163223,0.0,0.0,0.0,6.624,21-03-2019
BF-11275,FUR-CH-10001482,US-Wes-Ari-Tuc-85705,CA-2019-148040,SC-2019-03-148040,0.0,0.0,0.2,-35.3646,22-03-2019
CC-12685,OFF-BI-10002735,US-Sou-Nor-Gre-27405,US-2019-158057,SC-2019-03-158057,0.0,0.0,0.7,-39.4565,22-03-2019
BF-11275,OFF-PA-10002581,US-Wes-Ari-Tuc-85705,CA-2019-148040,SC-2019-03-148040,0.0,0.0,0.2,23.235,22-03-2019
CC-12685,OFF-BI-10004410,US-Sou-Nor-Gre-27405,US-2019-158057,SC-2019-03-158057,0.0,0.0,0.7,-5.8604,22-03-2019
VM-21835,OFF-AR-10003478,US-Cen-Ind-Por-46368,US-2019-129609,SC-2019-03-129609,0.0,0.0,0.0,6.512,22-03-2019
BG-11740,OFF-LA-10004484,US-Sou-Flo-Del-33445,CA-2019-164749,FC-2019-03-164749,0.0,0.0,0.2,3.2214,23-03-2019
PO-18865,TEC-PH-10003484,US-Wes-Cal-Los-90036,CA-2019-120838,SC-2019-03-120838,0.0,0.0,0.2,37.797,23-03-2019
PO-18865,OFF-ST-10000585,US-Wes-Cal-Los-90036,CA-2019-120838,SC-2019-03-120838,0.0,0.0,0.0,85.904,23-03-2019
MS-17710,FUR-FU-10002813,US-Wes-Cal-Fre-93727,CA-2019-143637,SC-2019-03-143637,0.0,0.0,0.0,14.5728,24-03-2019
CD-11920,OFF-PA-10004948,US-Eas-New-New-10024,CA-2019-147235,SC-2019-03-147235,0.0,0.0,0.0,11.703,24-03-2019
AZ-10750,FUR-CH-10002439,US-Eas-New-New-10009,CA-2019-148586,SC-2019-04-148586,0.0,0.0,0.1,65.2064,25-03-2019
CA-12265,OFF-AR-10003829,US-Wes-Cal-San-94110,CA-2019-128237,SC-2019-03-128237,0.0,0.0,0.0,1.9024,25-03-2019
CA-12265,OFF-AR-10003338,US-Wes-Cal-San-94110,CA-2019-128237,SC-2019-03-128237,0.0,0.0,0.0,3.72,25-03-2019
CA-12265,TEC-AC-10002558,US-Wes-Cal-San-94110,CA-2019-128237,SC-2019-03-128237,0.0,0.0,0.0,15.918,25-03-2019
CA-12265,OFF-AR-10000034,US-Wes-Cal-San-94110,CA-2019-128237,SC-2019-03-128237,0.0,0.0,0.0,9.9216,25-03-2019
CS-12505,OFF-LA-10001982,US-Wes-Cal-Pom-91767,CA-2019-100860,SC-2019-03-100860,0.0,0.0,0.0,9.0,26-03-2019
JD-15895,TEC-AC-10002323,US-Wes-Cal-Los-90036,CA-2019-138436,SC-2019-03-138436,0.0,0.0,0.0,8.619,26-03-2019
DK-12835,OFF-AR-10004272,US-Wes-Cal-San-94122,CA-2019-141838,SC-2019-03-141838,0.0,0.0,0.0,0.84,26-03-2019
DK-12835,OFF-BI-10003291,US-Wes-Cal-San-94122,CA-2019-141838,SC-2019-03-141838,0.0,0.0,0.2,9.4284,26-03-2019
DK-12835,TEC-PH-10004100,US-Wes-Cal-San-94122,CA-2019-141838,SC-2019-03-141838,0.0,0.0,0.2,2.8784,26-03-2019
CV-12295,FUR-TA-10003954,US-Cen-Iow-Des-50315,US-2019-137869,SC-2019-04-137869,0.0,0.0,0.0,106.6248,28-03-2019
DR-12940,TEC-PH-10003273,US-Wes-New-Alb-87105,CA-2019-100881,SC-2019-04-100881,0.0,0.0,0.2,22.6782,28-03-2019
MP-18175,FUR-TA-10000198,US-Eas-Ohi-Spr-45503,US-2019-117380,SC-2019-04-117380,0.0,0.0,0.4,-143.2548,28-03-2019
CV-12295,OFF-EN-10001509,US-Cen-Iow-Des-50315,US-2019-137869,SC-2019-04-137869,0.0,0.0,0.0,2.8764,28-03-2019
MG-18145,FUR-TA-10001889,US-Cen-Tex-Pla-75023,CA-2019-137274,SC-2019-04-137274,0.0,0.0,0.3,-152.7156,29-03-2019
MP-17470,TEC-PH-10001819,US-Cen-Tex-Bro-78521,CA-2019-162089,FC-2019-04-162089,0.0,0.0,0.2,88.1804,30-03-2019
NC-18340,OFF-ST-10001511,US-Cen-Min-App-55124,US-2019-113124,SC-2019-04-113124,0.0,0.0,0.0,6.465,30-03-2019
MP-17470,FUR-CH-10002304,US-Cen-Tex-Bro-78521,CA-2019-162089,FC-2019-04-162089,0.0,0.0,0.3,-9.093,30-03-2019
Dl-13600,OFF-ST-10002957,US-Wes-Was-Sea-98105,CA-2019-133424,SC-2019-04-133424,0.0,0.0,0.0,0.0,30-03-2019
Dl-13600,OFF-LA-10002312,US-Wes-Was-Sea-98105,CA-2019-133424,SC-2019-04-133424,0.0,0.0,0.0,22.2,30-03-2019
SG-20890,OFF-AR-10001231,US-Eas-New-New-10009,US-2019-105151,FC-2019-03-105151,0.0,0.0,0.0,2.94,30-03-2019
MP-17470,OFF-EN-10002230,US-Cen-Tex-Bro-78521,CA-2019-162089,FC-2019-04-162089,0.0,0.0,0.2,113.3055,30-03-2019
KM-16720,OFF-AR-10001915,US-Eas-New-Lon-11561,CA-2019-169033,SC-2019-04-169033,0.0,0.0,0.0,20.853,30-03-2019
GA-14725,FUR-BO-10001337,US-Wes-Cal-San-94110,CA-2019-131247,SC-2019-04-131247,0.0,0.0,0.15,-12.098,30-03-2019
TG-21640,OFF-BI-10001636,US-Sou-Flo-Tam-33614,CA-2019-130428,SC-2019-03-130428,0.0,0.0,0.7,-10.116,31-03-2019
TG-21640,OFF-AR-10004027,US-Sou-Flo-Tam-33614,CA-2019-130428,SC-2019-03-130428,0.0,0.0,0.2,1.0584,31-03-2019
TG-21640,FUR-CH-10002965,US-Sou-Flo-Tam-33614,CA-2019-130428,SC-2019-03-130428,0.0,0.0,0.2,98.4802,31-03-2019
KB-16240,OFF-BI-10001097,US-Sou-Flo-Mia-33180,CA-2019-101770,SC-2019-04-101770,0.0,0.0,0.7,-1.3083,31-03-2019
DD-13570,TEC-AC-10004901,US-Cen-Ill-Chi-60610,US-2019-104759,SC-2019-04-104759,0.0,0.0,0.2,13.9972,31-03-2019
JO-15280,OFF-BI-10003529,US-Eas-Pen-Phi-19120,CA-2019-112403,SC-2019-03-112403,0.0,0.0,0.7,-0.5964,31-03-2019
AA-10315,OFF-AP-10002765,US-Wes-Cal-San-94122,CA-2019-128055,SC-2019-04-128055,0.0,0.0,0.0,14.8344,31-03-2019
DD-13570,OFF-BI-10002071,US-Cen-Ill-Chi-60610,US-2019-104759,SC-2019-04-104759,0.0,0.0,0.8,-13.8278,31-03-2019
AA-10315,OFF-BI-10004390,US-Wes-Cal-San-94122,CA-2019-128055,SC-2019-04-128055,0.0,0.0,0.2,252.588,31-03-2019
KM-16720,OFF-BI-10000042,US-Wes-Cal-Val-94591,US-2019-157021,SC-2019-04-157021,0.0,0.0,0.2,5.5536,01-04-2019
KM-16720,OFF-LA-10002312,US-Wes-Cal-Val-94591,US-2019-157021,SC-2019-04-157021,0.0,0.0,0.0,14.8,01-04-2019
KH-16330,OFF-BI-10000145,US-Eas-Mas-Rev-2151,CA-2019-138359,SC-2019-04-138359,0.0,0.0,0.0,3.0576,01-04-2019
KH-16330,OFF-ST-10000636,US-Eas-Mas-Rev-2151,CA-2019-138359,SC-2019-04-138359,0.0,0.0,0.0,2.6784,01-04-2019
AH-10690,FUR-FU-10003192,US-Sou-Vir-Vir-23464,CA-2019-160276,SC-2019-04-160276,0.0,0.0,0.0,46.1968,02-04-2019
RD-19585,OFF-PA-10004248,US-Sou-Geo-Ath-30605,CA-2019-164315,SC-2019-04-164315,0.0,0.0,0.0,7.128,02-04-2019
SC-20020,OFF-PA-10002986,US-Cen-Tex-Hou-77095,US-2019-157847,SC-2019-04-157847,0.0,0.0,0.2,9.352,02-04-2019
RD-19585,TEC-PH-10001128,US-Sou-Geo-Ath-30605,CA-2019-164315,SC-2019-04-164315,0.0,0.0,0.0,293.9804,02-04-2019
RD-19585,OFF-AP-10003842,US-Sou-Geo-Ath-30605,CA-2019-164315,SC-2019-04-164315,0.0,0.0,0.0,40.274,02-04-2019
SC-20020,OFF-PA-10001593,US-Cen-Tex-Hou-77095,US-2019-157847,SC-2019-04-157847,0.0,0.0,0.2,10.465,02-04-2019
KE-16420,OFF-EN-10001415,US-Wes-Cal-Los-90008,CA-2019-112291,SC-2019-04-112291,0.0,0.0,0.0,5.58,03-04-2019
KE-16420,TEC-AC-10000736,US-Wes-Cal-Los-90008,CA-2019-112291,SC-2019-04-112291,0.0,0.0,0.0,57.5928,03-04-2019
KE-16420,TEC-AC-10001284,US-Wes-Cal-Los-90008,CA-2019-112291,SC-2019-04-112291,0.0,0.0,0.0,22.4316,03-04-2019
KB-16585,OFF-PA-10003797,US-Sou-Lou-Laf-70506,CA-2019-149538,SC-2019-04-149538,0.0,0.0,0.0,9.3312,04-04-2019
MS-17710,OFF-AR-10001955,US-Cen-Mic-Det-48205,CA-2019-133228,SC-2019-04-133228,0.0,0.0,0.0,23.808,04-04-2019
MS-17710,FUR-FU-10004020,US-Cen-Mic-Det-48205,CA-2019-133228,SC-2019-04-133228,0.0,0.0,0.0,2.3521,04-04-2019
KB-16585,OFF-PA-10002195,US-Sou-Lou-Laf-70506,CA-2019-149538,SC-2019-04-149538,0.0,0.0,0.0,6.3504,04-04-2019
MZ-17515,OFF-BI-10004140,US-Wes-Cal-Los-90008,US-2019-128685,FC-2019-04-128685,0.0,0.0,0.2,2.245,04-04-2019
PK-18910,OFF-LA-10001641,US-Wes-Cal-San-94109,CA-2019-105172,SC-2019-04-105172,0.0,0.0,0.0,9.072,04-04-2019
KB-16585,OFF-ST-10004180,US-Sou-Lou-Laf-70506,CA-2019-149538,SC-2019-04-149538,0.0,0.0,0.0,9.302,04-04-2019
KB-16585,TEC-AC-10002926,US-Sou-Lou-Laf-70506,CA-2019-149538,SC-2019-04-149538,0.0,0.0,0.0,42.9914,04-04-2019
JG-15805,OFF-ST-10001031,US-Cen-Ill-Dec-62521,CA-2019-151001,FC-2019-04-151001,0.0,0.0,0.2,3.9072,05-04-2019
RP-19855,OFF-BI-10002852,US-Sou-Ken-Ric-40475,US-2019-157231,SC-2019-04-157231,0.0,0.0,0.0,56.5264,05-04-2019
GM-14695,OFF-AR-10004757,US-Sou-Vir-Ale-22304,CA-2019-102988,SC-2019-04-102988,0.0,0.0,0.0,7.5768,05-04-2019
RD-19900,OFF-AR-10002952,US-Cen-Mic-Dea-48127,CA-2019-149104,SC-2019-04-149104,0.0,0.0,0.0,7.476,05-04-2019
RD-19900,OFF-BI-10004209,US-Cen-Mic-Dea-48127,CA-2019-149104,SC-2019-04-149104,0.0,0.0,0.0,18.09,05-04-2019
GM-14695,TEC-PH-10001615,US-Sou-Vir-Ale-22304,CA-2019-102988,SC-2019-04-102988,0.0,0.0,0.0,8.4071,05-04-2019
TH-21550,OFF-PA-10004071,US-Eas-New-New-10035,CA-2019-113887,FC-2019-04-113887,0.0,0.0,0.0,26.6304,05-04-2019
RD-19900,OFF-AR-10004685,US-Cen-Mic-Dea-48127,CA-2019-149104,SC-2019-04-149104,0.0,0.0,0.0,4.5837,05-04-2019
RD-19900,OFF-ST-10000991,US-Cen-Mic-Dea-48127,CA-2019-149104,SC-2019-04-149104,0.0,0.0,0.0,20.6946,05-04-2019
GM-14695,OFF-SU-10002881,US-Sou-Vir-Ale-22304,CA-2019-102988,SC-2019-04-102988,0.0,0.0,0.0,83.281,05-04-2019
GM-14695,OFF-PA-10003349,US-Sou-Vir-Ale-22304,CA-2019-102988,SC-2019-04-102988,0.0,0.0,0.0,6.3504,05-04-2019
GM-14695,OFF-AR-10000127,US-Sou-Vir-Ale-22304,CA-2019-102988,SC-2019-04-102988,0.0,0.0,0.0,6.6584,05-04-2019
JG-15805,OFF-ST-10003455,US-Cen-Ill-Dec-62521,CA-2019-151001,FC-2019-04-151001,0.0,0.0,0.2,3.7224,05-04-2019
FH-14275,OFF-BI-10002794,US-Wes-Cal-Los-90004,CA-2019-153808,SC-2019-04-153808,0.0,0.0,0.2,23.7684,06-04-2019
SC-20260,TEC-AC-10003441,US-Wes-Was-Sea-98115,CA-2019-169803,SC-2019-04-169803,0.0,0.0,0.0,2.034,06-04-2019
FH-14275,OFF-AR-10001725,US-Wes-Cal-Los-90004,CA-2019-153808,SC-2019-04-153808,0.0,0.0,0.0,18.447,06-04-2019
FH-14275,TEC-AC-10004171,US-Wes-Cal-Los-90004,CA-2019-153808,SC-2019-04-153808,0.0,0.0,0.0,131.9868,06-04-2019
SC-20260,FUR-TA-10000688,US-Wes-Was-Sea-98115,CA-2019-169803,SC-2019-04-169803,0.0,0.0,0.0,111.1035,06-04-2019
SD-20485,FUR-TA-10001039,US-Eas-Pen-Phi-19143,US-2019-118486,FC-2019-04-118486,0.0,0.0,0.4,-36.1116,06-04-2019
GP-14740,OFF-BI-10003719,US-Eas-Pen-Lan-17602,CA-2019-136742,SC-2019-04-136742,0.0,0.0,0.7,-35.928,06-04-2019
SD-20485,TEC-AC-10004659,US-Eas-Pen-Phi-19143,US-2019-118486,FC-2019-04-118486,0.0,0.0,0.2,21.897,06-04-2019
AY-10555,FUR-FU-10000747,US-Wes-Cal-Los-90049,CA-2019-102652,SC-2019-04-102652,0.0,0.0,0.0,15.6332,06-04-2019
SD-20485,OFF-SU-10004498,US-Eas-Pen-Phi-19143,US-2019-118486,FC-2019-04-118486,0.0,0.0,0.2,-2.1896,06-04-2019
AY-10555,OFF-PA-10003309,US-Wes-Cal-Los-90049,CA-2019-102652,SC-2019-04-102652,0.0,0.0,0.0,9.3312,06-04-2019
AY-10555,OFF-PA-10001977,US-Wes-Cal-Los-90049,CA-2019-102652,SC-2019-04-102652,0.0,0.0,0.0,26.6304,06-04-2019
AY-10555,FUR-FU-10001918,US-Wes-Cal-Los-90049,CA-2019-102652,SC-2019-04-102652,0.0,0.0,0.0,12.9129,06-04-2019
PJ-19015,FUR-FU-10004415,US-Sou-Ala-Mob-36608,CA-2019-124023,FC-2019-04-124023,0.0,0.0,0.0,2.7776,07-04-2019
VM-21685,TEC-PH-10004922,US-Sou-Geo-Mar-30062,CA-2019-165806,SC-2019-04-165806,0.0,0.0,0.0,50.2425,07-04-2019
VM-21685,OFF-PA-10003441,US-Sou-Geo-Mar-30062,CA-2019-165806,SC-2019-04-165806,0.0,0.0,0.0,27.9936,07-04-2019
RS-19765,TEC-PH-10003273,US-Sou-Sou-Col-29203,CA-2019-128846,SC-2019-04-128846,0.0,0.0,0.0,163.787,07-04-2019
RS-19765,OFF-PA-10000100,US-Sou-Sou-Col-29203,CA-2019-128846,SC-2019-04-128846,0.0,0.0,0.0,60.2553,07-04-2019
JM-15655,OFF-FA-10000611,US-Wes-Ari-Gle-85301,CA-2019-100363,SC-2019-04-100363,0.0,0.0,0.2,0.8288,08-04-2019
JS-15880,FUR-TA-10004442,US-Eas-Ohi-Tol-43615,CA-2019-121769,SC-2019-04-121769,0.0,0.0,0.4,-94.6605,08-04-2019
PC-19000,OFF-FA-10001883,US-Wes-Ari-Cha-85224,US-2019-163797,SC-2019-04-163797,0.0,0.0,0.2,-11.8256,08-04-2019
JM-15655,OFF-PA-10004733,US-Wes-Ari-Gle-85301,CA-2019-100363,SC-2019-04-100363,0.0,0.0,0.2,6.8904,08-04-2019
NM-18445,TEC-AC-10001908,US-Wes-Cal-Con-94521,CA-2019-150581,SC-2019-04-150581,0.0,0.0,0.0,139.986,08-04-2019
NM-18445,FUR-TA-10003748,US-Wes-Cal-Con-94521,CA-2019-150581,SC-2019-04-150581,0.0,0.0,0.2,2.4898,08-04-2019
RA-19885,FUR-TA-10001086,US-Sou-Ala-Dec-35601,US-2019-118997,SC-2019-04-118997,0.0,0.0,0.0,316.1392,08-04-2019
JK-15370,OFF-PA-10000029,US-Sou-Flo-Mia-33180,US-2019-102715,SC-2019-04-102715,0.0,0.0,0.2,3.6288,11-04-2019
MM-18055,OFF-ST-10000876,US-Wes-Mon-Gre-59405,CA-2019-110555,SC-2019-04-110555,0.0,0.0,0.0,24.3824,11-04-2019
MM-18055,TEC-PH-10000586,US-Wes-Mon-Gre-59405,CA-2019-110555,SC-2019-04-110555,0.0,0.0,0.2,9.2386,11-04-2019
MM-18055,TEC-AC-10003399,US-Wes-Mon-Gre-59405,CA-2019-110555,SC-2019-04-110555,0.0,0.0,0.0,91.3248,11-04-2019
GM-14455,TEC-PH-10001835,US-Cen-Tex-Aus-78745,CA-2019-138940,SC-2019-04-138940,0.0,0.0,0.2,265.4232,11-04-2019
JK-15370,TEC-AC-10001874,US-Sou-Flo-Mia-33180,US-2019-102715,SC-2019-04-102715,0.0,0.0,0.2,41.993,11-04-2019
JK-15370,TEC-AC-10002001,US-Sou-Flo-Mia-33180,US-2019-102715,SC-2019-04-102715,0.0,0.0,0.2,81.5949,11-04-2019
JK-15370,OFF-FA-10001332,US-Sou-Flo-Mia-33180,US-2019-102715,SC-2019-04-102715,0.0,0.0,0.2,2.3328,11-04-2019
SE-20110,OFF-BI-10004817,US-Wes-Ida-Lew-83501,US-2019-121734,SC-2019-04-121734,0.0,0.0,0.2,3.3544,11-04-2019
KN-16450,TEC-PH-10000576,US-Wes-Cal-Red-90278,CA-2019-154599,SC-2019-04-154599,0.0,0.0,0.2,38.3572,12-04-2019
KN-16450,OFF-BI-10002764,US-Wes-Cal-Red-90278,CA-2019-154599,SC-2019-04-154599,0.0,0.0,0.2,6.5569,12-04-2019
EH-13765,OFF-AR-10002987,US-Wes-Cal-Lod-95240,CA-2019-142979,SC-2019-04-142979,0.0,0.0,0.0,16.2688,12-04-2019
KN-16450,FUR-BO-10001337,US-Wes-Cal-Red-90278,CA-2019-154599,SC-2019-04-154599,0.0,0.0,0.15,-18.147,12-04-2019
SV-20785,OFF-PA-10000289,US-Cen-Ind-Blo-47401,US-2019-158365,SC-2019-04-158365,0.0,0.0,0.0,15.552,12-04-2019
KN-16450,TEC-PH-10001557,US-Wes-Cal-Red-90278,CA-2019-154599,SC-2019-04-154599,0.0,0.0,0.2,94.0702,12-04-2019
BF-11170,OFF-LA-10002368,US-Eas-Mar-Bal-21215,CA-2019-167724,SC-2019-04-167724,0.0,0.0,0.0,3.6018,13-04-2019
JD-15895,OFF-AR-10000122,US-Eas-Pen-Phi-19140,CA-2019-122336,SC-2019-04-122336,0.0,0.0,0.2,1.116,13-04-2019
JD-15895,TEC-PH-10000702,US-Eas-Pen-Phi-19140,CA-2019-122336,SC-2019-04-122336,0.0,0.0,0.4,8.3916,13-04-2019
JD-15895,OFF-BI-10003656,US-Eas-Pen-Phi-19140,CA-2019-122336,SC-2019-04-122336,0.0,0.0,0.7,-407.976,13-04-2019
JD-15895,OFF-FA-10002780,US-Eas-Pen-Phi-19140,CA-2019-122336,SC-2019-04-122336,0.0,0.0,0.2,10.0724,13-04-2019
PS-18970,OFF-AP-10000240,US-Wes-Cal-Los-90049,US-2019-120740,SC-2019-04-120740,0.0,0.0,0.0,31.0184,15-04-2019
SP-20650,OFF-AR-10003478,US-Sou-Nor-Wil-28403,CA-2019-155208,SC-2019-04-155208,0.0,0.0,0.2,9.768,16-04-2019
KM-16720,OFF-AR-10001868,US-Cen-Tex-Hou-77095,CA-2019-100678,SC-2019-04-100678,0.0,0.0,0.2,1.008,18-04-2019
KM-16720,FUR-CH-10002602,US-Cen-Tex-Hou-77095,CA-2019-100678,SC-2019-04-100678,0.0,0.0,0.3,-18.1176,18-04-2019
KM-16720,OFF-EN-10000056,US-Cen-Tex-Hou-77095,CA-2019-100678,SC-2019-04-100678,0.0,0.0,0.2,50.4063,18-04-2019
KM-16720,TEC-AC-10000474,US-Cen-Tex-Hou-77095,CA-2019-100678,SC-2019-04-100678,0.0,0.0,0.2,28.497,18-04-2019
JL-15835,TEC-MA-10002859,US-Wes-Cal-Los-90049,CA-2019-110849,SC-2019-04-110849,0.0,0.0,0.2,97.1892,18-04-2019
JL-15835,OFF-AR-10002375,US-Wes-Cal-Los-90049,CA-2019-110849,SC-2019-04-110849,0.0,0.0,0.0,3.8048,18-04-2019
JL-15835,OFF-AR-10000657,US-Wes-Cal-Los-90049,CA-2019-110849,SC-2019-04-110849,0.0,0.0,0.0,3.5475,18-04-2019
JL-15835,OFF-FA-10000134,US-Wes-Cal-Los-90049,CA-2019-110849,SC-2019-04-110849,0.0,0.0,0.0,3.6022,18-04-2019
AG-10390,OFF-BI-10003638,US-Sou-Vir-Arl-22204,CA-2019-158470,SC-2019-04-158470,0.0,0.0,0.0,26.703,19-04-2019
AG-10390,OFF-PA-10001569,US-Sou-Vir-Arl-22204,CA-2019-158470,SC-2019-04-158470,0.0,0.0,0.0,34.2144,19-04-2019
SV-20365,OFF-ST-10004634,US-Cen-Tex-Hou-77070,CA-2019-134572,SC-2019-04-134572,0.0,0.0,0.2,5.605,20-04-2019
SV-20365,FUR-TA-10004442,US-Cen-Tex-Hou-77070,CA-2019-134572,SC-2019-04-134572,0.0,0.0,0.3,-131.951,20-04-2019
BP-11230,FUR-FU-10000409,US-Wes-Cal-Los-90045,CA-2019-101462,SC-2019-04-101462,0.0,0.0,0.0,27.5632,20-04-2019
SV-20365,FUR-TA-10001705,US-Cen-Tex-Hou-77070,CA-2019-134572,SC-2019-04-134572,0.0,0.0,0.3,-95.67,20-04-2019
DB-13555,OFF-ST-10002574,US-Sou-Ken-Hen-42420,CA-2019-136336,SC-2019-04-136336,0.0,0.0,0.0,0.0,21-04-2019
AA-10375,OFF-BI-10002976,US-Wes-Cal-Los-90008,CA-2019-158064,SC-2019-04-158064,0.0,0.0,0.2,5.5755,21-04-2019
AH-10030,OFF-EN-10004773,US-Eas-New-Tro-12180,CA-2019-122070,SC-2019-04-122070,0.0,0.0,0.0,121.4416,22-04-2019
AH-10030,OFF-BI-10004970,US-Eas-New-Tro-12180,CA-2019-122070,SC-2019-04-122070,0.0,0.0,0.2,3.3453,22-04-2019
NM-18445,OFF-PA-10001878,US-Wes-Cal-San-94109,CA-2019-111857,SC-2019-04-111857,0.0,0.0,0.0,22.9877,23-04-2019
TS-21160,OFF-BI-10004876,US-Eas-Pen-Phi-19134,US-2019-112564,FC-2019-04-112564,0.0,0.0,0.7,-1.7514,23-04-2019
LB-16795,FUR-CH-10002965,US-Eas-Ohi-Col-43229,US-2019-150119,SC-2019-04-150119,0.0,0.0,0.3,-12.0588,23-04-2019
LB-16795,OFF-BI-10000145,US-Eas-Ohi-Col-43229,US-2019-150119,SC-2019-04-150119,0.0,0.0,0.7,-5.2416,23-04-2019
LB-16795,FUR-FU-10002191,US-Eas-Ohi-Col-43229,US-2019-150119,SC-2019-04-150119,0.0,0.0,0.2,7.8176,23-04-2019
DA-13450,OFF-PA-10003543,US-Cen-Tex-Hou-77095,US-2019-157406,SC-2019-04-157406,0.0,0.0,0.2,3.6288,25-04-2019
DA-13450,OFF-AR-10002221,US-Cen-Tex-Hou-77095,US-2019-157406,SC-2019-04-157406,0.0,0.0,0.2,0.546,25-04-2019
BT-11305,FUR-FU-10003708,US-Wes-Cal-San-91776,CA-2019-166954,SC-2019-04-166954,0.0,0.0,0.0,63.6825,25-04-2019
LC-16885,TEC-PH-10004531,US-Sou-Nor-Wil-28403,CA-2019-110100,SC-2019-04-110100,0.0,0.0,0.2,37.797,25-04-2019
BT-11305,OFF-AP-10001391,US-Wes-Cal-San-91776,CA-2019-166954,SC-2019-04-166954,0.0,0.0,0.0,78.5088,25-04-2019
BT-11305,FUR-CH-10003973,US-Wes-Cal-San-91776,CA-2019-166954,SC-2019-04-166954,0.0,0.0,0.2,148.704,25-04-2019
MH-17290,OFF-AR-10003504,US-Wes-Cal-Los-90036,CA-2019-116785,SC-2019-04-116785,0.0,0.0,0.0,6.206,26-04-2019
AG-10300,OFF-BI-10001525,US-Wes-Cal-Los-90049,CA-2019-147298,SC-2019-05-147298,0.0,0.0,0.2,5.715,26-04-2019
MH-17290,OFF-LA-10000305,US-Wes-Cal-Los-90036,CA-2019-116785,SC-2019-04-116785,0.0,0.0,0.0,5.796,26-04-2019
AG-10300,FUR-CH-10004886,US-Wes-Cal-Los-90049,CA-2019-147298,SC-2019-05-147298,0.0,0.0,0.2,23.028,26-04-2019
GB-14530,OFF-ST-10002214,US-Eas-Ohi-New-43055,CA-2019-140228,SC-2019-05-140228,0.0,0.0,0.2,2.0322,28-04-2019
DS-13180,TEC-AC-10000736,US-Eas-New-Jam-14701,CA-2019-132983,SC-2019-05-132983,0.0,0.0,0.0,57.5928,28-04-2019
GB-14530,OFF-ST-10001128,US-Eas-Ohi-New-43055,CA-2019-140228,SC-2019-05-140228,0.0,0.0,0.2,-37.7332,28-04-2019
MY-18295,OFF-BI-10001628,US-Eas-Mar-Bal-21215,CA-2019-118976,SC-2019-05-118976,0.0,0.0,0.0,9.387,28-04-2019
AI-10855,TEC-PH-10001459,US-Wes-Cal-San-94122,CA-2019-131387,FC-2019-04-131387,0.0,0.0,0.2,125.997,28-04-2019
MY-18295,OFF-ST-10000877,US-Eas-Mar-Bal-21215,CA-2019-118976,SC-2019-05-118976,0.0,0.0,0.0,129.3786,28-04-2019
MY-18295,OFF-AR-10004752,US-Eas-Mar-Bal-21215,CA-2019-118976,SC-2019-05-118976,0.0,0.0,0.0,1.4952,28-04-2019
MY-18295,OFF-LA-10000452,US-Eas-Mar-Bal-21215,CA-2019-118976,SC-2019-05-118976,0.0,0.0,0.0,1.512,28-04-2019
GB-14530,OFF-LA-10001613,US-Eas-Ohi-New-43055,CA-2019-140228,SC-2019-05-140228,0.0,0.0,0.2,2.5056,28-04-2019
LA-16780,OFF-ST-10000798,US-Sou-Ten-Mem-38109,CA-2019-107811,SC-2019-05-107811,0.0,0.0,0.2,-1.249,29-04-2019
KH-16360,TEC-PH-10000376,US-Eas-Del-Dov-19901,CA-2019-118304,SC-2019-05-118304,0.0,0.0,0.0,5.1948,29-04-2019
LL-16840,FUR-FU-10001424,US-Eas-New-Roc-14609,CA-2019-134061,SC-2019-05-134061,0.0,0.0,0.0,5.9364,29-04-2019
HG-14845,OFF-BI-10000136,US-Sou-Lou-Lak-70601,CA-2019-142727,SC-2019-05-142727,0.0,0.0,0.0,8.6112,29-04-2019
LA-16780,FUR-CH-10001394,US-Sou-Ten-Mem-38109,CA-2019-107811,SC-2019-05-107811,0.0,0.0,0.2,70.198,29-04-2019
HG-14845,FUR-CH-10002304,US-Sou-Lou-Lak-70601,CA-2019-142727,SC-2019-05-142727,0.0,0.0,0.0,12.99,29-04-2019
TM-21010,TEC-AC-20002550,US-Sou-Mis-Jac-39212,CA-2019-156006,SC-2019-05-156006,0.0,0.0,0.0,16.2486,30-04-2019
JM-16195,OFF-AR-10004010,US-Sou-Ken-Lou-40214,CA-2019-160094,FC-2019-05-160094,0.0,0.0,0.0,45.487,30-04-2019
JM-16195,OFF-ST-10000585,US-Sou-Ken-Lou-40214,CA-2019-160094,FC-2019-05-160094,0.0,0.0,0.0,214.76,30-04-2019
AR-10510,OFF-AP-10003971,US-Eas-Ohi-Col-43229,CA-2019-115056,SC-2019-05-115056,0.0,0.0,0.2,1.9602,02-05-2019
CS-11860,TEC-CO-10004202,US-Sou-Flo-Lak-33801,CA-2019-124618,SC-2019-05-124618,0.0,0.0,0.2,89.997,02-05-2019
JS-15940,OFF-LA-10002195,US-Cen-Wis-App-54915,CA-2019-130274,FC-2019-05-130274,0.0,0.0,0.0,10.3488,03-05-2019
NC-18415,OFF-BI-10003981,US-Eas-New-Yon-10701,CA-2019-135755,SC-2019-05-135755,0.0,0.0,0.2,3.9498,03-05-2019
NC-18415,OFF-BI-10004828,US-Eas-New-Yon-10701,CA-2019-135755,SC-2019-05-135755,0.0,0.0,0.2,14.5638,03-05-2019
NC-18340,OFF-AR-10001725,US-Cen-Tex-Hou-77036,CA-2019-111899,FC-2019-05-111899,0.0,0.0,0.2,2.838,04-05-2019
NC-18340,OFF-FA-10000840,US-Cen-Tex-Hou-77036,CA-2019-111899,FC-2019-05-111899,0.0,0.0,0.2,1.8468,04-05-2019
BS-11365,OFF-AP-10000696,US-Wes-Was-Sea-98105,US-2019-148194,FC-2019-05-148194,0.0,0.0,0.0,19.0344,04-05-2019
BS-11365,FUR-FU-10001852,US-Wes-Was-Sea-98105,US-2019-148194,FC-2019-05-148194,0.0,0.0,0.0,3.8976,04-05-2019
PM-18940,OFF-BI-10001294,US-Cen-Mic-Jac-49201,CA-2019-117709,SC-2019-05-117709,0.0,0.0,0.0,21.06,04-05-2019
GD-14590,OFF-BI-10004364,US-Sou-Vir-Arl-22204,CA-2019-111934,FC-2019-05-111934,0.0,0.0,0.0,5.346,05-05-2019
GD-14590,OFF-PA-10000474,US-Sou-Vir-Arl-22204,CA-2019-111934,FC-2019-05-111934,0.0,0.0,0.0,16.6568,05-05-2019
KH-16330,OFF-ST-10003442,US-Cen-Ill-Fre-61032,CA-2019-160738,SC-2019-05-160738,0.0,0.0,0.2,3.9592,05-05-2019
PF-19120,OFF-PA-10001363,US-Sou-Ken-Ric-40475,CA-2019-166457,SC-2019-05-166457,0.0,0.0,0.0,11.5432,05-05-2019
PF-19120,OFF-AR-10003651,US-Sou-Ken-Ric-40475,CA-2019-166457,SC-2019-05-166457,0.0,0.0,0.0,1.9024,05-05-2019
PF-19120,OFF-PA-10003016,US-Sou-Ken-Ric-40475,CA-2019-166457,SC-2019-05-166457,0.0,0.0,0.0,4.239,05-05-2019
SN-20710,OFF-LA-10004425,US-Wes-Cal-Los-90004,US-2019-154879,SC-2019-05-154879,0.0,0.0,0.0,2.7166,06-05-2019
HP-14815,OFF-BI-10003684,US-Wes-Cal-Los-90049,CA-2019-121664,SC-2019-05-121664,0.0,0.0,0.2,52.776,06-05-2019
SN-20710,OFF-AR-10001897,US-Wes-Cal-Los-90004,US-2019-154879,SC-2019-05-154879,0.0,0.0,0.0,30.2232,06-05-2019
CT-11995,FUR-TA-10003469,US-Eas-Mas-Law-1841,CA-2019-166086,SC-2019-05-166086,0.0,0.0,0.3,-38.85,07-05-2019
CT-11995,OFF-AR-10002578,US-Eas-Mas-Law-1841,CA-2019-166086,SC-2019-05-166086,0.0,0.0,0.0,2.5056,07-05-2019
CT-11995,OFF-BI-10001078,US-Eas-Mas-Law-1841,CA-2019-166086,SC-2019-05-166086,0.0,0.0,0.0,7.9086,07-05-2019
CT-11995,FUR-CH-10004675,US-Eas-Mas-Law-1841,CA-2019-166086,SC-2019-05-166086,0.0,0.0,0.0,244.2496,07-05-2019
KT-16480,TEC-CO-10001449,US-Eas-Pen-Phi-19134,CA-2019-116666,FC-2019-05-116666,0.0,0.0,0.4,239.996,08-05-2019
SB-20290,OFF-ST-10000107,US-Sou-Ken-Hen-42420,CA-2019-158771,SC-2019-05-158771,0.0,0.0,0.0,14.985,09-05-2019
SB-20290,OFF-LA-10003121,US-Sou-Ken-Hen-42420,CA-2019-158771,SC-2019-05-158771,0.0,0.0,0.0,9.499,09-05-2019
SB-20290,OFF-LA-10001641,US-Sou-Ken-Hen-42420,CA-2019-158771,SC-2019-05-158771,0.0,0.0,0.0,4.536,09-05-2019
PG-18820,TEC-AC-10003441,US-Wes-Cal-San-94110,US-2019-102071,SC-2019-05-102071,0.0,0.0,0.0,4.068,09-05-2019
SB-20290,OFF-PA-10002689,US-Sou-Ken-Hen-42420,CA-2019-158771,SC-2019-05-158771,0.0,0.0,0.0,21.7728,09-05-2019
PG-18820,TEC-AC-10000109,US-Wes-Cal-San-94110,US-2019-102071,SC-2019-05-102071,0.0,0.0,0.0,40.3128,09-05-2019
AI-10855,TEC-PH-10003988,US-Wes-Was-Ken-98031,CA-2019-159709,SC-2019-05-159709,0.0,0.0,0.2,4.36,10-05-2019
AI-10855,OFF-EN-10001434,US-Wes-Was-Ken-98031,CA-2019-159709,SC-2019-05-159709,0.0,0.0,0.0,77.4837,10-05-2019
GM-14680,OFF-SU-10004737,US-Wes-Cal-San-95123,CA-2019-103310,SC-2019-05-103310,0.0,0.0,0.0,11.0808,10-05-2019
AF-10885,OFF-AR-10000716,US-Eas-Pen-Phi-19134,CA-2019-114181,SC-2019-05-114181,0.0,0.0,0.2,5.301,10-05-2019
GM-14680,FUR-CH-10002320,US-Wes-Cal-San-95123,CA-2019-103310,SC-2019-05-103310,0.0,0.0,0.2,32.098,10-05-2019
GM-14680,TEC-PH-10001817,US-Wes-Cal-San-95123,CA-2019-103310,SC-2019-05-103310,0.0,0.0,0.2,125.3,10-05-2019
GM-14680,OFF-PA-10004353,US-Wes-Cal-San-95123,CA-2019-103310,SC-2019-05-103310,0.0,0.0,0.0,19.1808,10-05-2019
AF-10885,FUR-BO-10004467,US-Eas-Pen-Phi-19134,CA-2019-114181,SC-2019-05-114181,0.0,0.0,0.5,-216.9783,10-05-2019
VW-21775,FUR-CH-10000015,US-Cen-Tex-Hun-77340,CA-2019-152100,SC-2019-05-152100,0.0,0.0,0.3,-69.312,11-05-2019
RM-19375,TEC-AC-10001013,US-Cen-Tex-Hou-77095,CA-2019-139017,SC-2019-05-139017,0.0,0.0,0.2,7.6154,11-05-2019
BG-11695,OFF-AP-10004249,US-Eas-New-Wat-13601,CA-2019-127523,SC-2019-05-127523,0.0,0.0,0.0,9.6957,11-05-2019
HD-14785,OFF-BI-10002026,US-Cen-Ill-Chi-60610,CA-2019-119172,SC-2019-05-119172,0.0,0.0,0.8,-172.557,11-05-2019
PG-18895,TEC-PH-10002597,US-Cen-Tex-For-76106,CA-2019-103849,SC-2019-05-103849,0.0,0.0,0.2,6.2995,11-05-2019
PG-18895,FUR-FU-10000723,US-Cen-Tex-For-76106,CA-2019-103849,SC-2019-05-103849,0.0,0.0,0.6,-84.2928,11-05-2019
HD-14785,OFF-PA-10003036,US-Cen-Ill-Chi-60610,CA-2019-119172,SC-2019-05-119172,0.0,0.0,0.2,5.6784,11-05-2019
PG-18895,TEC-AC-10001465,US-Cen-Tex-For-76106,CA-2019-103849,SC-2019-05-103849,0.0,0.0,0.2,7.264,11-05-2019
KT-16480,FUR-TA-10002228,US-Eas-Mas-Fra-2038,CA-2019-155887,SC-2019-05-155887,0.0,0.0,0.3,-130.0104,12-05-2019
HL-15040,FUR-FU-10000010,US-Cen-Wis-Mil-53209,CA-2019-127159,FC-2019-05-127159,0.0,0.0,0.0,10.7849,12-05-2019
AH-10030,OFF-PA-10003063,US-Wes-Cal-Los-90004,CA-2019-113768,SC-2019-05-113768,0.0,0.0,0.0,3.84,13-05-2019
EH-14005,OFF-FA-10002815,US-Sou-Flo-Hia-33012,CA-2019-140165,FC-2019-05-140165,0.0,0.0,0.2,2.3976,13-05-2019
AG-10270,OFF-ST-10000107,US-Wes-Uta-Wes-84084,CA-2019-167164,SC-2019-05-167164,0.0,0.0,0.0,9.99,13-05-2019
NP-18325,TEC-AC-10002800,US-Wes-Cal-Oak-94601,CA-2019-114433,SC-2019-05-114433,0.0,0.0,0.0,52.4895,13-05-2019
EH-14005,OFF-BI-10004519,US-Sou-Flo-Hia-33012,CA-2019-140165,FC-2019-05-140165,0.0,0.0,0.7,-331.96,13-05-2019
AH-10030,FUR-CH-10002439,US-Wes-Cal-Los-90004,CA-2019-113768,SC-2019-05-113768,0.0,0.0,0.2,20.9592,13-05-2019
AJ-10795,FUR-FU-10004306,US-Sou-Flo-Sai-33710,CA-2019-106810,SC-2019-05-106810,0.0,0.0,0.2,23.316,14-05-2019
CC-12475,TEC-AC-10002217,US-Wes-Cal-San-94122,US-2019-163146,SC-2019-05-163146,0.0,0.0,0.0,3.384,16-05-2019
PW-19030,FUR-CH-10002439,US-Wes-Cal-Los-90036,CA-2019-125150,SC-2019-05-125150,0.0,0.0,0.2,17.466,16-05-2019
PA-19060,OFF-BI-10000666,US-Cen-Wis-Eau-54703,CA-2019-148761,SC-2019-05-148761,0.0,0.0,0.0,45.84,17-05-2019
GA-14515,OFF-PA-10001526,US-Cen-Tex-Dal-75220,CA-2019-133963,SC-2019-05-133963,0.0,0.0,0.2,1.4442,18-05-2019
TT-21070,OFF-PA-10001526,US-Eas-Ohi-Akr-44312,CA-2019-164224,SC-2019-05-164224,0.0,0.0,0.2,5.7768,18-05-2019
TT-21070,FUR-FU-10000308,US-Eas-Ohi-Akr-44312,CA-2019-164224,SC-2019-05-164224,0.0,0.0,0.2,3.7308,18-05-2019
BS-11755,TEC-PH-10002885,US-Eas-Ohi-Cle-44105,CA-2019-103373,SC-2019-05-103373,0.0,0.0,0.4,-168.9558,18-05-2019
TD-20995,OFF-SU-10004737,US-Sou-Vir-Vir-23464,CA-2019-130155,FC-2019-05-130155,0.0,0.0,0.0,9.234,19-05-2019
JH-15820,OFF-BI-10001249,US-Cen-Mic-Mid-48640,US-2019-107699,SC-2019-05-107699,0.0,0.0,0.0,26.4132,19-05-2019
RF-19345,FUR-FU-10000076,US-Eas-New-Dov-3820,US-2019-114188,SC-2019-05-114188,0.0,0.0,0.0,60.1398,20-05-2019
RF-19345,OFF-AR-10004511,US-Eas-New-Dov-3820,US-2019-114188,SC-2019-05-114188,0.0,0.0,0.0,11.9412,20-05-2019
RF-19345,OFF-AP-10000124,US-Eas-New-Dov-3820,US-2019-114188,SC-2019-05-114188,0.0,0.0,0.0,9.3184,20-05-2019
MC-17590,OFF-PA-10000289,US-Cen-Tex-San-78666,CA-2019-130673,SC-2019-05-130673,0.0,0.0,0.2,3.6288,20-05-2019
MC-17590,OFF-ST-10000636,US-Cen-Tex-San-78666,CA-2019-130673,SC-2019-05-130673,0.0,0.0,0.2,-13.392,20-05-2019
MC-17590,TEC-AC-10004227,US-Cen-Tex-San-78666,CA-2019-130673,SC-2019-05-130673,0.0,0.0,0.2,-3.6372,20-05-2019
MC-17590,FUR-FU-10003489,US-Cen-Tex-San-78666,CA-2019-130673,SC-2019-05-130673,0.0,0.0,0.6,-5.9409,20-05-2019
KH-16360,OFF-BI-10000977,US-Cen-Tex-Hou-77070,CA-2019-127166,SC-2019-05-127166,0.0,0.0,0.8,-31.008,21-05-2019
BT-11530,OFF-AR-10003514,US-Wes-Cal-San-92037,CA-2019-104780,SC-2019-05-104780,0.0,0.0,0.0,10.5072,21-05-2019
MW-18235,OFF-BI-10003925,US-Sou-Vir-Vir-23464,CA-2019-117639,SC-2019-05-117639,0.0,0.0,0.0,1276.4871,21-05-2019
FG-14260,OFF-BI-10001071,US-Eas-Mas-Law-1841,CA-2019-152443,SC-2019-05-152443,0.0,0.0,0.0,219.4514,21-05-2019
MW-18235,TEC-PH-20001530,US-Sou-Vir-Vir-23464,CA-2019-117639,SC-2019-05-117639,0.0,0.0,0.0,173.0316,21-05-2019
FG-14260,OFF-PA-10003022,US-Eas-Mas-Law-1841,CA-2019-152443,SC-2019-05-152443,0.0,0.0,0.0,8.7906,21-05-2019
KH-16360,OFF-PA-10001560,US-Cen-Tex-Hou-77070,CA-2019-127166,SC-2019-05-127166,0.0,0.0,0.2,1.6308,21-05-2019
FG-14260,OFF-AP-10001293,US-Eas-Mas-Law-1841,CA-2019-152443,SC-2019-05-152443,0.0,0.0,0.0,68.8464,21-05-2019
KH-16360,FUR-CH-10003396,US-Cen-Tex-Hou-77070,CA-2019-127166,SC-2019-05-127166,0.0,0.0,0.3,-29.2524,21-05-2019
KH-16360,OFF-EN-10003134,US-Cen-Tex-Hou-77070,CA-2019-127166,SC-2019-05-127166,0.0,0.0,0.2,21.024,21-05-2019
EH-14185,TEC-PH-10003171,US-Sou-Ala-Dec-35601,CA-2019-143840,SC-2019-05-143840,0.0,0.0,0.0,12.586,22-05-2019
EH-14185,TEC-PH-10002660,US-Sou-Ala-Dec-35601,CA-2019-143840,SC-2019-05-143840,0.0,0.0,0.0,33.995,22-05-2019
GT-14710,OFF-SU-10003002,US-Eas-New-New-10035,US-2019-135881,SC-2019-05-135881,0.0,0.0,0.0,0.1512,23-05-2019
AR-10510,OFF-AR-10001246,US-Eas-Pen-Phi-19134,US-2019-105767,SC-2019-05-105767,0.0,0.0,0.2,2.3814,23-05-2019
GT-14710,OFF-BI-10000829,US-Eas-New-New-10035,US-2019-135881,SC-2019-05-135881,0.0,0.0,0.2,5.837,23-05-2019
AR-10510,OFF-BI-10000848,US-Eas-Pen-Phi-19134,US-2019-105767,SC-2019-05-105767,0.0,0.0,0.7,-2.6256,23-05-2019
EH-13990,OFF-PA-10003177,US-Wes-Was-Bel-98006,CA-2019-138513,SC-2019-05-138513,0.0,0.0,0.0,6.2208,23-05-2019
GT-14710,OFF-AP-10002118,US-Eas-New-New-10035,US-2019-135881,SC-2019-05-135881,0.0,0.0,0.0,56.2032,23-05-2019
AR-10510,TEC-PH-10003092,US-Eas-Pen-Phi-19134,US-2019-105767,SC-2019-05-105767,0.0,0.0,0.4,-10.1178,23-05-2019
RP-19390,OFF-PA-10002319,US-Eas-Mar-Bal-21215,CA-2019-143413,SC-2019-05-143413,0.0,0.0,0.0,56.9772,24-05-2019
JL-15235,FUR-FU-10002553,US-Cen-Ill-Chi-60623,US-2019-130379,SC-2019-05-130379,0.0,0.0,0.6,-24.189,25-05-2019
BW-11065,OFF-PA-10001471,US-Eas-New-New-10035,CA-2019-100391,SC-2019-05-100391,0.0,0.0,0.0,6.7252,25-05-2019
JL-15235,OFF-AP-10001394,US-Cen-Ill-Chi-60623,US-2019-130379,SC-2019-05-130379,0.0,0.0,0.8,-166.32,25-05-2019
MM-18055,OFF-AR-10000716,US-Cen-Ill-Chi-60623,CA-2019-144029,SC-2019-05-144029,0.0,0.0,0.2,3.1806,26-05-2019
HF-14995,FUR-CH-10000988,US-Wes-Cal-Los-90008,CA-2019-158029,SC-2019-05-158029,0.0,0.0,0.2,22.5296,26-05-2019
ML-17395,TEC-PH-10002726,US-Wes-Cal-Los-90008,CA-2019-156349,SC-2019-05-156349,0.0,0.0,0.2,31.494,26-05-2019
ML-17395,TEC-PH-10000441,US-Wes-Cal-Los-90008,CA-2019-156349,SC-2019-05-156349,0.0,0.0,0.2,20.1584,26-05-2019
ML-17395,FUR-BO-10000362,US-Wes-Cal-Los-90008,CA-2019-156349,SC-2019-05-156349,0.0,0.0,0.15,27.3568,26-05-2019
MM-18055,FUR-CH-10003981,US-Cen-Ill-Chi-60623,CA-2019-144029,SC-2019-05-144029,0.0,0.0,0.3,-5.1396,26-05-2019
MM-18055,OFF-ST-10001837,US-Cen-Ill-Chi-60623,CA-2019-144029,SC-2019-05-144029,0.0,0.0,0.2,7.6968,26-05-2019
Dp-13240,OFF-PA-10002893,US-Wes-Uta-Mur-84107,CA-2019-129574,FC-2019-05-129574,0.0,0.0,0.0,23.232,26-05-2019
MH-17785,OFF-ST-10001809,US-Wes-Cal-San-92105,CA-2019-124429,SC-2019-05-124429,0.0,0.0,0.0,7.1864,27-05-2019
LC-16885,TEC-PH-10000486,US-Wes-Cal-San-94109,CA-2019-139192,SC-2019-06-139192,0.0,0.0,0.2,125.2692,27-05-2019
LC-16885,TEC-AC-10001606,US-Wes-Cal-San-94109,CA-2019-139192,SC-2019-06-139192,0.0,0.0,0.0,37.9962,27-05-2019
LE-16810,OFF-BI-10004139,US-Cen-Ill-Chi-60653,US-2019-117058,FC-2019-05-117058,0.0,0.0,0.8,-30.555,27-05-2019
MH-17785,FUR-TA-10002607,US-Wes-Cal-San-92105,CA-2019-124429,SC-2019-05-124429,0.0,0.0,0.2,-28.356,27-05-2019
PJ-18835,TEC-AC-10004877,US-Wes-Was-Sea-98115,CA-2019-135993,SC-2019-06-135993,0.0,0.0,0.0,2.208,28-05-2019
PJ-18835,TEC-PH-10001552,US-Wes-Was-Sea-98115,CA-2019-135993,SC-2019-06-135993,0.0,0.0,0.2,5.7408,28-05-2019
MM-17260,OFF-BI-10003876,US-Wes-Was-Sea-98105,CA-2019-108861,SC-2019-06-108861,0.0,0.0,0.2,51.36,28-05-2019
LW-16825,OFF-PA-10001712,US-Eas-New-New-10024,CA-2019-103429,FC-2019-06-103429,0.0,0.0,0.0,17.982,30-05-2019
EB-13840,OFF-PA-10001622,US-Sou-Vir-Ric-23223,CA-2019-146885,SC-2019-06-146885,0.0,0.0,0.0,6.129,30-05-2019
LW-16825,OFF-AP-10001005,US-Eas-New-New-10024,CA-2019-103429,FC-2019-06-103429,0.0,0.0,0.0,77.8635,30-05-2019
LW-16825,TEC-PH-10003505,US-Eas-New-New-10024,CA-2019-103429,FC-2019-06-103429,0.0,0.0,0.0,134.56,30-05-2019
MC-17425,TEC-CO-10004202,US-Cen-Ill-Chi-60623,CA-2019-140473,SC-2019-06-140473,0.0,0.0,0.2,134.9955,30-05-2019
SS-20410,FUR-TA-10001539,US-Cen-Ill-Buf-60089,CA-2019-145800,SC-2019-06-145800,0.0,0.0,0.5,-184.8366,30-05-2019
LW-16825,OFF-BI-10004233,US-Eas-New-New-10024,CA-2019-103429,FC-2019-06-103429,0.0,0.0,0.2,8.9544,30-05-2019
JG-15160,OFF-BI-10003684,US-Eas-New-New-10024,CA-2019-105872,SC-2019-06-105872,0.0,0.0,0.2,26.388,30-05-2019
JK-15625,TEC-PH-10002680,US-Sou-Mis-Jac-39212,CA-2019-166051,SC-2019-06-166051,0.0,0.0,0.0,197.991,31-05-2019
JK-15625,TEC-PH-10002538,US-Sou-Mis-Jac-39212,CA-2019-166051,SC-2019-06-166051,0.0,0.0,0.0,32.9817,31-05-2019
DW-13480,OFF-ST-10002276,US-Cen-Min-Lak-55044,CA-2019-131926,SC-2019-06-131926,0.0,0.0,0.0,41.68,01-06-2019
CR-12625,OFF-AR-10002135,US-Eas-New-Lak-8701,CA-2019-111003,SC-2019-06-111003,0.0,0.0,0.0,83.868,01-06-2019
DW-13480,OFF-PA-10004082,US-Cen-Min-Lak-55044,CA-2019-131926,SC-2019-06-131926,0.0,0.0,0.0,23.94,01-06-2019
DW-13480,OFF-AP-10002945,US-Cen-Min-Lak-55044,CA-2019-131926,SC-2019-06-131926,0.0,0.0,0.0,496.0725,01-06-2019
DW-13480,OFF-PA-10000061,US-Cen-Min-Lak-55044,CA-2019-131926,SC-2019-06-131926,0.0,0.0,0.0,12.4416,01-06-2019
DW-13480,FUR-CH-10004063,US-Cen-Min-Lak-55044,CA-2019-131926,SC-2019-06-131926,0.0,0.0,0.0,580.5394,01-06-2019
QJ-19255,OFF-BI-10001765,US-Cen-Mic-Det-48234,US-2019-157070,SC-2019-06-157070,0.0,0.0,0.0,66.5088,01-06-2019
QJ-19255,OFF-AP-10004859,US-Cen-Mic-Det-48234,US-2019-157070,SC-2019-06-157070,0.0,0.0,0.1,12.376,01-06-2019
LT-17110,FUR-FU-10001935,US-Sou-Ark-Lit-72209,US-2019-165659,SC-2019-06-165659,0.0,0.0,0.0,9.102,01-06-2019
LT-17110,TEC-PH-10002563,US-Sou-Ark-Lit-72209,US-2019-165659,SC-2019-06-165659,0.0,0.0,0.0,229.3018,01-06-2019
CR-12625,OFF-BI-10001072,US-Eas-New-Lak-8701,CA-2019-111003,SC-2019-06-111003,0.0,0.0,0.0,20.9208,01-06-2019
CK-12325,FUR-FU-10000246,US-Wes-Uta-Ore-84057,CA-2019-104472,SC-2019-06-104472,0.0,0.0,0.0,21.996,02-06-2019
CK-12325,OFF-BI-10001658,US-Wes-Uta-Ore-84057,CA-2019-104472,SC-2019-06-104472,0.0,0.0,0.2,19.4376,02-06-2019
SV-20785,OFF-ST-10001490,US-Sou-Geo-Ros-30076,CA-2019-100895,SC-2019-06-100895,0.0,0.0,0.0,107.082,02-06-2019
SV-20785,TEC-PH-10001425,US-Sou-Geo-Ros-30076,CA-2019-100895,SC-2019-06-100895,0.0,0.0,0.0,67.1916,02-06-2019
SV-20785,OFF-AR-10004511,US-Sou-Geo-Ros-30076,CA-2019-100895,SC-2019-06-100895,0.0,0.0,0.0,2.6536,02-06-2019
RE-19450,FUR-FU-10001475,US-Cen-Ill-Dec-62521,CA-2019-163867,FC-2019-06-163867,0.0,0.0,0.6,-40.0036,03-06-2019
RE-19450,OFF-ST-10000877,US-Cen-Ill-Dec-62521,CA-2019-163867,FC-2019-06-163867,0.0,0.0,0.2,9.9522,03-06-2019
SC-20725,FUR-TA-10004086,US-Wes-Was-Sea-98115,CA-2019-135657,SC-2019-06-135657,0.0,0.0,0.0,113.4936,03-06-2019
RE-19450,OFF-LA-10001771,US-Cen-Ill-Dec-62521,CA-2019-163867,FC-2019-06-163867,0.0,0.0,0.2,5.1792,03-06-2019
RB-19795,OFF-EN-10004459,US-Cen-Mic-Mid-48640,CA-2019-141299,SC-2019-06-141299,0.0,0.0,0.0,7.4872,03-06-2019
MP-17470,OFF-PA-10001685,US-Eas-Ohi-Col-43229,CA-2019-147914,SC-2019-06-147914,0.0,0.0,0.2,5.8812,04-06-2019
BT-11440,FUR-FU-10002878,US-Eas-New-New-10035,CA-2019-151946,SC-2019-06-151946,0.0,0.0,0.0,21.0752,04-06-2019
BT-11440,OFF-AP-10001626,US-Eas-New-New-10035,CA-2019-151946,SC-2019-06-151946,0.0,0.0,0.0,4.0456,04-06-2019
BT-11440,FUR-BO-10003272,US-Eas-New-New-10035,CA-2019-151946,SC-2019-06-151946,0.0,0.0,0.2,-44.196,04-06-2019
BT-11440,FUR-FU-10002191,US-Eas-New-New-10035,CA-2019-151946,SC-2019-06-151946,0.0,0.0,0.0,6.7008,04-06-2019
SV-20785,OFF-PA-10002319,US-Sou-Flo-Jac-32216,CA-2019-169257,SC-2019-06-169257,0.0,0.0,0.2,22.4808,06-06-2019
SV-20785,OFF-BI-10002557,US-Sou-Flo-Jac-32216,CA-2019-169257,SC-2019-06-169257,0.0,0.0,0.7,-0.91,06-06-2019
SB-20170,OFF-BI-10002794,US-Cen-Ill-Chi-60623,US-2019-161305,SC-2019-06-161305,0.0,0.0,0.8,-38.1114,06-06-2019
GT-14635,FUR-TA-10003238,US-Eas-New-Lon-11561,CA-2019-159520,SC-2019-06-159520,0.0,0.0,0.4,-347.1174,06-06-2019
GT-14635,OFF-SU-10001664,US-Eas-New-Lon-11561,CA-2019-159520,SC-2019-06-159520,0.0,0.0,0.0,4.4564,06-06-2019
VT-21700,OFF-LA-10001074,US-Cen-Tex-Hou-77070,CA-2019-151897,SC-2019-06-151897,0.0,0.0,0.2,33.831,06-06-2019
BM-11785,OFF-AR-10002656,US-Eas-New-Roc-14609,CA-2019-133270,FC-2019-06-133270,0.0,0.0,0.0,4.9432,06-06-2019
SB-20170,OFF-EN-10000461,US-Cen-Ill-Chi-60623,US-2019-161305,SC-2019-06-161305,0.0,0.0,0.2,4.7196,06-06-2019
GT-14635,OFF-BI-10003982,US-Eas-New-Lon-11561,CA-2019-159520,SC-2019-06-159520,0.0,0.0,0.2,50.4711,06-06-2019
NR-18550,FUR-TA-10002041,US-Cen-Ill-Aur-60505,CA-2019-106229,SC-2019-06-106229,0.0,0.0,0.5,-209.7693,07-06-2019
BP-11095,OFF-BI-10003982,US-Cen-Ill-Peo-61604,US-2019-134971,SC-2019-06-134971,0.0,0.0,0.8,-20.5623,07-06-2019
KE-16420,FUR-CH-10002647,US-Sou-Ten-Bri-37620,US-2019-109162,SC-2019-06-109162,0.0,0.0,0.2,10.647,08-06-2019
RD-19480,OFF-ST-10003470,US-Eas-New-Lon-11561,CA-2019-108147,SC-2019-06-108147,0.0,0.0,0.0,83.844,08-06-2019
CS-11950,FUR-CH-10002758,US-Wes-Was-Sea-98115,US-2019-141257,SC-2019-06-141257,0.0,0.0,0.2,73.194,08-06-2019
RD-19480,OFF-BI-10003876,US-Eas-New-Lon-11561,CA-2019-108147,SC-2019-06-108147,0.0,0.0,0.2,25.68,08-06-2019
BH-11710,FUR-FU-10001487,US-Wes-Cal-Los-90032,CA-2019-115812,SC-2019-06-115812,0.0,0.0,0.0,14.1694,09-06-2019
BH-11710,TEC-PH-10002275,US-Wes-Cal-Los-90032,CA-2019-115812,SC-2019-06-115812,0.0,0.0,0.2,90.7152,09-06-2019
BH-11710,OFF-AP-10002892,US-Wes-Cal-Los-90032,CA-2019-115812,SC-2019-06-115812,0.0,0.0,0.0,34.47,09-06-2019
BH-11710,FUR-TA-10001539,US-Wes-Cal-Los-90032,CA-2019-115812,SC-2019-06-115812,0.0,0.0,0.2,85.3092,09-06-2019
BH-11710,TEC-PH-10002033,US-Wes-Cal-Los-90032,CA-2019-115812,SC-2019-06-115812,0.0,0.0,0.2,68.3568,09-06-2019
CW-11905,TEC-AC-10000303,US-Cen-Tex-Hun-77340,CA-2019-133753,SC-2019-06-133753,0.0,0.0,0.2,10.3974,09-06-2019
TS-21205,FUR-FU-10002685,US-Wes-Nev-Nor-89031,CA-2019-160262,SC-2019-06-160262,0.0,0.0,0.0,14.212,09-06-2019
CW-11905,TEC-PH-10000376,US-Cen-Tex-Hun-77340,CA-2019-133753,SC-2019-06-133753,0.0,0.0,0.2,0.5994,09-06-2019
CW-11905,OFF-AR-10001953,US-Cen-Tex-Hun-77340,CA-2019-133753,SC-2019-06-133753,0.0,0.0,0.2,6.1572,09-06-2019
TS-21205,OFF-PA-10003641,US-Wes-Nev-Nor-89031,CA-2019-160262,SC-2019-06-160262,0.0,0.0,0.0,36.4044,09-06-2019
TS-21205,OFF-AR-10002335,US-Wes-Nev-Nor-89031,CA-2019-160262,SC-2019-06-160262,0.0,0.0,0.0,4.6956,09-06-2019
CM-12445,OFF-SU-10001225,US-Wes-Cal-San-94122,CA-2019-133851,SC-2019-06-133851,0.0,0.0,0.0,0.1472,09-06-2019
CM-12445,OFF-AR-10003752,US-Wes-Cal-San-94122,CA-2019-133851,SC-2019-06-133851,0.0,0.0,0.0,10.626,09-06-2019
BH-11710,OFF-AR-10002833,US-Wes-Cal-Los-90032,CA-2019-115812,SC-2019-06-115812,0.0,0.0,0.0,1.9656,09-06-2019
FO-14305,FUR-TA-10004534,US-Sou-Vir-Har-22801,CA-2019-132612,SC-2019-06-132612,0.0,0.0,0.0,245.021,09-06-2019
BH-11710,OFF-BI-10003910,US-Wes-Cal-Los-90032,CA-2019-115812,SC-2019-06-115812,0.0,0.0,0.2,5.7825,09-06-2019
HK-14890,OFF-LA-10003930,US-Cen-Mic-Det-48234,CA-2019-144281,SC-2019-06-144281,0.0,0.0,0.0,240.8595,10-06-2019
FM-14215,OFF-AR-10003631,US-Wes-Cal-Los-90032,CA-2019-114643,SC-2019-06-114643,0.0,0.0,0.0,4.7916,13-06-2019
SR-20425,FUR-BO-10000711,US-Cen-Mic-Det-48234,CA-2019-140487,SC-2019-06-140487,0.0,0.0,0.0,57.4938,14-06-2019
PS-18760,OFF-PA-10001952,US-Cen-Tex-El -79907,CA-2019-126963,SC-2019-06-126963,0.0,0.0,0.2,11.8768,15-06-2019
KL-16555,FUR-TA-10001520,US-Cen-Tex-San-78207,US-2019-141215,SC-2019-06-141215,0.0,0.0,0.3,-18.5562,15-06-2019
KL-16555,FUR-CH-10003379,US-Cen-Tex-San-78207,US-2019-141215,SC-2019-06-141215,0.0,0.0,0.3,-56.996,15-06-2019
KL-16555,OFF-BI-10002706,US-Cen-Tex-San-78207,US-2019-141215,SC-2019-06-141215,0.0,0.0,0.8,-14.5656,15-06-2019
CK-12205,OFF-EN-10003286,US-Eas-New-Hem-11550,CA-2019-113929,SC-2019-06-113929,0.0,0.0,0.0,19.458,16-06-2019
CK-12205,OFF-BI-10002852,US-Eas-New-Hem-11550,CA-2019-113929,SC-2019-06-113929,0.0,0.0,0.2,14.3376,16-06-2019
CK-12205,OFF-AR-10003772,US-Eas-New-Hem-11550,CA-2019-113929,SC-2019-06-113929,0.0,0.0,0.0,10.5,16-06-2019
SC-20575,FUR-CH-10000225,US-Cen-Ind-Mis-46544,CA-2019-136644,SC-2019-06-136644,0.0,0.0,0.0,32.392,16-06-2019
JF-15415,OFF-PA-10001725,US-Cen-Ill-Chi-60653,CA-2019-156342,SC-2019-06-156342,0.0,0.0,0.2,22.4808,17-06-2019
GH-14425,FUR-FU-10003981,US-Wes-Was-Sea-98105,CA-2019-144414,SC-2019-06-144414,0.0,0.0,0.0,2.6208,17-06-2019
GH-14425,OFF-FA-10000624,US-Wes-Was-Sea-98105,CA-2019-144414,SC-2019-06-144414,0.0,0.0,0.0,8.95,17-06-2019
DB-13660,TEC-MA-10000423,US-Eas-Del-New-19711,CA-2019-104402,SC-2019-06-104402,0.0,0.0,0.0,31.0059,17-06-2019
GH-14425,OFF-BI-10004995,US-Wes-Was-Sea-98105,CA-2019-144414,SC-2019-06-144414,0.0,0.0,0.2,1061.5722,17-06-2019
MC-18100,TEC-PH-10000215,US-Wes-Cal-Los-90036,CA-2019-123855,SC-2019-06-123855,0.0,0.0,0.2,12.2325,18-06-2019
SC-20020,OFF-PA-20001166,US-Cen-Tex-Pla-75023,CA-2019-166863,SC-2019-06-166863,0.0,0.0,0.2,5.4432,20-06-2019
SC-20020,TEC-PH-10000369,US-Cen-Tex-Pla-75023,CA-2019-166863,SC-2019-06-166863,0.0,0.0,0.2,20.1584,20-06-2019
Co-12640,OFF-AP-10001005,US-Cen-Okl-Law-73505,US-2019-112949,SC-2019-06-112949,0.0,0.0,0.0,155.727,20-06-2019
SC-20020,OFF-PA-10000587,US-Cen-Tex-Pla-75023,CA-2019-166863,SC-2019-06-166863,0.0,0.0,0.2,4.0768,20-06-2019
SC-20020,TEC-MA-10001972,US-Cen-Tex-Pla-75023,CA-2019-166863,SC-2019-06-166863,0.0,0.0,0.4,-97.72,20-06-2019
SC-20020,OFF-ST-10004123,US-Cen-Tex-Pla-75023,CA-2019-166863,SC-2019-06-166863,0.0,0.0,0.2,-127.372,20-06-2019
SC-20020,FUR-BO-10001608,US-Cen-Tex-Pla-75023,CA-2019-166863,SC-2019-06-166863,0.0,0.0,0.32,-19.8744,20-06-2019
Co-12640,OFF-AR-10003469,US-Cen-Okl-Law-73505,US-2019-112949,SC-2019-06-112949,0.0,0.0,0.0,1.6896,20-06-2019
SC-20020,OFF-BI-10000756,US-Cen-Tex-Pla-75023,CA-2019-166863,SC-2019-06-166863,0.0,0.0,0.8,-5.088,20-06-2019
NW-18400,TEC-AC-10003628,US-Eas-Pen-Phi-19120,CA-2019-138317,SC-2019-06-138317,0.0,0.0,0.2,28.7904,21-06-2019
SV-20785,OFF-BI-10001116,US-Wes-Col-Pue-81001,US-2019-160780,SC-2019-06-160780,0.0,0.0,0.7,-8.1312,21-06-2019
NW-18400,OFF-BI-10000069,US-Eas-Pen-Phi-19120,CA-2019-138317,SC-2019-06-138317,0.0,0.0,0.7,-7.2048,21-06-2019
NW-18400,TEC-MA-10004521,US-Eas-Pen-Phi-19120,CA-2019-138317,SC-2019-06-138317,0.0,0.0,0.7,-172.4925,21-06-2019
NW-18400,FUR-FU-10000550,US-Eas-Pen-Phi-19120,CA-2019-138317,SC-2019-06-138317,0.0,0.0,0.2,0.6474,21-06-2019
NW-18400,OFF-EN-10001539,US-Eas-Pen-Phi-19120,CA-2019-138317,SC-2019-06-138317,0.0,0.0,0.2,8.4024,21-06-2019
SV-20785,OFF-BI-10002931,US-Wes-Col-Pue-81001,US-2019-160780,SC-2019-06-160780,0.0,0.0,0.7,-16.776,21-06-2019
DB-13060,TEC-PH-10004539,US-Eas-New-Lak-8701,CA-2019-128146,SC-2019-06-128146,0.0,0.0,0.0,357.1911,21-06-2019
DB-13060,OFF-AR-10001919,US-Eas-New-Lak-8701,CA-2019-128146,SC-2019-06-128146,0.0,0.0,0.0,1.0904,21-06-2019
NW-18400,OFF-AP-10003860,US-Eas-Pen-Phi-19120,CA-2019-138317,SC-2019-06-138317,0.0,0.0,0.2,3.8864,21-06-2019
RM-19375,OFF-AR-10003056,US-Eas-Con-Mer-6450,CA-2019-141278,FC-2019-06-141278,0.0,0.0,0.0,6.206,21-06-2019
NP-18325,OFF-ST-10002444,US-Sou-Vir-Way-22980,US-2019-117135,SC-2019-06-117135,0.0,0.0,0.0,10.3152,21-06-2019
NP-18325,FUR-FU-10004071,US-Sou-Vir-Way-22980,US-2019-117135,SC-2019-06-117135,0.0,0.0,0.0,14.5614,21-06-2019
TB-21280,OFF-AP-10001303,US-Eas-New-New-10024,CA-2019-130624,FC-2019-06-130624,0.0,0.0,0.0,26.865,21-06-2019
JG-15160,TEC-PH-10001578,US-Eas-New-Lon-11561,CA-2019-141796,SC-2019-06-141796,0.0,0.0,0.0,352.3065,21-06-2019
TB-21280,OFF-PA-10003883,US-Eas-New-New-10024,CA-2019-130624,FC-2019-06-130624,0.0,0.0,0.0,9.039,21-06-2019
TB-21280,TEC-PH-10003963,US-Eas-New-New-10024,CA-2019-130624,FC-2019-06-130624,0.0,0.0,0.0,160.6722,21-06-2019
NP-18325,TEC-PH-10002033,US-Sou-Vir-Way-22980,US-2019-117135,SC-2019-06-117135,0.0,0.0,0.0,74.0532,21-06-2019
TB-21280,OFF-BI-10001553,US-Wes-Ari-Pho-85023,CA-2019-133389,SC-2019-06-133389,0.0,0.0,0.7,-6.0324,22-06-2019
DV-13465,OFF-ST-10001097,US-Cen-Min-Min-55407,CA-2019-124646,FC-2019-06-124646,0.0,0.0,0.0,0.0,22-06-2019
DV-13465,OFF-ST-10001469,US-Cen-Min-Min-55407,CA-2019-124646,FC-2019-06-124646,0.0,0.0,0.0,9.7164,22-06-2019
AA-10645,FUR-CH-10000454,US-Eas-Pen-Che-19013,CA-2019-154963,SC-2019-06-154963,0.0,0.0,0.3,0.0,22-06-2019
AA-10645,TEC-PH-10004093,US-Eas-Pen-Che-19013,CA-2019-154963,SC-2019-06-154963,0.0,0.0,0.4,-15.1767,22-06-2019
AA-10645,FUR-CH-10004698,US-Eas-Pen-Che-19013,CA-2019-154963,SC-2019-06-154963,0.0,0.0,0.3,-4.8588,22-06-2019
JE-15745,TEC-AC-10004114,US-Wes-Col-Lou-80027,CA-2019-142048,FC-2019-06-142048,0.0,0.0,0.2,56.5662,22-06-2019
BS-11665,TEC-AC-10000158,US-Eas-Pen-Phi-19143,CA-2019-126032,SC-2019-06-126032,0.0,0.0,0.2,1.0797,23-06-2019
DL-13330,OFF-AR-10002766,US-Sou-Nor-Con-28027,US-2019-130358,FC-2019-06-130358,0.0,0.0,0.2,1.7514,23-06-2019
DL-13330,OFF-SU-10002522,US-Sou-Nor-Con-28027,US-2019-130358,FC-2019-06-130358,0.0,0.0,0.2,0.3492,23-06-2019
LP-17080,FUR-FU-10001731,US-Wes-Ari-Tuc-85705,CA-2019-159814,SC-2019-06-159814,0.0,0.0,0.2,0.9612,24-06-2019
GK-14620,OFF-AR-10003478,US-Wes-Ore-Sal-97301,CA-2019-164469,SC-2019-06-164469,0.0,0.0,0.2,17.908,25-06-2019
GK-14620,OFF-AR-10000475,US-Wes-Ore-Sal-97301,CA-2019-164469,SC-2019-06-164469,0.0,0.0,0.2,0.8162,25-06-2019
GK-14620,TEC-PH-10002115,US-Wes-Ore-Sal-97301,CA-2019-164469,SC-2019-06-164469,0.0,0.0,0.2,19.797,25-06-2019
NS-18640,FUR-TA-10004147,US-Wes-Cal-Los-90049,CA-2019-159338,FC-2019-06-159338,0.0,0.0,0.2,11.196,25-06-2019
LM-17065,TEC-AC-10000109,US-Sou-Mis-Sou-38671,CA-2019-104283,SC-2019-07-104283,0.0,0.0,0.0,53.7504,27-06-2019
LM-17065,FUR-TA-10001039,US-Sou-Mis-Sou-38671,CA-2019-104283,SC-2019-07-104283,0.0,0.0,0.0,22.3548,27-06-2019
LM-17065,OFF-ST-10004337,US-Sou-Mis-Sou-38671,CA-2019-104283,SC-2019-07-104283,0.0,0.0,0.0,0.0,27-06-2019
RW-19630,OFF-FA-10003495,US-Cen-Mic-Det-48234,CA-2019-156993,SC-2019-07-156993,0.0,0.0,0.0,3.04,28-06-2019
CA-12775,OFF-PA-10003395,US-Eas-Pen-Phi-19140,CA-2019-140858,SC-2019-07-140858,0.0,0.0,0.2,117.432,28-06-2019
CA-12775,OFF-PA-10000304,US-Eas-Pen-Phi-19140,CA-2019-140858,SC-2019-07-140858,0.0,0.0,0.2,14.5152,28-06-2019
CA-12775,OFF-BI-10003094,US-Eas-Pen-Phi-19140,CA-2019-140858,SC-2019-07-140858,0.0,0.0,0.7,-2.4288,28-06-2019
CA-12775,FUR-CH-10001394,US-Eas-Pen-Phi-19140,CA-2019-140858,SC-2019-07-140858,0.0,0.0,0.3,0.0,28-06-2019
CA-12775,OFF-BI-10004230,US-Eas-Pen-Phi-19140,CA-2019-140858,SC-2019-07-140858,0.0,0.0,0.7,-22.7964,28-06-2019
JK-15625,OFF-BI-10000174,US-Eas-New-New-10024,CA-2019-111773,SC-2019-07-111773,0.0,0.0,0.2,4.872,29-06-2019
DL-12865,OFF-AR-10003405,US-Eas-Ohi-Cin-45231,CA-2019-165974,SC-2019-07-165974,0.0,0.0,0.2,3.6855,29-06-2019
AR-10825,OFF-AR-10001374,US-Wes-Cal-Los-90004,CA-2019-109218,SC-2019-07-109218,0.0,0.0,0.0,10.368,30-06-2019
MS-17980,OFF-PA-10002005,US-Cen-Tex-Hou-77095,CA-2019-116757,SC-2019-07-116757,0.0,0.0,0.2,9.072,30-06-2019
BD-11620,OFF-PA-10001144,US-Sou-Nor-Wil-28403,CA-2019-152254,SC-2019-06-152254,0.0,0.0,0.2,108.7408,30-06-2019
CS-11860,OFF-AR-10001026,US-Eas-New-New-10011,US-2019-121566,SC-2019-07-121566,0.0,0.0,0.0,2.904,30-06-2019
CS-11860,OFF-BI-10004528,US-Eas-New-New-10011,US-2019-121566,SC-2019-07-121566,0.0,0.0,0.2,0.84,30-06-2019
RA-19915,OFF-AR-10004582,US-Cen-Ill-Chi-60653,CA-2019-123064,FC-2019-07-123064,0.0,0.0,0.2,1.64,30-06-2019
MS-17980,OFF-FA-10002815,US-Cen-Tex-Hou-77095,CA-2019-116757,SC-2019-07-116757,0.0,0.0,0.2,7.1928,30-06-2019
HA-14905,OFF-BI-10002867,US-Eas-New-New-10024,CA-2019-146640,SC-2019-07-146640,0.0,0.0,0.2,108.7996,30-06-2019
LW-16825,OFF-BI-10000546,US-Sou-Flo-Del-32725,CA-2019-160773,SC-2019-07-160773,0.0,0.0,0.7,-3.6288,01-07-2019
Dl-13600,OFF-BI-10003355,US-Wes-Was-Sea-98105,CA-2019-153150,SC-2019-07-153150,0.0,0.0,0.2,6.972,01-07-2019
LW-16825,TEC-PH-10004586,US-Sou-Flo-Del-32725,CA-2019-160773,SC-2019-07-160773,0.0,0.0,0.2,71.99,01-07-2019
EH-13945,OFF-AR-10000716,US-Eas-New-Pla-7060,CA-2019-107594,SC-2019-07-107594,0.0,0.0,0.0,2.1762,02-07-2019
EH-13945,TEC-PH-10002923,US-Eas-New-Pla-7060,CA-2019-107594,SC-2019-07-107594,0.0,0.0,0.0,19.9746,02-07-2019
KE-16420,OFF-PA-10001977,US-Wes-Col-Aur-80013,CA-2019-120096,FC-2019-07-120096,0.0,0.0,0.2,62.1376,04-07-2019
KE-16420,OFF-AP-10000692,US-Wes-Col-Aur-80013,CA-2019-120096,FC-2019-07-120096,0.0,0.0,0.2,3.2432,04-07-2019
MS-17770,OFF-PA-10004734,US-Sou-Vir-Ric-23223,CA-2019-138709,SC-2019-07-138709,0.0,0.0,0.0,10.92,04-07-2019
MS-17770,OFF-BI-10000145,US-Sou-Vir-Ric-23223,CA-2019-138709,SC-2019-07-138709,0.0,0.0,0.0,7.644,04-07-2019
DW-13195,OFF-AR-10002833,US-Sou-Ten-Kno-37918,CA-2019-152849,SC-2019-07-152849,0.0,0.0,0.2,0.3822,05-07-2019
DM-13525,FUR-FU-10001591,US-Sou-Flo-Pal-32137,CA-2019-103317,FC-2019-07-103317,0.0,0.0,0.2,5.368,05-07-2019
DM-13525,OFF-BI-10001787,US-Sou-Flo-Pal-32137,CA-2019-103317,FC-2019-07-103317,0.0,0.0,0.7,-6.867,05-07-2019
DM-13525,FUR-FU-10003192,US-Sou-Flo-Pal-32137,CA-2019-103317,FC-2019-07-103317,0.0,0.0,0.2,15.9912,05-07-2019
MC-17845,OFF-LA-10001934,US-Sou-Mis-Jac-39212,CA-2019-157784,FC-2019-07-157784,0.0,0.0,0.0,6.8714,05-07-2019
MC-17845,TEC-AC-10003911,US-Sou-Mis-Jac-39212,CA-2019-157784,FC-2019-07-157784,0.0,0.0,0.0,163.1898,05-07-2019
MC-17845,OFF-PA-10000304,US-Sou-Mis-Jac-39212,CA-2019-157784,FC-2019-07-157784,0.0,0.0,0.0,9.3312,05-07-2019
DC-12850,OFF-ST-10001522,US-Cen-Tex-Hou-77036,US-2019-160444,SC-2019-07-160444,0.0,0.0,0.2,-44.1552,05-07-2019
DP-13390,OFF-BI-10001670,US-Wes-Cal-Los-90004,CA-2019-107139,SC-2019-07-107139,0.0,0.0,0.2,67.86,05-07-2019
DC-12850,OFF-ST-10000563,US-Cen-Tex-Hou-77036,US-2019-160444,SC-2019-07-160444,0.0,0.0,0.2,-35.178,05-07-2019
EP-13915,TEC-CO-10001046,US-Eas-New-New-10011,CA-2019-134278,FC-2019-07-134278,0.0,0.0,0.2,174.9975,06-07-2019
BC-11125,FUR-CH-10000155,US-Wes-Cal-El -92020,CA-2019-147543,SC-2019-07-147543,0.0,0.0,0.2,47.848,06-07-2019
JL-15835,FUR-CH-10002880,US-Eas-Pen-Phi-19120,US-2019-138758,SC-2019-07-138758,0.0,0.0,0.3,-46.7362,07-07-2019
JL-15835,FUR-FU-10003039,US-Eas-Pen-Phi-19120,US-2019-138758,SC-2019-07-138758,0.0,0.0,0.2,12.0764,07-07-2019
MH-18025,FUR-CH-10002647,US-Eas-New-Buf-14215,CA-2019-150301,FC-2019-07-150301,0.0,0.0,0.1,10.647,08-07-2019
EB-13705,FUR-TA-10003715,US-Wes-Cal-San-94122,CA-2019-100090,SC-2019-07-100090,0.0,0.0,0.2,-87.9354,08-07-2019
EB-13705,OFF-BI-10001597,US-Wes-Cal-San-94122,CA-2019-100090,SC-2019-07-100090,0.0,0.0,0.2,68.8464,08-07-2019
GH-14410,OFF-BI-10003291,US-Wes-Cal-Los-90049,CA-2019-114125,SC-2019-07-114125,0.0,0.0,0.2,14.1426,09-07-2019
BM-11650,OFF-PA-10002245,US-Cen-Tex-Dal-75217,CA-2019-165379,SC-2019-07-165379,0.0,0.0,0.2,4.485,09-07-2019
BM-11650,OFF-PA-10003072,US-Cen-Tex-Dal-75217,CA-2019-165379,SC-2019-07-165379,0.0,0.0,0.2,3.6288,09-07-2019
GH-14410,OFF-ST-10001505,US-Wes-Cal-Los-90049,CA-2019-114125,SC-2019-07-114125,0.0,0.0,0.0,4.0664,09-07-2019
DS-13030,OFF-BI-10002609,US-Wes-Cal-San-94122,CA-2019-113271,SC-2019-07-113271,0.0,0.0,0.2,4.6488,09-07-2019
DS-13030,OFF-PA-10002365,US-Wes-Cal-San-94122,CA-2019-113271,SC-2019-07-113271,0.0,0.0,0.0,15.552,09-07-2019
DS-13030,OFF-AR-10003251,US-Wes-Cal-San-94122,CA-2019-113271,SC-2019-07-113271,0.0,0.0,0.0,2.224,09-07-2019
GH-14410,OFF-LA-10004559,US-Wes-Cal-Los-90049,CA-2019-114125,SC-2019-07-114125,0.0,0.0,0.0,1.4112,09-07-2019
DS-13030,FUR-BO-10004218,US-Wes-Cal-San-94122,CA-2019-113271,SC-2019-07-113271,0.0,0.0,0.15,7.049,09-07-2019
LA-16780,OFF-PA-10000474,US-Eas-New-Hac-7601,CA-2019-163552,SC-2019-07-163552,0.0,0.0,0.0,83.284,11-07-2019
MN-17935,OFF-PA-10000552,US-Cen-Tex-El -79907,CA-2019-123225,FC-2019-07-123225,0.0,0.0,0.2,3.6288,11-07-2019
MN-17935,TEC-PH-10000895,US-Cen-Tex-El -79907,CA-2019-123225,FC-2019-07-123225,0.0,0.0,0.2,43.1976,11-07-2019
LA-16780,OFF-LA-10001175,US-Eas-New-Hac-7601,CA-2019-163552,SC-2019-07-163552,0.0,0.0,0.0,7.056,11-07-2019
MH-17455,OFF-BI-10002954,US-Eas-New-New-10011,CA-2019-133305,SC-2019-07-133305,0.0,0.0,0.2,6.398,11-07-2019
MH-17455,OFF-PA-10001970,US-Eas-New-New-10011,CA-2019-133305,SC-2019-07-133305,0.0,0.0,0.0,23.0864,11-07-2019
JK-15205,TEC-PH-10004912,US-Eas-New-Nia-14304,CA-2019-166555,FC-2019-07-166555,0.0,0.0,0.0,47.8065,11-07-2019
LA-16780,FUR-CH-10003379,US-Eas-New-Hac-7601,CA-2019-163552,SC-2019-07-163552,0.0,0.0,0.0,213.735,11-07-2019
LA-16780,TEC-PH-10003885,US-Eas-New-Hac-7601,CA-2019-163552,SC-2019-07-163552,0.0,0.0,0.0,57.4113,11-07-2019
LA-16780,FUR-FU-10000629,US-Eas-New-Hac-7601,CA-2019-163552,SC-2019-07-163552,0.0,0.0,0.0,52.1262,11-07-2019
ME-17725,OFF-PA-10001526,US-Cen-Ill-Chi-60610,CA-2019-124807,SC-2019-07-124807,0.0,0.0,0.2,12.9978,12-07-2019
AC-10420,OFF-BI-10003314,US-Wes-Cal-San-94122,CA-2019-129924,SC-2019-07-129924,0.0,0.0,0.2,2.7956,12-07-2019
PV-18985,OFF-PA-10001804,US-Cen-Tex-Lea-77573,CA-2019-161508,SC-2019-07-161508,0.0,0.0,0.2,5.6112,12-07-2019
PV-18985,OFF-AR-10003158,US-Cen-Tex-Lea-77573,CA-2019-161508,SC-2019-07-161508,0.0,0.0,0.2,3.9004,12-07-2019
PV-18985,OFF-FA-10001561,US-Cen-Tex-Lea-77573,CA-2019-161508,SC-2019-07-161508,0.0,0.0,0.2,0.5668,12-07-2019
BF-11170,TEC-PH-10000439,US-Wes-Cal-Los-90036,CA-2019-110184,SC-2019-07-110184,0.0,0.0,0.2,28.7928,12-07-2019
BF-11170,OFF-ST-10000107,US-Wes-Cal-Los-90036,CA-2019-110184,SC-2019-07-110184,0.0,0.0,0.0,44.955,12-07-2019
CL-12565,FUR-CH-10001797,US-Wes-Was-Sea-98115,CA-2019-131310,SC-2019-07-131310,0.0,0.0,0.2,13.8528,12-07-2019
AC-10420,FUR-TA-10004575,US-Wes-Cal-San-94122,CA-2019-129924,SC-2019-07-129924,0.0,0.0,0.2,-17.4588,12-07-2019
PV-18985,FUR-CH-10002126,US-Cen-Tex-Lea-77573,CA-2019-161508,SC-2019-07-161508,0.0,0.0,0.3,-14.6388,12-07-2019
CL-12565,OFF-BI-10003094,US-Wes-Was-Sea-98115,CA-2019-131310,SC-2019-07-131310,0.0,0.0,0.2,3.8016,12-07-2019
ME-17725,TEC-AC-10002857,US-Cen-Ill-Chi-60610,CA-2019-124807,SC-2019-07-124807,0.0,0.0,0.2,3.278,12-07-2019
GK-14620,FUR-TA-10002855,US-Wes-Cal-Los-90049,US-2019-165862,SC-2019-07-165862,0.0,0.0,0.2,4.3902,13-07-2019
ST-20530,TEC-PH-10002583,US-Eas-Pen-Phi-19140,CA-2019-164182,SC-2019-07-164182,0.0,0.0,0.4,-13.993,14-07-2019
ST-20530,FUR-FU-10001057,US-Eas-Pen-Phi-19140,CA-2019-164182,SC-2019-07-164182,0.0,0.0,0.2,1.1994,14-07-2019
SS-20515,OFF-AP-10000576,US-Eas-Del-New-19711,CA-2019-124464,SC-2019-07-124464,0.0,0.0,0.0,11.0544,14-07-2019
PB-19150,OFF-ST-10000760,US-Wes-Ari-Pho-85023,US-2019-150532,SC-2019-07-150532,0.0,0.0,0.2,6.291,14-07-2019
AW-10930,TEC-PH-10001552,US-Cen-Ill-Aur-60505,US-2019-103905,SC-2019-07-103905,0.0,0.0,0.2,3.8272,14-07-2019
ST-20530,OFF-AR-10001044,US-Eas-Pen-Phi-19140,CA-2019-164182,SC-2019-07-164182,0.0,0.0,0.2,4.6782,14-07-2019
AW-10930,OFF-BI-10001098,US-Cen-Ill-Aur-60505,US-2019-103905,SC-2019-07-103905,0.0,0.0,0.8,-46.3946,14-07-2019
BF-10975,OFF-AR-10004999,US-Eas-New-New-10009,CA-2019-109904,SC-2019-07-109904,0.0,0.0,0.0,4.485,14-07-2019
ST-20530,TEC-PH-10002070,US-Eas-Pen-Phi-19140,CA-2019-164182,SC-2019-07-164182,0.0,0.0,0.4,-2.249,14-07-2019
VW-21775,OFF-FA-10000304,US-Cen-Sou-Sio-57103,CA-2019-115980,SC-2019-07-115980,0.0,0.0,0.0,2.6814,15-07-2019
VW-21775,TEC-AC-10003709,US-Cen-Sou-Sio-57103,CA-2019-115980,SC-2019-07-115980,0.0,0.0,0.0,1.3068,15-07-2019
AH-10120,FUR-CH-10002372,US-Wes-Ari-Tuc-85705,CA-2019-123295,SC-2019-07-123295,0.0,0.0,0.2,-25.9136,18-07-2019
JL-15130,OFF-BI-10002103,US-Eas-New-New-10801,CA-2019-138198,SC-2019-07-138198,0.0,0.0,0.2,4.5188,18-07-2019
CA-12310,OFF-BI-10002160,US-Eas-Con-Bri-6010,US-2019-150434,SC-2019-07-150434,0.0,0.0,0.0,1.8288,19-07-2019
CA-12310,TEC-PH-10000895,US-Eas-Con-Bri-6010,US-2019-150434,SC-2019-07-150434,0.0,0.0,0.0,93.5948,19-07-2019
CA-12310,FUR-TA-10004152,US-Eas-Con-Bri-6010,US-2019-150434,SC-2019-07-150434,0.0,0.0,0.3,-4.032,19-07-2019
CA-12310,OFF-BI-10003694,US-Eas-Con-Bri-6010,US-2019-150434,SC-2019-07-150434,0.0,0.0,0.0,9.6048,19-07-2019
EM-14140,OFF-BI-10001759,US-Wes-Mon-Gre-59405,CA-2019-168158,SC-2019-07-168158,0.0,0.0,0.2,2.2098,19-07-2019
SW-20245,OFF-ST-10002583,US-Eas-Ohi-Spr-45503,CA-2019-142965,SC-2019-07-142965,0.0,0.0,0.2,-5.1968,20-07-2019
KM-16375,OFF-ST-10003306,US-Cen-Tex-Dal-75217,CA-2019-143903,SC-2019-07-143903,0.0,0.0,0.2,38.5722,20-07-2019
CC-12145,OFF-PA-10000418,US-Wes-Cal-San-92105,CA-2019-141726,FC-2019-07-141726,0.0,0.0,0.0,50.328,20-07-2019
CC-12145,OFF-BI-10001982,US-Wes-Cal-San-92105,CA-2019-141726,FC-2019-07-141726,0.0,0.0,0.2,3.1552,20-07-2019
RD-19720,OFF-BI-10002498,US-Wes-Cal-San-94122,CA-2019-157546,FC-2019-07-157546,0.0,0.0,0.2,30.2778,20-07-2019
RD-19720,OFF-PA-10004569,US-Wes-Cal-San-94122,CA-2019-157546,FC-2019-07-157546,0.0,0.0,0.0,10.7301,20-07-2019
KM-16375,FUR-FU-10003724,US-Cen-Tex-Dal-75217,CA-2019-143903,SC-2019-07-143903,0.0,0.0,0.6,-14.229,20-07-2019
KM-16375,FUR-CH-10002024,US-Cen-Tex-Dal-75217,CA-2019-143903,SC-2019-07-143903,0.0,0.0,0.3,-140.196,20-07-2019
CC-12145,OFF-PA-10002230,US-Wes-Cal-San-92105,CA-2019-141726,FC-2019-07-141726,0.0,0.0,0.0,9.7608,20-07-2019
CC-12145,FUR-FU-10003577,US-Wes-Cal-San-92105,CA-2019-141726,FC-2019-07-141726,0.0,0.0,0.0,15.4872,20-07-2019
JD-15895,OFF-ST-10001490,US-Wes-Cal-Riv-92503,CA-2019-127866,FC-2019-07-127866,0.0,0.0,0.0,160.623,20-07-2019
JD-15895,OFF-AR-10003481,US-Wes-Cal-Riv-92503,CA-2019-127866,FC-2019-07-127866,0.0,0.0,0.0,3.8048,20-07-2019
JD-15895,OFF-PA-10003971,US-Wes-Cal-Riv-92503,CA-2019-127866,FC-2019-07-127866,0.0,0.0,0.0,5.8604,20-07-2019
JD-15895,TEC-AC-10000023,US-Wes-Cal-Riv-92503,CA-2019-127866,FC-2019-07-127866,0.0,0.0,0.0,15.0984,20-07-2019
SW-20245,OFF-BI-10000977,US-Eas-Ohi-Spr-45503,CA-2019-142965,SC-2019-07-142965,0.0,0.0,0.7,-21.888,20-07-2019
HM-14860,OFF-AP-10000124,US-Cen-Tex-Dal-75217,CA-2019-129189,SC-2019-07-129189,0.0,0.0,0.8,-12.9792,21-07-2019
HM-14860,FUR-CH-10004997,US-Cen-Tex-Dal-75217,CA-2019-129189,SC-2019-07-129189,0.0,0.0,0.3,-93.99,21-07-2019
HM-14860,OFF-EN-10003567,US-Cen-Tex-Dal-75217,CA-2019-129189,SC-2019-07-129189,0.0,0.0,0.2,29.673,21-07-2019
HM-14860,OFF-BI-10000494,US-Cen-Tex-Dal-75217,CA-2019-129189,SC-2019-07-129189,0.0,0.0,0.8,-1.827,21-07-2019
ME-18010,FUR-CH-10001215,US-Wes-Cal-San-94122,CA-2019-116932,SC-2019-07-116932,0.0,0.0,0.2,50.098,21-07-2019
PG-18820,TEC-PH-10004100,US-Cen-Neb-Oma-68104,CA-2019-109890,SC-2019-07-109890,0.0,0.0,0.0,10.0744,21-07-2019
ME-18010,OFF-AR-10002067,US-Wes-Cal-San-94122,CA-2019-116932,SC-2019-07-116932,0.0,0.0,0.0,25.792,21-07-2019
ME-18010,FUR-TA-10004175,US-Wes-Cal-San-94122,CA-2019-116932,SC-2019-07-116932,0.0,0.0,0.2,27.2848,21-07-2019
NP-18325,OFF-AR-10003190,US-Wes-Cal-San-94122,CA-2019-117464,SC-2019-07-117464,0.0,0.0,0.0,3.2256,22-07-2019
EM-14065,OFF-AR-10002053,US-Eas-New-New-10024,CA-2019-127691,SC-2019-07-127691,0.0,0.0,0.0,1.6688,22-07-2019
NP-18325,FUR-CH-10000155,US-Wes-Cal-San-94122,CA-2019-117464,SC-2019-07-117464,0.0,0.0,0.2,71.772,22-07-2019
NP-18325,OFF-ST-10003058,US-Wes-Cal-San-94122,CA-2019-117464,SC-2019-07-117464,0.0,0.0,0.0,68.585,22-07-2019
EM-14065,TEC-AC-10002567,US-Eas-New-New-10024,CA-2019-127691,SC-2019-07-127691,0.0,0.0,0.0,57.5928,22-07-2019
AB-10255,OFF-AR-10004757,US-Wes-Cal-Los-90008,CA-2019-122679,SC-2019-07-122679,0.0,0.0,0.0,6.4944,22-07-2019
JL-15850,OFF-ST-10003123,US-Cen-Tex-Hou-77095,US-2019-164644,SC-2019-07-164644,0.0,0.0,0.2,1.3316,22-07-2019
NP-18325,FUR-TA-10004767,US-Wes-Cal-San-94122,CA-2019-117464,SC-2019-07-117464,0.0,0.0,0.2,19.1646,22-07-2019
NC-18535,OFF-SU-10004664,US-Wes-Cal-San-94122,CA-2019-145254,SC-2019-07-145254,0.0,0.0,0.0,11.803,23-07-2019
AG-10270,TEC-AC-10001314,US-Eas-New-New-10011,CA-2019-103058,FC-2019-07-103058,0.0,0.0,0.0,7.9984,23-07-2019
AG-10900,TEC-AC-10002076,US-Wes-Ari-Tuc-85705,US-2019-119137,SC-2019-07-119137,0.0,0.0,0.2,-29.94,23-07-2019
AG-10900,OFF-AR-10000658,US-Wes-Ari-Tuc-85705,US-2019-119137,SC-2019-07-119137,0.0,0.0,0.2,0.924,23-07-2019
NC-18535,TEC-AC-10002167,US-Wes-Cal-San-94122,CA-2019-145254,SC-2019-07-145254,0.0,0.0,0.0,4.95,23-07-2019
AG-10900,TEC-AC-10003911,US-Wes-Ari-Tuc-85705,US-2019-119137,SC-2019-07-119137,0.0,0.0,0.2,179.1888,23-07-2019
AG-10900,OFF-BI-10001982,US-Wes-Ari-Tuc-85705,US-2019-119137,SC-2019-07-119137,0.0,0.0,0.7,-5.712,23-07-2019
NC-18535,TEC-PH-10000441,US-Wes-Cal-San-94122,CA-2019-145254,SC-2019-07-145254,0.0,0.0,0.2,60.4752,23-07-2019
NC-18535,TEC-PH-10004531,US-Wes-Cal-San-94122,CA-2019-145254,SC-2019-07-145254,0.0,0.0,0.2,37.797,23-07-2019
KL-16645,FUR-FU-10004351,US-Wes-Cal-San-94122,CA-2019-143917,SC-2019-07-143917,0.0,0.0,0.0,34.2848,25-07-2019
VF-21715,OFF-SU-10002522,US-Wes-Cal-Los-90045,CA-2019-146528,SC-2019-07-146528,0.0,0.0,0.0,4.5008,25-07-2019
KL-16645,OFF-SU-10000151,US-Wes-Cal-San-94122,CA-2019-143917,SC-2019-07-143917,0.0,0.0,0.0,327.506,25-07-2019
VF-21715,OFF-PA-10002195,US-Wes-Cal-Los-90045,CA-2019-146528,SC-2019-07-146528,0.0,0.0,0.0,3.1752,25-07-2019
KL-16645,OFF-ST-10001228,US-Wes-Cal-San-94122,CA-2019-143917,SC-2019-07-143917,0.0,0.0,0.0,15.0416,25-07-2019
SG-20470,FUR-FU-10000719,US-Sou-Geo-Atl-30318,CA-2019-116190,SC-2019-08-116190,0.0,0.0,0.0,9.2556,26-07-2019
LF-17185,TEC-AC-10002076,US-Cen-Tex-San-78207,CA-2019-169019,SC-2019-07-169019,0.0,0.0,0.2,-26.946,26-07-2019
LF-17185,OFF-BI-10004995,US-Cen-Tex-San-78207,CA-2019-169019,SC-2019-07-169019,0.0,0.0,0.8,-3701.8928,26-07-2019
LF-17185,OFF-BI-10001524,US-Cen-Tex-San-78207,CA-2019-169019,SC-2019-07-169019,0.0,0.0,0.8,-26.8544,26-07-2019
KM-16720,FUR-CH-10003312,US-Wes-Nev-Nor-89031,CA-2019-126760,SC-2019-08-126760,0.0,0.0,0.2,-109.5822,26-07-2019
KM-16720,TEC-PH-10001363,US-Wes-Nev-Nor-89031,CA-2019-126760,SC-2019-08-126760,0.0,0.0,0.2,113.998,26-07-2019
SG-20470,OFF-LA-10002762,US-Sou-Geo-Atl-30318,CA-2019-116190,SC-2019-08-116190,0.0,0.0,0.0,76.5583,26-07-2019
CL-11890,OFF-ST-10004804,US-Cen-Ill-Chi-60623,US-2019-155894,SC-2019-07-155894,0.0,0.0,0.2,-29.3436,26-07-2019
LF-17185,FUR-FU-10004666,US-Cen-Tex-San-78207,CA-2019-169019,SC-2019-07-169019,0.0,0.0,0.6,-10.0602,26-07-2019
KM-16720,TEC-AC-10004814,US-Wes-Nev-Nor-89031,CA-2019-126760,SC-2019-08-126760,0.0,0.0,0.0,70.0977,26-07-2019
LF-17185,OFF-BI-10001679,US-Cen-Tex-San-78207,CA-2019-169019,SC-2019-07-169019,0.0,0.0,0.8,-13.32,26-07-2019
KM-16720,FUR-FU-10004018,US-Wes-Nev-Nor-89031,CA-2019-126760,SC-2019-08-126760,0.0,0.0,0.0,36.1827,26-07-2019
LF-17185,OFF-AP-10003281,US-Cen-Tex-San-78207,CA-2019-169019,SC-2019-07-169019,0.0,0.0,0.8,-12.09,26-07-2019
SG-20470,FUR-CH-10000553,US-Sou-Geo-Atl-30318,CA-2019-116190,SC-2019-08-116190,0.0,0.0,0.0,18.3276,26-07-2019
JO-15145,TEC-AC-10002006,US-Wes-Uta-Dra-84020,CA-2019-159121,SC-2019-08-159121,0.0,0.0,0.0,34.6983,26-07-2019
AS-10045,OFF-PA-10002709,US-Eas-New-New-10035,US-2019-150126,SC-2019-08-150126,0.0,0.0,0.0,32.2322,27-07-2019
GW-14605,TEC-AC-10002842,US-Wes-Cal-San-94122,CA-2019-124709,SC-2019-07-124709,0.0,0.0,0.0,38.08,27-07-2019
BB-10990,OFF-ST-10002574,US-Wes-Cal-Los-90036,CA-2019-169642,SC-2019-07-169642,0.0,0.0,0.0,0.0,27-07-2019
CK-12205,OFF-EN-10000781,US-Sou-Flo-Apo-32712,CA-2019-131541,SC-2019-07-131541,0.0,0.0,0.2,16.5186,28-07-2019
CK-12205,FUR-FU-10003623,US-Sou-Flo-Apo-32712,CA-2019-131541,SC-2019-07-131541,0.0,0.0,0.2,12.9888,28-07-2019
CK-12205,OFF-FA-10000621,US-Sou-Flo-Apo-32712,CA-2019-131541,SC-2019-07-131541,0.0,0.0,0.2,5.191,28-07-2019
TS-21430,FUR-BO-10002916,US-Wes-Was-Sea-98103,CA-2019-111192,SC-2019-08-111192,0.0,0.0,0.0,259.8896,30-07-2019
JL-15130,OFF-PA-10004100,US-Cen-Tex-Hou-77036,CA-2019-165428,FC-2019-09-165428,0.0,0.0,0.2,10.8864,01-09-2019
JL-15130,OFF-BI-10002949,US-Cen-Tex-Hou-77036,CA-2019-165428,FC-2019-09-165428,0.0,0.0,0.8,-6.0192,01-09-2019
LH-16900,TEC-AC-10002842,US-Eas-New-New-10009,CA-2019-109855,SC-2019-09-109855,0.0,0.0,0.0,57.12,01-09-2019
LH-16900,OFF-BI-10004716,US-Eas-New-New-10009,CA-2019-109855,SC-2019-09-109855,0.0,0.0,0.2,8.3104,01-09-2019
LT-16765,OFF-AR-10004042,US-Wes-Cal-Esc-92025,CA-2019-126522,SC-2019-09-126522,0.0,0.0,0.0,15.6426,01-09-2019
AG-10525,TEC-MA-10002210,US-Cen-Tex-Hou-77095,CA-2019-158281,SC-2019-09-158281,0.0,0.0,0.4,-121.2705,02-09-2019
CL-12565,OFF-AR-10002445,US-Eas-New-New-10009,CA-2019-127936,FC-2019-09-127936,0.0,0.0,0.0,8.0712,02-09-2019
CV-12295,TEC-AC-10001606,US-Cen-Ill-Chi-60653,CA-2019-151792,SC-2019-09-151792,0.0,0.0,0.2,53.9946,02-09-2019
KD-16345,OFF-AR-10000658,US-Eas-New-New-10009,US-2019-138828,FC-2019-09-138828,0.0,0.0,0.0,16.17,02-09-2019
BM-11785,TEC-AC-10000844,US-Cen-Ill-Buf-60089,CA-2019-106971,SC-2019-09-106971,0.0,0.0,0.2,95.1888,02-09-2019
JM-16195,OFF-AP-10001303,US-Eas-New-Wat-13601,CA-2019-157721,FC-2019-09-157721,0.0,0.0,0.0,8.955,02-09-2019
SC-20095,OFF-BI-10001359,US-Sou-Ark-Fay-72701,CA-2019-152268,SC-2019-09-152268,0.0,0.0,0.0,843.1706,02-09-2019
KD-16345,OFF-PA-10000349,US-Eas-New-New-10009,US-2019-138828,FC-2019-09-138828,0.0,0.0,0.0,7.0218,02-09-2019
JM-16195,FUR-FU-10002116,US-Eas-New-Wat-13601,CA-2019-157721,FC-2019-09-157721,0.0,0.0,0.0,4.9497,02-09-2019
AG-10390,OFF-LA-10001175,US-Eas-New-New-10009,CA-2019-125171,SC-2019-09-125171,0.0,0.0,0.0,7.056,03-09-2019
MR-17545,OFF-BI-10004099,US-Cen-Tex-Hou-77095,US-2019-120236,FC-2019-09-120236,0.0,0.0,0.8,-11.52,03-09-2019
PR-18880,FUR-FU-10001967,US-Sou-Flo-Sai-33710,CA-2019-136861,FC-2019-09-136861,0.0,0.0,0.2,1.999,05-09-2019
NP-18700,OFF-ST-10000585,US-Eas-Ohi-Bow-43402,CA-2019-106572,SC-2019-09-106572,0.0,0.0,0.2,19.824,05-09-2019
VP-21760,OFF-LA-10001934,US-Wes-Cal-San-94109,CA-2019-130449,FC-2019-09-130449,0.0,0.0,0.0,27.4856,06-09-2019
VP-21760,FUR-FU-10001487,US-Wes-Cal-San-94109,CA-2019-130449,FC-2019-09-130449,0.0,0.0,0.0,12.1452,06-09-2019
SZ-20035,TEC-PH-10000675,US-Cen-Tex-Hou-77036,CA-2019-105165,FC-2019-09-105165,0.0,0.0,0.2,14.7582,07-09-2019
TB-21400,FUR-FU-10004665,US-Cen-Okl-Tul-74133,CA-2019-131002,SC-2019-09-131002,0.0,0.0,0.0,213.6888,07-09-2019
TB-21400,OFF-BI-10000948,US-Cen-Okl-Tul-74133,CA-2019-131002,SC-2019-09-131002,0.0,0.0,0.0,20.1207,07-09-2019
TB-21400,OFF-PA-10000223,US-Cen-Okl-Tul-74133,CA-2019-131002,SC-2019-09-131002,0.0,0.0,0.0,6.2208,07-09-2019
TB-21400,TEC-PH-10000215,US-Cen-Okl-Tul-74133,CA-2019-131002,SC-2019-09-131002,0.0,0.0,0.0,28.3095,07-09-2019
DK-13375,TEC-PH-10002075,US-Eas-New-New-10024,CA-2019-100006,SC-2019-09-100006,0.0,0.0,0.0,109.6113,07-09-2019
TB-21400,FUR-FU-20004270,US-Cen-Okl-Tul-74133,CA-2019-131002,SC-2019-09-131002,0.0,0.0,0.0,23.6529,07-09-2019
SS-20410,OFF-FA-10000936,US-Cen-Ill-Osw-60543,CA-2019-126193,SC-2019-09-126193,0.0,0.0,0.2,4.1125,07-09-2019
SZ-20035,OFF-AR-10003179,US-Cen-Tex-Hou-77036,CA-2019-105165,FC-2019-09-105165,0.0,0.0,0.2,3.5529,07-09-2019
RB-19465,OFF-BI-10000474,US-Cen-Okl-Tul-74133,CA-2019-117765,SC-2019-09-117765,0.0,0.0,0.0,15.3888,07-09-2019
RB-19465,FUR-CH-10004698,US-Cen-Okl-Tul-74133,CA-2019-117765,SC-2019-09-117765,0.0,0.0,0.0,45.3488,07-09-2019
RB-19465,OFF-ST-10003327,US-Cen-Okl-Tul-74133,CA-2019-117765,SC-2019-09-117765,0.0,0.0,0.0,5.7594,07-09-2019
SS-20410,OFF-BI-20004632,US-Cen-Ill-Osw-60543,CA-2019-126193,SC-2019-09-126193,0.0,0.0,0.8,-533.7325,07-09-2019
SS-20410,OFF-BI-10001249,US-Cen-Ill-Osw-60543,CA-2019-126193,SC-2019-09-126193,0.0,0.0,0.8,-6.5076,07-09-2019
SB-20290,TEC-MA-10004679,US-Eas-Pen-Phi-19134,CA-2019-122882,SC-2019-09-122882,0.0,0.0,0.7,-559.356,07-09-2019
SB-20290,FUR-FU-10000758,US-Eas-Pen-Phi-19134,CA-2019-122882,SC-2019-09-122882,0.0,0.0,0.2,8.4736,07-09-2019
SB-20290,TEC-PH-10003589,US-Eas-Pen-Phi-19134,CA-2019-122882,SC-2019-09-122882,0.0,0.0,0.4,4.3176,07-09-2019
SB-20290,OFF-ST-10002344,US-Eas-Pen-Phi-19134,CA-2019-122882,SC-2019-09-122882,0.0,0.0,0.2,-14.5764,07-09-2019
RB-19465,FUR-TA-10001039,US-Cen-Okl-Tul-74133,CA-2019-117765,SC-2019-09-117765,0.0,0.0,0.0,111.774,07-09-2019
SZ-20035,TEC-AC-10002718,US-Cen-Tex-Hou-77036,CA-2019-105165,FC-2019-09-105165,0.0,0.0,0.2,-2.918,07-09-2019
SZ-20035,OFF-BI-10000050,US-Cen-Tex-Hou-77036,CA-2019-105165,FC-2019-09-105165,0.0,0.0,0.8,-4.818,07-09-2019
LR-17035,OFF-SU-10004290,US-Wes-Cal-San-95051,CA-2019-109918,SC-2019-09-109918,0.0,0.0,0.0,7.3872,07-09-2019
LR-17035,OFF-BI-10004308,US-Wes-Cal-San-95051,CA-2019-109918,SC-2019-09-109918,0.0,0.0,0.2,31.47,07-09-2019
SZ-20035,FUR-TA-10004154,US-Cen-Tex-Hou-77036,CA-2019-105165,FC-2019-09-105165,0.0,0.0,0.3,-22.948,07-09-2019
LR-17035,OFF-PA-10000174,US-Wes-Cal-San-95051,CA-2019-109918,SC-2019-09-109918,0.0,0.0,0.0,9.6632,07-09-2019
DP-13390,OFF-AP-10004785,US-Wes-Cal-San-94110,CA-2019-168592,SC-2019-09-168592,0.0,0.0,0.0,24.3595,08-09-2019
BM-11140,FUR-CH-10004287,US-Cen-Tex-San-78207,CA-2019-139892,SC-2019-09-139892,0.0,0.0,0.3,-24.858,08-09-2019
MC-17275,OFF-AR-10003045,US-Wes-Was-Pas-99301,CA-2019-107818,SC-2019-09-107818,0.0,0.0,0.0,2.646,08-09-2019
TT-21070,TEC-MA-10000029,US-Sou-Vir-Che-23320,CA-2019-128839,SC-2019-09-128839,0.0,0.0,0.0,90.2871,08-09-2019
LH-17020,OFF-BI-10001071,US-Cen-Tex-Tyl-75701,US-2019-115987,SC-2019-09-115987,0.0,0.0,0.8,-79.3352,08-09-2019
MC-17275,FUR-CH-10000454,US-Wes-Was-Pas-99301,CA-2019-107818,SC-2019-09-107818,0.0,0.0,0.2,121.99,08-09-2019
PP-18955,FUR-CH-10004289,US-Eas-New-New-10009,CA-2019-146815,SC-2019-09-146815,0.0,0.0,0.1,13.4372,08-09-2019
MC-17275,OFF-AR-10000380,US-Wes-Was-Pas-99301,CA-2019-107818,SC-2019-09-107818,0.0,0.0,0.0,91.152,08-09-2019
BM-11140,OFF-AR-10002656,US-Cen-Tex-San-78207,CA-2019-139892,SC-2019-09-139892,0.0,0.0,0.2,6.8136,08-09-2019
MC-17275,OFF-ST-10000736,US-Wes-Was-Pas-99301,CA-2019-107818,SC-2019-09-107818,0.0,0.0,0.0,19.4352,08-09-2019
KT-16465,FUR-CH-10004287,US-Cen-Tex-Hou-77036,CA-2019-146283,SC-2019-09-146283,0.0,0.0,0.3,-13.81,08-09-2019
KC-16255,TEC-AC-10000023,US-Sou-Geo-Mac-31204,CA-2019-163293,FC-2019-09-163293,0.0,0.0,0.0,30.1968,08-09-2019
KC-16255,TEC-AC-10004209,US-Sou-Geo-Mac-31204,CA-2019-163293,FC-2019-09-163293,0.0,0.0,0.0,12.8583,08-09-2019
DP-13390,OFF-ST-10002406,US-Wes-Cal-San-94110,CA-2019-168592,SC-2019-09-168592,0.0,0.0,0.0,4.1916,08-09-2019
KT-16465,OFF-PA-10000482,US-Cen-Tex-Hou-77036,CA-2019-146283,SC-2019-09-146283,0.0,0.0,0.2,61.4628,08-09-2019
TT-21070,OFF-FA-10002280,US-Sou-Vir-Che-23320,CA-2019-128839,SC-2019-09-128839,0.0,0.0,0.0,21.6,08-09-2019
SP-20620,OFF-AP-10001962,US-Eas-New-Lon-11561,CA-2019-123127,SC-2019-09-123127,0.0,0.0,0.0,4.195,08-09-2019
BM-11140,TEC-MA-10000822,US-Cen-Tex-San-78207,CA-2019-139892,SC-2019-09-139892,0.0,0.0,0.4,-1359.992,08-09-2019
DP-13390,OFF-FA-10002988,US-Wes-Cal-San-94110,CA-2019-168592,SC-2019-09-168592,0.0,0.0,0.0,1.9698,08-09-2019
TS-21340,OFF-BI-10000822,US-Wes-Cal-San-94109,CA-2019-140032,SC-2019-09-140032,0.0,0.0,0.2,3.0128,08-09-2019
GZ-14470,TEC-AC-10001383,US-Wes-Cal-San-94110,CA-2019-132500,SC-2019-09-132500,0.0,0.0,0.0,8.4966,08-09-2019
KT-16465,OFF-PA-10002259,US-Cen-Tex-Hou-77036,CA-2019-146283,SC-2019-09-146283,0.0,0.0,0.2,6.2664,08-09-2019
BM-11140,OFF-ST-10000991,US-Cen-Tex-San-78207,CA-2019-139892,SC-2019-09-139892,0.0,0.0,0.2,-58.6347,08-09-2019
BM-11140,TEC-PH-10003931,US-Cen-Tex-San-78207,CA-2019-139892,SC-2019-09-139892,0.0,0.0,0.2,8.9985,08-09-2019
BM-11140,OFF-AP-10002518,US-Cen-Tex-San-78207,CA-2019-139892,SC-2019-09-139892,0.0,0.0,0.8,-453.849,08-09-2019
PP-18955,OFF-AR-10003469,US-Eas-New-New-10009,CA-2019-146815,SC-2019-09-146815,0.0,0.0,0.0,1.6896,08-09-2019
BM-11140,OFF-AR-10004441,US-Cen-Tex-San-78207,CA-2019-139892,SC-2019-09-139892,0.0,0.0,0.2,2.7324,08-09-2019
LC-17140,FUR-FU-10002456,US-Eas-Pen-Phi-19140,CA-2019-102869,SC-2019-09-102869,0.0,0.0,0.2,5.0232,09-09-2019
MS-17365,OFF-LA-10003923,US-Cen-Mic-Det-48227,CA-2019-144407,SC-2019-09-144407,0.0,0.0,0.0,51.8,09-09-2019
CC-12220,OFF-PA-10001622,US-Cen-Ill-Chi-60653,CA-2019-103527,SC-2019-09-103527,0.0,0.0,0.2,3.405,09-09-2019
LC-17140,OFF-PA-10000788,US-Eas-Pen-Phi-19140,CA-2019-102869,SC-2019-09-102869,0.0,0.0,0.2,5.4432,09-09-2019
LC-17140,TEC-AC-10002134,US-Eas-Pen-Phi-19140,CA-2019-102869,SC-2019-09-102869,0.0,0.0,0.2,-4.8528,09-09-2019
NF-18595,OFF-AR-10000634,US-Eas-Ohi-Lan-43130,US-2019-131870,FC-2019-09-131870,0.0,0.0,0.2,2.6964,09-09-2019
RR-19525,OFF-ST-10000078,US-Eas-Mas-Low-1852,CA-2019-126403,SC-2019-09-126403,0.0,0.0,0.0,238.653,09-09-2019
NF-18595,FUR-FU-10002501,US-Eas-Ohi-Lan-43130,US-2019-131870,FC-2019-09-131870,0.0,0.0,0.2,12.8928,09-09-2019
RR-19525,OFF-PA-10004665,US-Eas-Mas-Low-1852,CA-2019-126403,SC-2019-09-126403,0.0,0.0,0.0,12.838,09-09-2019
RR-19525,FUR-CH-10003761,US-Eas-Mas-Low-1852,CA-2019-126403,SC-2019-09-126403,0.0,0.0,0.0,212.1876,09-09-2019
LC-17140,TEC-PH-10002549,US-Eas-Pen-Phi-19140,CA-2019-102869,SC-2019-09-102869,0.0,0.0,0.4,-31.6204,09-09-2019
DL-12925,TEC-MA-10002073,US-Sou-Nor-Gre-27834,US-2019-115196,SC-2019-09-115196,0.0,0.0,0.5,-571.9956,09-09-2019
RR-19525,OFF-PA-10001144,US-Eas-Mas-Low-1852,CA-2019-126403,SC-2019-09-126403,0.0,0.0,0.0,79.8912,09-09-2019
SF-20065,FUR-FU-10001986,US-Eas-New-Cli-7011,CA-2019-113383,FC-2019-09-113383,0.0,0.0,0.0,76.47,10-09-2019
CL-12565,OFF-EN-10003072,US-Wes-Ore-Gre-97030,CA-2019-125731,SC-2019-09-125731,0.0,0.0,0.2,7.6048,10-09-2019
CL-12565,FUR-CH-10003973,US-Wes-Ore-Gre-97030,CA-2019-125731,SC-2019-09-125731,0.0,0.0,0.2,148.704,10-09-2019
SF-20065,OFF-AP-10004532,US-Eas-New-Cli-7011,CA-2019-113383,FC-2019-09-113383,0.0,0.0,0.0,22.1184,10-09-2019
DA-13450,OFF-BI-10003314,US-Sou-Vir-Vir-23464,US-2019-138835,SC-2019-09-138835,0.0,0.0,0.0,4.7236,10-09-2019
LW-17125,FUR-FU-10004006,US-Wes-Cal-Oxn-93030,CA-2019-112837,SC-2019-09-112837,0.0,0.0,0.0,21.7515,11-09-2019
BN-11470,TEC-AC-10002399,US-Sou-Nor-Car-27511,CA-2019-138527,SC-2019-09-138527,0.0,0.0,0.2,2.2824,12-09-2019
TA-21385,OFF-BI-10004519,US-Cen-Kan-Ola-66062,US-2019-119081,SC-2019-09-119081,0.0,0.0,0.0,149.382,12-09-2019
LW-17215,FUR-CH-10002024,US-Eas-New-New-10035,CA-2019-116246,SC-2019-09-116246,0.0,0.0,0.1,420.588,12-09-2019
TA-21385,FUR-FU-10003464,US-Cen-Kan-Ola-66062,US-2019-119081,SC-2019-09-119081,0.0,0.0,0.0,12.9792,12-09-2019
TA-21385,TEC-AC-10001542,US-Cen-Kan-Ola-66062,US-2019-119081,SC-2019-09-119081,0.0,0.0,0.0,10.906,12-09-2019
TA-21385,OFF-SU-10000157,US-Cen-Kan-Ola-66062,US-2019-119081,SC-2019-09-119081,0.0,0.0,0.0,7.1586,12-09-2019
SD-20485,TEC-MA-10000029,US-Eas-New-New-10801,CA-2019-101476,FC-2019-09-101476,0.0,0.0,0.0,30.0957,12-09-2019
BN-11470,OFF-AP-10001469,US-Sou-Nor-Car-27511,CA-2019-138527,SC-2019-09-138527,0.0,0.0,0.2,18.7695,12-09-2019
AF-10885,OFF-BI-10002429,US-Eas-Ohi-Fai-45014,CA-2019-103702,SC-2019-09-103702,0.0,0.0,0.7,-46.8776,12-09-2019
BN-11470,OFF-PA-10001800,US-Sou-Nor-Car-27511,CA-2019-138527,SC-2019-09-138527,0.0,0.0,0.2,3.6288,12-09-2019
PT-19090,OFF-BI-10004040,US-Cen-Tex-Hou-77070,US-2019-150924,SC-2019-09-150924,0.0,0.0,0.8,-8.029,12-09-2019
RP-19390,OFF-SU-10001574,US-Wes-Was-Sea-98103,CA-2019-142769,SC-2019-09-142769,0.0,0.0,0.0,2.19,13-09-2019
ON-18715,OFF-ST-10001034,US-Wes-Ari-Tem-85281,CA-2019-140039,SC-2019-09-140039,0.0,0.0,0.2,5.955,13-09-2019
LH-16900,OFF-BI-10004022,US-Eas-Ohi-Col-43229,CA-2019-126277,SC-2019-09-126277,0.0,0.0,0.7,-2.0016,13-09-2019
RP-19390,TEC-AC-10001606,US-Wes-Was-Sea-98103,CA-2019-142769,SC-2019-09-142769,0.0,0.0,0.0,75.9924,13-09-2019
JM-15535,TEC-AC-10004353,US-Eas-Pen-Phi-19143,CA-2019-132962,FC-2019-09-132962,0.0,0.0,0.2,53.55,13-09-2019
JM-15535,OFF-PA-10003543,US-Eas-Pen-Phi-19143,CA-2019-132962,FC-2019-09-132962,0.0,0.0,0.2,5.4432,13-09-2019
BC-11125,FUR-CH-10004698,US-Cen-Tex-Ode-79762,CA-2019-113859,SC-2019-09-113859,0.0,0.0,0.3,-9.7176,13-09-2019
RP-19390,TEC-AC-10003399,US-Wes-Was-Sea-98103,CA-2019-142769,SC-2019-09-142769,0.0,0.0,0.0,60.8832,13-09-2019
RP-19390,FUR-FU-10001918,US-Wes-Was-Sea-98103,CA-2019-142769,SC-2019-09-142769,0.0,0.0,0.0,5.5341,13-09-2019
RP-19390,OFF-FA-10000840,US-Wes-Was-Sea-98103,CA-2019-142769,SC-2019-09-142769,0.0,0.0,0.0,2.679,13-09-2019
DC-12850,OFF-AR-10002833,US-Eas-New-New-10011,CA-2019-145212,SC-2019-09-145212,0.0,0.0,0.0,1.4742,13-09-2019
RP-19390,OFF-PA-10002923,US-Wes-Was-Sea-98103,CA-2019-142769,SC-2019-09-142769,0.0,0.0,0.0,24.47,13-09-2019
RP-19390,TEC-AC-10000865,US-Wes-Was-Sea-98103,CA-2019-142769,SC-2019-09-142769,0.0,0.0,0.0,20.06,13-09-2019
EA-14035,OFF-BI-10001679,US-Sou-Nor-Cha-28205,US-2019-156216,SC-2019-09-156216,0.0,0.0,0.7,-12.432,13-09-2019
RP-19390,OFF-AP-10004785,US-Wes-Was-Sea-98103,CA-2019-142769,SC-2019-09-142769,0.0,0.0,0.0,9.7438,13-09-2019
JB-15400,OFF-AP-10000891,US-Cen-Ill-Chi-60623,US-2019-100853,SC-2019-09-100853,0.0,0.0,0.8,-131.12,14-09-2019
DM-13015,OFF-EN-10001099,US-Eas-New-New-10009,CA-2019-160766,SC-2019-09-160766,0.0,0.0,0.0,31.4916,14-09-2019
JB-15400,OFF-LA-10003148,US-Cen-Ill-Chi-60623,US-2019-100853,SC-2019-09-100853,0.0,0.0,0.2,6.552,14-09-2019
DM-13015,OFF-PA-10000213,US-Eas-New-New-10009,CA-2019-160766,SC-2019-09-160766,0.0,0.0,0.0,21.0654,14-09-2019
DM-13015,FUR-TA-10001039,US-Eas-New-New-10009,CA-2019-160766,SC-2019-09-160766,0.0,0.0,0.4,-108.3348,14-09-2019
DM-13015,TEC-PH-10000526,US-Eas-New-New-10009,CA-2019-160766,SC-2019-09-160766,0.0,0.0,0.0,80.6316,14-09-2019
DM-13015,TEC-MA-10003979,US-Eas-New-New-10009,CA-2019-160766,SC-2019-09-160766,0.0,0.0,0.0,1371.9804,14-09-2019
JC-15775,FUR-FU-10002878,US-Sou-Geo-Mac-31204,CA-2019-159184,SC-2019-09-159184,0.0,0.0,0.0,52.688,14-09-2019
SC-20260,OFF-BI-10001721,US-Cen-Tex-Cor-78415,US-2019-127635,SC-2019-09-127635,0.0,0.0,0.8,-13.6832,14-09-2019
DM-13015,TEC-PH-10001536,US-Eas-New-New-10009,CA-2019-160766,SC-2019-09-160766,0.0,0.0,0.0,4.4174,14-09-2019
SC-20260,OFF-PA-10004610,US-Cen-Tex-Cor-78415,US-2019-127635,SC-2019-09-127635,0.0,0.0,0.2,2.14,14-09-2019
AJ-10960,OFF-ST-10001809,US-Eas-New-Roc-14609,CA-2019-113362,SC-2019-09-113362,0.0,0.0,0.0,8.983,14-09-2019
JC-15775,OFF-BI-10001890,US-Sou-Geo-Mac-31204,CA-2019-159184,SC-2019-09-159184,0.0,0.0,0.0,3.4368,14-09-2019
CA-12775,FUR-FU-10004020,US-Sou-Flo-Tam-33614,CA-2019-145576,SC-2019-09-145576,0.0,0.0,0.2,3.7743,14-09-2019
SC-20260,FUR-FU-10000550,US-Cen-Tex-Cor-78415,US-2019-127635,SC-2019-09-127635,0.0,0.0,0.6,-6.723,14-09-2019
AJ-10960,OFF-EN-10003845,US-Eas-New-Roc-14609,CA-2019-113362,SC-2019-09-113362,0.0,0.0,0.0,5.0922,14-09-2019
CA-12775,OFF-AP-10003914,US-Sou-Flo-Tam-33614,CA-2019-145576,SC-2019-09-145576,0.0,0.0,0.2,1.3,14-09-2019
SC-20260,OFF-FA-10000053,US-Cen-Tex-Cor-78415,US-2019-127635,SC-2019-09-127635,0.0,0.0,0.2,-1.3608,14-09-2019
DM-13015,OFF-AP-10002945,US-Eas-New-New-10009,CA-2019-160766,SC-2019-09-160766,0.0,0.0,0.0,198.429,14-09-2019
MF-18250,FUR-FU-10000222,US-Eas-Pen-Phi-19120,CA-2019-149594,SC-2019-09-149594,0.0,0.0,0.2,16.8896,15-09-2019
AA-10315,OFF-PA-10000349,US-Eas-New-New-10011,CA-2019-138100,SC-2019-09-138100,0.0,0.0,0.0,7.0218,15-09-2019
AA-10315,FUR-FU-10002456,US-Eas-New-New-10011,CA-2019-138100,SC-2019-09-138100,0.0,0.0,0.0,6.2608,15-09-2019
RF-19345,OFF-BI-10002931,US-Eas-New-New-10024,CA-2019-141152,FC-2019-09-141152,0.0,0.0,0.2,12.582,16-09-2019
BN-11515,OFF-ST-10000943,US-Wes-Was-Sea-98103,CA-2019-103940,SC-2019-09-103940,0.0,0.0,0.0,16.2204,17-09-2019
JA-15970,OFF-AR-10001473,US-Wes-Ore-Spr-97477,CA-2019-131947,SC-2019-09-131947,0.0,0.0,0.2,0.4592,17-09-2019
BN-11515,OFF-ST-10004963,US-Wes-Was-Sea-98103,CA-2019-103940,SC-2019-09-103940,0.0,0.0,0.0,1.2112,17-09-2019
BN-11515,OFF-BI-10002735,US-Wes-Was-Sea-98103,CA-2019-103940,SC-2019-09-103940,0.0,0.0,0.2,46.3185,17-09-2019
BN-11515,FUR-FU-10004671,US-Wes-Was-Sea-98103,CA-2019-103940,SC-2019-09-103940,0.0,0.0,0.0,13.4292,17-09-2019
JA-15970,TEC-AC-10004633,US-Wes-Ore-Spr-97477,CA-2019-131947,SC-2019-09-131947,0.0,0.0,0.2,16.776,17-09-2019
AG-10765,OFF-BI-10003712,US-Eas-Pen-Phi-19120,US-2019-158638,SC-2019-09-158638,0.0,0.0,0.7,-4.1244,17-09-2019
KT-16465,OFF-PA-10000682,US-Sou-Nor-Ral-27604,US-2019-117170,SC-2019-09-117170,0.0,0.0,0.2,1.6762,17-09-2019
JA-15970,TEC-MA-10004086,US-Wes-Ore-Spr-97477,CA-2019-131947,SC-2019-09-131947,0.0,0.0,0.7,-21.945,17-09-2019
KT-16465,TEC-AC-10001109,US-Sou-Nor-Ral-27604,US-2019-117170,SC-2019-09-117170,0.0,0.0,0.2,13.1956,17-09-2019
JA-15970,OFF-PA-10000246,US-Wes-Ore-Spr-97477,CA-2019-131947,SC-2019-09-131947,0.0,0.0,0.2,13.078,17-09-2019
JA-15970,OFF-AR-10000411,US-Wes-Ore-Spr-97477,CA-2019-131947,SC-2019-09-131947,0.0,0.0,0.2,4.782,17-09-2019
NR-18550,OFF-EN-10001453,US-Wes-Cal-Chu-91911,CA-2019-112851,SC-2019-09-112851,0.0,0.0,0.0,85.9818,17-09-2019
JA-15970,OFF-PA-10003039,US-Wes-Ore-Spr-97477,CA-2019-131947,SC-2019-09-131947,0.0,0.0,0.2,46.47,17-09-2019
MC-18130,OFF-ST-10001321,US-Wes-Was-Sea-98115,CA-2019-132787,SC-2019-09-132787,0.0,0.0,0.0,24.9804,19-09-2019
BS-11365,FUR-CH-10000988,US-Eas-New-New-10011,CA-2019-168130,SC-2019-09-168130,0.0,0.0,0.1,177.4206,19-09-2019
JL-15835,OFF-ST-10003722,US-Sou-Nor-Cha-28205,CA-2019-127299,SC-2019-09-127299,0.0,0.0,0.2,7.5762,19-09-2019
SB-20290,TEC-MA-10003353,US-Cen-Tex-Hou-77036,US-2019-106992,SC-2019-09-106992,0.0,0.0,0.4,-251.9958,19-09-2019
JL-15835,TEC-MA-10001127,US-Sou-Nor-Cha-28205,CA-2019-127299,SC-2019-09-127299,0.0,0.0,0.5,-944.9946,19-09-2019
JK-15640,OFF-FA-10000053,US-Wes-Cal-San-94110,CA-2019-159849,SC-2019-09-159849,0.0,0.0,0.0,0.1134,19-09-2019
FA-14230,OFF-FA-10000624,US-Wes-Cal-Lon-90805,CA-2019-156601,SC-2019-09-156601,0.0,0.0,0.0,3.58,19-09-2019
ND-18460,FUR-TA-10004607,US-Wes-Ari-Cha-85224,CA-2019-138177,SC-2019-09-138177,0.0,0.0,0.5,-45.8273,19-09-2019
SB-20290,TEC-MA-10000822,US-Cen-Tex-Hou-77036,US-2019-106992,SC-2019-09-106992,0.0,0.0,0.4,-509.997,19-09-2019
SB-20185,TEC-PH-10002185,US-Cen-Ill-Chi-60653,CA-2019-120411,FC-2019-09-120411,0.0,0.0,0.2,3.475,20-09-2019
DN-13690,FUR-FU-10004952,US-Eas-Mar-Col-21044,CA-2019-166744,SC-2019-09-166744,0.0,0.0,0.0,50.9082,20-09-2019
MW-18220,OFF-AP-10003842,US-Eas-New-New-10011,CA-2019-125997,FC-2019-09-125997,0.0,0.0,0.0,8.0548,20-09-2019
HG-14965,OFF-PA-10004610,US-Wes-Cal-San-92024,CA-2019-126480,SC-2019-09-126480,0.0,0.0,0.0,3.852,20-09-2019
MW-18220,TEC-PH-10003072,US-Eas-New-New-10011,CA-2019-125997,FC-2019-09-125997,0.0,0.0,0.0,661.4559,20-09-2019
PF-19165,FUR-TA-10004534,US-Cen-Ill-Blo-61701,US-2019-134614,SC-2019-09-134614,0.0,0.0,0.5,-407.682,20-09-2019
SB-20185,FUR-BO-10004218,US-Cen-Ill-Chi-60653,CA-2019-120411,FC-2019-09-120411,0.0,0.0,0.3,-70.49,20-09-2019
DB-13555,OFF-AR-10003469,US-Sou-Flo-Jac-32216,CA-2019-151953,SC-2019-09-151953,0.0,0.0,0.2,0.9856,20-09-2019
DN-13690,FUR-BO-10001337,US-Eas-Mar-Col-21044,CA-2019-166744,SC-2019-09-166744,0.0,0.0,0.0,36.294,20-09-2019
ES-14020,OFF-LA-10001569,US-Wes-Cal-San-94110,CA-2019-156433,SC-2019-09-156433,0.0,0.0,0.0,4.5816,20-09-2019
ES-14020,OFF-PA-10003724,US-Wes-Cal-San-94110,CA-2019-156433,SC-2019-09-156433,0.0,0.0,0.0,10.6428,20-09-2019
DN-13690,TEC-AC-10003628,US-Eas-Mar-Col-21044,CA-2019-166744,SC-2019-09-166744,0.0,0.0,0.0,26.3912,20-09-2019
MW-18220,FUR-CH-10001394,US-Eas-New-New-10011,CA-2019-125997,FC-2019-09-125997,0.0,0.0,0.1,140.396,20-09-2019
MW-18220,OFF-LA-10002762,US-Eas-New-New-10011,CA-2019-125997,FC-2019-09-125997,0.0,0.0,0.0,35.3346,20-09-2019
MW-18220,TEC-PH-10003484,US-Eas-New-New-10011,CA-2019-125997,FC-2019-09-125997,0.0,0.0,0.0,157.4875,20-09-2019
MA-17995,OFF-AP-10001366,US-Wes-Cal-Los-90004,CA-2019-133704,SC-2019-09-133704,0.0,0.0,0.0,11.8584,20-09-2019
MA-17995,OFF-BI-10001636,US-Wes-Cal-Los-90004,CA-2019-133704,SC-2019-09-133704,0.0,0.0,0.2,6.5754,20-09-2019
BM-11650,OFF-PA-10000029,US-Cen-Neb-Oma-68104,CA-2019-125514,FC-2019-09-125514,0.0,0.0,0.0,3.1104,21-09-2019
JG-15115,TEC-PH-10003012,US-Wes-Was-Des-98198,US-2019-135972,SC-2019-09-135972,0.0,0.0,0.2,27.7182,21-09-2019
HF-14995,OFF-EN-10001539,US-Wes-Cal-San-94109,CA-2019-153969,SC-2019-09-153969,0.0,0.0,0.0,7.3132,21-09-2019
SL-20155,OFF-AR-10002956,US-Eas-New-New-10011,CA-2019-124513,SC-2019-09-124513,0.0,0.0,0.0,17.1678,21-09-2019
BM-11650,OFF-AP-10000358,US-Cen-Neb-Oma-68104,CA-2019-125514,FC-2019-09-125514,0.0,0.0,0.0,7.5284,21-09-2019
MA-17560,OFF-PA-10004000,US-Eas-Pen-Phi-19143,CA-2019-168823,FC-2019-09-168823,0.0,0.0,0.2,4.1151,21-09-2019
BM-11650,OFF-AP-10003281,US-Cen-Neb-Oma-68104,CA-2019-125514,FC-2019-09-125514,0.0,0.0,0.0,10.881,21-09-2019
MA-17560,OFF-LA-10004425,US-Eas-Pen-Phi-19143,CA-2019-168823,FC-2019-09-168823,0.0,0.0,0.2,7.0227,21-09-2019
JG-15115,TEC-CO-10002313,US-Wes-Was-Des-98198,US-2019-135972,SC-2019-09-135972,0.0,0.0,0.0,701.9883,21-09-2019
HF-14995,OFF-PA-10000327,US-Wes-Cal-San-94109,CA-2019-153969,SC-2019-09-153969,0.0,0.0,0.0,17.334,21-09-2019
HF-14995,OFF-AR-10001615,US-Wes-Cal-San-94109,CA-2019-153969,SC-2019-09-153969,0.0,0.0,0.0,15.4752,21-09-2019
HF-14995,OFF-PA-10002246,US-Wes-Cal-San-94109,CA-2019-153969,SC-2019-09-153969,0.0,0.0,0.0,9.4815,21-09-2019
HF-14995,OFF-EN-10004483,US-Wes-Cal-San-94109,CA-2019-153969,SC-2019-09-153969,0.0,0.0,0.0,36.8245,21-09-2019
HF-14995,TEC-PH-10001299,US-Wes-Cal-San-94109,CA-2019-153969,SC-2019-09-153969,0.0,0.0,0.2,23.9984,21-09-2019
LH-16750,OFF-BI-10000050,US-Eas-Pen-Phi-19140,CA-2019-117478,FC-2019-09-117478,0.0,0.0,0.7,-5.037,21-09-2019
JS-15940,FUR-FU-10001546,US-Cen-Tex-Gar-75043,US-2019-166310,FC-2019-09-166310,0.0,0.0,0.6,-7.476,21-09-2019
SE-20110,OFF-ST-10000675,US-Wes-Cal-San-95123,CA-2019-158225,SC-2019-09-158225,0.0,0.0,0.0,42.3625,22-09-2019
SE-20110,OFF-ST-10002301,US-Wes-Cal-San-95123,CA-2019-158225,SC-2019-09-158225,0.0,0.0,0.0,0.4068,22-09-2019
VG-21805,OFF-ST-10002574,US-Cen-Ill-Chi-60653,CA-2019-103191,SC-2019-09-103191,0.0,0.0,0.2,-82.884,22-09-2019
AS-10090,FUR-CH-10004983,US-Eas-New-New-10035,CA-2019-156160,SC-2019-09-156160,0.0,0.0,0.1,83.7096,22-09-2019
AS-10090,OFF-AR-10003876,US-Eas-New-New-10035,CA-2019-156160,SC-2019-09-156160,0.0,0.0,0.0,5.7376,22-09-2019
MS-17365,OFF-LA-10001613,US-Sou-Flo-Boc-33433,CA-2019-127488,SC-2019-09-127488,0.0,0.0,0.2,1.6704,22-09-2019
AS-10090,OFF-BI-10003355,US-Eas-New-New-10035,CA-2019-156160,SC-2019-09-156160,0.0,0.0,0.2,1.3944,22-09-2019
AS-10090,FUR-FU-10001876,US-Eas-New-New-10035,CA-2019-156160,SC-2019-09-156160,0.0,0.0,0.0,35.0784,22-09-2019
TT-21220,OFF-BI-10004965,US-Eas-Del-Dov-19901,CA-2019-163650,FC-2019-09-163650,0.0,0.0,0.0,15.525,23-09-2019
SC-20095,OFF-ST-10000736,US-Cen-Min-Min-55407,CA-2019-116904,SC-2019-09-116904,0.0,0.0,0.0,16.196,23-09-2019
SC-20095,OFF-BI-10001120,US-Cen-Min-Min-55407,CA-2019-116904,SC-2019-09-116904,0.0,0.0,0.0,4630.4755,23-09-2019
SC-20095,OFF-BI-10000301,US-Cen-Min-Min-55407,CA-2019-116904,SC-2019-09-116904,0.0,0.0,0.0,6.47,23-09-2019
JK-15640,OFF-PA-10003063,US-Eas-Ohi-Lak-44107,CA-2019-147900,SC-2019-09-147900,0.0,0.0,0.2,10.08,23-09-2019
SC-20095,OFF-PA-10004888,US-Cen-Min-Min-55407,CA-2019-116904,SC-2019-09-116904,0.0,0.0,0.0,15.552,23-09-2019
JP-16135,OFF-BI-10004654,US-Eas-New-New-10011,CA-2019-113964,SC-2019-09-113964,0.0,0.0,0.2,6.924,23-09-2019
TT-21220,OFF-AR-10002375,US-Eas-Del-Dov-19901,CA-2019-163650,FC-2019-09-163650,0.0,0.0,0.0,2.8536,23-09-2019
BM-11650,TEC-PH-10002726,US-Wes-Cal-San-92037,US-2019-134733,SC-2019-09-134733,0.0,0.0,0.2,31.494,23-09-2019
ST-20530,OFF-BI-10002026,US-Eas-New-New-10035,CA-2019-163559,SC-2019-09-163559,0.0,0.0,0.2,47.061,23-09-2019
TH-21115,OFF-BI-10004876,US-Eas-Del-New-19711,CA-2019-148369,SC-2019-09-148369,0.0,0.0,0.0,5.4488,23-09-2019
BM-11650,FUR-BO-10002916,US-Wes-Cal-San-92037,US-2019-134733,SC-2019-09-134733,0.0,0.0,0.15,20.5176,23-09-2019
JD-16060,OFF-ST-10001713,US-Wes-Cal-San-94109,CA-2019-123344,SC-2019-09-123344,0.0,0.0,0.0,8.4784,24-09-2019
BF-11005,OFF-AR-10003179,US-Wes-Col-Aur-80013,CA-2019-141355,SC-2019-09-141355,0.0,0.0,0.2,2.3686,25-09-2019
MT-18070,OFF-PA-10003270,US-Cen-Tex-Hou-77041,US-2019-112914,SC-2019-09-112914,0.0,0.0,0.2,10.56,25-09-2019
MT-18070,OFF-BI-10002982,US-Cen-Tex-Hou-77041,US-2019-112914,SC-2019-09-112914,0.0,0.0,0.8,-4.3584,25-09-2019
MT-18070,OFF-EN-10001509,US-Cen-Tex-Hou-77041,US-2019-112914,SC-2019-09-112914,0.0,0.0,0.2,1.1016,25-09-2019
MT-18070,FUR-BO-10003272,US-Cen-Tex-Hou-77041,US-2019-112914,SC-2019-09-112914,0.0,0.0,0.32,-97.2312,25-09-2019
CM-12715,FUR-FU-10001095,US-Eas-Pen-Phi-19140,CA-2019-144974,SC-2019-09-144974,0.0,0.0,0.2,4.7664,26-09-2019
CM-12715,OFF-BI-10003274,US-Eas-Pen-Phi-19140,CA-2019-144974,SC-2019-09-144974,0.0,0.0,0.7,-4.577,26-09-2019
MM-17920,TEC-AC-10004859,US-Cen-Ill-Chi-60623,CA-2019-115049,SC-2019-10-115049,0.0,0.0,0.2,38.456,26-09-2019
KF-16285,FUR-CH-10000454,US-Wes-Cal-San-92105,CA-2019-132451,FC-2019-09-132451,0.0,0.0,0.2,73.194,26-09-2019
NB-18580,OFF-AP-10002191,US-Eas-Pen-Phi-19134,CA-2019-164385,SC-2019-10-164385,0.0,0.0,0.2,14.3952,26-09-2019
KF-16285,OFF-PA-10004888,US-Wes-Cal-San-92105,CA-2019-132451,FC-2019-09-132451,0.0,0.0,0.0,9.3312,26-09-2019
HG-14965,OFF-BI-10003460,US-Cen-Tex-Mes-75150,US-2019-152723,SC-2019-09-152723,0.0,0.0,0.8,-1.4016,26-09-2019
CS-12400,OFF-ST-10002615,US-Wes-Was-Sea-98115,CA-2019-127586,SC-2019-09-127586,0.0,0.0,0.0,80.6312,26-09-2019
DA-13450,OFF-PA-10000174,US-Eas-Ohi-Lan-43130,CA-2019-115133,SC-2019-09-115133,0.0,0.0,0.2,11.1024,26-09-2019
DA-13450,OFF-AP-10001634,US-Eas-Ohi-Lan-43130,CA-2019-115133,SC-2019-09-115133,0.0,0.0,0.2,1.2528,26-09-2019
DA-13450,TEC-AC-10002370,US-Eas-Ohi-Lan-43130,CA-2019-115133,SC-2019-09-115133,0.0,0.0,0.2,0.4728,26-09-2019
CM-12715,OFF-AP-10001492,US-Eas-Pen-Phi-19140,CA-2019-144974,SC-2019-09-144974,0.0,0.0,0.2,3.1032,26-09-2019
KT-16465,FUR-CH-10002961,US-Wes-Cal-Los-90049,US-2019-151925,SC-2019-10-151925,0.0,0.0,0.2,0.0,26-09-2019
TS-21205,FUR-FU-10001588,US-Eas-New-Hac-7601,CA-2019-120887,SC-2019-10-120887,0.0,0.0,0.0,37.6422,27-09-2019
TH-21100,FUR-CH-10002602,US-Wes-Cal-San-92037,US-2019-133130,SC-2019-10-133130,0.0,0.0,0.2,45.294,27-09-2019
TH-21100,OFF-PA-10000675,US-Wes-Cal-San-92037,US-2019-133130,SC-2019-10-133130,0.0,0.0,0.0,40.1702,27-09-2019
KD-16495,OFF-PA-10001804,US-Sou-Nor-Fay-28314,CA-2019-125136,SC-2019-10-125136,0.0,0.0,0.2,3.7408,28-09-2019
XP-21865,FUR-FU-10000277,US-Sou-Flo-Hol-33021,CA-2019-114335,SC-2019-10-114335,0.0,0.0,0.2,16.8544,28-09-2019
GZ-14545,OFF-ST-10001321,US-Eas-Mas-Law-1841,CA-2019-107153,SC-2019-10-107153,0.0,0.0,0.0,12.4902,28-09-2019
KD-16495,OFF-PA-10001457,US-Sou-Nor-Fay-28314,CA-2019-125136,SC-2019-10-125136,0.0,0.0,0.2,31.2832,28-09-2019
PP-18955,FUR-TA-10002958,US-Wes-Was-Sea-98115,CA-2019-126683,SC-2019-10-126683,0.0,0.0,0.0,399.2994,29-09-2019
LD-17005,OFF-LA-10000121,US-Eas-New-New-10011,CA-2019-124856,SC-2019-10-124856,0.0,0.0,0.0,8.694,29-09-2019
LD-17005,FUR-FU-10000521,US-Eas-New-New-10011,CA-2019-124856,SC-2019-10-124856,0.0,0.0,0.0,36.3816,29-09-2019
LD-17005,OFF-ST-10002615,US-Eas-New-New-10011,CA-2019-124856,SC-2019-10-124856,0.0,0.0,0.0,362.8404,29-09-2019
LD-17005,OFF-PA-10001289,US-Eas-New-New-10011,CA-2019-124856,SC-2019-10-124856,0.0,0.0,0.0,37.9848,29-09-2019
PP-18955,FUR-FU-10001706,US-Wes-Was-Sea-98115,CA-2019-126683,SC-2019-10-126683,0.0,0.0,0.0,2.9568,29-09-2019
AP-10915,TEC-MA-10004241,US-Wes-Cal-Los-90045,CA-2019-146969,SC-2019-10-146969,0.0,0.0,0.2,223.054,29-09-2019
AP-10915,OFF-PA-10002105,US-Wes-Cal-Los-90045,CA-2019-146969,SC-2019-10-146969,0.0,0.0,0.0,3.1104,29-09-2019
AP-10915,OFF-FA-10001561,US-Wes-Cal-Los-90045,CA-2019-146969,SC-2019-10-146969,0.0,0.0,0.0,2.8776,29-09-2019
AP-10915,FUR-FU-10004188,US-Wes-Cal-Los-90045,CA-2019-146969,SC-2019-10-146969,0.0,0.0,0.0,53.196,29-09-2019
SM-20950,OFF-AR-10003469,US-Eas-Pen-Phi-19134,CA-2019-122931,SC-2019-10-122931,0.0,0.0,0.2,1.4784,29-09-2019
SM-20950,FUR-TA-10004175,US-Eas-Pen-Phi-19134,CA-2019-122931,SC-2019-10-122931,0.0,0.0,0.4,-81.8544,29-09-2019
EB-14170,OFF-BI-10001308,US-Wes-Was-Sea-98115,CA-2019-111962,SC-2019-10-111962,0.0,0.0,0.2,3.14,29-09-2019
SM-20950,OFF-LA-10002945,US-Eas-Pen-Phi-19134,CA-2019-122931,SC-2019-10-122931,0.0,0.0,0.2,18.018,29-09-2019
SM-20950,OFF-PA-10000533,US-Eas-Pen-Phi-19134,CA-2019-122931,SC-2019-10-122931,0.0,0.0,0.2,6.8016,29-09-2019
SM-20950,OFF-ST-10004459,US-Eas-Pen-Phi-19134,CA-2019-122931,SC-2019-10-122931,0.0,0.0,0.2,-337.806,29-09-2019
EB-14170,OFF-ST-10000046,US-Wes-Was-Sea-98115,CA-2019-111962,SC-2019-10-111962,0.0,0.0,0.0,153.4725,29-09-2019
AP-10915,OFF-ST-10004340,US-Wes-Cal-Los-90045,CA-2019-146969,SC-2019-10-146969,0.0,0.0,0.0,16.7886,29-09-2019
SM-20950,FUR-TA-10004147,US-Eas-Pen-Phi-19134,CA-2019-122931,SC-2019-10-122931,0.0,0.0,0.4,-20.1528,29-09-2019
MH-17785,FUR-FU-10000221,US-Eas-New-New-10035,CA-2019-159478,SC-2019-10-159478,0.0,0.0,0.0,5.1816,30-09-2019
BW-11200,OFF-PA-10004888,US-Sou-Flo-Boy-33437,US-2019-167633,SC-2019-10-167633,0.0,0.0,0.2,5.4432,30-09-2019
DB-13615,OFF-BI-10003910,US-Wes-Was-Sea-98105,CA-2019-137351,SC-2019-10-137351,0.0,0.0,0.2,13.4925,30-09-2019
KW-16570,OFF-AP-10000696,US-Sou-Ten-Cla-37042,CA-2019-140886,SC-2019-10-140886,0.0,0.0,0.2,11.2476,30-09-2019
DM-12955,OFF-AP-10003217,US-Eas-Ohi-Fai-45014,CA-2019-141649,SC-2019-09-141649,0.0,0.0,0.2,59.6556,30-09-2019
RA-19915,OFF-PA-10004092,US-Eas-New-New-10011,CA-2019-102008,SC-2019-10-102008,0.0,0.0,0.0,24.47,30-09-2019
JK-15730,FUR-CH-10000015,US-Eas-Ohi-Col-43229,CA-2019-150798,SC-2019-12-150798,0.0,0.0,0.3,-51.984,01-12-2019
JK-15730,OFF-PA-10001972,US-Eas-Ohi-Col-43229,CA-2019-150798,SC-2019-12-150798,0.0,0.0,0.2,12.7008,01-12-2019
AA-10645,FUR-FU-10003878,US-Eas-Mas-Low-1852,CA-2019-143210,FC-2019-12-143210,0.0,0.0,0.0,15.5856,01-12-2019
RP-19390,OFF-AR-10000475,US-Cen-Wis-Mad-53711,CA-2019-120474,FC-2019-12-120474,0.0,0.0,0.0,12.5928,01-12-2019
JK-15730,TEC-CO-10001571,US-Eas-Ohi-Col-43229,CA-2019-150798,SC-2019-12-150798,0.0,0.0,0.4,109.998,01-12-2019
MC-17605,FUR-CH-10003746,US-Cen-Tex-Hou-77070,US-2019-161613,SC-2019-12-161613,0.0,0.0,0.3,-19.2588,01-12-2019
TB-21280,TEC-PH-10001644,US-Sou-Nor-Jac-28540,CA-2019-131527,SC-2019-12-131527,0.0,0.0,0.2,9.5968,01-12-2019
TR-21325,FUR-FU-10001861,US-Wes-Cal-San-94122,CA-2019-131051,SC-2019-12-131051,0.0,0.0,0.0,28.518,01-12-2019
AA-10645,FUR-FU-10002268,US-Eas-Mas-Low-1852,CA-2019-143210,FC-2019-12-143210,0.0,0.0,0.0,3.2406,01-12-2019
RP-19390,FUR-CH-10001854,US-Cen-Wis-Mad-53711,CA-2019-120474,FC-2019-12-120474,0.0,0.0,0.0,673.8816,01-12-2019
JK-15730,FUR-FU-10000221,US-Eas-Ohi-Col-43229,CA-2019-150798,SC-2019-12-150798,0.0,0.0,0.2,1.4224,01-12-2019
AA-10645,TEC-PH-10004434,US-Eas-Mas-Low-1852,CA-2019-143210,FC-2019-12-143210,0.0,0.0,0.0,78.851,01-12-2019
ON-18715,OFF-PA-10002923,US-Eas-Mar-Cli-20735,CA-2019-154095,SC-2019-12-154095,0.0,0.0,0.0,73.41,02-12-2019
DP-13165,FUR-BO-10003272,US-Eas-New-New-10035,CA-2019-112158,FC-2019-12-112158,0.0,0.0,0.2,-110.49,02-12-2019
DP-13165,TEC-AC-10003628,US-Eas-New-New-10035,CA-2019-112158,FC-2019-12-112158,0.0,0.0,0.0,52.7824,02-12-2019
DP-13165,OFF-BI-10000050,US-Eas-New-New-10035,CA-2019-112158,FC-2019-12-112158,0.0,0.0,0.2,15.768,02-12-2019
EM-13825,OFF-PA-20002195,US-Sou-Geo-San-30328,CA-2019-103807,SC-2019-12-103807,0.0,0.0,0.0,7.1628,02-12-2019
ON-18715,FUR-CH-10004754,US-Eas-Mar-Cli-20735,CA-2019-154095,SC-2019-12-154095,0.0,0.0,0.0,64.7568,02-12-2019
MC-17575,OFF-AP-10004249,US-Cen-Ill-Chi-60623,CA-2019-101147,FC-2019-12-101147,0.0,0.0,0.8,-6.3441,02-12-2019
MD-17860,FUR-FU-10001588,US-Cen-Tex-Cor-78415,US-2019-117744,SC-2019-12-117744,0.0,0.0,0.6,-24.803,02-12-2019
EM-13825,TEC-AC-10000199,US-Sou-Geo-San-30328,CA-2019-103807,SC-2019-12-103807,0.0,0.0,0.0,0.833,02-12-2019
KN-16390,TEC-AC-10001267,US-Eas-Ohi-Col-43229,CA-2019-132864,SC-2019-12-132864,0.0,0.0,0.2,29.95,02-12-2019
ON-18715,FUR-FU-10003849,US-Eas-Mar-Cli-20735,CA-2019-154095,SC-2019-12-154095,0.0,0.0,0.0,23.6808,02-12-2019
ON-18715,OFF-LA-10000634,US-Eas-Mar-Cli-20735,CA-2019-154095,SC-2019-12-154095,0.0,0.0,0.0,7.2036,02-12-2019
MD-17860,FUR-FU-10002759,US-Cen-Tex-Cor-78415,US-2019-117744,SC-2019-12-117744,0.0,0.0,0.6,-23.976,02-12-2019
MD-17860,OFF-AR-10000940,US-Cen-Tex-Cor-78415,US-2019-117744,SC-2019-12-117744,0.0,0.0,0.2,1.4406,02-12-2019
NG-18430,TEC-PH-10003811,US-Cen-Okl-Okl-73120,CA-2019-122749,SC-2019-12-122749,0.0,0.0,0.0,134.3888,03-12-2019
MC-17635,OFF-PA-10001972,US-Cen-Mis-Sai-63116,CA-2019-164861,SC-2019-12-164861,0.0,0.0,0.0,12.4416,03-12-2019
CP-12085,TEC-PH-10000673,US-Eas-New-New-10024,CA-2019-127187,SC-2019-12-127187,0.0,0.0,0.0,62.3904,04-12-2019
RL-19615,OFF-FA-10002280,US-Wes-Cal-Los-90045,CA-2019-133830,SC-2019-12-133830,0.0,0.0,0.0,7.2,05-12-2019
EA-14035,TEC-PH-10001809,US-Eas-Ohi-Col-43229,CA-2019-151162,SC-2019-12-151162,0.0,0.0,0.4,-44.985,05-12-2019
JB-15925,OFF-AP-10001469,US-Wes-Cal-Los-90032,CA-2019-150203,FC-2019-12-150203,0.0,0.0,0.0,72.5754,05-12-2019
RL-19615,OFF-AR-10003045,US-Wes-Cal-Los-90045,CA-2019-133830,SC-2019-12-133830,0.0,0.0,0.0,11.907,05-12-2019
RL-19615,OFF-PA-10001363,US-Wes-Cal-Los-90045,CA-2019-133830,SC-2019-12-133830,0.0,0.0,0.0,23.0864,05-12-2019
BS-11590,TEC-PH-10002726,US-Wes-Ari-Gil-85234,CA-2019-106376,SC-2019-12-106376,0.0,0.0,0.2,62.988,05-12-2019
BS-11590,OFF-AR-10002671,US-Wes-Ari-Gil-85234,CA-2019-106376,SC-2019-12-106376,0.0,0.0,0.2,111.3024,05-12-2019
DK-13150,OFF-ST-10003455,US-Cen-Ill-Dec-62521,CA-2019-166191,SC-2019-12-166191,0.0,0.0,0.2,1.8612,05-12-2019
NB-18655,OFF-EN-10000056,US-Eas-Pen-Phi-19134,CA-2019-125542,FC-2019-12-125542,0.0,0.0,0.2,117.6147,05-12-2019
NB-18655,OFF-ST-10001469,US-Eas-Pen-Phi-19134,CA-2019-125542,FC-2019-12-125542,0.0,0.0,0.2,-30.2288,05-12-2019
EA-14035,OFF-BI-10003719,US-Eas-Ohi-Col-43229,CA-2019-151162,SC-2019-12-151162,0.0,0.0,0.7,-23.952,05-12-2019
RC-19825,OFF-ST-10002444,US-Sou-Vir-Ale-22304,CA-2019-138296,SC-2019-12-138296,0.0,0.0,0.0,6.8768,05-12-2019
EA-14035,TEC-PH-10001870,US-Eas-Ohi-Col-43229,CA-2019-151162,SC-2019-12-151162,0.0,0.0,0.4,-9.1845,05-12-2019
EA-14035,OFF-PA-10001033,US-Eas-Ohi-Col-43229,CA-2019-151162,SC-2019-12-151162,0.0,0.0,0.2,35.6613,05-12-2019
EA-14035,OFF-PA-10003036,US-Eas-Ohi-Col-43229,CA-2019-151162,SC-2019-12-151162,0.0,0.0,0.2,5.6784,05-12-2019
DK-13150,TEC-AC-10004659,US-Cen-Ill-Dec-62521,CA-2019-166191,SC-2019-12-166191,0.0,0.0,0.2,76.6395,05-12-2019
BG-11035,OFF-PA-10003641,US-Sou-Ten-Mem-38109,CA-2019-155390,SC-2019-12-155390,0.0,0.0,0.2,13.7176,06-12-2019
BK-11260,OFF-ST-10002485,US-Cen-Ill-Chi-60610,US-2019-140452,SC-2019-12-140452,0.0,0.0,0.2,-8.3524,06-12-2019
LF-17185,FUR-FU-10002759,US-Cen-Tex-Hou-77095,CA-2019-110030,SC-2019-12-110030,0.0,0.0,0.6,-14.3856,06-12-2019
RS-19765,OFF-ST-10001496,US-Wes-Cal-Los-90008,CA-2019-106726,FC-2019-12-106726,0.0,0.0,0.0,327.9458,06-12-2019
RC-19960,OFF-ST-10002205,US-Wes-Ore-Spr-97477,US-2019-112872,SC-2019-12-112872,0.0,0.0,0.2,4.6746,06-12-2019
RC-19960,FUR-TA-10003238,US-Wes-Ore-Spr-97477,US-2019-112872,SC-2019-12-112872,0.0,0.0,0.5,-170.8038,06-12-2019
BK-11260,FUR-FU-10002088,US-Cen-Ill-Chi-60610,US-2019-140452,SC-2019-12-140452,0.0,0.0,0.6,-4.8492,06-12-2019
BK-11260,FUR-TA-10004086,US-Cen-Ill-Chi-60610,US-2019-140452,SC-2019-12-140452,0.0,0.0,0.5,-120.372,06-12-2019
BK-11260,OFF-AP-10004036,US-Cen-Ill-Chi-60610,US-2019-140452,SC-2019-12-140452,0.0,0.0,0.8,-31.536,06-12-2019
BK-11260,OFF-BI-10004965,US-Cen-Ill-Chi-60610,US-2019-140452,SC-2019-12-140452,0.0,0.0,0.8,-8.05,06-12-2019
BK-11260,TEC-PH-10000307,US-Cen-Ill-Chi-60610,US-2019-140452,SC-2019-12-140452,0.0,0.0,0.2,-7.008,06-12-2019
AS-10630,OFF-ST-10000532,US-Wes-Was-Sea-98103,CA-2019-101392,SC-2019-12-101392,0.0,0.0,0.0,70.0336,07-12-2019
FP-14320,OFF-AR-10003190,US-Wes-Cal-Los-90049,CA-2019-138737,FC-2019-12-138737,0.0,0.0,0.0,2.4192,07-12-2019
EH-14005,OFF-PA-10000062,US-Wes-Cal-San-94109,CA-2019-154592,FC-2019-12-154592,0.0,0.0,0.0,80.7912,07-12-2019
PO-18850,OFF-PA-10003641,US-Sou-Vir-Vir-23464,CA-2019-159681,SC-2019-12-159681,0.0,0.0,0.0,48.5392,07-12-2019
JK-15625,OFF-PA-10001954,US-Wes-Was-Oly-98502,CA-2019-135608,SC-2019-12-135608,0.0,0.0,0.0,21.0128,08-12-2019
TB-21250,OFF-BI-10001132,US-Wes-Ore-Sal-97301,CA-2019-129364,SC-2019-12-129364,0.0,0.0,0.7,-4.5192,08-12-2019
TB-21250,OFF-ST-10001031,US-Wes-Ore-Sal-97301,CA-2019-129364,SC-2019-12-129364,0.0,0.0,0.2,2.9304,08-12-2019
TB-21250,TEC-PH-10003095,US-Wes-Ore-Sal-97301,CA-2019-129364,SC-2019-12-129364,0.0,0.0,0.2,19.755,08-12-2019
TB-21250,OFF-SU-10000432,US-Wes-Ore-Sal-97301,CA-2019-129364,SC-2019-12-129364,0.0,0.0,0.2,-2.6025,08-12-2019
TB-21250,TEC-AC-10004227,US-Wes-Ore-Sal-97301,CA-2019-129364,SC-2019-12-129364,0.0,0.0,0.2,-18.186,08-12-2019
TB-21250,OFF-LA-10001569,US-Wes-Ore-Sal-97301,CA-2019-129364,SC-2019-12-129364,0.0,0.0,0.2,9.0636,08-12-2019
DJ-13420,FUR-FU-10000397,US-Wes-Cal-San-94110,CA-2019-144071,SC-2019-12-144071,0.0,0.0,0.0,11.1664,08-12-2019
TB-21250,OFF-PA-10001569,US-Wes-Ore-Sal-97301,CA-2019-129364,SC-2019-12-129364,0.0,0.0,0.2,3.6288,08-12-2019
TB-21250,OFF-LA-10004409,US-Wes-Ore-Sal-97301,CA-2019-129364,SC-2019-12-129364,0.0,0.0,0.2,3.744,08-12-2019
JK-15625,FUR-CH-10002602,US-Wes-Was-Oly-98502,CA-2019-135608,SC-2019-12-135608,0.0,0.0,0.2,45.294,08-12-2019
DJ-13420,FUR-FU-10000758,US-Wes-Cal-San-94110,CA-2019-144071,SC-2019-12-144071,0.0,0.0,0.0,28.5984,08-12-2019
TB-21175,OFF-ST-10000777,US-Cen-Tex-Hou-77041,CA-2019-104773,SC-2019-12-104773,0.0,0.0,0.2,6.0416,08-12-2019
DM-12955,OFF-ST-20004950,US-Wes-Ari-Mes-85204,CA-2019-101175,SC-2019-12-101175,0.0,0.0,0.2,-1.2588,09-12-2019
FP-14320,OFF-EN-10002500,US-Eas-Pen-Phi-19134,CA-2019-138128,SC-2019-12-138128,0.0,0.0,0.2,9.585,09-12-2019
FP-14320,TEC-CO-10001766,US-Eas-Pen-Phi-19134,CA-2019-138128,SC-2019-12-138128,0.0,0.0,0.4,125.9972,09-12-2019
VP-21760,OFF-ST-10000036,US-Cen-Tex-Bro-78521,CA-2019-109932,FC-2019-12-109932,0.0,0.0,0.2,20.7459,09-12-2019
TS-21205,OFF-PA-10000143,US-Cen-Ill-Chi-60653,CA-2019-169649,SC-2019-12-169649,0.0,0.0,0.2,2.9568,09-12-2019
TS-21205,OFF-AP-10003287,US-Cen-Ill-Chi-60653,CA-2019-169649,SC-2019-12-169649,0.0,0.0,0.8,-53.0088,09-12-2019
VP-21760,OFF-PA-10001804,US-Cen-Tex-Bro-78521,CA-2019-109932,FC-2019-12-109932,0.0,0.0,0.2,3.7408,09-12-2019
CK-12760,OFF-PA-10003845,US-Wes-Cal-San-94122,CA-2019-104976,SC-2019-12-104976,0.0,0.0,0.0,16.9932,09-12-2019
SH-19975,FUR-CH-10001708,US-Wes-Ida-Cal-83605,US-2019-112991,SC-2019-12-112991,0.0,0.0,0.2,4.2294,10-12-2019
SH-19975,OFF-PA-10000019,US-Wes-Ida-Cal-83605,US-2019-112991,SC-2019-12-112991,0.0,0.0,0.0,12.4416,10-12-2019
SM-20005,OFF-PA-10004470,US-Eas-New-New-10009,CA-2019-148488,SC-2019-12-148488,0.0,0.0,0.0,5.2256,10-12-2019
SM-20005,OFF-BI-10000315,US-Eas-New-New-10009,CA-2019-148488,SC-2019-12-148488,0.0,0.0,0.2,37.2204,10-12-2019
SH-19975,OFF-PA-10002222,US-Wes-Ida-Cal-83605,US-2019-112991,SC-2019-12-112991,0.0,0.0,0.0,42.0256,10-12-2019
PB-19150,OFF-EN-10001099,US-Sou-Flo-Mia-33178,CA-2019-107573,SC-2019-12-107573,0.0,0.0,0.2,7.6284,12-12-2019
CY-12745,OFF-BI-10003650,US-Cen-Tex-San-78207,US-2019-122959,SC-2019-12-122959,0.0,0.0,0.8,-336.6272,12-12-2019
NP-18700,FUR-TA-10004619,US-Wes-Cal-Fre-93727,CA-2019-168494,SC-2019-12-168494,0.0,0.0,0.2,95.586,12-12-2019
LH-17155,OFF-ST-10000617,US-Wes-Cal-Oak-94601,CA-2019-113320,SC-2019-12-113320,0.0,0.0,0.0,0.6258,12-12-2019
NP-18700,FUR-TA-10003473,US-Wes-Cal-Fre-93727,CA-2019-168494,SC-2019-12-168494,0.0,0.0,0.2,135.4068,12-12-2019
NP-18700,FUR-BO-10004467,US-Wes-Cal-Fre-93727,CA-2019-168494,SC-2019-12-168494,0.0,0.0,0.15,11.9988,12-12-2019
WB-21850,FUR-FU-10003975,US-Wes-Cal-Con-94521,CA-2019-141607,SC-2019-12-141607,0.0,0.0,0.0,4.331,12-12-2019
LH-17155,FUR-FU-10004270,US-Wes-Cal-Oak-94601,CA-2019-113320,SC-2019-12-113320,0.0,0.0,0.0,4.5144,12-12-2019
LH-17155,FUR-FU-10001706,US-Wes-Cal-Oak-94601,CA-2019-113320,SC-2019-12-113320,0.0,0.0,0.0,4.4352,12-12-2019
RF-19345,FUR-FU-10002553,US-Wes-Ari-Pho-85023,CA-2019-124079,SC-2019-12-124079,0.0,0.0,0.2,7.6965,13-12-2019
RA-19285,OFF-SU-10001574,US-Cen-Tex-Hou-77070,CA-2019-154186,SC-2019-12-154186,0.0,0.0,0.2,0.365,13-12-2019
KD-16345,OFF-PA-10001457,US-Wes-Cal-Los-90049,CA-2019-113579,SC-2019-12-113579,0.0,0.0,0.0,41.5104,13-12-2019
RF-19345,OFF-BI-10002103,US-Wes-Ari-Pho-85023,CA-2019-124079,SC-2019-12-124079,0.0,0.0,0.7,-4.1712,13-12-2019
EB-13840,FUR-FU-10003930,US-Cen-Ill-Chi-60623,US-2019-102631,SC-2019-12-102631,0.0,0.0,0.6,-42.4926,13-12-2019
KC-16675,OFF-BI-10004970,US-Sou-Ken-Hen-42420,CA-2019-129819,SC-2019-12-129819,0.0,0.0,0.0,5.8233,13-12-2019
BM-11785,FUR-CH-10002439,US-Sou-Flo-Del-32725,CA-2019-116568,SC-2019-12-116568,0.0,0.0,0.2,13.9728,14-12-2019
JD-16015,TEC-AC-10002718,US-Cen-Ill-Chi-60610,CA-2019-148950,SC-2019-12-148950,0.0,0.0,0.2,-2.1885,14-12-2019
JD-16015,OFF-FA-10003059,US-Cen-Ill-Chi-60610,CA-2019-148950,SC-2019-12-148950,0.0,0.0,0.2,0.4706,14-12-2019
JD-16015,OFF-BI-10001249,US-Cen-Ill-Chi-60610,CA-2019-148950,SC-2019-12-148950,0.0,0.0,0.8,-8.6768,14-12-2019
SS-20875,TEC-AC-10003033,US-Eas-Ohi-Mar-43302,US-2019-123519,SC-2019-12-123519,0.0,0.0,0.2,42.8935,14-12-2019
TB-21400,TEC-MA-10001127,US-Eas-New-New-10024,CA-2019-145541,SC-2019-12-145541,0.0,0.0,0.0,2239.9872,14-12-2019
SS-20875,FUR-TA-10002645,US-Eas-Ohi-Mar-43302,US-2019-123519,SC-2019-12-123519,0.0,0.0,0.4,-52.3365,14-12-2019
CS-11845,OFF-BI-10002353,US-Cen-Ill-Chi-60623,CA-2019-130575,FC-2019-12-130575,0.0,0.0,0.8,-13.896,14-12-2019
SS-20875,OFF-AR-10003829,US-Eas-Ohi-Mar-43302,US-2019-123519,SC-2019-12-123519,0.0,0.0,0.2,0.2952,14-12-2019
JO-15280,FUR-FU-10003829,US-Wes-Cal-San-92037,CA-2019-116673,SC-2019-12-116673,0.0,0.0,0.0,1.9712,15-12-2019
MC-18100,TEC-PH-10000169,US-Cen-Tex-El -79907,CA-2019-101602,FC-2019-12-101602,0.0,0.0,0.2,-9.153,15-12-2019
MC-18100,FUR-CH-10004675,US-Cen-Tex-El -79907,CA-2019-101602,FC-2019-12-101602,0.0,0.0,0.3,-21.808,15-12-2019
EB-13705,FUR-CH-10003774,US-Eas-Pen-Phi-19140,CA-2019-129938,SC-2019-12-129938,0.0,0.0,0.3,-108.2662,15-12-2019
SP-20860,FUR-FU-10001546,US-Cen-Ill-Chi-60623,CA-2019-119466,SC-2019-12-119466,0.0,0.0,0.6,-7.476,15-12-2019
EJ-13720,OFF-PA-10000029,US-Cen-Tex-Hun-77340,CA-2019-108273,SC-2019-12-108273,0.0,0.0,0.2,12.7008,16-12-2019
EJ-13720,FUR-FU-10002116,US-Cen-Tex-Hun-77340,CA-2019-108273,SC-2019-12-108273,0.0,0.0,0.6,-74.9526,16-12-2019
SC-20305,TEC-AC-10004171,US-Cen-Tex-Bea-77705,CA-2019-113257,SC-2019-12-113257,0.0,0.0,0.2,95.9904,16-12-2019
KN-16450,OFF-BI-10000591,US-Sou-Flo-Jac-32216,CA-2019-112718,SC-2019-12-112718,0.0,0.0,0.7,-0.8558,16-12-2019
SC-20695,OFF-PA-10000595,US-Cen-Mic-Det-48227,CA-2019-151379,SC-2019-12-151379,0.0,0.0,0.0,52.532,16-12-2019
CC-12100,TEC-AC-10001142,US-Wes-Cal-Los-90049,CA-2019-136399,FC-2019-12-136399,0.0,0.0,0.0,39.5,16-12-2019
CC-12100,TEC-PH-10004977,US-Wes-Cal-Los-90049,CA-2019-136399,FC-2019-12-136399,0.0,0.0,0.2,70.5564,16-12-2019
KB-16585,OFF-FA-10000490,US-Sou-Flo-Hia-33012,CA-2019-153913,SC-2019-12-153913,0.0,0.0,0.2,0.6696,16-12-2019
CC-12100,FUR-FU-10004090,US-Wes-Cal-Los-90049,CA-2019-136399,FC-2019-12-136399,0.0,0.0,0.0,14.6718,16-12-2019
KB-16585,FUR-CH-10000988,US-Sou-Flo-Hia-33012,CA-2019-153913,SC-2019-12-153913,0.0,0.0,0.2,101.3832,16-12-2019
CC-12100,FUR-CH-10002602,US-Wes-Cal-Los-90049,CA-2019-136399,FC-2019-12-136399,0.0,0.0,0.2,18.1176,16-12-2019
SH-20635,FUR-CH-10001854,US-Wes-Cal-Sac-95823,CA-2019-124247,SC-2019-12-124247,0.0,0.0,0.2,70.196,16-12-2019
SC-20305,FUR-FU-10001706,US-Cen-Tex-Bea-77705,CA-2019-113257,SC-2019-12-113257,0.0,0.0,0.6,-2.5872,16-12-2019
LE-16810,TEC-AC-10001314,US-Sou-Vir-Spr-22153,CA-2019-100706,SC-2019-12-100706,0.0,0.0,0.0,7.9984,16-12-2019
LE-16810,FUR-FU-10002268,US-Sou-Vir-Spr-22153,CA-2019-100706,SC-2019-12-100706,0.0,0.0,0.0,9.7218,16-12-2019
RF-19840,OFF-AR-10002952,US-Sou-Geo-Col-31907,CA-2019-123925,SC-2019-12-123925,0.0,0.0,0.0,11.214,17-12-2019
EC-14050,OFF-BI-10002954,US-Eas-Ohi-Col-43229,CA-2019-139633,SC-2019-12-139633,0.0,0.0,0.7,-4.0216,17-12-2019
BP-11095,OFF-LA-10001934,US-Wes-Cal-Los-90008,CA-2019-162992,FC-2019-12-162992,0.0,0.0,0.0,6.8714,19-12-2019
MK-18160,OFF-BI-10000773,US-Sou-Flo-Jac-32216,US-2019-150574,SC-2019-12-150574,0.0,0.0,0.7,-3.6892,19-12-2019
IM-15070,OFF-SU-10004115,US-Sou-Ala-Flo-35630,CA-2019-120768,SC-2019-12-120768,0.0,0.0,0.0,1.9629,19-12-2019
IM-15070,OFF-BI-10001191,US-Sou-Ala-Flo-35630,CA-2019-120768,SC-2019-12-120768,0.0,0.0,0.0,74.8524,19-12-2019
MK-18160,TEC-AC-10002600,US-Sou-Flo-Jac-32216,US-2019-150574,SC-2019-12-150574,0.0,0.0,0.2,-18.585,19-12-2019
BP-11095,TEC-PH-10002085,US-Wes-Cal-Los-90008,CA-2019-162992,FC-2019-12-162992,0.0,0.0,0.2,15.8376,19-12-2019
BP-11095,TEC-PH-10001944,US-Wes-Cal-Los-90008,CA-2019-162992,FC-2019-12-162992,0.0,0.0,0.2,72.975,19-12-2019
IM-15070,FUR-CH-10000513,US-Sou-Ala-Flo-35630,CA-2019-120768,SC-2019-12-120768,0.0,0.0,0.0,163.7874,19-12-2019
BP-11095,OFF-FA-10004248,US-Wes-Cal-Los-90008,CA-2019-162992,FC-2019-12-162992,0.0,0.0,0.0,8.7945,19-12-2019
SG-20605,TEC-PH-10002817,US-Cen-Ill-Chi-60623,CA-2019-169446,SC-2019-12-169446,0.0,0.0,0.2,36.4473,19-12-2019
SG-20605,OFF-PA-10000295,US-Cen-Ill-Chi-60623,CA-2019-169446,SC-2019-12-169446,0.0,0.0,0.2,5.4432,19-12-2019
SG-20605,OFF-ST-10000419,US-Cen-Ill-Chi-60623,CA-2019-169446,SC-2019-12-169446,0.0,0.0,0.2,-7.7406,19-12-2019
TS-21505,OFF-PA-10002689,US-Sou-Ten-Col-38401,CA-2019-134551,SC-2019-12-134551,0.0,0.0,0.2,9.072,20-12-2019
TC-21295,TEC-AC-10001539,US-Wes-Col-Tho-80229,CA-2019-140816,SC-2019-12-140816,0.0,0.0,0.2,89.5888,20-12-2019
CT-11995,FUR-CH-10004860,US-Wes-Ari-Tuc-85705,CA-2019-138681,FC-2019-12-138681,0.0,0.0,0.2,-42.4116,20-12-2019
CT-11995,OFF-PA-10000357,US-Wes-Ari-Tuc-85705,CA-2019-138681,FC-2019-12-138681,0.0,0.0,0.2,77.672,20-12-2019
CT-11995,TEC-AC-10003628,US-Wes-Ari-Tuc-85705,CA-2019-138681,FC-2019-12-138681,0.0,0.0,0.2,21.5928,20-12-2019
MH-17455,FUR-FU-10003773,US-Eas-Ohi-Ham-45011,CA-2019-160157,SC-2019-12-160157,0.0,0.0,0.2,-21.4704,20-12-2019
CT-11995,FUR-FU-10001876,US-Wes-Ari-Tuc-85705,CA-2019-138681,FC-2019-12-138681,0.0,0.0,0.2,10.3936,20-12-2019
SM-20950,FUR-CH-10004875,US-Eas-New-New-10035,CA-2019-163412,SC-2019-12-163412,0.0,0.0,0.1,36.3018,20-12-2019
MC-17845,OFF-BI-10003007,US-Wes-Cal-Los-90008,CA-2019-156594,SC-2019-12-156594,0.0,0.0,0.2,50.414,20-12-2019
MC-17845,OFF-AR-10004269,US-Wes-Cal-Los-90008,CA-2019-156594,SC-2019-12-156594,0.0,0.0,0.0,1.1564,20-12-2019
AB-10105,OFF-BI-10004600,US-Cen-Ind-Ind-46203,CA-2019-103100,FC-2019-12-103100,0.0,0.0,0.0,496.7865,20-12-2019
TS-21505,OFF-AP-10004868,US-Sou-Ten-Col-38401,CA-2019-134551,SC-2019-12-134551,0.0,0.0,0.2,3.8073,20-12-2019
MC-17845,OFF-BI-20004632,US-Wes-Cal-Los-90008,CA-2019-156594,SC-2019-12-156594,0.0,0.0,0.2,152.495,20-12-2019
CT-11995,OFF-PA-10003270,US-Wes-Ari-Tuc-85705,CA-2019-138681,FC-2019-12-138681,0.0,0.0,0.2,2.64,20-12-2019
AB-10105,OFF-LA-10003720,US-Cen-Ind-Ind-46203,CA-2019-103100,FC-2019-12-103100,0.0,0.0,0.0,1.7343,20-12-2019
TS-21505,FUR-CH-10004287,US-Sou-Ten-Col-38401,CA-2019-134551,SC-2019-12-134551,0.0,0.0,0.2,74.574,20-12-2019
PS-19045,FUR-TA-10000617,US-Sou-Vir-Har-22801,CA-2019-136567,FC-2019-12-136567,0.0,0.0,0.0,100.122,20-12-2019
PS-19045,OFF-BI-10003982,US-Sou-Vir-Har-22801,CA-2019-136567,FC-2019-12-136567,0.0,0.0,0.0,29.2857,20-12-2019
PS-19045,FUR-TA-10001932,US-Sou-Vir-Har-22801,CA-2019-136567,FC-2019-12-136567,0.0,0.0,0.0,493.7856,20-12-2019
MC-17845,OFF-AR-10001725,US-Wes-Cal-Los-90008,CA-2019-156594,SC-2019-12-156594,0.0,0.0,0.0,12.298,20-12-2019
KH-16510,OFF-LA-10002043,US-Wes-Was-Sea-98103,US-2019-109036,SC-2019-12-109036,0.0,0.0,0.0,14.904,20-12-2019
PS-19045,OFF-ST-10004337,US-Sou-Vir-Har-22801,CA-2019-136567,FC-2019-12-136567,0.0,0.0,0.0,0.0,20-12-2019
WB-21850,TEC-AC-10004510,US-Cen-Tex-Gra-75051,CA-2019-120852,SC-2019-12-120852,0.0,0.0,0.2,-8.18,20-12-2019
WB-21850,OFF-AP-10001563,US-Cen-Tex-Gra-75051,CA-2019-120852,SC-2019-12-120852,0.0,0.0,0.8,-49.5516,20-12-2019
JC-15775,OFF-LA-10004409,US-Eas-Del-New-19711,CA-2019-109127,SC-2019-12-109127,0.0,0.0,0.0,7.9488,21-12-2019
GM-14440,FUR-CH-10004287,US-Wes-Cal-San-92024,CA-2019-154893,SC-2019-12-154893,0.0,0.0,0.2,149.148,21-12-2019
GM-14440,FUR-CH-10000595,US-Wes-Cal-San-92024,CA-2019-154893,SC-2019-12-154893,0.0,0.0,0.2,35.76,21-12-2019
DP-13390,OFF-BI-10000977,US-Sou-Ten-Col-38401,CA-2019-134621,SC-2019-12-134621,0.0,0.0,0.7,-14.592,21-12-2019
NP-18700,OFF-PA-10001289,US-Cen-Ill-Chi-60623,CA-2019-142510,SC-2019-12-142510,0.0,0.0,0.2,44.9616,22-12-2019
KM-16660,OFF-AR-10003394,US-Wes-Cal-San-95123,CA-2019-133543,SC-2019-12-133543,0.0,0.0,0.0,3.1752,22-12-2019
TW-21025,OFF-BI-10003984,US-Eas-New-New-10011,CA-2019-101364,SC-2019-12-101364,0.0,0.0,0.2,100.1403,22-12-2019
NP-18700,OFF-BI-10002824,US-Cen-Ill-Chi-60623,CA-2019-142510,SC-2019-12-142510,0.0,0.0,0.8,-31.332,22-12-2019
NP-18700,OFF-ST-10000585,US-Cen-Ill-Chi-60623,CA-2019-142510,SC-2019-12-142510,0.0,0.0,0.2,9.912,22-12-2019
BT-11530,OFF-ST-10004946,US-Eas-New-New-10024,CA-2019-146864,SC-2019-12-146864,0.0,0.0,0.0,56.264,22-12-2019
SF-20200,OFF-AP-10002350,US-Cen-Ind-Ric-47374,CA-2019-142314,SC-2019-12-142314,0.0,0.0,0.0,58.0272,23-12-2019
CC-12670,OFF-AR-10001868,US-Sou-Flo-Tam-33614,CA-2019-154158,SC-2019-12-154158,0.0,0.0,0.2,0.504,23-12-2019
CC-12670,OFF-PA-10001295,US-Sou-Flo-Tam-33614,CA-2019-154158,SC-2019-12-154158,0.0,0.0,0.2,15.9348,23-12-2019
CC-12670,OFF-ST-20004950,US-Sou-Flo-Tam-33614,CA-2019-154158,SC-2019-12-154158,0.0,0.0,0.2,-1.049,23-12-2019
CC-12670,OFF-ST-10000078,US-Sou-Flo-Tam-33614,CA-2019-154158,SC-2019-12-154158,0.0,0.0,0.2,-10.6068,23-12-2019
ME-18010,OFF-PA-10000223,US-Cen-Tex-Por-77642,CA-2019-126333,SC-2019-12-126333,0.0,0.0,0.2,1.8144,23-12-2019
CC-12670,FUR-CH-10004698,US-Sou-Flo-Tam-33614,CA-2019-154158,SC-2019-12-154158,0.0,0.0,0.2,6.4784,23-12-2019
TH-21235,FUR-TA-10001676,US-Eas-New-New-10024,CA-2019-114517,SC-2019-12-114517,0.0,0.0,0.4,-19.5492,23-12-2019
TH-21235,OFF-AP-10002350,US-Eas-New-New-10024,CA-2019-114517,SC-2019-12-114517,0.0,0.0,0.0,15.8256,23-12-2019
BF-11170,FUR-FU-10002554,US-Wes-Cal-Los-90045,US-2019-138247,SC-2019-12-138247,0.0,0.0,0.0,5.5177,24-12-2019
LF-17185,OFF-PA-10001947,US-Sou-Flo-Mia-33180,CA-2019-113166,FC-2019-12-113166,0.0,0.0,0.2,3.4684,24-12-2019
RP-19390,FUR-FU-10003096,US-Eas-Ohi-Cle-44105,CA-2019-156314,FC-2019-12-156314,0.0,0.0,0.2,8.7285,24-12-2019
BF-11170,TEC-PH-10001530,US-Wes-Cal-Los-90045,US-2019-138247,SC-2019-12-138247,0.0,0.0,0.2,51.1485,24-12-2019
AS-10090,OFF-AP-10003278,US-Wes-Cal-San-92037,CA-2019-132913,FC-2019-12-132913,0.0,0.0,0.0,3.6322,24-12-2019
BF-11170,OFF-AP-10000828,US-Wes-Cal-Los-90045,US-2019-138247,SC-2019-12-138247,0.0,0.0,0.0,101.3488,24-12-2019
BF-11170,OFF-ST-10002301,US-Wes-Cal-Los-90045,US-2019-138247,SC-2019-12-138247,0.0,0.0,0.0,0.2034,24-12-2019
BF-11170,TEC-PH-10000213,US-Wes-Cal-Los-90045,US-2019-138247,SC-2019-12-138247,0.0,0.0,0.2,17.3656,24-12-2019
JC-16105,OFF-ST-10003306,US-Wes-Cal-Los-90045,US-2019-167738,SC-2019-12-167738,0.0,0.0,0.0,41.4294,24-12-2019
BF-11170,TEC-AC-10004708,US-Wes-Cal-Los-90045,US-2019-138247,SC-2019-12-138247,0.0,0.0,0.0,13.1985,24-12-2019
TB-21520,OFF-ST-10000563,US-Eas-New-New-10009,CA-2019-168473,SC-2020-01-168473,0.0,0.0,0.0,19.188,26-12-2019
KL-16555,OFF-BI-10004593,US-Wes-Col-Col-80906,CA-2019-111451,FC-2019-12-111451,0.0,0.0,0.7,-62.88,26-12-2019
KL-16555,FUR-FU-10002918,US-Wes-Col-Col-80906,CA-2019-111451,FC-2019-12-111451,0.0,0.0,0.2,-24.5646,26-12-2019
CK-12595,OFF-SU-10002189,US-Wes-Cal-San-92024,CA-2019-106264,SC-2019-12-106264,0.0,0.0,0.0,0.1191,26-12-2019
KL-16555,FUR-CH-10001891,US-Wes-Col-Col-80906,CA-2019-111451,FC-2019-12-111451,0.0,0.0,0.2,20.1558,26-12-2019
CK-12595,FUR-FU-10001852,US-Wes-Cal-San-92024,CA-2019-106264,SC-2019-12-106264,0.0,0.0,0.0,1.1136,26-12-2019
KL-16555,OFF-FA-10004854,US-Wes-Col-Col-80906,CA-2019-111451,FC-2019-12-111451,0.0,0.0,0.2,9.2988,26-12-2019
AY-10555,OFF-AR-10002257,US-Eas-Pen-Phi-19140,CA-2019-101427,SC-2019-12-101427,0.0,0.0,0.2,1.1022,26-12-2019
AD-10180,FUR-CH-10004063,US-Cen-Tex-Hou-77041,US-2019-152030,SC-2019-12-152030,0.0,0.0,0.3,-8.5794,26-12-2019
CA-12265,OFF-BI-10002103,US-Cen-Ill-Chi-60610,US-2019-111171,SC-2019-12-111171,0.0,0.0,0.8,-14.773,26-12-2019
MG-17695,OFF-ST-10001370,US-Eas-Pen-Phi-19134,CA-2019-139598,SC-2019-12-139598,0.0,0.0,0.2,-42.588,26-12-2019
MG-17695,OFF-PA-10004569,US-Eas-Pen-Phi-19134,CA-2019-139598,SC-2019-12-139598,0.0,0.0,0.2,6.1641,26-12-2019
MG-17695,OFF-AP-10002998,US-Eas-Pen-Phi-19134,CA-2019-139598,SC-2019-12-139598,0.0,0.0,0.2,5.6316,26-12-2019
MG-17695,OFF-AP-10003287,US-Eas-Pen-Phi-19134,CA-2019-139598,SC-2019-12-139598,0.0,0.0,0.2,8.1552,26-12-2019
KB-16315,FUR-FU-10004904,US-Eas-Ohi-Cle-44105,US-2019-159611,SC-2020-01-159611,0.0,0.0,0.2,-18.2352,27-12-2019
Co-12640,OFF-ST-10002562,US-Cen-Ill-Sko-60076,CA-2019-162866,SC-2019-12-162866,0.0,0.0,0.2,3.0016,27-12-2019
JF-15490,OFF-PA-10003657,US-Wes-Cal-San-94122,US-2019-106334,SC-2020-01-106334,0.0,0.0,0.0,5.778,27-12-2019
RP-19390,OFF-BI-10003650,US-Wes-Ari-Pho-85023,CA-2019-148383,SC-2019-12-148383,0.0,0.0,0.7,-694.2936,27-12-2019
JF-15490,FUR-CH-10004886,US-Wes-Cal-San-94122,US-2019-106334,SC-2020-01-106334,0.0,0.0,0.2,23.028,27-12-2019
KB-16315,OFF-ST-10002790,US-Eas-Ohi-Cle-44105,US-2019-159611,SC-2020-01-159611,0.0,0.0,0.2,-25.109,27-12-2019
CD-12790,OFF-FA-10003485,US-Wes-Cal-Mor-92553,CA-2019-166961,SC-2019-12-166961,0.0,0.0,0.0,3.6156,27-12-2019
AT-10435,OFF-LA-10004425,US-Wes-Cal-Los-90004,CA-2019-120243,SC-2019-12-120243,0.0,0.0,0.0,5.4332,27-12-2019
CD-12790,OFF-BI-10002353,US-Wes-Cal-Mor-92553,CA-2019-166961,SC-2019-12-166961,0.0,0.0,0.2,13.896,27-12-2019
CD-12790,OFF-ST-10004507,US-Wes-Cal-Mor-92553,CA-2019-166961,SC-2019-12-166961,0.0,0.0,0.0,13.8915,27-12-2019
NC-18415,OFF-BI-10001658,US-Cen-Tex-For-76106,CA-2019-165393,FC-2019-12-165393,0.0,0.0,0.8,-8.4728,27-12-2019
TC-20980,TEC-AC-10003198,US-Sou-Ala-Dec-35601,CA-2019-153087,SC-2020-01-153087,0.0,0.0,0.0,184.26,27-12-2019
TC-20980,OFF-PA-10001243,US-Sou-Ala-Dec-35601,CA-2019-153087,SC-2020-01-153087,0.0,0.0,0.0,11.7208,27-12-2019
TB-21190,FUR-CH-10004477,US-Eas-New-New-10011,CA-2019-163447,SC-2019-12-163447,0.0,0.0,0.1,161.9674,27-12-2019
CD-12790,OFF-AP-10001366,US-Wes-Cal-Mor-92553,CA-2019-166961,SC-2019-12-166961,0.0,0.0,0.0,2.9646,27-12-2019
AJ-10780,OFF-ST-10000689,US-Eas-Mas-Bev-1915,CA-2019-141313,SC-2020-01-141313,0.0,0.0,0.0,84.51,28-12-2019
SP-20860,OFF-AR-10003373,US-Eas-Pen-Phi-19143,CA-2019-164259,FC-2019-12-164259,0.0,0.0,0.2,8.6744,28-12-2019
MD-17350,OFF-SU-10002537,US-Wes-Cal-Ana-92804,CA-2019-143371,SC-2020-01-143371,0.0,0.0,0.0,13.299,28-12-2019
MD-17350,OFF-ST-10001128,US-Wes-Cal-Ana-92804,CA-2019-143371,SC-2020-01-143371,0.0,0.0,0.0,29.9646,28-12-2019
AJ-10780,OFF-AP-10002651,US-Eas-Mas-Bev-1915,CA-2019-141313,SC-2020-01-141313,0.0,0.0,0.0,503.7822,28-12-2019
AJ-10780,OFF-PA-10003302,US-Eas-Mas-Bev-1915,CA-2019-141313,SC-2020-01-141313,0.0,0.0,0.0,66.6272,28-12-2019
AJ-10795,FUR-FU-10000550,US-Wes-Cal-San-94110,CA-2019-110786,SC-2020-01-110786,0.0,0.0,0.0,8.217,29-12-2019
AI-10855,TEC-PH-10001051,US-Wes-Cal-Bre-94513,CA-2019-102330,SC-2020-01-102330,0.0,0.0,0.2,35.9964,29-12-2019
ZC-21910,FUR-FU-10000193,US-Cen-Ill-Chi-60610,CA-2019-126802,SC-2020-01-126802,0.0,0.0,0.6,-50.6688,29-12-2019
AJ-10795,TEC-MA-10003183,US-Wes-Cal-San-94110,CA-2019-110786,SC-2020-01-110786,0.0,0.0,0.2,287.982,29-12-2019
AJ-10795,OFF-BI-10003305,US-Wes-Cal-San-94110,CA-2019-110786,SC-2020-01-110786,0.0,0.0,0.2,4.6644,29-12-2019
AJ-10795,TEC-PH-10001425,US-Wes-Cal-San-94110,CA-2019-110786,SC-2020-01-110786,0.0,0.0,0.2,19.1976,29-12-2019
AJ-10795,FUR-FU-10000672,US-Wes-Cal-San-94110,CA-2019-110786,SC-2020-01-110786,0.0,0.0,0.0,23.9904,29-12-2019
ST-20530,OFF-ST-10003123,US-Wes-New-Alb-87105,CA-2019-152345,SC-2020-01-152345,0.0,0.0,0.0,7.9896,29-12-2019
RE-19405,OFF-AP-10003281,US-Eas-Ohi-Ken-44240,CA-2019-165477,SC-2019-12-165477,0.0,0.0,0.2,6.045,29-12-2019
MG-17890,FUR-FU-10002111,US-Cen-Ill-Sai-60174,CA-2019-118276,SC-2020-01-118276,0.0,0.0,0.6,-4.8048,29-12-2019
ST-20530,TEC-PH-10004897,US-Wes-New-Alb-87105,CA-2019-152345,SC-2020-01-152345,0.0,0.0,0.2,-5.6943,29-12-2019
DC-13285,TEC-AC-10001267,US-Cen-Min-Cot-55016,CA-2019-106803,SC-2020-01-106803,0.0,0.0,0.0,47.92,29-12-2019
AI-10855,OFF-LA-10003923,US-Wes-Cal-Bre-94513,CA-2019-102330,SC-2020-01-102330,0.0,0.0,0.0,44.4,29-12-2019
DC-13285,OFF-ST-10002444,US-Cen-Min-Cot-55016,CA-2019-106803,SC-2020-01-106803,0.0,0.0,0.0,6.8768,29-12-2019
AJ-10795,OFF-LA-10001474,US-Wes-Cal-San-94110,CA-2019-110786,SC-2020-01-110786,0.0,0.0,0.0,126.3942,29-12-2019
AJ-10795,OFF-PA-10000528,US-Wes-Cal-San-94110,CA-2019-110786,SC-2020-01-110786,0.0,0.0,0.0,9.504,29-12-2019
DD-13570,OFF-ST-10002554,US-Sou-Ten-Mem-38109,CA-2019-166730,FC-2020-01-166730,0.0,0.0,0.2,-8.8038,30-12-2019
SP-20620,TEC-PH-10000576,US-Cen-Tex-Lar-78041,CA-2019-104738,SC-2020-01-104738,0.0,0.0,0.2,28.7679,30-12-2019
AJ-10960,OFF-BI-10003429,US-Eas-New-New-10035,CA-2019-131800,SC-2020-01-131800,0.0,0.0,0.2,12.8499,30-12-2019
SP-20620,OFF-BI-10002160,US-Cen-Tex-Lar-78041,CA-2019-104738,SC-2020-01-104738,0.0,0.0,0.8,-3.6576,30-12-2019
SP-20620,TEC-PH-10002468,US-Cen-Tex-Lar-78041,CA-2019-104738,SC-2020-01-104738,0.0,0.0,0.2,19.0386,30-12-2019
AJ-10960,OFF-AP-10004136,US-Eas-New-New-10035,CA-2019-131800,SC-2020-01-131800,0.0,0.0,0.0,30.735,30-12-2019
MF-17665,OFF-BI-10004600,US-Wes-Ari-Pho-85023,US-2019-169789,SC-2020-01-169789,0.0,0.0,0.7,-459.9875,30-12-2019
SP-20620,OFF-EN-10004955,US-Cen-Tex-Lar-78041,CA-2019-104738,SC-2020-01-104738,0.0,0.0,0.2,4.7067,30-12-2019
SP-20620,TEC-AC-10003628,US-Cen-Tex-Lar-78041,CA-2019-104738,SC-2020-01-104738,0.0,0.0,0.2,14.3952,30-12-2019
AR-10345,FUR-TA-10004575,US-Eas-Pen-Phi-19143,US-2019-115189,SC-2020-01-115189,0.0,0.0,0.4,-192.0468,30-12-2019
KB-16600,OFF-AR-10003651,US-Cen-Mic-Tay-48180,CA-2019-130960,SC-2020-01-130960,0.0,0.0,0.0,2.8536,30-12-2019
GA-14725,TEC-AC-10004859,US-Eas-Pen-Phi-19120,CA-2019-138072,SC-2020-01-138072,0.0,0.0,0.2,6.992,30-12-2019
AR-10345,TEC-PH-10002170,US-Eas-Pen-Phi-19143,US-2019-115189,SC-2020-01-115189,0.0,0.0,0.4,-50.3928,30-12-2019
PC-18745,FUR-BO-10002613,US-Eas-New-Wat-13601,CA-2019-150245,SC-2020-01-150245,0.0,0.0,0.2,196.686,31-12-2019
GM-14455,FUR-FU-10002501,US-Eas-Mas-Fra-2038,US-2019-143231,FC-2020-01-143231,0.0,0.0,0.0,23.384,31-12-2019
CM-11815,OFF-EN-10004773,US-Cen-Tex-El -79907,CA-2019-127383,SC-2020-01-127383,0.0,0.0,0.2,17.9684,31-12-2019
RW-19630,OFF-AR-10000034,US-Cen-Mis-Col-65203,CA-2019-111150,SC-2020-01-111150,0.0,0.0,0.0,11.5752,31-12-2019
RW-19630,TEC-AC-10000290,US-Cen-Mis-Col-65203,CA-2019-111150,SC-2020-01-111150,0.0,0.0,0.0,16.1602,31-12-2019
JL-15175,TEC-PH-10004908,US-Wes-Nev-Ren-89502,US-2019-133949,SC-2019-12-133949,0.0,0.0,0.2,59.493,31-12-2019
AH-10030,TEC-AC-10003614,US-Eas-New-New-10035,CA-2019-157644,FC-2020-01-157644,0.0,0.0,0.0,11.4741,31-12-2019
GM-14455,TEC-AC-10000358,US-Eas-Mas-Fra-2038,US-2019-143231,FC-2020-01-143231,0.0,0.0,0.0,27.3528,31-12-2019
AH-10030,OFF-LA-10003148,US-Eas-New-New-10035,CA-2019-157644,FC-2020-01-157644,0.0,0.0,0.0,8.694,31-12-2019
KM-16375,FUR-BO-10000362,US-Eas-Rho-Pro-2908,CA-2019-133592,SC-2020-01-133592,0.0,0.0,0.0,78.6508,31-12-2019
KM-16375,TEC-AC-10002049,US-Eas-Rho-Pro-2908,CA-2019-133592,SC-2020-01-133592,0.0,0.0,0.0,742.632,31-12-2019
KM-16375,OFF-PA-10003228,US-Eas-Rho-Pro-2908,CA-2019-133592,SC-2020-01-133592,0.0,0.0,0.0,91.9508,31-12-2019
KM-16375,FUR-CH-10004218,US-Eas-Rho-Pro-2908,CA-2019-133592,SC-2020-01-133592,0.0,0.0,0.0,151.47,31-12-2019
KM-16375,OFF-PA-10002586,US-Eas-Rho-Pro-2908,CA-2019-133592,SC-2020-01-133592,0.0,0.0,0.0,7.0218,31-12-2019
VW-21775,OFF-LA-10004544,US-Eas-Ohi-Med-44256,CA-2020-146262,SC-2020-01-146262,0.0,0.0,0.2,8.88,02-01-2020
CB-12535,OFF-AR-10001473,US-Eas-Del-New-19711,CA-2020-104514,SC-2020-01-104514,0.0,0.0,0.0,2.6568,02-01-2020
CB-12535,OFF-ST-10001837,US-Eas-Del-New-19711,CA-2020-104514,SC-2020-01-104514,0.0,0.0,0.0,22.2352,02-01-2020
VW-21775,TEC-AC-10000109,US-Eas-Ohi-Med-44256,CA-2020-146262,SC-2020-01-146262,0.0,0.0,0.2,4.4792,02-01-2020
CB-12535,OFF-PA-10004285,US-Eas-Del-New-19711,CA-2020-104514,SC-2020-01-104514,0.0,0.0,0.0,9.6192,02-01-2020
VW-21775,TEC-PH-10002844,US-Eas-Ohi-Med-44256,CA-2020-146262,SC-2020-01-146262,0.0,0.0,0.4,-14.6958,02-01-2020
VW-21775,TEC-MA-10000864,US-Eas-Ohi-Med-44256,CA-2020-146262,SC-2020-01-146262,0.0,0.0,0.7,-950.4,02-01-2020
VW-21775,FUR-BO-10004695,US-Eas-Ohi-Med-44256,CA-2020-146262,SC-2020-01-146262,0.0,0.0,0.5,-244.323,02-01-2020
AH-10465,OFF-AR-10001246,US-Cen-Tex-Dal-75217,CA-2020-141243,SC-2020-01-141243,0.0,0.0,0.2,0.7938,03-01-2020
AH-10465,FUR-BO-10003272,US-Cen-Tex-Dal-75217,CA-2020-141243,SC-2020-01-141243,0.0,0.0,0.32,-437.5404,03-01-2020
SF-20965,OFF-PA-10001937,US-Cen-Tex-Bay-77520,CA-2020-121097,SC-2020-01-121097,0.0,0.0,0.2,3.6288,03-01-2020
AH-10465,TEC-AC-10003198,US-Cen-Tex-Dal-75217,CA-2020-141243,SC-2020-01-141243,0.0,0.0,0.2,84.66,03-01-2020
CS-12250,OFF-BI-10003676,US-Cen-Min-Woo-55125,CA-2020-149811,SC-2020-01-149811,0.0,0.0,0.0,15.5232,04-01-2020
CS-12250,OFF-PA-10004082,US-Cen-Min-Woo-55125,CA-2020-149811,SC-2020-01-149811,0.0,0.0,0.0,19.95,04-01-2020
SR-20740,FUR-CH-10003396,US-Wes-Was-Sea-98103,CA-2020-154970,SC-2020-01-154970,0.0,0.0,0.2,-6.9282,05-01-2020
BG-11695,OFF-EN-10000461,US-Eas-New-New-10009,CA-2020-108588,SC-2020-01-108588,0.0,0.0,0.0,8.2156,05-01-2020
BG-11695,OFF-BI-10004506,US-Eas-New-New-10009,CA-2020-108588,SC-2020-01-108588,0.0,0.0,0.2,4.6088,05-01-2020
JL-15175,OFF-AP-10004859,US-Wes-Cal-San-94110,CA-2020-158701,SC-2020-01-158701,0.0,0.0,0.0,23.5872,05-01-2020
BG-11695,OFF-AR-10001615,US-Eas-New-New-10009,CA-2020-108588,SC-2020-01-108588,0.0,0.0,0.0,15.4752,05-01-2020
JL-15175,OFF-BI-10001294,US-Wes-Cal-San-94110,CA-2020-158701,SC-2020-01-158701,0.0,0.0,0.2,17.55,05-01-2020
SP-20620,OFF-BI-10002764,US-Wes-Col-Col-80906,CA-2020-149636,SC-2020-01-149636,0.0,0.0,0.7,-1.3566,06-01-2020
SP-20620,OFF-PA-10004041,US-Wes-Col-Col-80906,CA-2020-149636,SC-2020-01-149636,0.0,0.0,0.2,9.25,06-01-2020
CC-12685,OFF-PA-10000474,US-Sou-Ken-Hen-42420,CA-2020-119480,SC-2020-01-119480,0.0,0.0,0.0,49.9704,09-01-2020
CC-12685,OFF-PA-10004996,US-Sou-Ken-Hen-42420,CA-2020-119480,SC-2020-01-119480,0.0,0.0,0.0,24.2285,09-01-2020
CC-12685,OFF-AR-10004691,US-Sou-Ken-Hen-42420,CA-2020-119480,SC-2020-01-119480,0.0,0.0,0.0,11.1176,09-01-2020
CC-12685,OFF-AP-10001205,US-Sou-Ken-Hen-42420,CA-2020-119480,SC-2020-01-119480,0.0,0.0,0.0,45.7632,09-01-2020
MM-17920,FUR-TA-10001889,US-Eas-New-New-10011,US-2020-157154,SC-2020-01-157154,0.0,0.0,0.4,-373.3048,10-01-2020
CS-12490,TEC-PH-10002262,US-Eas-Ohi-Tol-43615,CA-2020-128608,SC-2020-01-128608,0.0,0.0,0.4,-21.4236,12-01-2020
CS-12490,TEC-AC-10000487,US-Eas-Ohi-Tol-43615,CA-2020-128608,SC-2020-01-128608,0.0,0.0,0.2,2.2066,12-01-2020
CS-12490,OFF-AR-10001374,US-Eas-Ohi-Tol-43615,CA-2020-128608,SC-2020-01-128608,0.0,0.0,0.2,1.5552,12-01-2020
CS-12490,TEC-PH-10004977,US-Eas-Ohi-Tol-43615,CA-2020-128608,SC-2020-01-128608,0.0,0.0,0.4,-43.1178,12-01-2020
CS-12490,TEC-PH-10000912,US-Eas-Ohi-Tol-43615,CA-2020-128608,SC-2020-01-128608,0.0,0.0,0.4,2.6376,12-01-2020
YS-21880,OFF-ST-10002615,US-Eas-Del-New-19711,CA-2020-156755,SC-2020-01-156755,0.0,0.0,0.0,120.9468,12-01-2020
KS-16300,OFF-LA-10003223,US-Sou-Geo-Col-31907,CA-2020-169677,SC-2020-01-169677,0.0,0.0,0.0,4.8118,13-01-2020
PB-19150,OFF-BI-10003364,US-Wes-Cal-Los-90004,CA-2020-137526,SC-2020-01-137526,0.0,0.0,0.2,24.5028,13-01-2020
PB-19150,FUR-FU-10001861,US-Wes-Cal-Los-90004,CA-2020-137526,SC-2020-01-137526,0.0,0.0,0.0,38.024,13-01-2020
PB-19150,FUR-FU-10004845,US-Wes-Cal-Los-90004,CA-2020-137526,SC-2020-01-137526,0.0,0.0,0.0,92.97,13-01-2020
AH-10465,OFF-SU-10000898,US-Sou-Ten-Bar-38134,CA-2020-151547,SC-2020-01-151547,0.0,0.0,0.2,10.008,17-01-2020
SC-20260,OFF-AR-10003183,US-Eas-Mas-Law-1841,CA-2020-152681,SC-2020-01-152681,0.0,0.0,0.0,2.004,17-01-2020
JS-15940,FUR-FU-10002918,US-Cen-Ill-Par-60068,US-2020-101399,SC-2020-01-101399,0.0,0.0,0.6,-312.0614,17-01-2020
PM-18940,FUR-CH-10004875,US-Cen-Tex-Tex-77590,CA-2020-141250,SC-2020-01-141250,0.0,0.0,0.3,-8.5416,19-01-2020
PM-18940,FUR-TA-10002855,US-Cen-Tex-Tex-77590,CA-2020-141250,SC-2020-01-141250,0.0,0.0,0.3,-13.1706,19-01-2020
CW-11905,OFF-LA-10003077,US-Wes-Mon-Boz-59715,CA-2020-119214,SC-2020-01-119214,0.0,0.0,0.0,6.8714,23-01-2020
CW-11905,OFF-PA-10002893,US-Wes-Mon-Boz-59715,CA-2020-119214,SC-2020-01-119214,0.0,0.0,0.0,13.9392,23-01-2020
CR-12820,OFF-AR-10004757,US-Sou-Flo-Wes-33407,CA-2020-128958,SC-2020-01-128958,0.0,0.0,0.2,2.132,24-01-2020
EM-13825,OFF-PA-10003790,US-Wes-Cal-Mor-92553,CA-2020-109603,SC-2020-02-109603,0.0,0.0,0.0,84.0512,26-01-2020
SC-20305,FUR-CH-10002024,US-Wes-Cal-Los-90036,CA-2020-164777,FC-2020-01-164777,0.0,0.0,0.2,0.0,27-01-2020
SV-20365,FUR-CH-10000513,US-Eas-Ohi-Cle-44105,CA-2020-168746,SC-2020-01-168746,0.0,0.0,0.3,-54.5958,27-01-2020
SV-20365,TEC-PH-10000895,US-Eas-Ohi-Cle-44105,CA-2020-168746,SC-2020-01-168746,0.0,0.0,0.4,-100.7944,27-01-2020
SV-20365,TEC-PH-10002555,US-Eas-Ohi-Cle-44105,CA-2020-168746,SC-2020-01-168746,0.0,0.0,0.4,-36.253,27-01-2020
JH-15985,FUR-TA-10000198,US-Sou-Nor-Con-28027,CA-2020-116638,SC-2020-01-116638,0.0,0.0,0.4,-1862.3124,28-01-2020
JP-15520,OFF-PA-10004405,US-Cen-Tex-Hou-77070,CA-2020-145401,SC-2020-02-145401,0.0,0.0,0.2,5.0064,30-01-2020
CC-12145,TEC-MA-10000488,US-Wes-Cal-Los-90049,CA-2020-121797,SC-2020-02-121797,0.0,0.0,0.2,215.9973,30-01-2020
CC-12145,FUR-FU-10001876,US-Wes-Cal-Los-90049,CA-2020-121797,SC-2020-02-121797,0.0,0.0,0.0,81.8496,30-01-2020
KB-16315,OFF-PA-10003177,US-Cen-Min-Min-55407,CA-2020-149587,SC-2020-02-149587,0.0,0.0,0.0,6.2208,31-01-2020
KB-16315,FUR-FU-10003799,US-Cen-Min-Min-55407,CA-2020-149587,SC-2020-02-149587,0.0,0.0,0.0,16.5354,31-01-2020
KB-16315,OFF-BI-10002852,US-Cen-Min-Min-55407,CA-2020-149587,SC-2020-02-149587,0.0,0.0,0.0,16.1504,31-01-2020
PW-19030,FUR-CH-10004218,US-Eas-New-Rom-13440,CA-2020-127327,SC-2020-02-127327,0.0,0.0,0.1,15.147,03-02-2020
RW-19540,FUR-FU-10004093,US-Wes-Cal-Los-90008,CA-2020-157959,FC-2020-02-157959,0.0,0.0,0.0,41.076,03-02-2020
AA-10375,TEC-AC-10004901,US-Cen-Neb-Oma-68104,CA-2020-140921,FC-2020-02-140921,0.0,0.0,0.0,50.9898,03-02-2020
AA-10375,FUR-FU-10003347,US-Cen-Neb-Oma-68104,CA-2020-140921,FC-2020-02-140921,0.0,0.0,0.0,11.076,03-02-2020
FO-14305,OFF-EN-10003286,US-Sou-Geo-Col-31907,CA-2020-103093,SC-2020-02-103093,0.0,0.0,0.0,35.0244,03-02-2020
KH-16630,OFF-BI-10002432,US-Wes-Uta-Ple-84062,CA-2020-132633,SC-2020-02-132633,0.0,0.0,0.2,4.0986,03-02-2020
IL-15100,FUR-BO-10002598,US-Eas-Del-Wil-19805,CA-2020-156482,SC-2020-02-156482,0.0,0.0,0.0,82.3368,06-02-2020
TS-21655,OFF-BI-10002049,US-Cen-Tex-Hou-77070,CA-2020-137064,SC-2020-02-137064,0.0,0.0,0.8,-4.9878,06-02-2020
IL-15100,OFF-AR-10001022,US-Eas-Del-Wil-19805,CA-2020-156482,SC-2020-02-156482,0.0,0.0,0.0,1.7608,06-02-2020
TS-21655,OFF-ST-10003470,US-Cen-Tex-Hou-77070,CA-2020-137064,SC-2020-02-137064,0.0,0.0,0.2,-125.766,06-02-2020
LO-17170,OFF-PA-10002751,US-Sou-Vir-Suf-23434,CA-2020-104038,FC-2020-02-104038,0.0,0.0,0.0,13.455,06-02-2020
TS-21655,TEC-AC-10003499,US-Cen-Tex-Hou-77070,CA-2020-137064,SC-2020-02-137064,0.0,0.0,0.2,4.4004,06-02-2020
LO-17170,OFF-ST-10002554,US-Sou-Vir-Suf-23434,CA-2020-104038,FC-2020-02-104038,0.0,0.0,0.0,2.9346,06-02-2020
IL-15100,FUR-CH-10001708,US-Eas-Del-Wil-19805,CA-2020-156482,SC-2020-02-156482,0.0,0.0,0.0,266.4522,06-02-2020
VW-21775,OFF-AR-10001315,US-Wes-Was-Bel-98006,CA-2020-111507,SC-2020-02-111507,0.0,0.0,0.0,1.5312,06-02-2020
DK-12835,OFF-PA-10003349,US-Sou-Vir-Spr-22153,CA-2020-147529,SC-2020-02-147529,0.0,0.0,0.0,6.3504,07-02-2020
DK-12835,OFF-EN-10000056,US-Sou-Vir-Spr-22153,CA-2020-147529,SC-2020-02-147529,0.0,0.0,0.0,146.2405,07-02-2020
BH-11710,OFF-PA-10000791,US-Cen-Kan-Gar-67846,US-2020-130491,FC-2020-02-130491,0.0,0.0,0.0,4.293,08-02-2020
BH-11710,OFF-AR-10001149,US-Cen-Kan-Gar-67846,US-2020-130491,FC-2020-02-130491,0.0,0.0,0.0,1.728,08-02-2020
BH-11710,OFF-FA-10000134,US-Cen-Kan-Gar-67846,US-2020-130491,FC-2020-02-130491,0.0,0.0,0.0,1.8011,08-02-2020
LH-17020,TEC-PH-10003931,US-Eas-Ohi-Col-43229,CA-2020-114923,SC-2020-02-114923,0.0,0.0,0.4,-26.9955,08-02-2020
FA-14230,FUR-FU-10001986,US-Cen-Tex-San-78207,CA-2020-135391,SC-2020-02-135391,0.0,0.0,0.6,-30.588,09-02-2020
FA-14230,OFF-LA-10001074,US-Cen-Tex-San-78207,CA-2020-135391,SC-2020-02-135391,0.0,0.0,0.2,13.5324,09-02-2020
MS-17980,TEC-AC-10001266,US-Cen-Tex-Dal-75220,CA-2020-101007,SC-2020-02-101007,0.0,0.0,0.2,6.5,09-02-2020
JF-15565,TEC-AC-10001908,US-Cen-Ill-Dec-62521,US-2020-153374,SC-2020-02-153374,0.0,0.0,0.2,89.991,09-02-2020
SJ-20215,FUR-CH-10002774,US-Wes-Cal-Los-90049,CA-2020-146038,SC-2020-02-146038,0.0,0.0,0.2,22.941,09-02-2020
NB-18655,OFF-ST-10000943,US-Eas-Pen-Phi-19143,CA-2020-101126,SC-2020-02-101126,0.0,0.0,0.2,7.724,10-02-2020
KB-16315,OFF-BI-10002160,US-Eas-Ohi-Akr-44312,US-2020-147662,SC-2020-02-147662,0.0,0.0,0.7,-1.6764,14-02-2020
KB-16315,TEC-PH-10002834,US-Eas-Ohi-Akr-44312,US-2020-147662,SC-2020-02-147662,0.0,0.0,0.4,-80.9955,14-02-2020
TT-21070,TEC-PH-10002584,US-Eas-New-Roc-14609,CA-2020-116876,SC-2020-02-116876,0.0,0.0,0.0,187.797,14-02-2020
KB-16315,OFF-BI-10001658,US-Eas-Ohi-Akr-44312,US-2020-147662,SC-2020-02-147662,0.0,0.0,0.7,-11.9616,14-02-2020
TT-21070,OFF-BI-10002897,US-Eas-New-Roc-14609,CA-2020-116876,SC-2020-02-116876,0.0,0.0,0.2,9.5787,14-02-2020
KB-16315,TEC-AC-10003280,US-Eas-Ohi-Akr-44312,US-2020-147662,SC-2020-02-147662,0.0,0.0,0.2,0.8997,14-02-2020
KB-16315,OFF-AR-10004999,US-Eas-Ohi-Akr-44312,US-2020-147662,SC-2020-02-147662,0.0,0.0,0.2,0.897,14-02-2020
JM-16195,OFF-AP-10001391,US-Wes-Cal-Los-90004,CA-2020-116092,SC-2020-02-116092,0.0,0.0,0.0,157.0176,15-02-2020
JM-16195,OFF-PA-10000477,US-Wes-Cal-Los-90004,CA-2020-116092,SC-2020-02-116092,0.0,0.0,0.0,9.3312,15-02-2020
RP-19855,TEC-PH-10000560,US-Cen-Wis-Ken-53142,CA-2020-154326,SC-2020-02-154326,0.0,0.0,0.0,195.9944,15-02-2020
JM-16195,OFF-BI-10001628,US-Wes-Cal-Los-90004,CA-2020-116092,SC-2020-02-116092,0.0,0.0,0.2,13.0375,15-02-2020
JM-16195,OFF-BI-10000546,US-Wes-Cal-Los-90004,CA-2020-116092,SC-2020-02-116092,0.0,0.0,0.2,4.176,15-02-2020
RP-19855,TEC-AC-10004568,US-Cen-Wis-Ken-53142,CA-2020-154326,SC-2020-02-154326,0.0,0.0,0.0,26.5905,15-02-2020
RP-19855,TEC-PH-10001819,US-Cen-Wis-Ken-53142,CA-2020-154326,SC-2020-02-154326,0.0,0.0,0.0,64.7856,15-02-2020
JM-16195,OFF-PA-10004285,US-Wes-Cal-Los-90004,CA-2020-116092,SC-2020-02-116092,0.0,0.0,0.0,6.4128,15-02-2020
RD-19585,OFF-PA-10001970,US-Wes-Cal-Los-90008,CA-2020-121776,SC-2020-02-121776,0.0,0.0,0.0,17.3148,16-02-2020
RD-19585,OFF-LA-10002762,US-Wes-Cal-Los-90008,CA-2020-121776,SC-2020-02-121776,0.0,0.0,0.0,41.2237,16-02-2020
SP-20860,OFF-PA-10002751,US-Eas-New-Dov-3820,CA-2020-156923,SC-2020-02-156923,0.0,0.0,0.0,16.146,16-02-2020
AB-10600,OFF-LA-10002271,US-Wes-Cal-Los-90004,CA-2020-111234,SC-2020-02-111234,0.0,0.0,0.0,4.4352,18-02-2020
GT-14755,OFF-LA-10003510,US-Wes-Cal-Lon-90805,CA-2020-105725,SC-2020-02-105725,0.0,0.0,0.0,28.0876,18-02-2020
GT-14755,FUR-TA-10001676,US-Wes-Cal-Lon-90805,CA-2020-105725,SC-2020-02-105725,0.0,0.0,0.2,-0.8886,18-02-2020
KA-16525,OFF-AR-10003903,US-Eas-New-Per-8861,CA-2020-152611,SC-2020-02-152611,0.0,0.0,0.0,74.5654,20-02-2020
LM-17065,TEC-AC-10000927,US-Sou-Ark-Hot-71901,CA-2020-169740,SC-2020-02-169740,0.0,0.0,0.0,2.999,20-02-2020
PW-19240,OFF-BI-10003527,US-Eas-Mar-Col-21044,CA-2020-162782,SC-2020-02-162782,0.0,0.0,0.0,1270.99,21-02-2020
JE-15715,OFF-PA-10000249,US-Wes-New-Las-88001,CA-2020-129770,SC-2020-02-129770,0.0,0.0,0.0,23.0864,21-02-2020
PS-19045,OFF-AR-10001615,US-Cen-Mic-Ste-48310,CA-2020-132374,SC-2020-02-132374,0.0,0.0,0.0,20.6336,22-02-2020
LC-16960,OFF-BI-10002982,US-Eas-New-New-10024,CA-2020-132276,SC-2020-02-132276,0.0,0.0,0.2,3.8136,23-02-2020
LC-16960,OFF-AP-10000804,US-Eas-New-New-10024,CA-2020-132276,SC-2020-02-132276,0.0,0.0,0.0,6.72,23-02-2020
SS-20875,OFF-LA-10001641,US-Eas-Mas-Leo-1453,CA-2020-154900,SC-2020-03-154900,0.0,0.0,0.0,1.512,25-02-2020
SS-20875,OFF-PA-20002377,US-Eas-Mas-Leo-1453,CA-2020-154900,SC-2020-03-154900,0.0,0.0,0.0,10.224,25-02-2020
BT-11395,OFF-BI-10000343,US-Eas-Pen-Alt-16602,CA-2020-111325,FC-2020-02-111325,0.0,0.0,0.7,-3.3879,27-02-2020
ES-14080,FUR-TA-10004152,US-Eas-Rho-Pro-2908,CA-2020-104129,SC-2020-03-104129,0.0,0.0,0.3,-28.224,27-02-2020
NP-18670,TEC-AC-10002076,US-Wes-Was-Sea-98105,CA-2020-138485,SC-2020-03-138485,0.0,0.0,0.0,80.838,27-02-2020
ES-14080,TEC-PH-10003800,US-Eas-Rho-Pro-2908,CA-2020-104129,SC-2020-03-104129,0.0,0.0,0.0,1.0598,27-02-2020
BT-11395,OFF-AR-10002257,US-Eas-Pen-Alt-16602,CA-2020-111325,FC-2020-02-111325,0.0,0.0,0.2,2.2044,27-02-2020
VD-21670,FUR-CH-10004860,US-Sou-Ten-Col-38401,US-2020-145436,SC-2020-03-145436,0.0,0.0,0.2,-28.2744,28-02-2020
VD-21670,FUR-CH-10004477,US-Sou-Ten-Col-38401,US-2020-145436,SC-2020-03-145436,0.0,0.0,0.2,43.8408,28-02-2020
ST-20530,OFF-BI-10004236,US-Sou-Geo-Mac-31204,CA-2020-153325,SC-2020-03-153325,0.0,0.0,0.0,27.0112,29-02-2020
DH-13075,FUR-CH-10003396,US-Wes-Cal-Los-90045,CA-2020-102316,SC-2020-03-102316,0.0,0.0,0.2,-20.7846,29-02-2020
DH-13075,TEC-PH-10000376,US-Wes-Cal-Los-90045,CA-2020-102316,SC-2020-03-102316,0.0,0.0,0.2,1.1988,29-02-2020
TP-21565,TEC-PH-10003215,US-Cen-Tex-Cop-75019,CA-2020-104052,FC-2020-03-104052,0.0,0.0,0.2,34.742,01-03-2020
RP-19390,OFF-AP-10002906,US-Eas-Pen-Phi-19120,CA-2020-133494,SC-2020-03-133494,0.0,0.0,0.2,0.444,01-03-2020
CM-12715,FUR-BO-10001811,US-Cen-Tex-Hou-77070,CA-2020-133585,FC-2020-03-133585,0.0,0.0,0.32,-36.1176,01-03-2020
CM-12715,OFF-AR-10003696,US-Cen-Tex-Hou-77070,CA-2020-133585,FC-2020-03-133585,0.0,0.0,0.2,6.2244,01-03-2020
DK-13090,FUR-TA-10001768,US-Wes-Was-Sea-98103,CA-2020-110457,SC-2020-03-110457,0.0,0.0,0.0,165.3813,02-03-2020
PA-19060,OFF-EN-10001532,US-Cen-Ind-Ric-47374,CA-2020-105970,SC-2020-03-105970,0.0,0.0,0.0,50.94,02-03-2020
PA-19060,OFF-AR-10003156,US-Cen-Ind-Ric-47374,CA-2020-105970,SC-2020-03-105970,0.0,0.0,0.0,2.6416,02-03-2020
MS-17365,FUR-FU-10000023,US-Cen-Ill-Chi-60653,CA-2020-140221,SC-2020-03-140221,0.0,0.0,0.6,-1.8848,05-03-2020
MV-18190,TEC-PH-10000149,US-Cen-Tex-Hou-77036,CA-2020-120320,SC-2020-03-120320,0.0,0.0,0.2,2.394,05-03-2020
KN-16390,OFF-BI-10003529,US-Eas-Pen-Phi-19120,CA-2020-109001,SC-2020-03-109001,0.0,0.0,0.7,-1.7892,05-03-2020
LF-17185,OFF-EN-10002621,US-Eas-New-New-10011,CA-2020-109512,SC-2020-03-109512,0.0,0.0,0.0,14.67,05-03-2020
AH-10195,FUR-CH-10002647,US-Eas-Pen-Bet-18018,CA-2020-125185,SC-2020-03-125185,0.0,0.0,0.3,-7.098,05-03-2020
MS-17365,OFF-ST-10000777,US-Cen-Ill-Chi-60653,CA-2020-140221,SC-2020-03-140221,0.0,0.0,0.2,6.0416,05-03-2020
JJ-15445,OFF-FA-10000611,US-Cen-Ill-Chi-60623,CA-2020-151785,SC-2020-03-151785,0.0,0.0,0.2,2.4864,05-03-2020
KN-16390,TEC-AC-10001101,US-Eas-Pen-Phi-19120,CA-2020-109001,SC-2020-03-109001,0.0,0.0,0.2,-1.289,05-03-2020
MS-17365,OFF-BI-10002854,US-Cen-Ill-Chi-60653,CA-2020-140221,SC-2020-03-140221,0.0,0.0,0.8,-16.818,05-03-2020
MS-17365,OFF-AP-10000828,US-Cen-Ill-Chi-60653,CA-2020-140221,SC-2020-03-140221,0.0,0.0,0.8,-470.548,05-03-2020
AH-10195,FUR-FU-10003247,US-Eas-Pen-Bet-18018,CA-2020-125185,SC-2020-03-125185,0.0,0.0,0.2,-5.4548,05-03-2020
SF-20200,OFF-AP-10002222,US-Cen-Ind-New-47362,CA-2020-153108,SC-2020-03-153108,0.0,0.0,0.0,16.3863,05-03-2020
LF-17185,OFF-ST-10000689,US-Eas-New-New-10011,CA-2020-109512,SC-2020-03-109512,0.0,0.0,0.0,67.608,05-03-2020
SF-20200,TEC-PH-10001552,US-Cen-Ind-New-47362,CA-2020-153108,SC-2020-03-153108,0.0,0.0,0.0,6.6976,05-03-2020
KN-16390,TEC-PH-10000562,US-Eas-Pen-Phi-19120,CA-2020-109001,SC-2020-03-109001,0.0,0.0,0.4,-93.2316,05-03-2020
JL-15850,FUR-FU-10000308,US-Wes-Cal-San-94122,CA-2020-142944,SC-2020-03-142944,0.0,0.0,0.0,95.7572,06-03-2020
JL-15850,TEC-CO-10003763,US-Wes-Cal-San-94122,CA-2020-142944,SC-2020-03-142944,0.0,0.0,0.2,377.9946,06-03-2020
EM-14140,TEC-AC-10004469,US-Eas-Del-New-19711,CA-2020-146255,FC-2020-03-146255,0.0,0.0,0.0,52.734,07-03-2020
EM-14140,OFF-BI-10000309,US-Eas-Del-New-19711,CA-2020-146255,FC-2020-03-146255,0.0,0.0,0.0,14.9156,07-03-2020
EM-14140,OFF-BI-10001765,US-Eas-Del-New-19711,CA-2020-146255,FC-2020-03-146255,0.0,0.0,0.0,33.2544,07-03-2020
EM-14140,TEC-PH-10001619,US-Eas-Del-New-19711,CA-2020-146255,FC-2020-03-146255,0.0,0.0,0.0,170.5113,07-03-2020
FO-14305,OFF-BI-10002706,US-Cen-Ill-Chi-60623,CA-2020-132136,SC-2020-03-132136,0.0,0.0,0.8,-14.5656,08-03-2020
DK-12895,FUR-BO-10002916,US-Cen-Wis-Ken-53142,CA-2020-105627,SC-2020-03-105627,0.0,0.0,0.0,97.4586,08-03-2020
DK-12895,FUR-CH-10002084,US-Cen-Wis-Ken-53142,CA-2020-105627,SC-2020-03-105627,0.0,0.0,0.0,189.4046,08-03-2020
FC-14335,OFF-AR-10002399,US-Wes-Col-Pue-81001,CA-2020-107741,FC-2020-03-107741,0.0,0.0,0.2,0.8946,08-03-2020
AR-10825,OFF-PA-10003848,US-Eas-New-Lon-11561,CA-2020-160213,SC-2020-03-160213,0.0,0.0,0.0,9.3312,08-03-2020
DK-12895,TEC-PH-10003012,US-Cen-Wis-Ken-53142,CA-2020-105627,SC-2020-03-105627,0.0,0.0,0.0,223.2855,08-03-2020
DK-12895,OFF-AR-10002704,US-Cen-Wis-Ken-53142,CA-2020-105627,SC-2020-03-105627,0.0,0.0,0.0,4.494,08-03-2020
DK-12895,FUR-FU-10000308,US-Cen-Wis-Ken-53142,CA-2020-105627,SC-2020-03-105627,0.0,0.0,0.0,82.0776,08-03-2020
NS-18640,TEC-PH-10001809,US-Cen-Tex-San-78207,CA-2020-123155,FC-2020-03-123155,0.0,0.0,0.2,22.4925,09-03-2020
NS-18640,TEC-AC-10002473,US-Cen-Tex-San-78207,CA-2020-123155,FC-2020-03-123155,0.0,0.0,0.2,29.799,09-03-2020
TG-21310,OFF-LA-10001175,US-Sou-Nor-Ral-27604,CA-2020-110345,SC-2020-03-110345,0.0,0.0,0.2,1.6704,09-03-2020
KB-16585,OFF-ST-10002406,US-Eas-Mar-Cli-20735,US-2020-118906,SC-2020-03-118906,0.0,0.0,0.0,25.1496,10-03-2020
TS-21340,OFF-BI-10004022,US-Cen-Tex-Hou-77041,CA-2020-146829,SC-2020-03-146829,0.0,0.0,0.8,-1.8904,10-03-2020
EB-13750,OFF-EN-10004030,US-Sou-Flo-Pla-33317,CA-2020-128083,SC-2020-03-128083,0.0,0.0,0.2,2.9322,12-03-2020
EB-13750,FUR-FU-10003194,US-Sou-Flo-Pla-33317,CA-2020-128083,SC-2020-03-128083,0.0,0.0,0.2,3.86,12-03-2020
EB-14170,OFF-LA-10001641,US-Sou-Nor-Cha-28205,CA-2020-148705,SC-2020-03-148705,0.0,0.0,0.2,1.764,12-03-2020
EB-13750,FUR-FU-10001731,US-Sou-Flo-Pla-33317,CA-2020-128083,SC-2020-03-128083,0.0,0.0,0.2,1.4418,12-03-2020
NF-18595,FUR-FU-10001979,US-Wes-Cal-Chi-95928,US-2020-139675,SC-2020-03-139675,0.0,0.0,0.0,91.7728,13-03-2020
NF-18595,FUR-CH-10004063,US-Wes-Cal-Chi-95928,US-2020-139675,SC-2020-03-139675,0.0,0.0,0.2,102.9528,13-03-2020
MC-17275,FUR-BO-10004409,US-Wes-Was-Sea-98103,CA-2020-114237,FC-2020-03-114237,0.0,0.0,0.0,39.7488,13-03-2020
EP-13915,OFF-LA-10004484,US-Eas-New-Dov-3820,CA-2020-163587,SC-2020-03-163587,0.0,0.0,0.0,7.5992,14-03-2020
EP-13915,OFF-BI-10003091,US-Eas-New-Dov-3820,CA-2020-163587,SC-2020-03-163587,0.0,0.0,0.0,315.8118,14-03-2020
AI-10855,OFF-PA-10002105,US-Wes-Cal-Ros-95661,CA-2020-167479,SC-2020-03-167479,0.0,0.0,0.0,9.3312,14-03-2020
KS-16300,TEC-PH-10003356,US-Wes-Uta-Leh-84043,CA-2020-155124,SC-2020-03-155124,0.0,0.0,0.2,1.6776,15-03-2020
MS-17980,TEC-PH-10001527,US-Eas-New-New-10009,CA-2020-153906,SC-2020-03-153906,0.0,0.0,0.0,2.577,16-03-2020
CM-12385,OFF-BI-10003527,US-Sou-Geo-Atl-30318,CA-2020-145352,SC-2020-03-145352,0.0,0.0,0.0,3177.475,16-03-2020
JE-15475,FUR-TA-10001039,US-Wes-Was-Sea-98103,CA-2020-112116,SC-2020-03-112116,0.0,0.0,0.0,44.7096,16-03-2020
CM-12385,OFF-AR-10001662,US-Sou-Geo-Atl-30318,CA-2020-145352,SC-2020-03-145352,0.0,0.0,0.0,0.7398,16-03-2020
JK-15640,OFF-AR-10001761,US-Eas-New-New-10009,US-2020-150231,SC-2020-03-150231,0.0,0.0,0.0,6.3072,16-03-2020
MS-17710,OFF-EN-10003845,US-Sou-Ala-Aub-36830,CA-2020-134257,SC-2020-03-134257,0.0,0.0,0.0,3.3948,16-03-2020
MS-17710,OFF-LA-10003930,US-Sou-Ala-Aub-36830,CA-2020-134257,SC-2020-03-134257,0.0,0.0,0.0,240.8595,16-03-2020
CM-12385,OFF-AR-10003856,US-Sou-Geo-Atl-30318,CA-2020-145352,SC-2020-03-145352,0.0,0.0,0.0,2.1684,16-03-2020
CM-12385,OFF-ST-20001228,US-Sou-Geo-Atl-30318,CA-2020-145352,SC-2020-03-145352,0.0,0.0,0.0,11.685,16-03-2020
MF-18250,FUR-FU-10001215,US-Wes-Cal-Los-90036,CA-2020-144722,SC-2020-03-144722,0.0,0.0,0.0,18.1146,16-03-2020
HR-14830,OFF-ST-10001291,US-Eas-New-New-10009,CA-2020-110632,SC-2020-03-110632,0.0,0.0,0.0,9.1314,17-03-2020
HR-14830,TEC-AC-10000387,US-Eas-New-New-10009,CA-2020-110632,SC-2020-03-110632,0.0,0.0,0.0,2.7036,17-03-2020
GA-14725,OFF-FA-10001561,US-Wes-Cal-Lan-93534,CA-2020-149993,FC-2020-03-149993,0.0,0.0,0.0,3.597,19-03-2020
FH-14365,TEC-CO-10001766,US-Wes-Was-Sea-98115,CA-2020-111829,FC-2020-03-111829,0.0,0.0,0.0,1480.4671,19-03-2020
MC-18130,OFF-PA-10001947,US-Wes-Cal-Los-90004,CA-2020-163104,SC-2020-03-163104,0.0,0.0,0.0,5.8604,19-03-2020
FH-14365,OFF-ST-10000142,US-Wes-Was-Sea-98115,CA-2020-111829,FC-2020-03-111829,0.0,0.0,0.0,349.3392,19-03-2020
BK-11260,OFF-PA-10002749,US-Wes-Cal-San-92404,CA-2020-113110,SC-2020-03-113110,0.0,0.0,0.0,19.6686,19-03-2020
BK-11260,OFF-SU-10001165,US-Wes-Cal-San-92404,CA-2020-113110,SC-2020-03-113110,0.0,0.0,0.0,8.6736,19-03-2020
BK-11260,OFF-LA-10000240,US-Wes-Cal-San-92404,CA-2020-113110,SC-2020-03-113110,0.0,0.0,0.0,6.8714,19-03-2020
DC-12850,OFF-PA-10001560,US-Sou-Flo-Nor-33161,CA-2020-143532,SC-2020-03-143532,0.0,0.0,0.2,4.8924,19-03-2020
BK-11260,OFF-BI-10000088,US-Wes-Cal-San-92404,CA-2020-113110,SC-2020-03-113110,0.0,0.0,0.2,6.3684,19-03-2020
JO-15550,TEC-PH-10004539,US-Wes-Was-Sea-98105,CA-2020-132101,SC-2020-03-132101,0.0,0.0,0.2,39.6879,19-03-2020
CM-12655,FUR-BO-10004218,US-Cen-Tex-Hou-77041,CA-2020-168088,FC-2020-03-168088,0.0,0.0,0.32,-67.6704,19-03-2020
FH-14365,OFF-PA-10004359,US-Wes-Was-Sea-98115,CA-2020-111829,FC-2020-03-111829,0.0,0.0,0.0,100.656,19-03-2020
CM-12655,OFF-PA-10000675,US-Cen-Tex-Hou-77041,CA-2020-168088,FC-2020-03-168088,0.0,0.0,0.2,23.7742,19-03-2020
DH-13075,OFF-EN-10004386,US-Eas-New-New-10035,CA-2020-159534,FC-2020-03-159534,0.0,0.0,0.0,11.995,20-03-2020
BM-11785,OFF-ST-10004258,US-Wes-Ore-Sal-97301,CA-2020-165813,SC-2020-03-165813,0.0,0.0,0.2,2.5641,20-03-2020
DH-13075,OFF-BI-10003656,US-Eas-New-New-10035,CA-2020-159534,FC-2020-03-159534,0.0,0.0,0.2,353.5792,20-03-2020
DH-13075,TEC-PH-20002310,US-Eas-New-New-10035,CA-2020-159534,FC-2020-03-159534,0.0,0.0,0.0,53.9946,20-03-2020
DH-13075,OFF-ST-10001172,US-Eas-New-New-10035,CA-2020-159534,FC-2020-03-159534,0.0,0.0,0.0,20.1408,20-03-2020
DH-13075,OFF-BI-10003982,US-Eas-New-New-10035,CA-2020-159534,FC-2020-03-159534,0.0,0.0,0.2,16.8237,20-03-2020
JK-15730,OFF-FA-10003485,US-Cen-Tex-Car-75007,CA-2020-127607,SC-2020-03-127607,0.0,0.0,0.2,6.1308,20-03-2020
BW-11110,OFF-PA-10000061,US-Cen-Wis-Mil-53209,CA-2020-106565,FC-2020-03-106565,0.0,0.0,0.0,24.8832,20-03-2020
JK-15730,OFF-BI-10001308,US-Cen-Tex-Car-75007,CA-2020-127607,SC-2020-03-127607,0.0,0.0,0.8,-4.396,20-03-2020
JW-16075,OFF-BI-10000948,US-Sou-Nor-Jac-28540,CA-2020-120621,SC-2020-03-120621,0.0,0.0,0.7,-9.8463,21-03-2020
JW-16075,OFF-PA-10002254,US-Sou-Nor-Jac-28540,CA-2020-120621,SC-2020-03-120621,0.0,0.0,0.2,96.0232,21-03-2020
JW-16075,OFF-AP-10002945,US-Sou-Nor-Jac-28540,CA-2020-120621,SC-2020-03-120621,0.0,0.0,0.2,156.338,21-03-2020
DC-13285,OFF-ST-10002182,US-Sou-Flo-Pla-33317,CA-2020-117884,SC-2020-03-117884,0.0,0.0,0.2,-33.8418,22-03-2020
DC-13285,TEC-AC-10002567,US-Sou-Flo-Pla-33317,CA-2020-117884,SC-2020-03-117884,0.0,0.0,0.2,89.5888,22-03-2020
JD-16150,OFF-PA-10003127,US-Wes-Cal-San-92037,US-2020-163279,SC-2020-03-163279,0.0,0.0,0.0,48.5392,22-03-2020
DB-13210,OFF-BI-10000285,US-Cen-Tex-Hou-77041,CA-2020-157812,SC-2020-03-157812,0.0,0.0,0.8,-21.168,22-03-2020
FW-14395,OFF-AR-10003217,US-Sou-Ala-Hun-35810,CA-2020-121552,SC-2020-03-121552,0.0,0.0,0.0,5.4768,22-03-2020
DB-13210,TEC-AC-10000171,US-Cen-Tex-Hou-77041,CA-2020-157812,SC-2020-03-157812,0.0,0.0,0.2,5.2877,22-03-2020
DB-13210,OFF-ST-10000736,US-Cen-Tex-Hou-77041,CA-2020-157812,SC-2020-03-157812,0.0,0.0,0.2,-25.9136,22-03-2020
RD-19900,TEC-PH-10000376,US-Wes-Cal-Tho-91360,CA-2020-163440,FC-2020-03-163440,0.0,0.0,0.2,1.1988,22-03-2020
JD-16150,TEC-PH-10001795,US-Wes-Cal-San-92037,US-2020-163279,SC-2020-03-163279,0.0,0.0,0.2,185.997,22-03-2020
JD-16150,FUR-FU-10000747,US-Wes-Cal-San-92037,US-2020-163279,SC-2020-03-163279,0.0,0.0,0.0,15.6332,22-03-2020
SG-20470,OFF-ST-10002486,US-Sou-Sou-Flo-29501,CA-2020-130218,FC-2020-03-130218,0.0,0.0,0.0,0.5584,23-03-2020
JD-16060,FUR-CH-10003396,US-Cen-Tex-Hou-77095,US-2020-125374,SC-2020-03-125374,0.0,0.0,0.3,-29.2524,23-03-2020
SG-20470,OFF-FA-10003112,US-Sou-Sou-Flo-29501,CA-2020-130218,FC-2020-03-130218,0.0,0.0,0.0,14.202,23-03-2020
BP-11095,OFF-PA-10000380,US-Wes-Cal-Los-90049,CA-2020-138219,SC-2020-03-138219,0.0,0.0,0.0,16.68,23-03-2020
AM-10360,TEC-AC-10000736,US-Wes-Cal-Los-90008,US-2020-107944,FC-2020-03-107944,0.0,0.0,0.0,86.3892,23-03-2020
AM-10360,OFF-PA-20000659,US-Wes-Cal-Los-90008,US-2020-107944,FC-2020-03-107944,0.0,0.0,0.0,92.5056,23-03-2020
BP-11185,OFF-AP-10002287,US-Sou-Flo-Cor-33065,US-2020-112508,SC-2020-03-112508,0.0,0.0,0.2,0.5244,24-03-2020
CP-12085,FUR-FU-10003832,US-Wes-Was-Cov-98042,CA-2020-145457,SC-2020-03-145457,0.0,0.0,0.0,13.132,24-03-2020
DP-13390,FUR-BO-10000362,US-Cen-Ill-Peo-61604,CA-2020-118423,FC-2020-03-118423,0.0,0.0,0.3,-35.9058,24-03-2020
GM-14500,TEC-AC-10004633,US-Eas-Pen-Phi-19140,CA-2020-167374,SC-2020-03-167374,0.0,0.0,0.2,5.0328,26-03-2020
EB-13840,FUR-TA-10001889,US-Wes-Was-Sea-98103,CA-2020-164301,SC-2020-03-164301,0.0,0.0,0.0,610.8624,26-03-2020
SM-20950,OFF-ST-10002615,US-Eas-New-New-10009,US-2020-116981,SC-2020-03-116981,0.0,0.0,0.0,282.2092,26-03-2020
SM-20950,OFF-AP-10000595,US-Eas-New-New-10009,US-2020-116981,SC-2020-03-116981,0.0,0.0,0.0,3.4086,26-03-2020
GM-14500,OFF-PA-10001950,US-Eas-Pen-Phi-19140,CA-2020-167374,SC-2020-03-167374,0.0,0.0,0.2,12.51,26-03-2020
BV-11245,OFF-PA-10001125,US-Sou-Flo-Mia-33142,CA-2020-103793,SC-2020-03-103793,0.0,0.0,0.2,23.235,26-03-2020
MV-17485,OFF-ST-10000636,US-Wes-Was-Sea-98115,CA-2020-132948,SC-2020-04-132948,0.0,0.0,0.0,3.348,27-03-2020
JH-15820,OFF-EN-10004459,US-Eas-New-New-10009,CA-2020-133536,SC-2020-03-133536,0.0,0.0,0.0,11.2308,28-03-2020
CK-12205,OFF-PA-10003177,US-Eas-Pen-Phi-19120,CA-2020-135363,SC-2020-04-135363,0.0,0.0,0.2,5.4432,28-03-2020
CK-12205,OFF-PA-10000533,US-Eas-Pen-Phi-19120,CA-2020-135363,SC-2020-04-135363,0.0,0.0,0.2,1.7004,28-03-2020
AB-10165,OFF-PA-10000743,US-Wes-Cal-Los-90036,CA-2020-131534,SC-2020-04-131534,0.0,0.0,0.0,16.032,28-03-2020
AB-10165,TEC-AC-10002253,US-Wes-Cal-Los-90036,CA-2020-131534,SC-2020-04-131534,0.0,0.0,0.0,24.936,28-03-2020
DO-13435,OFF-AP-10001947,US-Wes-Was-Sea-98103,CA-2020-121272,SC-2020-04-121272,0.0,0.0,0.0,21.2512,29-03-2020
AS-10240,OFF-AR-10003732,US-Sou-Vir-Spr-22153,CA-2020-150749,SC-2020-04-150749,0.0,0.0,0.0,1.4456,29-03-2020
RB-19435,OFF-PA-10001609,US-Wes-Cal-San-92105,US-2020-103996,SC-2020-03-103996,0.0,0.0,0.0,4.5402,29-03-2020
CM-12115,OFF-PA-10002615,US-Eas-New-New-10024,CA-2020-105361,SC-2020-04-105361,0.0,0.0,0.0,8.1144,29-03-2020
RB-19435,FUR-FU-10004586,US-Wes-Cal-San-92105,US-2020-103996,SC-2020-03-103996,0.0,0.0,0.0,9.5616,29-03-2020
RB-19435,TEC-AC-10003116,US-Wes-Cal-San-92105,US-2020-103996,SC-2020-03-103996,0.0,0.0,0.0,20.7675,29-03-2020
SL-20155,FUR-CH-10004086,US-Sou-Flo-Jac-32216,CA-2020-153549,SC-2020-03-153549,0.0,0.0,0.2,131.2785,29-03-2020
RB-19435,OFF-PA-10001736,US-Wes-Cal-San-92105,US-2020-103996,SC-2020-03-103996,0.0,0.0,0.0,99.9408,29-03-2020
FC-14335,OFF-PA-10001838,US-Cen-Ill-Chi-60610,CA-2020-121405,SC-2020-04-121405,0.0,0.0,0.2,8.526,30-03-2020
FC-14335,TEC-PH-10002890,US-Cen-Ill-Chi-60610,CA-2020-121405,SC-2020-04-121405,0.0,0.0,0.2,13.572,30-03-2020
DR-12940,FUR-CH-10003298,US-Cen-Ill-Nor-61761,CA-2020-104871,SC-2020-04-104871,0.0,0.0,0.3,-110.0232,30-03-2020
EB-13705,FUR-FU-10001085,US-Cen-Tex-Hou-77095,CA-2020-128125,SC-2020-04-128125,0.0,0.0,0.6,-7.833,31-03-2020
EB-13705,OFF-PA-20000357,US-Cen-Tex-Hou-77095,CA-2020-128125,SC-2020-04-128125,0.0,0.0,0.2,35.6613,31-03-2020
SC-20260,TEC-PH-10000011,US-Sou-Flo-Jac-32216,CA-2020-137106,SC-2020-04-137106,0.0,0.0,0.2,27.986,31-03-2020
JD-15790,TEC-MA-10003329,US-Wes-Cal-Los-90049,US-2020-159513,SC-2020-04-159513,0.0,0.0,0.2,24.2919,02-04-2020
CS-11845,OFF-BI-10003707,US-Cen-Tex-Hou-77070,CA-2020-136378,SC-2020-04-136378,0.0,0.0,0.8,-13.734,02-04-2020
JL-15850,TEC-PH-10003095,US-Wes-Ari-Mes-85204,US-2020-142811,SC-2020-04-142811,0.0,0.0,0.2,32.925,02-04-2020
MO-17950,OFF-AP-10001242,US-Cen-Tex-Dal-75220,US-2020-122140,SC-2020-04-122140,0.0,0.0,0.8,-80.48,02-04-2020
MO-17950,TEC-AC-10003038,US-Cen-Tex-Dal-75220,US-2020-122140,SC-2020-04-122140,0.0,0.0,0.2,-0.6265,02-04-2020
MO-17950,TEC-AC-10003289,US-Cen-Tex-Dal-75220,US-2020-122140,SC-2020-04-122140,0.0,0.0,0.2,1.7991,02-04-2020
NF-18595,FUR-FU-10004622,US-Eas-New-New-10009,CA-2020-110667,SC-2020-04-110667,0.0,0.0,0.0,22.764,04-04-2020
NC-18340,OFF-BI-10003350,US-Cen-Mic-Lan-48911,CA-2020-112452,SC-2020-04-112452,0.0,0.0,0.0,5.8696,04-04-2020
NF-18595,OFF-AR-10000716,US-Eas-New-New-10009,CA-2020-110667,SC-2020-04-110667,0.0,0.0,0.0,4.3524,04-04-2020
NC-18340,OFF-FA-10000735,US-Cen-Mic-Lan-48911,CA-2020-112452,SC-2020-04-112452,0.0,0.0,0.0,2.628,04-04-2020
NC-18340,OFF-AP-10003849,US-Cen-Mic-Lan-48911,CA-2020-112452,SC-2020-04-112452,0.0,0.0,0.1,107.346,04-04-2020
NC-18340,TEC-CO-10004202,US-Cen-Mic-Lan-48911,CA-2020-112452,SC-2020-04-112452,0.0,0.0,0.0,209.993,04-04-2020
NC-18340,TEC-PH-10000307,US-Cen-Mic-Lan-48911,CA-2020-112452,SC-2020-04-112452,0.0,0.0,0.0,0.438,04-04-2020
NF-18595,OFF-BI-10002735,US-Eas-New-New-10009,CA-2020-110667,SC-2020-04-110667,0.0,0.0,0.2,27.7911,04-04-2020
NF-18595,OFF-BI-10003529,US-Eas-New-New-10009,CA-2020-110667,SC-2020-04-110667,0.0,0.0,0.2,3.2944,04-04-2020
GG-14650,OFF-BI-10003650,US-Sou-Ten-Bri-37620,US-2020-136476,SC-2020-04-136476,0.0,0.0,0.7,-115.7156,05-04-2020
JF-15415,TEC-AC-10001767,US-Wes-Was-Spo-99207,CA-2020-102855,SC-2020-04-102855,0.0,0.0,0.0,26.3934,05-04-2020
CA-11965,FUR-CH-10003973,US-Wes-Cal-Los-90036,CA-2020-161452,SC-2020-04-161452,0.0,0.0,0.2,89.2224,05-04-2020
VT-21700,TEC-PH-10002844,US-Eas-Pen-Phi-19143,CA-2020-167010,SC-2020-04-167010,0.0,0.0,0.4,-9.7972,05-04-2020
VT-21700,OFF-BI-10002072,US-Eas-Pen-Phi-19143,CA-2020-167010,SC-2020-04-167010,0.0,0.0,0.7,-6.952,05-04-2020
VT-21700,FUR-BO-10004218,US-Eas-Pen-Phi-19143,CA-2020-167010,SC-2020-04-167010,0.0,0.0,0.5,-211.47,05-04-2020
JF-15415,OFF-AR-10002467,US-Wes-Was-Spo-99207,CA-2020-102855,SC-2020-04-102855,0.0,0.0,0.0,6.4368,05-04-2020
VT-21700,OFF-ST-10003816,US-Eas-Pen-Phi-19143,CA-2020-167010,SC-2020-04-167010,0.0,0.0,0.2,21.1428,05-04-2020
VT-21700,OFF-AP-10004036,US-Eas-Pen-Phi-19143,CA-2020-167010,SC-2020-04-167010,0.0,0.0,0.2,18.396,05-04-2020
VT-21700,FUR-FU-10001037,US-Eas-Pen-Phi-19143,CA-2020-167010,SC-2020-04-167010,0.0,0.0,0.2,2.37,05-04-2020
TT-21070,OFF-LA-10001569,US-Eas-Pen-Phi-19120,CA-2020-119942,FC-2020-04-119942,0.0,0.0,0.2,7.7688,05-04-2020
VT-21700,TEC-PH-10000347,US-Eas-Pen-Phi-19143,CA-2020-167010,SC-2020-04-167010,0.0,0.0,0.4,-3.2175,05-04-2020
VT-21700,FUR-FU-10001468,US-Eas-Pen-Phi-19143,CA-2020-167010,SC-2020-04-167010,0.0,0.0,0.2,-68.392,05-04-2020
TT-21220,OFF-PA-10001526,US-Cen-Tex-Hou-77041,CA-2020-124541,SC-2020-04-124541,0.0,0.0,0.2,2.8884,06-04-2020
TT-21220,OFF-BI-10004965,US-Cen-Tex-Hou-77041,CA-2020-124541,SC-2020-04-124541,0.0,0.0,0.8,-12.075,06-04-2020
TT-21220,OFF-BI-10004209,US-Cen-Tex-Hou-77041,CA-2020-124541,SC-2020-04-124541,0.0,0.0,0.8,-16.884,06-04-2020
TT-21220,TEC-AC-20002550,US-Cen-Tex-Hou-77041,CA-2020-124541,SC-2020-04-124541,0.0,0.0,0.2,4.4604,06-04-2020
TT-21220,OFF-AR-10004078,US-Cen-Tex-Hou-77041,CA-2020-124541,SC-2020-04-124541,0.0,0.0,0.2,5.256,06-04-2020
MH-17455,OFF-PA-10001019,US-Sou-Nor-Jac-28540,CA-2020-100888,SC-2020-04-100888,0.0,0.0,0.2,16.1838,06-04-2020
PF-19120,TEC-AC-10002402,US-Cen-Tex-San-78207,CA-2020-140025,SC-2020-04-140025,0.0,0.0,0.2,47.994,07-04-2020
PF-19120,OFF-AP-10002651,US-Cen-Tex-San-78207,CA-2020-140025,SC-2020-04-140025,0.0,0.0,0.8,-1181.2824,07-04-2020
FM-14290,OFF-AR-10001954,US-Eas-Pen-Phi-19140,CA-2020-130554,FC-2020-04-130554,0.0,0.0,0.2,1.0269,07-04-2020
RP-19390,OFF-PA-10002262,US-Eas-New-New-10035,CA-2020-166492,FC-2020-04-166492,0.0,0.0,0.0,12.4416,07-04-2020
RP-19390,OFF-ST-10002214,US-Eas-New-New-10035,CA-2020-166492,FC-2020-04-166492,0.0,0.0,0.0,5.8708,07-04-2020
IG-15085,OFF-AP-10000179,US-Eas-Con-Nor-6360,CA-2020-101000,SC-2020-04-101000,0.0,0.0,0.0,144.3546,09-04-2020
MC-18100,OFF-ST-10001505,US-Eas-New-New-10024,CA-2020-116512,SC-2020-04-116512,0.0,0.0,0.0,3.0498,09-04-2020
JK-15370,FUR-TA-10002774,US-Wes-Cal-Lon-90805,CA-2020-142027,SC-2020-04-142027,0.0,0.0,0.2,-13.8717,09-04-2020
EH-14125,OFF-ST-10001476,US-Eas-New-Roc-14609,CA-2020-134201,SC-2020-04-134201,0.0,0.0,0.0,38.3508,10-04-2020
DM-12955,OFF-BI-10000773,US-Wes-Cal-Sac-95823,CA-2020-168767,SC-2020-04-168767,0.0,0.0,0.2,4.3308,10-04-2020
EH-14125,OFF-AR-10002804,US-Eas-New-Roc-14609,CA-2020-134201,SC-2020-04-134201,0.0,0.0,0.0,6.0147,10-04-2020
PR-18880,FUR-FU-10000087,US-Sou-Flo-Tam-33614,CA-2020-125563,SC-2020-04-125563,0.0,0.0,0.2,14.3136,11-04-2020
SE-20110,TEC-PH-20004531,US-Eas-New-New-10009,CA-2020-111164,SC-2020-04-111164,0.0,0.0,0.0,10.5552,11-04-2020
SE-20110,OFF-AP-10004487,US-Eas-New-New-10009,CA-2020-111164,SC-2020-04-111164,0.0,0.0,0.0,113.848,11-04-2020
PR-18880,FUR-FU-10001290,US-Sou-Flo-Tam-33614,CA-2020-125563,SC-2020-04-125563,0.0,0.0,0.2,10.104,11-04-2020
AR-10540,TEC-CO-10001943,US-Wes-Cal-Los-90004,US-2020-136987,SC-2020-04-136987,0.0,0.0,0.2,215.9892,11-04-2020
AR-10540,OFF-PA-10003127,US-Wes-Cal-Los-90004,US-2020-136987,SC-2020-04-136987,0.0,0.0,0.0,24.2696,11-04-2020
SE-20110,TEC-AC-10002473,US-Eas-New-New-10009,CA-2020-111164,SC-2020-04-111164,0.0,0.0,0.0,34.9074,11-04-2020
RD-19660,OFF-ST-10000419,US-Wes-Was-Sea-98103,CA-2020-145415,SC-2020-04-145415,0.0,0.0,0.0,0.4074,12-04-2020
FP-14320,TEC-PH-10001061,US-Cen-Tex-Hun-77340,US-2020-168704,SC-2020-04-168704,0.0,0.0,0.2,17.9982,13-04-2020
FP-14320,FUR-TA-10002530,US-Cen-Tex-Hun-77340,US-2020-168704,SC-2020-04-168704,0.0,0.0,0.3,-45.294,13-04-2020
EB-14110,TEC-PH-10001494,US-Wes-Cal-Los-90045,CA-2020-106257,SC-2020-04-106257,0.0,0.0,0.2,41.993,13-04-2020
EB-14110,FUR-TA-10002530,US-Wes-Cal-Los-90045,CA-2020-106257,SC-2020-04-106257,0.0,0.0,0.2,-15.098,13-04-2020
FP-14320,FUR-TA-10000688,US-Cen-Tex-Hun-77340,US-2020-168704,SC-2020-04-168704,0.0,0.0,0.3,-113.282,13-04-2020
ZC-21910,TEC-AC-10002800,US-Wes-Cal-Pom-91767,CA-2020-133452,SC-2020-04-133452,0.0,0.0,0.0,69.986,13-04-2020
ZC-21910,FUR-TA-10003954,US-Wes-Cal-Pom-91767,CA-2020-133452,SC-2020-04-133452,0.0,0.0,0.2,-97.7394,13-04-2020
TH-21100,OFF-ST-10000344,US-Wes-Ari-Gle-85301,CA-2020-133837,SC-2020-04-133837,0.0,0.0,0.2,0.8058,13-04-2020
HJ-14875,OFF-PA-10002968,US-Wes-Ari-Mes-85204,CA-2020-100216,FC-2020-04-100216,0.0,0.0,0.2,17.8152,13-04-2020
BT-11395,FUR-FU-10004973,US-Wes-Cal-Los-90036,US-2020-120502,SC-2020-04-120502,0.0,0.0,0.0,15.8256,13-04-2020
SS-20590,OFF-BI-10002071,US-Cen-Neb-Nor-68701,CA-2020-120551,SC-2020-04-120551,0.0,0.0,0.0,8.0178,13-04-2020
HJ-14875,OFF-PA-10000788,US-Wes-Ari-Mes-85204,CA-2020-100216,FC-2020-04-100216,0.0,0.0,0.2,10.8864,13-04-2020
BT-11395,OFF-AP-10004980,US-Wes-Cal-Los-90036,US-2020-120502,SC-2020-04-120502,0.0,0.0,0.0,29.5776,13-04-2020
BT-11395,TEC-PH-10003645,US-Wes-Cal-Los-90036,US-2020-120502,SC-2020-04-120502,0.0,0.0,0.2,19.3932,13-04-2020
AW-10840,OFF-SU-10004498,US-Wes-New-Far-87401,CA-2020-149678,SC-2020-04-149678,0.0,0.0,0.0,0.3864,13-04-2020
TP-21130,OFF-AP-10002403,US-Wes-Ore-Spr-97477,CA-2020-116841,SC-2020-04-116841,0.0,0.0,0.2,2.6406,14-04-2020
LL-16840,TEC-PH-10002033,US-Sou-Vir-Way-22980,CA-2020-137974,FC-2020-04-137974,0.0,0.0,0.0,148.1064,16-04-2020
TS-21160,OFF-AP-10002350,US-Eas-Ohi-Tol-43615,CA-2020-161263,SC-2020-04-161263,0.0,0.0,0.2,4.5216,16-04-2020
TS-21160,OFF-AR-10004757,US-Eas-Ohi-Tol-43615,CA-2020-161263,SC-2020-04-161263,0.0,0.0,0.2,1.2792,16-04-2020
LL-16840,OFF-BI-10001036,US-Sou-Vir-Way-22980,CA-2020-137974,FC-2020-04-137974,0.0,0.0,0.0,4.57,16-04-2020
LL-16840,FUR-FU-10001468,US-Sou-Vir-Way-22980,CA-2020-137974,FC-2020-04-137974,0.0,0.0,0.0,119.686,16-04-2020
LL-16840,FUR-BO-10001519,US-Sou-Vir-Way-22980,CA-2020-137974,FC-2020-04-137974,0.0,0.0,0.0,125.5824,16-04-2020
SB-20185,TEC-CO-10001766,US-Cen-Ill-Eva-60201,CA-2020-146675,SC-2020-04-146675,0.0,0.0,0.2,485.9892,16-04-2020
SB-20185,TEC-AC-10004396,US-Cen-Ill-Eva-60201,CA-2020-146675,SC-2020-04-146675,0.0,0.0,0.2,-4.9005,16-04-2020
TS-21160,OFF-FA-10004838,US-Eas-Ohi-Tol-43615,CA-2020-161263,SC-2020-04-161263,0.0,0.0,0.2,-2.2134,16-04-2020
BN-11470,OFF-FA-10001229,US-Eas-Pen-Phi-19143,CA-2020-106215,SC-2020-04-106215,0.0,0.0,0.2,4.0872,16-04-2020
TS-21160,TEC-PH-10002115,US-Eas-Ohi-Tol-43615,CA-2020-161263,SC-2020-04-161263,0.0,0.0,0.4,-27.7158,16-04-2020
DM-13345,FUR-CH-10003968,US-Eas-New-New-10024,CA-2020-142734,SC-2020-04-142734,0.0,0.0,0.1,2.8392,16-04-2020
TS-21160,OFF-FA-10003059,US-Eas-Ohi-Tol-43615,CA-2020-161263,SC-2020-04-161263,0.0,0.0,0.2,0.2353,16-04-2020
TS-21160,OFF-BI-10004330,US-Eas-Ohi-Tol-43615,CA-2020-161263,SC-2020-04-161263,0.0,0.0,0.7,-46.225,16-04-2020
GA-14515,TEC-PH-10002310,US-Wes-Cal-San-94122,CA-2020-155306,SC-2020-04-155306,0.0,0.0,0.2,68.5965,17-04-2020
GA-14515,OFF-PA-10001184,US-Wes-Cal-San-94122,CA-2020-155306,SC-2020-04-155306,0.0,0.0,0.0,5.8604,17-04-2020
GA-14515,TEC-AC-10003174,US-Wes-Cal-San-94122,CA-2020-155306,SC-2020-04-155306,0.0,0.0,0.0,129.348,17-04-2020
GA-14515,OFF-AR-10003251,US-Wes-Cal-San-94122,CA-2020-155306,SC-2020-04-155306,0.0,0.0,0.0,2.224,17-04-2020
GA-14515,OFF-AP-10002651,US-Wes-Cal-San-94122,CA-2020-155306,SC-2020-04-155306,0.0,0.0,0.0,419.8185,17-04-2020
JM-15535,TEC-AC-10003198,US-Eas-New-New-10035,CA-2020-148712,SC-2020-04-148712,0.0,0.0,0.0,36.852,17-04-2020
JM-15535,OFF-BI-10001900,US-Eas-New-New-10035,CA-2020-148712,SC-2020-04-148712,0.0,0.0,0.2,21.0249,17-04-2020
JM-15535,OFF-AR-10000614,US-Eas-New-New-10035,CA-2020-148712,SC-2020-04-148712,0.0,0.0,0.0,2.7846,17-04-2020
KW-16570,TEC-AC-10003116,US-Sou-Lou-Mon-71203,CA-2020-102722,FC-2020-04-102722,0.0,0.0,0.0,41.535,18-04-2020
MP-17965,OFF-PA-10003936,US-Cen-Tex-Mca-78501,US-2020-163433,SC-2020-04-163433,0.0,0.0,0.2,5.4432,18-04-2020
DE-13255,OFF-ST-10002756,US-Wes-Cal-Los-90004,CA-2020-142601,SC-2020-04-142601,0.0,0.0,0.0,9.4717,18-04-2020
MP-17965,OFF-BI-10000320,US-Cen-Tex-Mca-78501,US-2020-163433,SC-2020-04-163433,0.0,0.0,0.8,-2.2878,18-04-2020
MP-17965,TEC-PH-10003357,US-Cen-Tex-Mca-78501,US-2020-163433,SC-2020-04-163433,0.0,0.0,0.2,24.4768,18-04-2020
MP-17965,TEC-PH-10001870,US-Cen-Tex-Mca-78501,US-2020-163433,SC-2020-04-163433,0.0,0.0,0.2,6.123,18-04-2020
MP-17965,TEC-AC-10003590,US-Cen-Tex-Mca-78501,US-2020-163433,SC-2020-04-163433,0.0,0.0,0.2,8.2848,18-04-2020
NC-18415,OFF-ST-10000532,US-Wes-Cal-San-93454,US-2020-113593,FC-2020-04-113593,0.0,0.0,0.0,30.0144,18-04-2020
DE-13255,OFF-PA-10000483,US-Wes-Cal-Los-90004,CA-2020-142601,SC-2020-04-142601,0.0,0.0,0.0,27.882,18-04-2020
MP-17965,OFF-AR-10003481,US-Cen-Tex-Mca-78501,US-2020-163433,SC-2020-04-163433,0.0,0.0,0.2,0.8856,18-04-2020
MP-17965,OFF-AR-10003373,US-Cen-Tex-Mca-78501,US-2020-163433,SC-2020-04-163433,0.0,0.0,0.2,6.5058,18-04-2020
RF-19735,OFF-LA-10004093,US-Eas-New-New-10024,US-2020-134271,SC-2020-04-134271,0.0,0.0,0.0,10.3071,18-04-2020
MP-17965,OFF-BI-10003676,US-Cen-Tex-Mca-78501,US-2020-163433,SC-2020-04-163433,0.0,0.0,0.8,-6.8992,18-04-2020
DP-13000,FUR-CH-10003061,US-Cen-Ind-New-47150,CA-2020-115742,SC-2020-04-115742,0.0,0.0,0.0,17.0981,18-04-2020
DP-13000,FUR-FU-10001706,US-Cen-Ind-New-47150,CA-2020-115742,SC-2020-04-115742,0.0,0.0,0.0,2.9568,18-04-2020
MP-17965,FUR-CH-10000225,US-Cen-Tex-Mca-78501,US-2020-163433,SC-2020-04-163433,0.0,0.0,0.3,-20.245,18-04-2020
DP-13000,OFF-LA-10002762,US-Cen-Ind-New-47150,CA-2020-115742,SC-2020-04-115742,0.0,0.0,0.0,35.3346,18-04-2020
DP-13000,OFF-BI-10004410,US-Cen-Ind-New-47150,CA-2020-115742,SC-2020-04-115742,0.0,0.0,0.0,17.9634,18-04-2020
PG-18820,OFF-BI-10003925,US-Cen-Tex-Car-75007,US-2020-155369,SC-2020-04-155369,0.0,0.0,0.8,-512.1468,19-04-2020
PG-18820,OFF-AP-10002578,US-Cen-Tex-Car-75007,US-2020-155369,SC-2020-04-155369,0.0,0.0,0.8,-52.8336,19-04-2020
TS-21160,OFF-PA-20001166,US-Sou-Geo-Col-31907,CA-2020-149342,SC-2020-04-149342,0.0,0.0,0.0,6.2208,20-04-2020
TS-21160,FUR-FU-10002937,US-Sou-Geo-Col-31907,CA-2020-149342,SC-2020-04-149342,0.0,0.0,0.0,297.69,20-04-2020
ES-14020,OFF-PA-10002377,US-Cen-Tex-Hou-77036,CA-2020-142433,SC-2020-04-142433,0.0,0.0,0.2,44.046,20-04-2020
TS-21160,TEC-PH-10001557,US-Sou-Geo-Col-31907,CA-2020-149342,SC-2020-04-149342,0.0,0.0,0.0,77.7519,20-04-2020
OT-18730,OFF-EN-10003296,US-Cen-Mic-Det-48234,CA-2020-109169,SC-2020-04-109169,0.0,0.0,0.0,81.432,20-04-2020
JK-16090,FUR-FU-10003394,US-Sou-Ken-Lou-40214,CA-2020-107678,SC-2020-04-107678,0.0,0.0,0.0,35.6796,21-04-2020
JK-16090,OFF-BI-10002215,US-Sou-Ken-Lou-40214,CA-2020-107678,SC-2020-04-107678,0.0,0.0,0.0,9.798,21-04-2020
JK-16090,FUR-CH-10001891,US-Sou-Ken-Lou-40214,CA-2020-107678,SC-2020-04-107678,0.0,0.0,0.0,51.8292,21-04-2020
JK-16090,TEC-PH-10002103,US-Sou-Ken-Lou-40214,CA-2020-107678,SC-2020-04-107678,0.0,0.0,0.0,131.586,21-04-2020
AZ-10750,TEC-PH-10002923,US-Wes-Cal-Los-90008,CA-2020-151253,SC-2020-04-151253,0.0,0.0,0.2,7.7679,22-04-2020
AZ-10750,OFF-AR-10004691,US-Wes-Cal-Los-90008,CA-2020-151253,SC-2020-04-151253,0.0,0.0,0.0,16.6764,22-04-2020
DB-13270,OFF-AR-10001044,US-Eas-New-New-10009,CA-2020-118227,SC-2020-04-118227,0.0,0.0,0.0,7.5371,24-04-2020
LS-16945,OFF-EN-10003862,US-Wes-Cal-Los-90004,CA-2020-115420,SC-2020-05-115420,0.0,0.0,0.0,9.8164,25-04-2020
JS-15595,OFF-BI-10002071,US-Wes-Cal-Los-90045,CA-2020-143602,SC-2020-04-143602,0.0,0.0,0.2,4.5318,25-04-2020
TS-21655,OFF-AR-10000658,US-Cen-Wis-Mil-53209,CA-2020-153878,SC-2020-04-153878,0.0,0.0,0.0,16.17,25-04-2020
TS-21655,OFF-AP-10001205,US-Cen-Wis-Mil-53209,CA-2020-153878,SC-2020-04-153878,0.0,0.0,0.0,76.272,25-04-2020
ZC-21910,OFF-ST-10002574,US-Cen-Ill-Aur-60505,CA-2020-130365,SC-2020-04-130365,0.0,0.0,0.2,-55.256,25-04-2020
JL-15850,OFF-AP-10002311,US-Eas-New-New-10035,CA-2020-112557,FC-2020-04-112557,0.0,0.0,0.0,90.8292,25-04-2020
ZC-21910,FUR-CH-10003535,US-Cen-Ill-Aur-60505,CA-2020-130365,SC-2020-04-130365,0.0,0.0,0.3,-23.7822,25-04-2020
BW-11110,OFF-BI-10001524,US-Wes-Cal-San-92105,CA-2020-137302,SC-2020-05-137302,0.0,0.0,0.2,17.6232,26-04-2020
BW-11110,TEC-PH-10003174,US-Wes-Cal-San-92105,CA-2020-137302,SC-2020-05-137302,0.0,0.0,0.2,38.997,26-04-2020
PW-19240,FUR-CH-10004086,US-Cen-Tex-Hou-77036,US-2020-114839,SC-2020-04-114839,0.0,0.0,0.3,-5.8346,26-04-2020
BW-11110,FUR-CH-10002017,US-Wes-Cal-San-92105,CA-2020-137302,SC-2020-05-137302,0.0,0.0,0.2,6.3936,26-04-2020
JE-15745,OFF-ST-10004123,US-Sou-Ten-Mem-38109,US-2020-134026,SC-2020-05-134026,0.0,0.0,0.2,-18.196,26-04-2020
JE-15745,FUR-FU-10003708,US-Sou-Ten-Mem-38109,US-2020-134026,SC-2020-05-134026,0.0,0.0,0.2,1.213,26-04-2020
JE-15745,FUR-CH-10000513,US-Sou-Ten-Mem-38109,US-2020-134026,SC-2020-05-134026,0.0,0.0,0.2,-114.3912,26-04-2020
BW-11110,OFF-AR-10000588,US-Wes-Cal-San-92105,CA-2020-137302,SC-2020-05-137302,0.0,0.0,0.0,15.4752,26-04-2020
SA-20830,FUR-TA-10000577,US-Sou-Flo-Day-32114,CA-2020-122266,SC-2020-04-122266,0.0,0.0,0.45,-76.6062,26-04-2020
SA-20830,OFF-AR-10004757,US-Sou-Flo-Day-32114,CA-2020-122266,SC-2020-04-122266,0.0,0.0,0.2,0.4264,26-04-2020
GT-14710,OFF-AR-10001166,US-Eas-Dis-Was-20016,CA-2020-124450,SC-2020-05-124450,0.0,0.0,0.0,8.8686,27-04-2020
GT-14710,TEC-MA-10004212,US-Eas-Dis-Was-20016,CA-2020-124450,SC-2020-05-124450,0.0,0.0,0.0,648.5624,27-04-2020
GT-14710,FUR-CH-10000309,US-Eas-Dis-Was-20016,CA-2020-124450,SC-2020-05-124450,0.0,0.0,0.0,316.8825,27-04-2020
TC-21475,OFF-SU-10001574,US-Wes-Col-Aur-80013,CA-2020-151841,SC-2020-05-151841,0.0,0.0,0.2,0.73,27-04-2020
TC-21475,OFF-AP-10003971,US-Wes-Col-Aur-80013,CA-2020-151841,SC-2020-05-151841,0.0,0.0,0.2,3.267,27-04-2020
RA-19915,OFF-ST-10003327,US-Cen-Tex-Hou-77095,CA-2020-130792,SC-2020-05-130792,0.0,0.0,0.2,2.6811,28-04-2020
RA-19915,OFF-AP-10000696,US-Cen-Tex-Hou-77095,CA-2020-130792,SC-2020-05-130792,0.0,0.0,0.8,-20.3322,28-04-2020
SD-20485,OFF-AP-10003779,US-Cen-Mic-Mid-48640,CA-2020-120782,FC-2020-05-120782,0.0,0.0,0.1,41.496,28-04-2020
SD-20485,OFF-BI-10003527,US-Cen-Mic-Mid-48640,CA-2020-120782,FC-2020-05-120782,0.0,0.0,0.0,1906.485,28-04-2020
RA-19915,OFF-BI-10000309,US-Cen-Tex-Hou-77095,CA-2020-130792,SC-2020-05-130792,0.0,0.0,0.8,-18.8728,28-04-2020
JK-15640,OFF-PA-10001526,US-Eas-Pen-Phi-19120,CA-2020-157434,SC-2020-05-157434,0.0,0.0,0.2,2.8884,29-04-2020
BP-11230,TEC-PH-10001530,US-Eas-Ohi-Tro-45373,CA-2020-135174,SC-2020-05-135174,0.0,0.0,0.4,-255.7425,30-04-2020
KB-16585,OFF-AR-10000658,US-Wes-Cal-San-94110,CA-2020-103716,SC-2020-05-103716,0.0,0.0,0.0,9.702,30-04-2020
JW-15220,OFF-PA-10002689,US-Eas-Mas-Law-1841,US-2020-115238,SC-2020-05-115238,0.0,0.0,0.0,3.1104,30-04-2020
JW-15220,FUR-FU-10001025,US-Eas-Mas-Law-1841,US-2020-115238,SC-2020-05-115238,0.0,0.0,0.0,10.449,30-04-2020
JW-15220,TEC-PH-10001300,US-Eas-Mas-Law-1841,US-2020-115238,SC-2020-05-115238,0.0,0.0,0.0,58.66,30-04-2020
KB-16585,TEC-PH-10000347,US-Wes-Cal-San-94110,CA-2020-103716,SC-2020-05-103716,0.0,0.0,0.2,1.7325,30-04-2020
JW-15220,FUR-FU-10002445,US-Eas-Mas-Law-1841,US-2020-115238,SC-2020-05-115238,0.0,0.0,0.0,3.792,30-04-2020
JW-15220,FUR-FU-10002960,US-Eas-Mas-Law-1841,US-2020-115238,SC-2020-05-115238,0.0,0.0,0.0,13.188,30-04-2020
DB-13120,OFF-SU-10004261,US-Sou-Flo-Tam-33614,CA-2020-161998,SC-2020-05-161998,0.0,0.0,0.2,4.6548,01-05-2020
DB-13120,OFF-AR-10004022,US-Sou-Flo-Tam-33614,CA-2020-161998,SC-2020-05-161998,0.0,0.0,0.2,10.794,01-05-2020
PO-18850,OFF-ST-10000876,US-Wes-Cal-San-94109,CA-2020-104486,SC-2020-05-104486,0.0,0.0,0.0,10.4496,01-05-2020
PO-18850,OFF-BI-10000309,US-Wes-Cal-San-94109,CA-2020-104486,SC-2020-05-104486,0.0,0.0,0.2,4.4138,01-05-2020
JB-15400,TEC-PH-10004348,US-Wes-Cal-Los-90008,CA-2020-145821,SC-2020-05-145821,0.0,0.0,0.2,11.094,01-05-2020
PO-18850,OFF-SU-10002573,US-Wes-Cal-San-94109,CA-2020-104486,SC-2020-05-104486,0.0,0.0,0.0,10.518,01-05-2020
DB-13120,FUR-FU-10001095,US-Sou-Flo-Tam-33614,CA-2020-161998,SC-2020-05-161998,0.0,0.0,0.2,14.2992,01-05-2020
NC-18625,OFF-LA-10000443,US-Cen-Tex-Hou-77095,CA-2020-116687,SC-2020-05-116687,0.0,0.0,0.2,2.9889,02-05-2020
NC-18625,TEC-PH-10001750,US-Cen-Tex-Hou-77095,CA-2020-116687,SC-2020-05-116687,0.0,0.0,0.2,13.8579,02-05-2020
SV-20785,FUR-CH-10002965,US-Eas-Pen-Phi-19140,CA-2020-112130,SC-2020-05-112130,0.0,0.0,0.3,-36.1764,03-05-2020
SV-20785,OFF-ST-10000563,US-Eas-Pen-Phi-19140,CA-2020-112130,SC-2020-05-112130,0.0,0.0,0.2,-9.594,03-05-2020
LC-16870,TEC-AC-10000844,US-Wes-Cal-San-94109,CA-2020-150770,FC-2020-05-150770,0.0,0.0,0.0,122.3856,03-05-2020
SV-20785,OFF-PA-10002230,US-Eas-Pen-Phi-19140,CA-2020-112130,SC-2020-05-112130,0.0,0.0,0.2,2.8884,03-05-2020
SV-20785,OFF-AP-10003266,US-Eas-Pen-Phi-19140,CA-2020-112130,SC-2020-05-112130,0.0,0.0,0.2,6.5164,03-05-2020
LC-16870,OFF-BI-20002026,US-Wes-Cal-San-94109,CA-2020-150770,FC-2020-05-150770,0.0,0.0,0.2,21.8736,03-05-2020
SV-20785,OFF-AP-10003622,US-Eas-Pen-Phi-19140,CA-2020-112130,SC-2020-05-112130,0.0,0.0,0.2,2.0475,03-05-2020
SV-20785,TEC-AC-10001542,US-Eas-Pen-Phi-19140,CA-2020-112130,SC-2020-05-112130,0.0,0.0,0.2,-0.3444,03-05-2020
LC-16870,OFF-AR-10001246,US-Wes-Cal-San-94109,CA-2020-150770,FC-2020-05-150770,0.0,0.0,0.0,2.5578,03-05-2020
SV-20785,OFF-AR-10001468,US-Eas-Pen-Phi-19140,CA-2020-112130,SC-2020-05-112130,0.0,0.0,0.2,14.2272,03-05-2020
LC-16870,OFF-BI-10001575,US-Wes-Cal-San-94109,CA-2020-150770,FC-2020-05-150770,0.0,0.0,0.2,17.3488,03-05-2020
JB-16045,FUR-FU-10002298,US-Wes-Cal-Chu-91911,CA-2020-107937,SC-2020-05-107937,0.0,0.0,0.0,106.5408,03-05-2020
NF-18595,OFF-BI-10004654,US-Wes-Cal-San-95123,CA-2020-160864,FC-2020-05-160864,0.0,0.0,0.2,5.193,03-05-2020
LA-16780,FUR-FU-10001940,US-Cen-Ill-Tin-60477,CA-2020-129700,FC-2020-05-129700,0.0,0.0,0.6,-8.9152,04-05-2020
SV-20815,OFF-AR-10001897,US-Cen-Ind-Ind-46203,CA-2020-146290,SC-2020-05-146290,0.0,0.0,0.0,35.2604,04-05-2020
AS-10225,FUR-FU-10002671,US-Eas-New-New-10024,CA-2020-144253,SC-2020-05-144253,0.0,0.0,0.0,12.864,04-05-2020
AH-10690,TEC-PH-10002922,US-Cen-Tex-Hou-77095,CA-2020-110548,SC-2020-05-110548,0.0,0.0,0.2,118.293,04-05-2020
CC-12220,OFF-PA-10001952,US-Sou-Ken-Owe-42301,CA-2020-147879,SC-2020-05-147879,0.0,0.0,0.0,21.0128,07-05-2020
AG-10675,OFF-PA-10000213,US-Cen-Tex-All-75002,CA-2020-137512,SC-2020-05-137512,0.0,0.0,0.2,5.3784,07-05-2020
AG-10675,FUR-TA-10001095,US-Cen-Tex-All-75002,CA-2020-137512,SC-2020-05-137512,0.0,0.0,0.3,-31.3722,07-05-2020
NW-18400,OFF-SU-10000157,US-Eas-New-New-10024,US-2020-160857,SC-2020-05-160857,0.0,0.0,0.0,7.1586,08-05-2020
NW-18400,FUR-CH-10002647,US-Eas-New-New-10024,US-2020-160857,SC-2020-05-160857,0.0,0.0,0.1,21.294,08-05-2020
AB-10255,OFF-PA-10003465,US-Eas-New-New-10009,CA-2020-142055,FC-2020-05-142055,0.0,0.0,0.0,18.2112,08-05-2020
NW-18400,FUR-FU-10001095,US-Eas-New-New-10024,US-2020-160857,SC-2020-05-160857,0.0,0.0,0.0,30.1872,08-05-2020
DL-12925,TEC-PH-10000441,US-Cen-Min-Min-55407,CA-2020-136798,SC-2020-05-136798,0.0,0.0,0.0,105.8316,08-05-2020
DL-12925,FUR-FU-10000723,US-Cen-Min-Min-55407,CA-2020-136798,SC-2020-05-136798,0.0,0.0,0.0,11.1564,08-05-2020
NW-18400,OFF-PA-10003363,US-Eas-New-New-10024,US-2020-160857,SC-2020-05-160857,0.0,0.0,0.0,9.3312,08-05-2020
CB-12535,FUR-FU-10001852,US-Eas-Ohi-Cuy-44221,CA-2020-113971,SC-2020-05-113971,0.0,0.0,0.2,1.2528,08-05-2020
AA-10375,OFF-AR-10000127,US-Wes-Ore-Sal-97301,CA-2020-109939,SC-2020-05-109939,0.0,0.0,0.2,0.5904,08-05-2020
DL-12925,OFF-BI-10003684,US-Cen-Min-Min-55407,CA-2020-136798,SC-2020-05-136798,0.0,0.0,0.0,21.99,08-05-2020
NW-18400,TEC-CO-10004115,US-Eas-New-New-10024,US-2020-160857,SC-2020-05-160857,0.0,0.0,0.2,1014.9797,08-05-2020
ME-17725,OFF-BI-10000962,US-Sou-Ken-Lou-40214,CA-2020-155635,SC-2020-05-155635,0.0,0.0,0.0,23.9169,09-05-2020
DP-13390,OFF-AR-10004602,US-Cen-Ill-Aur-60505,CA-2020-129217,SC-2020-05-129217,0.0,0.0,0.2,3.6784,10-05-2020
AB-10165,TEC-AC-10002718,US-Wes-Col-Lou-80027,CA-2020-144043,SC-2020-05-144043,0.0,0.0,0.2,-2.918,10-05-2020
DP-13390,OFF-AP-10002439,US-Cen-Ill-Aur-60505,CA-2020-129217,SC-2020-05-129217,0.0,0.0,0.8,-191.619,10-05-2020
PS-18970,FUR-CH-10004540,US-Wes-Ari-Pho-85023,CA-2020-135727,SC-2020-05-135727,0.0,0.0,0.2,16.7972,11-05-2020
CS-12505,OFF-PA-10004239,US-Wes-Cal-San-94122,CA-2020-159380,SC-2020-05-159380,0.0,0.0,0.0,11.556,12-05-2020
LT-16765,TEC-PH-10000441,US-Wes-Col-Lou-80027,US-2020-122910,SC-2020-05-122910,0.0,0.0,0.2,20.1584,12-05-2020
JG-15160,TEC-PH-10001336,US-Cen-Tex-Hou-77041,CA-2020-131856,SC-2020-05-131856,0.0,0.0,0.2,69.6546,12-05-2020
JG-15160,FUR-FU-10000175,US-Cen-Tex-Hou-77041,CA-2020-131856,SC-2020-05-131856,0.0,0.0,0.6,-15.9268,12-05-2020
RO-19780,OFF-BI-10002949,US-Wes-Was-Sea-98115,CA-2020-162607,SC-2020-05-162607,0.0,0.0,0.2,4.9248,12-05-2020
AZ-10750,OFF-ST-10004258,US-Eas-New-New-10024,CA-2020-130876,SC-2020-05-130876,0.0,0.0,0.0,9.8901,12-05-2020
JG-15160,OFF-PA-10001954,US-Cen-Tex-Hou-77041,CA-2020-131856,SC-2020-05-131856,0.0,0.0,0.2,41.5688,12-05-2020
CS-12505,OFF-PA-10003893,US-Wes-Cal-San-94122,CA-2020-159380,SC-2020-05-159380,0.0,0.0,0.0,5.778,12-05-2020
BF-11170,OFF-FA-10002280,US-Cen-Ill-Chi-60623,CA-2020-145835,SC-2020-05-145835,0.0,0.0,0.2,5.6,13-05-2020
BF-11170,TEC-PH-10004447,US-Cen-Ill-Chi-60623,CA-2020-145835,SC-2020-05-145835,0.0,0.0,0.2,16.6788,13-05-2020
HG-15025,OFF-ST-10003470,US-Wes-Cal-Los-90032,CA-2020-165162,SC-2020-05-165162,0.0,0.0,0.0,55.896,14-05-2020
JO-15550,OFF-AR-10001118,US-Eas-Pen-Che-19013,CA-2020-119291,FC-2020-05-119291,0.0,0.0,0.2,0.8088,14-05-2020
JO-15550,OFF-BI-10001982,US-Eas-Pen-Che-19013,CA-2020-119291,FC-2020-05-119291,0.0,0.0,0.7,-3.4272,14-05-2020
JO-15550,OFF-BI-10001575,US-Eas-Pen-Che-19013,CA-2020-119291,FC-2020-05-119291,0.0,0.0,0.7,-13.6312,14-05-2020
JO-15550,OFF-LA-10003510,US-Eas-Pen-Che-19013,CA-2020-119291,FC-2020-05-119291,0.0,0.0,0.2,31.7512,14-05-2020
CB-12535,FUR-CH-10004495,US-Wes-Cal-Cam-93010,CA-2020-100146,SC-2020-05-100146,0.0,0.0,0.2,81.2646,14-05-2020
JO-15550,OFF-EN-10000927,US-Eas-Pen-Che-19013,CA-2020-119291,FC-2020-05-119291,0.0,0.0,0.2,62.8075,14-05-2020
JO-15550,OFF-LA-10002312,US-Eas-Pen-Che-19013,CA-2020-119291,FC-2020-05-119291,0.0,0.0,0.2,17.76,14-05-2020
JO-15550,OFF-AR-10003373,US-Eas-Pen-Che-19013,CA-2020-119291,FC-2020-05-119291,0.0,0.0,0.2,17.3488,14-05-2020
CB-12535,FUR-CH-10003833,US-Wes-Cal-Cam-93010,CA-2020-100146,SC-2020-05-100146,0.0,0.0,0.2,-6.098,14-05-2020
CB-12535,FUR-FU-10001979,US-Wes-Cal-Cam-93010,CA-2020-100146,SC-2020-05-100146,0.0,0.0,0.0,34.4148,14-05-2020
CB-12535,FUR-BO-10004015,US-Wes-Cal-Cam-93010,CA-2020-100146,SC-2020-05-100146,0.0,0.0,0.15,41.9965,14-05-2020
AH-10690,OFF-EN-10004147,US-Sou-Geo-Ros-30076,CA-2020-166604,SC-2020-05-166604,0.0,0.0,0.0,8.7906,15-05-2020
FC-14335,OFF-ST-10002583,US-Eas-Pen-Phi-19140,CA-2020-138492,SC-2020-05-138492,0.0,0.0,0.2,-10.3936,15-05-2020
TH-21550,TEC-AC-10002402,US-Sou-Flo-Jac-32216,CA-2020-100769,SC-2020-05-100769,0.0,0.0,0.2,31.996,16-05-2020
DV-13465,OFF-LA-10003766,US-Eas-New-Lon-11561,CA-2020-100251,SC-2020-05-100251,0.0,0.0,0.0,15.12,17-05-2020
ON-18715,OFF-BI-10002082,US-Cen-Tex-Hou-77095,US-2020-117184,SC-2020-05-117184,0.0,0.0,0.8,-49.92,17-05-2020
DV-13465,OFF-SU-10000898,US-Eas-New-Lon-11561,CA-2020-100251,SC-2020-05-100251,0.0,0.0,0.0,16.124,17-05-2020
ON-18715,OFF-PA-10002250,US-Cen-Tex-Hou-77095,US-2020-117184,SC-2020-05-117184,0.0,0.0,0.2,4.9308,17-05-2020
AJ-10780,OFF-PA-10003724,US-Wes-Cal-Los-90004,CA-2020-165554,SC-2020-05-165554,0.0,0.0,0.0,5.3214,18-05-2020
SG-20470,FUR-FU-10001986,US-Sou-Nor-Wil-27893,CA-2020-153535,SC-2020-05-153535,0.0,0.0,0.2,20.392,20-05-2020
SG-20470,OFF-BI-10001031,US-Sou-Nor-Wil-27893,CA-2020-153535,SC-2020-05-153535,0.0,0.0,0.7,-4.9128,20-05-2020
ME-18010,OFF-BI-10001636,US-Wes-Was-Sea-98105,CA-2020-169278,SC-2020-05-169278,0.0,0.0,0.2,8.7672,21-05-2020
HG-14965,OFF-BI-10001597,US-Eas-Pen-Phi-19143,CA-2020-102806,SC-2020-05-102806,0.0,0.0,0.7,-18.0312,21-05-2020
JE-15745,OFF-AP-10000358,US-Cen-Ill-Fra-60423,US-2020-168914,SC-2020-05-168914,0.0,0.0,0.8,-52.9584,21-05-2020
SB-20185,OFF-ST-10002406,US-Wes-Cal-Los-90045,CA-2020-149846,SC-2020-05-149846,0.0,0.0,0.0,29.3412,22-05-2020
SB-20185,TEC-MA-10004002,US-Wes-Cal-Los-90045,CA-2020-149846,SC-2020-05-149846,0.0,0.0,0.2,334.4985,22-05-2020
SB-20185,OFF-LA-10004484,US-Wes-Cal-Los-90045,CA-2020-149846,SC-2020-05-149846,0.0,0.0,0.0,3.7996,22-05-2020
SB-20185,TEC-PH-10003645,US-Wes-Cal-Los-90045,CA-2020-149846,SC-2020-05-149846,0.0,0.0,0.2,58.1796,22-05-2020
NM-18445,FUR-FU-10003724,US-Cen-Mic-Det-48234,CA-2020-136805,SC-2020-05-136805,0.0,0.0,0.0,19.5858,23-05-2020
EA-14035,OFF-EN-10000056,US-Sou-Sou-Col-29203,CA-2020-154921,SC-2020-05-154921,0.0,0.0,0.0,87.7443,23-05-2020
NM-18445,OFF-AP-10001394,US-Cen-Mic-Det-48234,CA-2020-136805,SC-2020-05-136805,0.0,0.0,0.1,245.7,23-05-2020
EB-13870,OFF-BI-10001036,US-Wes-Ari-Pho-85023,US-2020-110569,SC-2020-05-110569,0.0,0.0,0.7,-12.796,23-05-2020
EB-13870,OFF-AP-10004708,US-Wes-Ari-Pho-85023,US-2020-110569,SC-2020-05-110569,0.0,0.0,0.2,13.7016,23-05-2020
KH-16690,OFF-ST-10004507,US-Eas-Rho-Woo-2895,CA-2020-119102,SC-2020-05-119102,0.0,0.0,0.0,13.8915,23-05-2020
VS-21820,OFF-BI-10001249,US-Cen-Ill-Nap-60540,US-2020-165512,SC-2020-05-165512,0.0,0.0,0.8,-13.0152,24-05-2020
VS-21820,FUR-CH-10002880,US-Cen-Ill-Nap-60540,US-2020-165512,SC-2020-05-165512,0.0,0.0,0.3,-163.5767,24-05-2020
MM-18280,TEC-AC-10003095,US-Cen-Tex-Hal-76117,CA-2020-132941,FC-2020-05-132941,0.0,0.0,0.2,36.3972,25-05-2020
CY-12745,TEC-PH-10001944,US-Sou-Ten-Col-38401,CA-2020-109708,SC-2020-05-109708,0.0,0.0,0.2,58.38,25-05-2020
JH-16180,OFF-AP-10004487,US-Wes-Col-Pue-81001,CA-2020-138898,SC-2020-05-138898,0.0,0.0,0.2,84.5728,25-05-2020
MM-18280,OFF-PA-10002160,US-Cen-Tex-Hal-76117,CA-2020-132941,FC-2020-05-132941,0.0,0.0,0.2,11.7334,25-05-2020
NP-18685,FUR-FU-10002268,US-Wes-Cal-San-94109,CA-2020-141768,SC-2020-05-141768,0.0,0.0,0.0,4.8609,25-05-2020
NM-18445,OFF-BI-10001718,US-Cen-Kan-Wic-67212,US-2020-152128,SC-2020-05-152128,0.0,0.0,0.0,60.1412,25-05-2020
MM-18280,OFF-SU-10002557,US-Cen-Tex-Hal-76117,CA-2020-132941,FC-2020-05-132941,0.0,0.0,0.2,1.6776,25-05-2020
NM-18445,OFF-AR-10002445,US-Cen-Kan-Wic-67212,US-2020-152128,SC-2020-05-152128,0.0,0.0,0.0,8.0712,25-05-2020
PS-18760,TEC-MA-10004679,US-Cen-Tex-San-78207,CA-2020-143147,SC-2020-05-143147,0.0,0.0,0.4,-79.908,26-05-2020
PS-18760,FUR-CH-10000863,US-Cen-Tex-San-78207,CA-2020-143147,SC-2020-05-143147,0.0,0.0,0.3,-28.6862,26-05-2020
BF-11170,OFF-PA-10003790,US-Sou-Nor-Jac-28540,US-2020-113327,SC-2020-05-113327,0.0,0.0,0.2,5.9384,26-05-2020
RD-19900,FUR-FU-10003849,US-Wes-Was-Bel-98006,CA-2020-148964,SC-2020-05-148964,0.0,0.0,0.0,7.8936,26-05-2020
PS-18760,FUR-CH-10004754,US-Cen-Tex-San-78207,CA-2020-143147,SC-2020-05-143147,0.0,0.0,0.3,-4.497,26-05-2020
BF-11170,OFF-PA-10003134,US-Sou-Nor-Jac-28540,US-2020-113327,SC-2020-05-113327,0.0,0.0,0.2,53.8048,26-05-2020
BF-11170,OFF-EN-10004459,US-Sou-Nor-Jac-28540,US-2020-113327,SC-2020-05-113327,0.0,0.0,0.2,4.4312,26-05-2020
BF-11170,TEC-AC-10003628,US-Sou-Nor-Jac-28540,US-2020-113327,SC-2020-05-113327,0.0,0.0,0.2,50.3832,26-05-2020
KB-16315,OFF-AR-10000411,US-Eas-New-Fre-11520,CA-2020-131758,SC-2020-06-131758,0.0,0.0,0.0,14.346,28-05-2020
NK-18490,OFF-AR-10001547,US-Wes-Was-Sea-98105,CA-2020-118948,SC-2020-06-118948,0.0,0.0,0.0,1.7901,28-05-2020
MS-17770,OFF-BI-10000605,US-Eas-New-Roc-14609,CA-2020-135020,SC-2020-06-135020,0.0,0.0,0.2,2.0574,28-05-2020
KB-16315,OFF-LA-10000262,US-Eas-New-Fre-11520,CA-2020-131758,SC-2020-06-131758,0.0,0.0,0.0,6.003,28-05-2020
TB-21625,OFF-ST-10001328,US-Eas-Con-Man-6040,CA-2020-149601,SC-2020-06-149601,0.0,0.0,0.0,21.714,28-05-2020
TB-21625,OFF-ST-10001558,US-Eas-Con-Man-6040,CA-2020-149601,SC-2020-06-149601,0.0,0.0,0.0,2.436,28-05-2020
MS-17770,TEC-PH-10004093,US-Eas-New-Roc-14609,CA-2020-135020,SC-2020-06-135020,0.0,0.0,0.0,13.3371,28-05-2020
MS-17770,OFF-ST-10001490,US-Eas-New-Roc-14609,CA-2020-135020,SC-2020-06-135020,0.0,0.0,0.0,160.623,28-05-2020
MS-17770,OFF-PA-10004255,US-Eas-New-Roc-14609,CA-2020-135020,SC-2020-06-135020,0.0,0.0,0.0,21.7728,28-05-2020
JL-15850,OFF-BI-10002931,US-Wes-Was-Sea-98105,CA-2020-120880,SC-2020-06-120880,0.0,0.0,0.2,62.91,29-05-2020
VP-21760,FUR-FU-10002506,US-Eas-Ohi-Col-43229,CA-2020-111339,FC-2020-05-111339,0.0,0.0,0.2,-4.1568,29-05-2020
VP-21760,FUR-CH-10000863,US-Eas-Ohi-Col-43229,CA-2020-111339,FC-2020-05-111339,0.0,0.0,0.3,-86.0586,29-05-2020
VP-21760,OFF-FA-10002988,US-Eas-Ohi-Col-43229,CA-2020-111339,FC-2020-05-111339,0.0,0.0,0.2,2.9145,29-05-2020
JL-15850,OFF-PA-10004101,US-Wes-Was-Sea-98105,CA-2020-120880,SC-2020-06-120880,0.0,0.0,0.0,15.552,29-05-2020
CC-12100,OFF-PA-10000474,US-Eas-Ohi-Cle-44105,CA-2020-104297,FC-2020-05-104297,0.0,0.0,0.2,28.7064,29-05-2020
KB-16315,OFF-LA-10004484,US-Cen-Ind-Ind-46203,CA-2020-168277,SC-2020-06-168277,0.0,0.0,0.0,5.6994,29-05-2020
JL-15850,OFF-ST-10001496,US-Wes-Was-Sea-98105,CA-2020-120880,SC-2020-06-120880,0.0,0.0,0.0,140.5482,29-05-2020
EN-13780,TEC-PH-10001527,US-Eas-New-New-10009,CA-2020-103177,FC-2020-06-103177,0.0,0.0,0.0,3.8655,30-05-2020
EN-13780,TEC-PH-20001795,US-Eas-New-New-10009,CA-2020-103177,FC-2020-06-103177,0.0,0.0,0.0,2.3997,30-05-2020
BD-11560,TEC-AC-10000358,US-Sou-Vir-Spr-22153,CA-2020-163923,SC-2020-06-163923,0.0,0.0,0.0,36.4704,30-05-2020
EN-13780,OFF-AP-10004540,US-Eas-New-New-10009,CA-2020-103177,FC-2020-06-103177,0.0,0.0,0.0,44.8896,30-05-2020
TM-21010,OFF-ST-10000046,US-Wes-Uta-Ore-84057,CA-2020-147788,SC-2020-06-147788,0.0,0.0,0.0,61.389,31-05-2020
SC-20050,FUR-FU-10001935,US-Eas-Con-Nor-6360,CA-2020-133627,SC-2020-06-133627,0.0,0.0,0.0,9.102,31-05-2020
JM-15265,FUR-FU-10002703,US-Cen-Ill-Chi-60653,CA-2020-100818,SC-2020-06-100818,0.0,0.0,0.6,-61.872,31-05-2020
JM-15265,OFF-PA-10001125,US-Cen-Ill-Chi-60653,CA-2020-100818,SC-2020-06-100818,0.0,0.0,0.2,54.215,31-05-2020
JM-15265,OFF-LA-10000443,US-Cen-Ill-Chi-60653,CA-2020-100818,SC-2020-06-100818,0.0,0.0,0.2,1.9926,31-05-2020
TM-21010,FUR-BO-10004357,US-Wes-Uta-Ore-84057,CA-2020-147788,SC-2020-06-147788,0.0,0.0,0.0,140.686,31-05-2020
EM-13825,OFF-PA-10002120,US-Eas-New-Pat-7501,CA-2020-149748,SC-2020-06-149748,0.0,0.0,0.0,134.652,31-05-2020
EM-13825,OFF-ST-10004340,US-Eas-New-Pat-7501,CA-2020-149748,SC-2020-06-149748,0.0,0.0,0.0,16.7886,31-05-2020
EM-13825,FUR-FU-10001847,US-Eas-New-Pat-7501,CA-2020-149748,SC-2020-06-149748,0.0,0.0,0.0,2.9808,31-05-2020
BD-11320,FUR-CH-10002320,US-Cen-Min-Min-55407,CA-2020-120677,SC-2020-06-120677,0.0,0.0,0.0,770.352,31-05-2020
CW-11905,OFF-FA-10003472,US-Eas-New-Lon-11561,CA-2020-156153,SC-2020-06-156153,0.0,0.0,0.0,0.3024,31-05-2020
SP-20650,OFF-ST-10001590,US-Wes-Cal-San-95123,CA-2020-124919,FC-2020-06-124919,0.0,0.0,0.0,21.0288,31-05-2020
SP-20650,OFF-PA-10002254,US-Wes-Cal-San-95123,CA-2020-124919,FC-2020-06-124919,0.0,0.0,0.0,48.5392,31-05-2020
SP-20650,OFF-PA-10001950,US-Wes-Cal-San-95123,CA-2020-124919,FC-2020-06-124919,0.0,0.0,0.0,26.271,31-05-2020
ML-18265,OFF-AR-10003504,US-Sou-Nor-Fay-28314,CA-2020-136224,SC-2020-05-136224,0.0,0.0,0.2,1.1556,31-05-2020
JM-15265,OFF-BI-10004364,US-Cen-Ill-Chi-60653,CA-2020-100818,SC-2020-06-100818,0.0,0.0,0.8,-6.237,31-05-2020
TM-21010,OFF-LA-10003766,US-Wes-Uta-Ore-84057,CA-2020-147788,SC-2020-06-147788,0.0,0.0,0.0,7.56,31-05-2020
CG-12040,OFF-PA-10001838,US-Wes-Cal-Los-90045,CA-2020-161242,SC-2020-06-161242,0.0,0.0,0.0,5.7624,01-06-2020
AJ-10945,TEC-PH-10001299,US-Cen-Mic-Det-48227,US-2020-132836,SC-2020-06-132836,0.0,0.0,0.0,83.9944,01-06-2020
KE-16420,OFF-PA-10002606,US-Cen-Tex-San-78207,US-2020-163685,SC-2020-06-163685,0.0,0.0,0.2,13.2,01-06-2020
AJ-10945,OFF-LA-10004178,US-Cen-Mic-Det-48227,US-2020-132836,SC-2020-06-132836,0.0,0.0,0.0,13.2986,01-06-2020
AJ-10945,TEC-PH-10001300,US-Cen-Mic-Det-48227,US-2020-132836,SC-2020-06-132836,0.0,0.0,0.0,11.732,01-06-2020
KE-16420,OFF-BI-10001890,US-Cen-Tex-San-78207,US-2020-163685,SC-2020-06-163685,0.0,0.0,0.8,-9.1648,01-06-2020
AJ-10945,OFF-BI-10004224,US-Cen-Mic-Det-48227,US-2020-132836,SC-2020-06-132836,0.0,0.0,0.0,181.656,01-06-2020
BP-11155,TEC-AC-10001874,US-Wes-Cal-Los-90008,CA-2020-158491,SC-2020-06-158491,0.0,0.0,0.0,35.994,04-06-2020
TC-21535,OFF-PA-10004569,US-Eas-New-New-10024,US-2020-142020,SC-2020-06-142020,0.0,0.0,0.0,14.3068,04-06-2020
TC-21535,FUR-FU-10000672,US-Eas-New-New-10024,US-2020-142020,SC-2020-06-142020,0.0,0.0,0.0,11.9952,04-06-2020
LL-16840,OFF-LA-10000443,US-Wes-Was-Sea-98105,CA-2020-164833,SC-2020-06-164833,0.0,0.0,0.0,3.4686,04-06-2020
LL-16840,OFF-AR-10004685,US-Wes-Was-Sea-98105,CA-2020-164833,SC-2020-06-164833,0.0,0.0,0.0,3.0558,04-06-2020
BP-11155,TEC-AC-10003870,US-Wes-Cal-Los-90008,CA-2020-158491,SC-2020-06-158491,0.0,0.0,0.0,395.988,04-06-2020
EB-13750,FUR-CH-10004997,US-Eas-New-Buf-14215,CA-2020-166947,SC-2020-06-166947,0.0,0.0,0.1,169.182,05-06-2020
BB-11545,OFF-PA-10000528,US-Cen-Mis-Sai-63301,CA-2020-115168,SC-2020-06-115168,0.0,0.0,0.0,4.752,05-06-2020
HD-14785,OFF-AR-10003183,US-Eas-Pen-Phi-19143,CA-2020-157343,SC-2020-06-157343,0.0,0.0,0.2,1.002,07-06-2020
HD-14785,OFF-PA-10000552,US-Eas-Pen-Phi-19143,CA-2020-157343,SC-2020-06-157343,0.0,0.0,0.2,9.072,07-06-2020
HD-14785,OFF-BI-10003707,US-Eas-Pen-Phi-19143,CA-2020-157343,SC-2020-06-157343,0.0,0.0,0.7,-12.208,07-06-2020
EM-13810,OFF-BI-10004187,US-Wes-Cal-Los-90036,CA-2020-142041,SC-2020-06-142041,0.0,0.0,0.2,2.632,07-06-2020
AG-10495,OFF-LA-10001982,US-Sou-Flo-Sai-33710,CA-2020-162201,SC-2020-06-162201,0.0,0.0,0.2,3.15,08-06-2020
AG-10495,FUR-FU-10001185,US-Sou-Flo-Sai-33710,CA-2020-162201,SC-2020-06-162201,0.0,0.0,0.2,45.4671,08-06-2020
AG-10495,OFF-AR-10003856,US-Sou-Flo-Sai-33710,CA-2020-162201,SC-2020-06-162201,0.0,0.0,0.2,0.3336,08-06-2020
AG-10495,OFF-PA-10001215,US-Sou-Flo-Sai-33710,CA-2020-162201,SC-2020-06-162201,0.0,0.0,0.2,13.2,08-06-2020
AG-10495,OFF-ST-10000046,US-Sou-Flo-Sai-33710,CA-2020-162201,SC-2020-06-162201,0.0,0.0,0.2,-6.462,08-06-2020
AG-10495,OFF-PA-10002581,US-Sou-Flo-Sai-33710,CA-2020-162201,SC-2020-06-162201,0.0,0.0,0.2,54.215,08-06-2020
AG-10495,OFF-BI-10002429,US-Sou-Flo-Sai-33710,CA-2020-162201,SC-2020-06-162201,0.0,0.0,0.7,-13.3936,08-06-2020
MG-17695,OFF-AP-10003849,US-Cen-Ill-Chi-60610,CA-2020-164007,SC-2020-06-164007,0.0,0.0,0.8,-393.602,08-06-2020
MG-17695,TEC-AC-10003433,US-Cen-Ill-Chi-60610,CA-2020-164007,SC-2020-06-164007,0.0,0.0,0.2,0.7425,08-06-2020
NC-18415,OFF-PA-10000304,US-Cen-Mic-Roy-48073,CA-2020-144190,SC-2020-06-144190,0.0,0.0,0.0,6.2208,09-06-2020
MJ-17740,OFF-BI-10003876,US-Sou-Flo-Mia-33178,CA-2020-101868,SC-2020-06-101868,0.0,0.0,0.7,-42.8,09-06-2020
MJ-17740,OFF-BI-10002133,US-Sou-Flo-Mia-33178,CA-2020-101868,SC-2020-06-101868,0.0,0.0,0.7,-26.964,09-06-2020
AG-10765,OFF-BI-10001670,US-Sou-Vir-Ham-23666,CA-2020-110947,SC-2020-06-110947,0.0,0.0,0.0,56.55,09-06-2020
TG-21640,FUR-FU-10003192,US-Wes-Ida-Poc-83201,CA-2020-141012,SC-2020-06-141012,0.0,0.0,0.0,92.3936,09-06-2020
TG-21640,TEC-PH-10004522,US-Wes-Ida-Poc-83201,CA-2020-141012,SC-2020-06-141012,0.0,0.0,0.2,8.7735,09-06-2020
MJ-17740,TEC-AC-10004396,US-Sou-Flo-Mia-33178,CA-2020-101868,SC-2020-06-101868,0.0,0.0,0.2,-8.1675,09-06-2020
JE-15610,TEC-PH-10002496,US-Sou-Flo-Lak-33801,CA-2020-121720,FC-2020-06-121720,0.0,0.0,0.2,31.198,11-06-2020
JE-15610,FUR-CH-10003312,US-Sou-Flo-Lak-33801,CA-2020-121720,FC-2020-06-121720,0.0,0.0,0.2,-182.637,11-06-2020
JE-15610,OFF-ST-10003816,US-Sou-Flo-Lak-33801,CA-2020-121720,FC-2020-06-121720,0.0,0.0,0.2,21.1428,11-06-2020
JE-15610,OFF-ST-10001780,US-Sou-Flo-Lak-33801,CA-2020-121720,FC-2020-06-121720,0.0,0.0,0.2,51.8312,11-06-2020
JE-15610,OFF-BI-10004593,US-Sou-Flo-Lak-33801,CA-2020-121720,FC-2020-06-121720,0.0,0.0,0.7,-62.88,11-06-2020
JE-15610,FUR-FU-10003464,US-Sou-Flo-Lak-33801,CA-2020-121720,FC-2020-06-121720,0.0,0.0,0.2,7.3008,11-06-2020
JE-15610,OFF-AR-10000380,US-Sou-Flo-Lak-33801,CA-2020-121720,FC-2020-06-121720,0.0,0.0,0.2,7.596,11-06-2020
JE-15610,OFF-BI-10001308,US-Sou-Flo-Lak-33801,CA-2020-121720,FC-2020-06-121720,0.0,0.0,0.7,-3.14,11-06-2020
BD-11605,OFF-PA-10004451,US-Sou-Lou-Mon-71203,US-2020-123960,SC-2020-06-123960,0.0,0.0,0.0,15.552,11-06-2020
BD-11605,FUR-FU-10004666,US-Sou-Lou-Mon-71203,US-2020-123960,SC-2020-06-123960,0.0,0.0,0.0,10.7892,11-06-2020
BD-11605,OFF-AR-10003582,US-Sou-Lou-Mon-71203,US-2020-123960,SC-2020-06-123960,0.0,0.0,0.0,15.764,11-06-2020
BD-11605,TEC-AC-10003038,US-Sou-Lou-Mon-71203,US-2020-123960,SC-2020-06-123960,0.0,0.0,0.0,10.203,11-06-2020
BD-11605,OFF-BI-10002799,US-Sou-Lou-Mon-71203,US-2020-123960,SC-2020-06-123960,0.0,0.0,0.0,16.6796,11-06-2020
GB-14575,OFF-PA-10003848,US-Eas-Pen-Phi-19134,CA-2020-139850,SC-2020-06-139850,0.0,0.0,0.2,7.2576,12-06-2020
JH-15910,TEC-PH-10002844,US-Sou-Flo-Wes-33407,CA-2020-104115,SC-2020-06-104115,0.0,0.0,0.2,4.1988,12-06-2020
GB-14575,FUR-FU-10003623,US-Eas-Pen-Phi-19134,CA-2020-139850,SC-2020-06-139850,0.0,0.0,0.2,4.3296,12-06-2020
SZ-20035,OFF-ST-10002444,US-Cen-Ind-Col-47201,CA-2020-136105,SC-2020-06-136105,0.0,0.0,0.0,6.8768,12-06-2020
LE-16810,OFF-ST-10001505,US-Eas-Del-New-19711,CA-2020-131779,SC-2020-06-131779,0.0,0.0,0.0,5.083,12-06-2020
PS-19045,TEC-AC-10003657,US-Eas-Mai-Lew-4240,CA-2020-155054,SC-2020-06-155054,0.0,0.0,0.0,14.9556,13-06-2020
PS-19045,OFF-BI-10004970,US-Eas-Mai-Lew-4240,CA-2020-155054,SC-2020-06-155054,0.0,0.0,0.0,3.8822,13-06-2020
DH-13075,OFF-PA-10003363,US-Sou-Ala-Dec-35601,CA-2020-104941,SC-2020-06-104941,0.0,0.0,0.0,15.552,13-06-2020
BF-10975,OFF-PA-10001870,US-Sou-Geo-Ros-30076,CA-2020-137281,SC-2020-06-137281,0.0,0.0,0.0,3.1104,13-06-2020
DH-13075,OFF-BI-10001249,US-Sou-Ala-Dec-35601,CA-2020-104941,SC-2020-06-104941,0.0,0.0,0.0,8.8044,13-06-2020
JJ-15445,OFF-BI-10003707,US-Wes-Cal-Los-90004,CA-2020-127418,FC-2020-06-127418,0.0,0.0,0.2,13.734,13-06-2020
DH-13075,OFF-AR-10004269,US-Sou-Ala-Dec-35601,CA-2020-104941,SC-2020-06-104941,0.0,0.0,0.0,6.9384,13-06-2020
FC-14245,OFF-AR-10000634,US-Eas-Ohi-Spr-45503,CA-2020-104059,SC-2020-06-104059,0.0,0.0,0.2,0.2996,13-06-2020
DH-13075,TEC-CO-10004202,US-Sou-Ala-Dec-35601,CA-2020-104941,SC-2020-06-104941,0.0,0.0,0.0,314.9895,13-06-2020
PS-19045,OFF-BI-10002824,US-Eas-Mai-Lew-4240,CA-2020-155054,SC-2020-06-155054,0.0,0.0,0.0,13.428,13-06-2020
AD-10180,FUR-FU-10001867,US-Eas-Pen-Phi-19120,CA-2020-120439,SC-2020-06-120439,0.0,0.0,0.2,5.1072,14-06-2020
PF-19120,OFF-PA-10002245,US-Wes-Ari-Gil-85234,CA-2020-129896,SC-2020-06-129896,0.0,0.0,0.2,2.99,15-06-2020
PF-19120,OFF-ST-10004804,US-Wes-Ari-Gil-85234,CA-2020-129896,SC-2020-06-129896,0.0,0.0,0.2,-19.5624,15-06-2020
PF-19120,FUR-FU-10002396,US-Wes-Ari-Gil-85234,CA-2020-129896,SC-2020-06-129896,0.0,0.0,0.2,11.0704,15-06-2020
AC-10450,TEC-AC-10002718,US-Sou-Flo-Tam-33614,US-2020-106495,FC-2020-06-106495,0.0,0.0,0.2,-0.7295,15-06-2020
PF-19120,FUR-FU-10004904,US-Wes-Ari-Gil-85234,CA-2020-129896,SC-2020-06-129896,0.0,0.0,0.2,-36.4704,15-06-2020
GK-14620,TEC-PH-10002103,US-Wes-Cal-Los-90004,CA-2020-164567,SC-2020-06-164567,0.0,0.0,0.2,22.5576,15-06-2020
PB-19150,OFF-EN-10003072,US-Eas-Pen-Phi-19134,CA-2020-167269,SC-2020-06-167269,0.0,0.0,0.2,2.1728,16-06-2020
LS-17230,OFF-PA-10004156,US-Cen-Tex-Gra-75051,CA-2020-118955,SC-2020-06-118955,0.0,0.0,0.2,9.8658,16-06-2020
LS-17230,OFF-EN-10001028,US-Cen-Tex-Gra-75051,CA-2020-118955,SC-2020-06-118955,0.0,0.0,0.2,9.3444,16-06-2020
LS-17230,FUR-CH-10001708,US-Cen-Tex-Gra-75051,CA-2020-118955,SC-2020-06-118955,0.0,0.0,0.3,-25.3764,16-06-2020
LC-16885,TEC-PH-10004922,US-Eas-New-New-10009,US-2020-163825,FC-2020-06-163825,0.0,0.0,0.0,33.495,16-06-2020
LC-16885,OFF-BI-10003527,US-Eas-New-New-10009,US-2020-163825,FC-2020-06-163825,0.0,0.0,0.2,1143.891,16-06-2020
KH-16510,OFF-ST-10003716,US-Sou-Vir-Arl-22204,CA-2020-133242,SC-2020-06-133242,0.0,0.0,0.0,58.5052,18-06-2020
KH-16510,OFF-BI-10004002,US-Sou-Vir-Arl-22204,CA-2020-133242,SC-2020-06-133242,0.0,0.0,0.0,16.608,18-06-2020
KH-16510,TEC-PH-10002496,US-Sou-Vir-Arl-22204,CA-2020-133242,SC-2020-06-133242,0.0,0.0,0.0,140.391,18-06-2020
KH-16510,OFF-BI-10004826,US-Sou-Vir-Arl-22204,CA-2020-133242,SC-2020-06-133242,0.0,0.0,0.0,15.8496,18-06-2020
SN-20560,FUR-FU-10004973,US-Wes-Ari-Peo-85345,CA-2020-122287,SC-2020-06-122287,0.0,0.0,0.2,20.724,18-06-2020
SN-20560,OFF-BI-10003707,US-Wes-Ari-Peo-85345,CA-2020-122287,SC-2020-06-122287,0.0,0.0,0.7,-6.104,18-06-2020
SN-20560,OFF-BI-10004656,US-Wes-Ari-Peo-85345,CA-2020-122287,SC-2020-06-122287,0.0,0.0,0.7,-3.3264,18-06-2020
SN-20560,OFF-PA-10001661,US-Wes-Ari-Peo-85345,CA-2020-122287,SC-2020-06-122287,0.0,0.0,0.2,4.3326,18-06-2020
KH-16510,FUR-FU-10003464,US-Sou-Vir-Arl-22204,CA-2020-133242,SC-2020-06-133242,0.0,0.0,0.0,19.4688,18-06-2020
HR-14830,OFF-AR-10002399,US-Sou-Flo-Mia-33178,CA-2020-147011,SC-2020-06-147011,0.0,0.0,0.2,3.5784,18-06-2020
BG-11740,OFF-AR-10001044,US-Wes-Cal-San-92105,CA-2020-154200,SC-2020-06-154200,0.0,0.0,0.0,15.0742,18-06-2020
BV-11245,OFF-BI-10002982,US-Sou-Ten-Smy-37167,CA-2020-156734,FC-2020-06-156734,0.0,0.0,0.7,-4.4946,18-06-2020
BV-11245,OFF-PA-10001937,US-Sou-Ten-Smy-37167,CA-2020-156734,FC-2020-06-156734,0.0,0.0,0.2,7.2576,18-06-2020
BV-11245,FUR-CH-10002965,US-Sou-Ten-Smy-37167,CA-2020-156734,FC-2020-06-156734,0.0,0.0,0.2,56.2744,18-06-2020
PP-18955,OFF-LA-10004677,US-Eas-Pen-Phi-19134,CA-2020-111864,SC-2020-06-111864,0.0,0.0,0.2,1.9926,19-06-2020
LH-17155,FUR-FU-10000732,US-Wes-Cal-Los-90032,CA-2020-121965,SC-2020-06-121965,0.0,0.0,0.0,4.0192,19-06-2020
LH-17155,OFF-PA-10004355,US-Wes-Cal-Los-90032,CA-2020-121965,SC-2020-06-121965,0.0,0.0,0.0,3.1104,19-06-2020
KM-16375,OFF-ST-10003692,US-Cen-Tex-Hou-77070,CA-2020-163734,SC-2020-06-163734,0.0,0.0,0.2,14.3075,19-06-2020
LH-17155,OFF-EN-10000056,US-Wes-Cal-Los-90032,CA-2020-121965,SC-2020-06-121965,0.0,0.0,0.0,87.7443,19-06-2020
ME-17320,OFF-BI-10001107,US-Cen-Tex-Dal-75081,CA-2020-144302,SC-2020-06-144302,0.0,0.0,0.8,-9.5568,19-06-2020
BC-11125,TEC-AC-10001838,US-Eas-Pen-Phi-19134,CA-2020-158351,SC-2020-06-158351,0.0,0.0,0.2,91.9954,20-06-2020
SC-20770,TEC-PH-10002726,US-Wes-Cal-San-94122,CA-2020-140144,SC-2020-06-140144,0.0,0.0,0.2,47.241,20-06-2020
SC-20770,FUR-FU-10002253,US-Wes-Cal-San-94122,CA-2020-140144,SC-2020-06-140144,0.0,0.0,0.0,100.4796,20-06-2020
JM-16195,TEC-PH-10002070,US-Wes-Col-Aur-80013,US-2020-136427,FC-2020-06-136427,0.0,0.0,0.2,15.743,20-06-2020
EP-13915,TEC-PH-10001819,US-Sou-Flo-Del-32725,CA-2020-123330,SC-2020-06-123330,0.0,0.0,0.2,37.7916,21-06-2020
SW-20455,OFF-BI-10000545,US-Eas-New-Roc-14609,CA-2020-153423,SC-2020-06-153423,0.0,0.0,0.2,456.588,22-06-2020
KL-16645,OFF-FA-10000490,US-Wes-Uta-Lay-84041,CA-2020-128167,SC-2020-06-128167,0.0,0.0,0.0,2.3312,22-06-2020
MG-17875,FUR-TA-10002645,US-Cen-Ill-Aur-60505,CA-2020-124975,FC-2020-06-124975,0.0,0.0,0.5,-525.6405,22-06-2020
RD-19480,TEC-PH-10004830,US-Wes-Was-Oly-98502,CA-2020-122826,SC-2020-06-122826,0.0,0.0,0.2,22.6764,23-06-2020
CS-12355,TEC-PH-10003931,US-Wes-Cal-Lon-90805,CA-2020-139164,SC-2020-06-139164,0.0,0.0,0.2,8.9985,23-06-2020
CS-12355,OFF-FA-10003059,US-Wes-Cal-Lon-90805,CA-2020-139164,SC-2020-06-139164,0.0,0.0,0.0,1.7919,23-06-2020
RF-19345,FUR-FU-10000794,US-Sou-Geo-Eas-30344,CA-2020-106187,SC-2020-06-106187,0.0,0.0,0.0,9.3228,23-06-2020
CS-12355,TEC-PH-10002468,US-Wes-Cal-Lon-90805,CA-2020-139164,SC-2020-06-139164,0.0,0.0,0.2,19.0386,23-06-2020
RF-19345,TEC-AC-10001590,US-Sou-Geo-Eas-30344,CA-2020-106187,SC-2020-06-106187,0.0,0.0,0.0,18.0,23-06-2020
RF-19345,OFF-BI-10004519,US-Sou-Geo-Eas-30344,CA-2020-106187,SC-2020-06-106187,0.0,0.0,0.0,74.691,23-06-2020
CH-12070,OFF-ST-10002554,US-Eas-Pen-Phi-19143,CA-2020-127110,SC-2020-07-127110,0.0,0.0,0.2,-17.6076,25-06-2020
AB-10165,OFF-ST-10001963,US-Wes-Cal-Los-90045,CA-2020-115945,SC-2020-07-115945,0.0,0.0,0.0,9.1269,25-06-2020
CH-12070,OFF-PA-10003309,US-Eas-Pen-Phi-19143,CA-2020-127110,SC-2020-07-127110,0.0,0.0,0.2,10.8864,25-06-2020
JF-15565,FUR-FU-10001979,US-Wes-Cal-San-94110,CA-2020-137750,SC-2020-06-137750,0.0,0.0,0.0,57.358,25-06-2020
MV-17485,OFF-PA-10001019,US-Cen-Tex-Hou-77041,CA-2020-119690,FC-2020-06-119690,0.0,0.0,0.2,16.1838,25-06-2020
AB-10165,OFF-BI-10004330,US-Wes-Cal-Los-90045,CA-2020-115945,SC-2020-07-115945,0.0,0.0,0.2,27.735,25-06-2020
MV-17485,OFF-BI-10000201,US-Cen-Tex-Hou-77041,CA-2020-119690,FC-2020-06-119690,0.0,0.0,0.8,-1.476,25-06-2020
MV-17485,FUR-FU-10004587,US-Cen-Tex-Hou-77041,CA-2020-119690,FC-2020-06-119690,0.0,0.0,0.6,-20.7306,25-06-2020
MV-17485,OFF-LA-10001613,US-Cen-Tex-Hou-77041,CA-2020-119690,FC-2020-06-119690,0.0,0.0,0.2,1.6704,25-06-2020
AB-10165,OFF-AR-10004062,US-Wes-Cal-Los-90045,CA-2020-115945,SC-2020-07-115945,0.0,0.0,0.0,5.24,25-06-2020
SA-20830,FUR-CH-10003199,US-Sou-Vir-Ric-23223,CA-2020-115938,SC-2020-06-115938,0.0,0.0,0.0,79.9056,26-06-2020
SA-20830,OFF-BI-10001543,US-Sou-Vir-Ric-23223,CA-2020-115938,SC-2020-06-115938,0.0,0.0,0.0,69.1008,26-06-2020
VD-21670,TEC-PH-10001578,US-Cen-Tex-Hou-77070,CA-2020-166583,SC-2020-06-166583,0.0,0.0,0.2,109.3365,26-06-2020
DB-13360,OFF-PA-10004040,US-Eas-Ohi-Lak-44107,CA-2020-143882,SC-2020-06-143882,0.0,0.0,0.2,15.6078,26-06-2020
SA-20830,OFF-BI-10001132,US-Sou-Vir-Ric-23223,CA-2020-115938,SC-2020-06-115938,0.0,0.0,0.0,21.0896,26-06-2020
LA-16780,TEC-AC-10004708,US-Cen-Mic-Tay-48180,CA-2020-125395,SC-2020-06-125395,0.0,0.0,0.0,8.799,26-06-2020
SA-20830,OFF-ST-10001321,US-Sou-Vir-Ric-23223,CA-2020-115938,SC-2020-06-115938,0.0,0.0,0.0,4.1634,26-06-2020
DW-13585,OFF-PA-10003177,US-Eas-Ohi-Tro-45373,CA-2020-162950,SC-2020-07-162950,0.0,0.0,0.2,5.4432,28-06-2020
DW-13585,FUR-BO-10001918,US-Eas-Ohi-Tro-45373,CA-2020-162950,SC-2020-07-162950,0.0,0.0,0.5,-376.6932,28-06-2020
CY-12745,FUR-FU-10004306,US-Wes-Ari-Gil-85234,CA-2020-112144,SC-2020-07-112144,0.0,0.0,0.2,46.632,28-06-2020
CY-12745,OFF-LA-10000443,US-Wes-Ari-Gil-85234,CA-2020-112144,SC-2020-07-112144,0.0,0.0,0.2,1.9926,28-06-2020
MP-17470,OFF-AR-10000538,US-Sou-Geo-Smy-30080,CA-2020-103772,SC-2020-07-103772,0.0,0.0,0.0,42.225,28-06-2020
MP-17470,OFF-BI-10002867,US-Sou-Geo-Smy-30080,CA-2020-103772,SC-2020-07-103772,0.0,0.0,0.0,54.9976,28-06-2020
MM-18055,OFF-PA-10002870,US-Eas-New-New-10011,US-2020-141684,SC-2020-07-141684,0.0,0.0,0.0,11.232,29-06-2020
NF-18475,TEC-PH-10004667,US-Cen-Neb-Oma-68104,US-2020-100069,SC-2020-07-100069,0.0,0.0,0.0,72.8946,29-06-2020
SG-20470,FUR-CH-10001482,US-Eas-New-New-10024,CA-2020-165799,FC-2020-07-165799,0.0,0.0,0.1,1.3098,29-06-2020
RH-19600,FUR-CH-10003774,US-Cen-Ill-Car-60188,CA-2020-157322,SC-2020-07-157322,0.0,0.0,0.3,-92.7996,02-07-2020
RH-19600,OFF-ST-10004507,US-Cen-Ill-Car-60188,CA-2020-157322,SC-2020-07-157322,0.0,0.0,0.2,6.0025,02-07-2020
RH-19600,FUR-CH-10004086,US-Cen-Ill-Car-60188,CA-2020-157322,SC-2020-07-157322,0.0,0.0,0.3,-5.8346,02-07-2020
RH-19600,OFF-ST-10003208,US-Cen-Ill-Car-60188,CA-2020-157322,SC-2020-07-157322,0.0,0.0,0.2,48.9942,02-07-2020
FA-14230,TEC-PH-10003505,US-Sou-Nor-Ral-27604,CA-2020-140718,FC-2020-07-140718,0.0,0.0,0.2,8.352,02-07-2020
RH-19600,OFF-PA-10000659,US-Cen-Ill-Car-60188,CA-2020-157322,SC-2020-07-157322,0.0,0.0,0.2,3.7692,02-07-2020
FA-14230,FUR-FU-10000076,US-Sou-Nor-Ral-27604,CA-2020-140718,FC-2020-07-140718,0.0,0.0,0.2,45.954,02-07-2020
RB-19435,OFF-AP-10001293,US-Cen-Tex-Hou-77070,CA-2020-120397,SC-2020-07-120397,0.0,0.0,0.8,-85.2384,02-07-2020
KB-16315,OFF-PA-10003349,US-Sou-Flo-Hol-33021,CA-2020-111703,SC-2020-07-111703,0.0,0.0,0.2,5.6376,02-07-2020
FA-14230,OFF-BI-10004728,US-Sou-Nor-Ral-27604,CA-2020-140718,FC-2020-07-140718,0.0,0.0,0.7,-2.3136,02-07-2020
FA-14230,OFF-PA-10002250,US-Sou-Nor-Ral-27604,CA-2020-140718,FC-2020-07-140718,0.0,0.0,0.2,3.2872,02-07-2020
SR-20740,OFF-PA-10003797,US-Eas-New-New-10024,CA-2020-150196,FC-2020-07-150196,0.0,0.0,0.0,9.3312,02-07-2020
KB-16315,OFF-PA-10000349,US-Sou-Flo-Hol-33021,CA-2020-111703,SC-2020-07-111703,0.0,0.0,0.2,4.0338,02-07-2020
BD-11725,OFF-LA-10003930,US-Sou-Ken-Ric-40475,CA-2020-128139,SC-2020-07-128139,0.0,0.0,0.0,144.5157,03-07-2020
BD-11725,FUR-CH-10003956,US-Sou-Ken-Ric-40475,CA-2020-128139,SC-2020-07-128139,0.0,0.0,0.0,4.9686,03-07-2020
DG-13300,FUR-FU-10000293,US-Eas-Pen-Phi-19134,US-2020-153500,FC-2020-07-153500,0.0,0.0,0.2,-29.4812,03-07-2020
DG-13300,FUR-FU-10004460,US-Eas-Pen-Phi-19134,US-2020-153500,FC-2020-07-153500,0.0,0.0,0.2,56.5776,03-07-2020
DG-13300,OFF-PA-10001307,US-Eas-Pen-Phi-19134,US-2020-153500,FC-2020-07-153500,0.0,0.0,0.2,2.436,03-07-2020
AD-10180,OFF-AR-10004817,US-Eas-New-New-10035,CA-2020-124268,SC-2020-07-124268,0.0,0.0,0.0,4.4892,04-07-2020
JP-16135,OFF-BI-10002706,US-Wes-Cal-San-92024,CA-2020-152513,SC-2020-07-152513,0.0,0.0,0.2,7.4256,04-07-2020
IM-15070,TEC-PH-10004165,US-Cen-Wis-Mil-53209,CA-2020-154956,SC-2020-07-154956,0.0,0.0,0.0,285.9896,04-07-2020
RS-19765,OFF-LA-10003223,US-Sou-Nor-Cha-28205,US-2020-158911,SC-2020-07-158911,0.0,0.0,0.2,4.2717,05-07-2020
RS-19765,FUR-FU-10003829,US-Sou-Nor-Cha-28205,US-2020-158911,SC-2020-07-158911,0.0,0.0,0.2,0.7392,05-07-2020
VP-21730,OFF-BI-10003655,US-Cen-Mic-Ste-48310,CA-2020-130610,SC-2020-07-130610,0.0,0.0,0.0,8.93,05-07-2020
MW-18220,OFF-ST-10001558,US-Eas-Pen-Phi-19140,CA-2020-164336,SC-2020-07-164336,0.0,0.0,0.2,-2.436,05-07-2020
MW-18220,TEC-AC-10002345,US-Eas-Pen-Phi-19140,CA-2020-164336,SC-2020-07-164336,0.0,0.0,0.2,2.175,05-07-2020
BF-10975,OFF-BI-10004728,US-Sou-Nor-Fay-28314,CA-2020-116750,SC-2020-07-116750,0.0,0.0,0.7,-5.784,05-07-2020
BF-10975,FUR-FU-10003829,US-Sou-Nor-Fay-28314,CA-2020-116750,SC-2020-07-116750,0.0,0.0,0.2,0.7392,05-07-2020
KM-16225,OFF-ST-10001526,US-Eas-New-New-10011,CA-2020-108665,SC-2020-07-108665,0.0,0.0,0.0,156.429,06-07-2020
KM-16225,TEC-PH-10004188,US-Eas-New-New-10011,CA-2020-108665,SC-2020-07-108665,0.0,0.0,0.0,2.499,06-07-2020
PP-18955,FUR-BO-10002824,US-Eas-Mas-Hol-1040,CA-2020-146087,SC-2020-07-146087,0.0,0.0,0.0,60.392,06-07-2020
KM-16225,FUR-FU-10000965,US-Eas-New-New-10011,CA-2020-108665,SC-2020-07-108665,0.0,0.0,0.0,63.8862,06-07-2020
KM-16225,FUR-FU-10002191,US-Eas-New-New-10011,CA-2020-108665,SC-2020-07-108665,0.0,0.0,0.0,6.7008,06-07-2020
SJ-20215,FUR-CH-10003968,US-Wes-Cal-Pas-91104,CA-2020-161627,SC-2020-07-161627,0.0,0.0,0.2,-17.0352,06-07-2020
BF-10975,OFF-AR-10003732,US-Eas-New-Vin-8360,CA-2020-116260,SC-2020-07-116260,0.0,0.0,0.0,2.8912,06-07-2020
DM-13015,OFF-PA-10004248,US-Cen-Tex-Hou-77070,CA-2020-129392,SC-2020-07-129392,0.0,0.0,0.2,6.6,08-07-2020
BT-11680,OFF-ST-10003722,US-Eas-Mar-Cli-20735,CA-2020-132626,SC-2020-07-132626,0.0,0.0,0.0,28.4809,09-07-2020
BT-11680,OFF-FA-10002763,US-Eas-Mar-Cli-20735,CA-2020-132626,SC-2020-07-132626,0.0,0.0,0.0,5.056,09-07-2020
BT-11680,TEC-MA-10002428,US-Eas-Mar-Cli-20735,CA-2020-132626,SC-2020-07-132626,0.0,0.0,0.0,209.2365,09-07-2020
BT-11680,FUR-FU-10002918,US-Eas-Mar-Cli-20735,CA-2020-132626,SC-2020-07-132626,0.0,0.0,0.0,20.0156,09-07-2020
KN-16450,OFF-AP-10002684,US-Cen-Tex-Dal-75220,CA-2020-123456,SC-2020-07-123456,0.0,0.0,0.8,-121.58,09-07-2020
BT-11680,OFF-LA-10000476,US-Eas-Mar-Cli-20735,CA-2020-132626,SC-2020-07-132626,0.0,0.0,0.0,5.6994,09-07-2020
MC-17575,TEC-PH-10003072,US-Eas-Pen-Phi-19120,CA-2020-135314,SC-2020-07-135314,0.0,0.0,0.4,40.4973,09-07-2020
CB-12535,OFF-PA-10001609,US-Eas-Mas-Fra-2038,CA-2020-111094,SC-2020-07-111094,0.0,0.0,0.0,3.0268,09-07-2020
EB-13870,OFF-AR-10000657,US-Sou-Ten-Nas-37211,CA-2020-153626,SC-2020-07-153626,0.0,0.0,0.2,0.8385,09-07-2020
BT-11680,OFF-BI-10002854,US-Eas-Mar-Cli-20735,CA-2020-132626,SC-2020-07-132626,0.0,0.0,0.0,42.045,09-07-2020
BT-11680,OFF-AR-10002987,US-Eas-Mar-Cli-20735,CA-2020-132626,SC-2020-07-132626,0.0,0.0,0.0,32.5376,09-07-2020
BT-11680,OFF-BI-10004001,US-Eas-Mar-Cli-20735,CA-2020-132626,SC-2020-07-132626,0.0,0.0,0.0,70.5456,09-07-2020
BT-11680,OFF-BI-10001634,US-Eas-Mar-Cli-20735,CA-2020-132626,SC-2020-07-132626,0.0,0.0,0.0,21.4032,09-07-2020
CB-12535,OFF-BI-10001597,US-Eas-Mas-Fra-2038,CA-2020-111094,SC-2020-07-111094,0.0,0.0,0.0,59.0112,09-07-2020
MV-18190,OFF-BI-10003719,US-Wes-Cal-San-92404,CA-2020-107020,SC-2020-07-107020,0.0,0.0,0.2,12.974,10-07-2020
EH-13945,OFF-BI-10003196,US-Wes-Ari-Tem-85281,CA-2020-149384,SC-2020-07-149384,0.0,0.0,0.7,-2.244,10-07-2020
SC-20380,OFF-BI-10001597,US-Wes-Was-Sea-98115,CA-2020-142419,SC-2020-07-142419,0.0,0.0,0.2,34.4232,11-07-2020
CK-12595,FUR-FU-20004848,US-Eas-Pen-Phi-19134,CA-2020-142237,FC-2020-07-142237,0.0,0.0,0.2,36.225,11-07-2020
CK-12595,OFF-BI-10004022,US-Eas-Pen-Phi-19134,CA-2020-142237,FC-2020-07-142237,0.0,0.0,0.7,-2.0016,11-07-2020
CK-12595,OFF-AR-10003732,US-Eas-Pen-Phi-19134,CA-2020-142237,FC-2020-07-142237,0.0,0.0,0.2,0.834,11-07-2020
CK-12595,FUR-CH-10003833,US-Eas-Pen-Phi-19134,CA-2020-142237,FC-2020-07-142237,0.0,0.0,0.3,-73.176,11-07-2020
CK-12595,FUR-FU-10003142,US-Eas-Pen-Phi-19134,CA-2020-142237,FC-2020-07-142237,0.0,0.0,0.2,3.4848,11-07-2020
CK-12595,OFF-BI-10003669,US-Eas-Pen-Phi-19134,CA-2020-142237,FC-2020-07-142237,0.0,0.0,0.7,-4.752,11-07-2020
SC-20380,OFF-PA-10001763,US-Wes-Was-Sea-98115,CA-2020-142419,SC-2020-07-142419,0.0,0.0,0.0,13.4865,11-07-2020
TS-21370,FUR-TA-10001520,US-Eas-Del-Wil-19805,CA-2020-136469,FC-2020-07-136469,0.0,0.0,0.3,-37.1124,11-07-2020
TS-21370,TEC-PH-10001817,US-Eas-Del-Wil-19805,CA-2020-136469,FC-2020-07-136469,0.0,0.0,0.0,193.32,11-07-2020
TS-21370,OFF-BI-10004492,US-Eas-Del-Wil-19805,CA-2020-136469,FC-2020-07-136469,0.0,0.0,0.0,103.8982,11-07-2020
RL-19615,OFF-AR-10003190,US-Cen-Ill-Chi-60610,CA-2020-126557,SC-2020-07-126557,0.0,0.0,0.2,0.6912,12-07-2020
FM-14380,TEC-PH-10000526,US-Cen-Tex-Ama-79109,CA-2020-112711,SC-2020-07-112711,0.0,0.0,0.2,30.7168,12-07-2020
RL-19615,FUR-FU-10001861,US-Cen-Ill-Chi-60610,CA-2020-126557,SC-2020-07-126557,0.0,0.0,0.6,-2.134,12-07-2020
RL-19615,TEC-PH-10003505,US-Cen-Ill-Chi-60610,CA-2020-126557,SC-2020-07-126557,0.0,0.0,0.2,16.704,12-07-2020
RL-19615,TEC-PH-10000526,US-Cen-Ill-Chi-60610,CA-2020-126557,SC-2020-07-126557,0.0,0.0,0.2,53.7544,12-07-2020
RL-19615,TEC-PH-10003963,US-Cen-Ill-Chi-60610,CA-2020-126557,SC-2020-07-126557,0.0,0.0,0.2,49.4376,12-07-2020
RL-19615,OFF-BI-10003314,US-Cen-Ill-Chi-60610,CA-2020-126557,SC-2020-07-126557,0.0,0.0,0.8,-2.9884,12-07-2020
RL-19615,FUR-CH-10004477,US-Cen-Ill-Chi-60610,CA-2020-126557,SC-2020-07-126557,0.0,0.0,0.3,-5.4801,12-07-2020
ND-18370,OFF-BI-10000320,US-Eas-New-New-10035,CA-2020-114069,SC-2020-07-114069,0.0,0.0,0.2,4.2804,13-07-2020
ND-18370,OFF-PA-10000349,US-Eas-New-New-10035,CA-2020-114069,SC-2020-07-114069,0.0,0.0,0.0,4.6812,13-07-2020
SL-20155,OFF-BI-10001765,US-Cen-Tex-Hou-77095,US-2020-107349,FC-2020-07-107349,0.0,0.0,0.8,-66.5088,13-07-2020
ND-18460,OFF-PA-10000019,US-Sou-Geo-Mac-31204,US-2020-140851,SC-2020-07-140851,0.0,0.0,0.0,18.6624,13-07-2020
ND-18370,FUR-CH-10000595,US-Eas-New-New-10035,CA-2020-114069,SC-2020-07-114069,0.0,0.0,0.1,321.84,13-07-2020
TG-21310,FUR-BO-10001608,US-Wes-Ari-Mes-85204,CA-2020-143364,SC-2020-07-143364,0.0,0.0,0.7,-191.646,14-07-2020
TG-21310,FUR-CH-10004287,US-Wes-Ari-Mes-85204,CA-2020-143364,SC-2020-07-143364,0.0,0.0,0.2,49.716,14-07-2020
TG-21310,OFF-PA-10001846,US-Wes-Ari-Mes-85204,CA-2020-143364,SC-2020-07-143364,0.0,0.0,0.2,6.7048,14-07-2020
TG-21310,OFF-ST-10002743,US-Wes-Ari-Mes-85204,CA-2020-143364,SC-2020-07-143364,0.0,0.0,0.2,-64.7748,14-07-2020
MG-17890,OFF-FA-10001332,US-Eas-Mar-Bal-21215,CA-2020-146948,SC-2020-07-146948,0.0,0.0,0.0,5.4144,16-07-2020
EM-13810,FUR-CH-10004086,US-Wes-Cal-San-94122,CA-2020-113404,SC-2020-07-113404,0.0,0.0,0.2,78.7671,16-07-2020
MG-17890,OFF-EN-10000483,US-Eas-Mar-Bal-21215,CA-2020-146948,SC-2020-07-146948,0.0,0.0,0.0,63.135,16-07-2020
MG-17890,FUR-CH-10004853,US-Eas-Mar-Bal-21215,CA-2020-146948,SC-2020-07-146948,0.0,0.0,0.0,43.7842,16-07-2020
KE-16420,TEC-AC-10001990,US-Eas-New-New-10035,US-2020-166520,FC-2020-07-166520,0.0,0.0,0.0,191.968,16-07-2020
KE-16420,OFF-PA-10000501,US-Eas-New-New-10035,US-2020-166520,FC-2020-07-166520,0.0,0.0,0.0,39.6312,16-07-2020
EM-13810,FUR-CH-10003312,US-Wes-Cal-San-94122,CA-2020-113404,SC-2020-07-113404,0.0,0.0,0.2,-219.1644,16-07-2020
VB-21745,OFF-LA-10002368,US-Cen-Tex-Hou-77041,CA-2020-121132,SC-2020-07-121132,0.0,0.0,0.2,2.0358,17-07-2020
VB-21745,OFF-FA-10004248,US-Cen-Tex-Hou-77041,CA-2020-121132,SC-2020-07-121132,0.0,0.0,0.2,3.4276,17-07-2020
MP-17965,FUR-BO-10004709,US-Sou-Flo-Por-34952,US-2020-149629,SC-2020-07-149629,0.0,0.0,0.2,5.798,17-07-2020
JM-15535,FUR-BO-10003159,US-Wes-Cal-Bak-93309,CA-2020-138534,SC-2020-07-138534,0.0,0.0,0.15,-13.7976,17-07-2020
PJ-19015,FUR-FU-10002364,US-Eas-New-New-10024,CA-2020-122973,SC-2020-07-122973,0.0,0.0,0.0,2.1402,18-07-2020
KC-16255,OFF-AR-10003190,US-Eas-New-New-10009,CA-2020-159590,FC-2020-07-159590,0.0,0.0,0.0,1.6128,18-07-2020
PJ-19015,OFF-BI-10004182,US-Eas-New-New-10024,CA-2020-122973,SC-2020-07-122973,0.0,0.0,0.2,1.2064,18-07-2020
RF-19735,TEC-AC-10003095,US-Wes-Cal-San-92105,CA-2020-111206,SC-2020-07-111206,0.0,0.0,0.0,176.7864,18-07-2020
PJ-19015,TEC-PH-10002468,US-Eas-New-New-10024,CA-2020-122973,SC-2020-07-122973,0.0,0.0,0.0,36.7173,18-07-2020
TS-21085,OFF-BI-10004352,US-Wes-Ari-Pho-85023,US-2020-160150,FC-2020-07-160150,0.0,0.0,0.7,-1.35,19-07-2020
RK-19300,OFF-PA-10000528,US-Cen-Ind-Sou-46614,CA-2020-160472,SC-2020-07-160472,0.0,0.0,0.0,11.88,20-07-2020
RK-19300,OFF-ST-10003442,US-Cen-Ind-Sou-46614,CA-2020-160472,SC-2020-07-160472,0.0,0.0,0.0,38.178,20-07-2020
RK-19300,OFF-PA-10003129,US-Cen-Ind-Sou-46614,CA-2020-160472,SC-2020-07-160472,0.0,0.0,0.0,45.9754,20-07-2020
RA-19915,FUR-BO-10002545,US-Cen-Ill-Hig-60035,US-2020-122784,SC-2020-07-122784,0.0,0.0,0.3,-52.196,20-07-2020
RA-19915,TEC-PH-10001557,US-Cen-Ill-Hig-60035,US-2020-122784,SC-2020-07-122784,0.0,0.0,0.2,13.4386,20-07-2020
RA-19915,FUR-BO-10004690,US-Cen-Ill-Hig-60035,US-2020-122784,SC-2020-07-122784,0.0,0.0,0.3,-126.4816,20-07-2020
RK-19300,OFF-ST-10000464,US-Cen-Ind-Sou-46614,CA-2020-160472,SC-2020-07-160472,0.0,0.0,0.0,9.7328,20-07-2020
RA-19915,OFF-BI-10000546,US-Cen-Ill-Hig-60035,US-2020-122784,SC-2020-07-122784,0.0,0.0,0.8,-4.464,20-07-2020
RK-19300,OFF-EN-10000483,US-Cen-Ind-Sou-46614,CA-2020-160472,SC-2020-07-160472,0.0,0.0,0.0,49.105,20-07-2020
RK-19300,TEC-AC-10002253,US-Cen-Ind-Sou-46614,CA-2020-160472,SC-2020-07-160472,0.0,0.0,0.0,124.68,20-07-2020
TH-21550,FUR-FU-10002253,US-Eas-New-New-10009,CA-2020-120810,SC-2020-07-120810,0.0,0.0,0.0,50.2398,23-07-2020
TH-21550,OFF-AP-10002892,US-Eas-New-New-10009,CA-2020-120810,SC-2020-07-120810,0.0,0.0,0.0,20.682,23-07-2020
MS-17830,OFF-BI-10003460,US-Eas-New-Roc-14609,CA-2020-124044,SC-2020-07-124044,0.0,0.0,0.2,3.6792,23-07-2020
SS-20515,FUR-FU-10001487,US-Sou-Ken-Lou-40214,CA-2020-103135,SC-2020-07-103135,0.0,0.0,0.0,6.0726,24-07-2020
SS-20515,OFF-BI-10000069,US-Sou-Ken-Lou-40214,CA-2020-103135,SC-2020-07-103135,0.0,0.0,0.0,62.1414,24-07-2020
SS-20515,TEC-AC-10003289,US-Sou-Ken-Lou-40214,CA-2020-103135,SC-2020-07-103135,0.0,0.0,0.0,64.3678,24-07-2020
SS-20515,OFF-BI-10000069,US-Sou-Ken-Lou-40214,CA-2020-103135,SC-2020-07-103135,0.0,0.0,0.0,41.4276,24-07-2020
MH-18025,OFF-FA-10004395,US-Wes-Was-Sea-98115,CA-2020-148635,SC-2020-07-148635,0.0,0.0,0.0,0.471,25-07-2020
RB-19795,OFF-BI-10001524,US-Eas-Pen-Phi-19143,US-2020-150161,SC-2020-07-150161,0.0,0.0,0.7,-18.4624,25-07-2020
YS-21880,OFF-EN-10001335,US-Sou-Ala-Mon-36116,CA-2020-154291,SC-2020-07-154291,0.0,0.0,0.0,49.23,25-07-2020
RD-19930,TEC-PH-10004094,US-Wes-Cal-Los-90032,CA-2020-139248,SC-2020-07-139248,0.0,0.0,0.2,38.9975,25-07-2020
YS-21880,FUR-TA-10002041,US-Sou-Ala-Mon-36116,CA-2020-154291,SC-2020-07-154291,0.0,0.0,0.0,39.4438,25-07-2020
MH-18025,FUR-CH-10001854,US-Wes-Was-Sea-98115,CA-2020-148635,SC-2020-07-148635,0.0,0.0,0.2,28.0784,25-07-2020
MH-18025,OFF-PA-10004782,US-Wes-Was-Sea-98115,CA-2020-148635,SC-2020-07-148635,0.0,0.0,0.0,6.2208,25-07-2020
BP-11095,OFF-BI-10000605,US-Wes-Cal-Oxn-93030,CA-2020-148180,SC-2020-07-148180,0.0,0.0,0.2,3.0861,26-07-2020
CK-12760,FUR-CH-10003199,US-Wes-Ari-Gle-85301,CA-2020-127754,SC-2020-07-127754,0.0,0.0,0.2,13.3176,26-07-2020
HA-14920,OFF-EN-10002230,US-Wes-Cal-San-94110,CA-2020-136735,SC-2020-08-136735,0.0,0.0,0.0,78.8942,26-07-2020
BP-11095,OFF-BI-10003314,US-Wes-Cal-Oxn-93030,CA-2020-148180,SC-2020-07-148180,0.0,0.0,0.2,8.3868,26-07-2020
AS-10240,OFF-PA-10003072,US-Eas-Pen-Phi-19140,CA-2020-143700,SC-2020-07-143700,0.0,0.0,0.2,3.6288,26-07-2020
BP-11095,OFF-AR-10002067,US-Wes-Cal-Oxn-93030,CA-2020-148180,SC-2020-07-148180,0.0,0.0,0.0,25.792,26-07-2020
CA-12775,FUR-TA-10002356,US-Wes-Ari-Mes-85204,US-2020-140200,FC-2020-07-140200,0.0,0.0,0.5,-204.4458,26-07-2020
PG-18820,TEC-PH-10004897,US-Sou-Ken-Lou-40214,US-2020-129553,SC-2020-08-129553,0.0,0.0,0.0,0.2997,27-07-2020
HA-14920,OFF-BI-10002557,US-Wes-Cal-San-94109,CA-2020-155334,FC-2020-07-155334,0.0,0.0,0.2,4.095,30-07-2020
HA-14920,FUR-FU-10003274,US-Wes-Cal-San-94109,CA-2020-155334,FC-2020-07-155334,0.0,0.0,0.0,2.3232,30-07-2020
GH-14410,FUR-CH-10002304,US-Cen-Min-Lak-55044,US-2020-164966,FC-2020-08-164966,0.0,0.0,0.0,38.97,30-07-2020
CC-12610,OFF-ST-10000943,US-Cen-Tex-Hou-77041,CA-2020-132507,SC-2020-08-132507,0.0,0.0,0.2,6.1792,30-07-2020
HA-14920,TEC-AC-10003628,US-Wes-Cal-San-94109,CA-2020-155334,FC-2020-07-155334,0.0,0.0,0.0,92.3692,30-07-2020
RH-19495,TEC-AC-10003033,US-Eas-New-New-10024,CA-2020-124891,SC-2020-07-124891,0.0,0.0,0.0,762.1845,31-07-2020
RH-19495,FUR-TA-10002903,US-Eas-New-New-10024,CA-2020-124891,SC-2020-07-124891,0.0,0.0,0.4,-290.8752,31-07-2020
SC-20695,OFF-SU-10002573,US-Cen-Mis-Sai-63116,CA-2020-111017,SC-2020-08-111017,0.0,0.0,0.0,15.777,31-07-2020
AR-10405,TEC-AC-10004469,US-Sou-Mis-Hat-39401,CA-2020-164427,SC-2020-08-164427,0.0,0.0,0.0,105.468,31-07-2020
RH-19495,OFF-PA-10004621,US-Eas-New-New-10024,CA-2020-124891,SC-2020-07-124891,0.0,0.0,0.0,9.3312,31-07-2020
PC-19000,OFF-AR-10001868,US-Wes-Cal-Los-90004,CA-2020-153388,SC-2020-08-153388,0.0,0.0,0.0,3.36,01-08-2020
PC-19000,FUR-TA-10003715,US-Wes-Cal-Los-90004,CA-2020-153388,SC-2020-08-153388,0.0,0.0,0.2,-175.8708,01-08-2020
Co-12640,TEC-MA-10001972,US-Wes-Was-Sea-98105,CA-2020-147501,SC-2020-08-147501,0.0,0.0,0.2,41.88,02-08-2020
BE-11455,OFF-PA-10001307,US-Eas-Rho-Pro-2908,CA-2020-122406,SC-2020-08-122406,0.0,0.0,0.0,4.116,02-08-2020
BE-11455,TEC-AC-10004571,US-Eas-Rho-Pro-2908,CA-2020-122406,SC-2020-08-122406,0.0,0.0,0.0,83.9916,02-08-2020
DK-12985,FUR-TA-10003469,US-Wes-Ore-Spr-97477,CA-2020-112767,SC-2020-08-112767,0.0,0.0,0.5,-188.7,02-08-2020
BE-11455,FUR-CH-10001973,US-Eas-Rho-Pro-2908,CA-2020-122406,SC-2020-08-122406,0.0,0.0,0.0,15.5372,02-08-2020
BE-11455,TEC-PH-10001527,US-Eas-Rho-Pro-2908,CA-2020-122406,SC-2020-08-122406,0.0,0.0,0.0,3.8655,02-08-2020
Co-12640,OFF-BI-10002003,US-Wes-Was-Sea-98105,CA-2020-147501,SC-2020-08-147501,0.0,0.0,0.2,2.1492,02-08-2020
AH-10690,OFF-BI-10002982,US-Cen-Tex-Dal-75220,CA-2020-112214,SC-2020-08-112214,0.0,0.0,0.8,-2.1792,05-08-2020
AH-10690,FUR-FU-10002364,US-Cen-Tex-Dal-75220,CA-2020-112214,SC-2020-08-112214,0.0,0.0,0.6,-11.439,05-08-2020
AH-10690,OFF-ST-10001505,US-Cen-Tex-Dal-75220,CA-2020-112214,SC-2020-08-112214,0.0,0.0,0.2,-1.2558,05-08-2020
AH-10690,OFF-SU-10003567,US-Cen-Tex-Dal-75220,CA-2020-112214,SC-2020-08-112214,0.0,0.0,0.2,-4.896,05-08-2020
MS-17980,OFF-PA-10004156,US-Cen-Tex-Hou-77041,CA-2020-160794,FC-2020-08-160794,0.0,0.0,0.2,9.8658,06-08-2020
RP-19270,OFF-PA-10003302,US-Cen-Tex-Hou-77095,CA-2020-135251,SC-2020-08-135251,0.0,0.0,0.2,19.1376,06-08-2020
RP-19270,OFF-LA-10004544,US-Cen-Tex-Hou-77095,CA-2020-135251,SC-2020-08-135251,0.0,0.0,0.2,13.32,06-08-2020
RP-19270,OFF-BI-10001097,US-Cen-Tex-Hou-77095,CA-2020-135251,SC-2020-08-135251,0.0,0.0,0.8,-9.6565,06-08-2020
RP-19270,FUR-BO-10003965,US-Cen-Tex-Hou-77095,CA-2020-135251,SC-2020-08-135251,0.0,0.0,0.32,-114.0174,06-08-2020
JK-15625,OFF-AR-10002952,US-Eas-Pen-Phi-19120,CA-2020-138331,SC-2020-08-138331,0.0,0.0,0.2,10.68,07-08-2020
EM-14095,OFF-LA-10004545,US-Sou-Vir-Spr-22153,CA-2020-163237,SC-2020-08-163237,0.0,0.0,0.0,11.7782,07-08-2020
NS-18640,OFF-AP-10001492,US-Eas-Mar-Bal-21215,US-2020-117492,FC-2020-08-117492,0.0,0.0,0.0,20.1708,07-08-2020
KW-16570,OFF-BI-10002215,US-Cen-Mis-Kir-63122,US-2020-124219,FC-2020-08-124219,0.0,0.0,0.0,13.064,07-08-2020
PN-18775,OFF-BI-10002194,US-Wes-Cal-Bak-93309,CA-2020-141936,SC-2020-08-141936,0.0,0.0,0.2,6.4638,07-08-2020
KW-16570,FUR-FU-10000305,US-Cen-Mis-Kir-63122,US-2020-124219,FC-2020-08-124219,0.0,0.0,0.0,34.0704,07-08-2020
EM-14095,TEC-PH-10003601,US-Sou-Vir-Spr-22153,CA-2020-163237,SC-2020-08-163237,0.0,0.0,0.0,148.491,07-08-2020
NS-18640,OFF-BI-10004970,US-Wes-Ida-Boi-83704,CA-2020-163895,SC-2020-08-163895,0.0,0.0,0.2,1.1151,07-08-2020
DB-13405,OFF-AR-10004587,US-Eas-Mas-Law-1841,CA-2020-129322,SC-2020-08-129322,0.0,0.0,0.0,11.898,08-08-2020
TT-21220,FUR-CH-10000785,US-Wes-Cal-San-94109,CA-2020-168564,SC-2020-08-168564,0.0,0.0,0.2,10.8588,08-08-2020
TT-21220,OFF-BI-10002557,US-Wes-Cal-San-94109,CA-2020-168564,SC-2020-08-168564,0.0,0.0,0.2,2.73,08-08-2020
RD-19585,TEC-AC-10000736,US-Eas-New-Uti-13501,CA-2020-127544,SC-2020-08-127544,0.0,0.0,0.0,28.7964,08-08-2020
TT-21220,OFF-BI-10004970,US-Wes-Cal-San-94109,CA-2020-168564,SC-2020-08-168564,0.0,0.0,0.2,2.2302,08-08-2020
DB-13405,OFF-AP-10004336,US-Eas-Mas-Law-1841,CA-2020-129322,SC-2020-08-129322,0.0,0.0,0.0,33.0368,08-08-2020
DB-13405,OFF-BI-10001718,US-Eas-Mas-Law-1841,CA-2020-129322,SC-2020-08-129322,0.0,0.0,0.0,210.4942,08-08-2020
NP-18325,FUR-TA-10002607,US-Eas-New-New-10024,CA-2020-131338,FC-2020-08-131338,0.0,0.0,0.4,-153.1224,09-08-2020
NP-18325,OFF-FA-10000992,US-Eas-New-New-10024,CA-2020-131338,FC-2020-08-131338,0.0,0.0,0.0,5.0055,09-08-2020
NP-18325,TEC-AC-10002600,US-Eas-New-New-10024,CA-2020-131338,FC-2020-08-131338,0.0,0.0,0.0,34.692,09-08-2020
NP-18325,OFF-BI-10000545,US-Eas-New-New-10024,CA-2020-131338,FC-2020-08-131338,0.0,0.0,0.2,456.588,09-08-2020
NP-18325,FUR-FU-10002157,US-Eas-New-New-10024,CA-2020-131338,FC-2020-08-131338,0.0,0.0,0.0,18.3456,09-08-2020
DS-13180,OFF-AR-10001026,US-Cen-Mic-Det-48227,CA-2020-163055,SC-2020-08-163055,0.0,0.0,0.0,0.968,09-08-2020
DS-13180,FUR-TA-10003748,US-Cen-Mic-Det-48227,CA-2020-163055,SC-2020-08-163055,0.0,0.0,0.0,136.939,09-08-2020
NP-18325,FUR-FU-10001706,US-Eas-New-New-10024,CA-2020-131338,FC-2020-08-131338,0.0,0.0,0.0,2.9568,09-08-2020
NP-18325,OFF-PA-10001357,US-Eas-New-New-10024,CA-2020-131338,FC-2020-08-131338,0.0,0.0,0.0,68.976,09-08-2020
NP-18325,OFF-ST-10000642,US-Eas-New-New-10024,CA-2020-131338,FC-2020-08-131338,0.0,0.0,0.0,2.9372,09-08-2020
MF-18250,FUR-FU-10000320,US-Eas-New-New-10035,CA-2020-128013,SC-2020-08-128013,0.0,0.0,0.0,4.4088,09-08-2020
DS-13180,OFF-ST-10002485,US-Cen-Mic-Det-48227,CA-2020-163055,SC-2020-08-163055,0.0,0.0,0.0,0.2198,09-08-2020
MF-18250,OFF-PA-10001815,US-Eas-New-New-10035,CA-2020-128013,SC-2020-08-128013,0.0,0.0,0.0,69.1776,09-08-2020
NP-18325,TEC-PH-10003012,US-Eas-New-New-10024,CA-2020-131338,FC-2020-08-131338,0.0,0.0,0.0,89.3142,09-08-2020
HR-14770,FUR-BO-10004690,US-Cen-Wis-Mil-53209,CA-2020-103954,SC-2020-08-103954,0.0,0.0,0.0,48.118,09-08-2020
RA-19885,OFF-LA-10001613,US-Sou-Flo-Jac-32216,CA-2020-155453,SC-2020-08-155453,0.0,0.0,0.2,1.6704,09-08-2020
NP-18325,TEC-PH-10000984,US-Eas-New-New-10024,CA-2020-131338,FC-2020-08-131338,0.0,0.0,0.0,274.386,09-08-2020
WB-21850,OFF-AP-10001469,US-Wes-Ore-Red-97756,US-2020-156496,SC-2020-08-156496,0.0,0.0,0.2,15.0156,10-08-2020
WB-21850,TEC-PH-10000576,US-Wes-Ore-Red-97756,US-2020-156496,SC-2020-08-156496,0.0,0.0,0.2,38.3572,10-08-2020
JK-16120,OFF-AR-10001915,US-Cen-Min-Eag-55122,CA-2020-130022,SC-2020-08-130022,0.0,0.0,0.0,12.5118,10-08-2020
JK-16120,OFF-LA-10002043,US-Cen-Min-Eag-55122,CA-2020-130022,SC-2020-08-130022,0.0,0.0,0.0,19.872,10-08-2020
JK-16120,OFF-LA-10002787,US-Cen-Min-Eag-55122,CA-2020-130022,SC-2020-08-130022,0.0,0.0,0.0,1.8,10-08-2020
WB-21850,TEC-PH-10004188,US-Wes-Ore-Red-97756,US-2020-156496,SC-2020-08-156496,0.0,0.0,0.2,-31.4874,10-08-2020
BD-11320,OFF-BI-10004632,US-Cen-Mic-Det-48227,CA-2020-121699,SC-2020-08-121699,0.0,0.0,0.0,29.1375,10-08-2020
PO-19180,OFF-AR-10001427,US-Eas-New-New-10035,US-2020-156797,SC-2020-08-156797,0.0,0.0,0.0,3.1096,11-08-2020
PO-19180,TEC-PH-10004614,US-Eas-New-New-10035,US-2020-156797,SC-2020-08-156797,0.0,0.0,0.0,34.5,11-08-2020
BW-11065,FUR-FU-20004270,US-Sou-Nor-Ral-27604,CA-2020-119634,SC-2020-08-119634,0.0,0.0,0.2,12.1149,11-08-2020
GK-14620,OFF-AR-10001446,US-Sou-Nor-Gre-27405,CA-2020-133396,FC-2020-08-133396,0.0,0.0,0.2,8.085,13-08-2020
RA-19285,OFF-BI-10003529,US-Cen-Ind-Ric-47374,CA-2020-150441,SC-2020-08-150441,0.0,0.0,0.0,5.5664,13-08-2020
CK-12595,OFF-BI-10004187,US-Sou-Geo-Mar-30062,CA-2020-120516,SC-2020-08-120516,0.0,0.0,0.0,2.7072,13-08-2020
SF-20065,FUR-FU-10001889,US-Wes-Cal-Pom-91767,CA-2020-148495,SC-2020-08-148495,0.0,0.0,0.0,10.4148,13-08-2020
ON-18715,OFF-AR-10003156,US-Wes-Cal-Yuc-92399,CA-2020-112011,SC-2020-08-112011,0.0,0.0,0.0,13.208,13-08-2020
EJ-13720,OFF-ST-10003816,US-Eas-Pen-Phi-19143,CA-2020-169656,FC-2020-08-169656,0.0,0.0,0.2,15.8571,13-08-2020
TT-21265,OFF-ST-10000046,US-Wes-Cal-Los-90045,CA-2020-162369,SC-2020-08-162369,0.0,0.0,0.0,61.389,15-08-2020
RE-19450,OFF-ST-10003638,US-Wes-Cal-Oak-94601,CA-2020-142454,SC-2020-08-142454,0.0,0.0,0.0,18.9702,15-08-2020
RE-19450,FUR-FU-10004018,US-Wes-Cal-Oak-94601,CA-2020-142454,SC-2020-08-142454,0.0,0.0,0.0,28.1421,15-08-2020
JM-15865,OFF-LA-10000452,US-Wes-Ari-Pho-85023,US-2020-128090,SC-2020-08-128090,0.0,0.0,0.2,1.764,16-08-2020
JW-15955,FUR-BO-10000780,US-Eas-Pen-Phi-19120,US-2020-164238,SC-2020-08-164238,0.0,0.0,0.5,-204.9996,16-08-2020
SP-20860,TEC-PH-10003580,US-Eas-Pen-Phi-19134,US-2020-126753,SC-2020-08-126753,0.0,0.0,0.4,-112.6216,16-08-2020
JM-15865,OFF-AR-10002255,US-Wes-Ari-Pho-85023,US-2020-128090,SC-2020-08-128090,0.0,0.0,0.2,0.2592,16-08-2020
JW-15955,OFF-ST-10002352,US-Eas-Pen-Phi-19120,US-2020-164238,SC-2020-08-164238,0.0,0.0,0.2,3.3516,16-08-2020
SP-20860,OFF-PA-10000130,US-Eas-Pen-Phi-19134,US-2020-126753,SC-2020-08-126753,0.0,0.0,0.2,3.21,16-08-2020
SP-20860,TEC-AC-10004227,US-Eas-Pen-Phi-19134,US-2020-126753,SC-2020-08-126753,0.0,0.0,0.2,-5.4558,16-08-2020
JM-15865,TEC-PH-10002624,US-Wes-Ari-Pho-85023,US-2020-128090,SC-2020-08-128090,0.0,0.0,0.2,211.4955,16-08-2020
JM-15865,OFF-PA-10001878,US-Wes-Ari-Pho-85023,US-2020-128090,SC-2020-08-128090,0.0,0.0,0.2,105.6456,16-08-2020
SP-20860,OFF-PA-10002787,US-Eas-Pen-Phi-19134,US-2020-126753,SC-2020-08-126753,0.0,0.0,0.2,3.6288,16-08-2020
SP-20860,OFF-BI-10003981,US-Eas-Pen-Phi-19134,US-2020-126753,SC-2020-08-126753,0.0,0.0,0.7,-1.9068,16-08-2020
SP-20860,OFF-BI-10003727,US-Eas-Pen-Phi-19134,US-2020-126753,SC-2020-08-126753,0.0,0.0,0.7,-2.7588,16-08-2020
SP-20860,FUR-FU-10001488,US-Eas-Pen-Phi-19134,US-2020-126753,SC-2020-08-126753,0.0,0.0,0.2,0.0,16-08-2020
SC-20725,OFF-AR-10000203,US-Wes-Ari-Peo-85345,CA-2020-119627,SC-2020-08-119627,0.0,0.0,0.2,1.1556,17-08-2020
SC-20725,OFF-PA-10001937,US-Wes-Ari-Peo-85345,CA-2020-119627,SC-2020-08-119627,0.0,0.0,0.2,12.7008,17-08-2020
SC-20440,OFF-BI-10002412,US-Eas-Mas-New-2740,CA-2020-111297,SC-2020-08-111297,0.0,0.0,0.0,23.49,17-08-2020
SC-20725,TEC-AC-10001142,US-Wes-Ari-Peo-85345,CA-2020-119627,SC-2020-08-119627,0.0,0.0,0.2,-31.6,17-08-2020
SC-20725,TEC-AC-10002217,US-Wes-Ari-Peo-85345,CA-2020-119627,SC-2020-08-119627,0.0,0.0,0.2,-5.264,17-08-2020
SM-20320,OFF-ST-10002574,US-Eas-Pen-All-18103,US-2020-130512,SC-2020-08-130512,0.0,0.0,0.2,-165.768,21-08-2020
DS-13180,OFF-ST-10000736,US-Wes-Cal-San-94122,CA-2020-130456,SC-2020-08-130456,0.0,0.0,0.0,3.2392,21-08-2020
DS-13180,FUR-BO-10003893,US-Wes-Cal-San-94122,CA-2020-130456,SC-2020-08-130456,0.0,0.0,0.15,34.494,21-08-2020
NZ-18565,OFF-PA-10000157,US-Wes-Cal-San-94110,CA-2020-144267,FC-2020-08-144267,0.0,0.0,0.0,28.1718,21-08-2020
SM-20320,OFF-BI-10004519,US-Eas-Pen-All-18103,US-2020-130512,SC-2020-08-130512,0.0,0.0,0.7,-82.99,21-08-2020
SM-20320,TEC-AC-10000290,US-Eas-Pen-All-18103,US-2020-130512,SC-2020-08-130512,0.0,0.0,0.2,3.8024,21-08-2020
NZ-18565,OFF-PA-10001947,US-Wes-Cal-San-94110,CA-2020-144267,FC-2020-08-144267,0.0,0.0,0.0,11.7208,21-08-2020
HG-14965,OFF-AR-10002053,US-Sou-Ken-Flo-41042,CA-2020-122168,SC-2020-08-122168,0.0,0.0,0.0,10.0128,21-08-2020
HG-14965,OFF-AR-10003602,US-Sou-Ken-Flo-41042,CA-2020-122168,SC-2020-08-122168,0.0,0.0,0.0,8.2344,21-08-2020
NZ-18565,OFF-PA-10003657,US-Wes-Cal-San-94110,CA-2020-144267,FC-2020-08-144267,0.0,0.0,0.0,1.926,21-08-2020
KN-16390,OFF-BI-10001098,US-Eas-Ohi-Spr-45503,CA-2020-154823,SC-2020-08-154823,0.0,0.0,0.7,-8.9796,21-08-2020
KN-16390,FUR-CH-10003379,US-Eas-Ohi-Spr-45503,CA-2020-154823,SC-2020-08-154823,0.0,0.0,0.3,-42.747,21-08-2020
KN-16390,FUR-FU-10000193,US-Eas-Ohi-Spr-45503,CA-2020-154823,SC-2020-08-154823,0.0,0.0,0.2,-3.8976,21-08-2020
SM-20320,OFF-SU-10001935,US-Eas-Pen-All-18103,US-2020-130512,SC-2020-08-130512,0.0,0.0,0.2,-0.6976,21-08-2020
NZ-18565,FUR-CH-10002335,US-Wes-Cal-San-94110,CA-2020-144267,FC-2020-08-144267,0.0,0.0,0.2,40.8006,21-08-2020
SM-20320,OFF-PA-10003625,US-Eas-Pen-All-18103,US-2020-130512,SC-2020-08-130512,0.0,0.0,0.2,15.49,21-08-2020
RB-19705,OFF-AR-10000390,US-Eas-New-New-10009,CA-2020-129854,SC-2020-08-129854,0.0,0.0,0.0,7.5992,22-08-2020
DP-13105,OFF-BI-10003694,US-Eas-New-New-10035,CA-2020-132080,FC-2020-08-132080,0.0,0.0,0.2,16.2864,22-08-2020
TD-20995,OFF-PA-10000809,US-Cen-Ill-Bol-60440,CA-2020-114468,SC-2020-08-114468,0.0,0.0,0.2,3.6288,23-08-2020
TD-20995,OFF-FA-10003021,US-Cen-Ill-Bol-60440,CA-2020-114468,SC-2020-08-114468,0.0,0.0,0.2,2.256,23-08-2020
FH-14350,OFF-AP-10001492,US-Sou-Geo-Atl-30318,CA-2020-165624,SC-2020-08-165624,0.0,0.0,0.0,6.7236,23-08-2020
FH-14350,OFF-PA-10002499,US-Sou-Geo-Atl-30318,CA-2020-165624,SC-2020-08-165624,0.0,0.0,0.0,48.94,23-08-2020
FH-14350,OFF-PA-10003893,US-Sou-Geo-Atl-30318,CA-2020-165624,SC-2020-08-165624,0.0,0.0,0.0,9.63,23-08-2020
FH-14350,OFF-PA-10002319,US-Sou-Geo-Atl-30318,CA-2020-165624,SC-2020-08-165624,0.0,0.0,0.0,94.962,23-08-2020
TD-20995,OFF-AP-10000696,US-Cen-Ill-Bol-60440,CA-2020-114468,SC-2020-08-114468,0.0,0.0,0.8,-13.5548,23-08-2020
TD-20995,OFF-SU-10004231,US-Cen-Ill-Bol-60440,CA-2020-114468,SC-2020-08-114468,0.0,0.0,0.2,2.772,23-08-2020
FH-14350,OFF-LA-10003190,US-Sou-Geo-Atl-30318,CA-2020-165624,SC-2020-08-165624,0.0,0.0,0.0,4.2336,23-08-2020
FH-14350,TEC-AC-10004568,US-Sou-Geo-Atl-30318,CA-2020-165624,SC-2020-08-165624,0.0,0.0,0.0,47.8629,23-08-2020
FH-14350,OFF-AP-10000828,US-Sou-Geo-Atl-30318,CA-2020-165624,SC-2020-08-165624,0.0,0.0,0.0,152.0232,23-08-2020
KW-16435,TEC-PH-10001619,US-Sou-Ken-Flo-41042,CA-2020-102491,SC-2020-08-102491,0.0,0.0,0.0,170.5113,24-08-2020
MS-17710,TEC-PH-10000923,US-Eas-Ohi-Bow-43402,CA-2020-123939,SC-2020-08-123939,0.0,0.0,0.4,4.0473,24-08-2020
CB-12025,OFF-ST-10001511,US-Cen-Tex-Arl-76017,CA-2020-146563,SC-2020-08-146563,0.0,0.0,0.2,-135.765,24-08-2020
SC-20380,FUR-FU-10000010,US-Eas-New-New-10035,CA-2020-113740,SC-2020-08-113740,0.0,0.0,0.0,4.6221,24-08-2020
MS-17710,OFF-ST-10003208,US-Eas-Ohi-Bow-43402,CA-2020-123939,SC-2020-08-123939,0.0,0.0,0.2,48.9942,24-08-2020
EM-13810,TEC-AC-10001266,US-Eas-New-New-10009,CA-2020-139584,SC-2020-08-139584,0.0,0.0,0.0,11.7,24-08-2020
KW-16435,TEC-MA-10000864,US-Sou-Ken-Flo-41042,CA-2020-102491,SC-2020-08-102491,0.0,0.0,0.0,1416.8,24-08-2020
CB-12025,FUR-TA-10001768,US-Cen-Tex-Arl-76017,CA-2020-146563,SC-2020-08-146563,0.0,0.0,0.3,-118.1295,24-08-2020
DO-13435,OFF-AR-10002053,US-Wes-Ore-Por-97206,CA-2020-169299,FC-2020-08-169299,0.0,0.0,0.2,0.7152,24-08-2020
EM-13810,FUR-TA-10001539,US-Eas-New-New-10009,CA-2020-139584,SC-2020-08-139584,0.0,0.0,0.4,-75.8304,24-08-2020
MS-17710,OFF-LA-10003190,US-Eas-Ohi-Bow-43402,CA-2020-123939,SC-2020-08-123939,0.0,0.0,0.2,2.5056,24-08-2020
CB-12025,OFF-BI-10003981,US-Cen-Tex-Arl-76017,CA-2020-146563,SC-2020-08-146563,0.0,0.0,0.8,-4.2222,24-08-2020
KW-16435,TEC-AC-10003289,US-Sou-Ken-Flo-41042,CA-2020-102491,SC-2020-08-102491,0.0,0.0,0.0,18.3908,24-08-2020
CB-12025,OFF-ST-10001490,US-Cen-Tex-Arl-76017,CA-2020-146563,SC-2020-08-146563,0.0,0.0,0.2,124.929,24-08-2020
NL-18310,FUR-CH-10002774,US-Wes-Cal-Los-90045,US-2020-139759,SC-2020-08-139759,0.0,0.0,0.2,4.5882,25-08-2020
MC-18100,FUR-FU-10002240,US-Cen-Tex-Hou-77041,CA-2020-168809,SC-2020-08-168809,0.0,0.0,0.6,-3.94,25-08-2020
NL-18310,OFF-AP-10002765,US-Wes-Cal-Los-90045,US-2020-139759,SC-2020-08-139759,0.0,0.0,0.0,29.6688,25-08-2020
MC-18100,OFF-BI-10000315,US-Cen-Tex-Hou-77041,CA-2020-168809,SC-2020-08-168809,0.0,0.0,0.8,-6.0768,25-08-2020
RA-19945,OFF-ST-10000046,US-Wes-Cal-Mur-92563,CA-2020-126445,SC-2020-08-126445,0.0,0.0,0.0,92.0835,27-08-2020
PF-19165,OFF-PA-10002968,US-Wes-Cal-San-92105,CA-2020-101707,SC-2020-09-101707,0.0,0.0,0.0,52.532,27-08-2020
CC-12100,OFF-BI-10001249,US-Wes-Cal-Los-90045,CA-2020-113040,SC-2020-08-113040,0.0,0.0,0.2,1.6588,27-08-2020
PF-19165,OFF-SU-10001218,US-Wes-Cal-San-92105,CA-2020-101707,SC-2020-09-101707,0.0,0.0,0.0,9.2232,27-08-2020
PF-19165,OFF-LA-10000134,US-Wes-Cal-San-92105,CA-2020-101707,SC-2020-09-101707,0.0,0.0,0.0,1.4784,27-08-2020
CB-12025,FUR-FU-10003981,US-Wes-Cal-Los-90049,CA-2020-121188,SC-2020-09-121188,0.0,0.0,0.0,1.7472,28-08-2020
CB-12025,TEC-PH-10003589,US-Wes-Cal-Los-90049,CA-2020-121188,SC-2020-09-121188,0.0,0.0,0.2,15.1116,28-08-2020
BP-11185,TEC-PH-10004165,US-Cen-Tex-Dal-75081,CA-2020-166219,SC-2020-09-166219,0.0,0.0,0.2,82.497,28-08-2020
BP-11185,FUR-TA-10004607,US-Cen-Tex-Dal-75081,CA-2020-166219,SC-2020-09-166219,0.0,0.0,0.3,-16.2613,28-08-2020
TS-21370,TEC-CO-10001046,US-Cen-Ill-Chi-60623,US-2020-100377,SC-2020-09-100377,0.0,0.0,0.2,874.9875,28-08-2020
SM-20950,OFF-ST-10001837,US-Eas-Con-Fai-6824,CA-2020-107902,SC-2020-09-107902,0.0,0.0,0.0,122.2936,28-08-2020
CB-12025,OFF-ST-10001490,US-Wes-Cal-Los-90049,CA-2020-121188,SC-2020-09-121188,0.0,0.0,0.0,267.705,28-08-2020
CB-12025,FUR-BO-10004695,US-Wes-Cal-Los-90049,CA-2020-121188,SC-2020-09-121188,0.0,0.0,0.15,28.9568,28-08-2020
CB-12025,OFF-ST-10000736,US-Wes-Cal-Los-90049,CA-2020-121188,SC-2020-09-121188,0.0,0.0,0.0,29.1528,28-08-2020
CB-12025,OFF-BI-10001617,US-Wes-Cal-Los-90049,CA-2020-121188,SC-2020-09-121188,0.0,0.0,0.2,13.959,28-08-2020
CC-12100,TEC-AC-10004510,US-Cen-Mic-Det-48234,CA-2020-108532,SC-2020-09-108532,0.0,0.0,0.0,11.452,29-08-2020
CC-12100,TEC-PH-10001750,US-Cen-Mic-Det-48234,CA-2020-108532,SC-2020-09-108532,0.0,0.0,0.0,35.6346,29-08-2020
SC-20260,FUR-BO-10002545,US-Wes-Cal-San-94122,CA-2020-111514,FC-2020-09-111514,0.0,0.0,0.15,200.9546,31-08-2020
SC-20260,OFF-BI-10002735,US-Wes-Cal-San-94122,CA-2020-111514,FC-2020-09-111514,0.0,0.0,0.2,46.3185,31-08-2020
SC-20260,TEC-MA-10000597,US-Wes-Cal-San-94122,CA-2020-111514,FC-2020-09-111514,0.0,0.0,0.2,80.9919,31-08-2020
SC-20260,TEC-AC-10004864,US-Wes-Cal-San-94122,CA-2020-111514,FC-2020-09-111514,0.0,0.0,0.0,15.6993,31-08-2020
AR-10510,OFF-PA-10003441,US-Wes-Cal-Los-90004,CA-2020-112319,SC-2020-09-112319,0.0,0.0,0.0,27.9936,31-08-2020
RH-19510,TEC-PH-10004447,US-Wes-Cal-San-92037,CA-2020-157805,SC-2020-09-157805,0.0,0.0,0.2,41.697,31-08-2020
SD-20485,OFF-PA-10003883,US-Cen-Tex-Bed-76021,CA-2020-142139,SC-2020-09-142139,0.0,0.0,0.2,6.812,31-08-2020
VM-21685,TEC-AC-10002323,US-Eas-Pen-Phi-19140,CA-2020-105221,FC-2020-11-105221,0.0,0.0,0.2,-3.094,01-11-2020
MS-17530,FUR-TA-10002530,US-Sou-Ark-Con-72032,CA-2020-108119,SC-2020-11-108119,0.0,0.0,0.0,45.294,01-11-2020
GA-14725,OFF-AR-10001683,US-Wes-Ore-Sal-97301,US-2020-110163,FC-2020-11-110163,0.0,0.0,0.2,1.773,01-11-2020
JH-16180,FUR-CH-10000422,US-Eas-New-New-10035,CA-2020-126739,SC-2020-11-126739,0.0,0.0,0.1,21.8376,01-11-2020
VD-21670,TEC-PH-10001527,US-Eas-New-New-10011,CA-2020-113145,SC-2020-11-113145,0.0,0.0,0.0,1.2885,01-11-2020
VM-21685,OFF-FA-10001135,US-Eas-Pen-Phi-19140,CA-2020-105221,FC-2020-11-105221,0.0,0.0,0.2,-0.7128,01-11-2020
VD-21670,TEC-AC-10001838,US-Eas-New-New-10011,CA-2020-113145,SC-2020-11-113145,0.0,0.0,0.0,601.9699,01-11-2020
VD-21670,TEC-PH-10002597,US-Eas-New-New-10011,CA-2020-113145,SC-2020-11-113145,0.0,0.0,0.0,125.99,01-11-2020
VD-21670,FUR-FU-10000965,US-Eas-New-New-10011,CA-2020-113145,SC-2020-11-113145,0.0,0.0,0.0,106.477,01-11-2020
JF-15490,FUR-CH-10001545,US-Eas-New-New-10009,CA-2020-141740,SC-2020-11-141740,0.0,0.0,0.1,13.6776,01-11-2020
VD-21670,OFF-PA-10002659,US-Eas-New-New-10011,CA-2020-113145,SC-2020-11-113145,0.0,0.0,0.0,6.2192,01-11-2020
QJ-19255,TEC-PH-10000347,US-Eas-New-New-10009,CA-2020-130995,SC-2020-11-130995,0.0,0.0,0.0,1.3365,01-11-2020
BB-10990,OFF-BI-10001524,US-Cen-Tex-San-78207,CA-2020-141810,SC-2020-11-141810,0.0,0.0,0.8,-46.9952,02-11-2020
LT-17110,FUR-BO-10004357,US-Wes-Cal-San-92105,CA-2020-168207,SC-2020-11-168207,0.0,0.0,0.15,-30.147,02-11-2020
BB-10990,TEC-PH-20002200,US-Cen-Tex-San-78207,CA-2020-141810,SC-2020-11-141810,0.0,0.0,0.2,38.7792,02-11-2020
LT-17110,OFF-BI-10003355,US-Wes-Cal-San-92105,CA-2020-168207,SC-2020-11-168207,0.0,0.0,0.2,4.1832,02-11-2020
JO-15280,FUR-TA-10002903,US-Wes-Cal-Los-90004,CA-2020-130890,SC-2020-11-130890,0.0,0.0,0.2,51.942,02-11-2020
LT-17110,OFF-BI-10001524,US-Wes-Cal-San-92105,CA-2020-168207,SC-2020-11-168207,0.0,0.0,0.2,41.1208,02-11-2020
LT-17110,FUR-FU-10004909,US-Wes-Cal-San-92105,CA-2020-168207,SC-2020-11-168207,0.0,0.0,0.0,33.936,02-11-2020
ED-13885,FUR-CH-10002073,US-Eas-New-New-10011,CA-2020-160227,FC-2020-11-160227,0.0,0.0,0.1,553.3902,02-11-2020
SW-20245,FUR-CH-10003535,US-Eas-New-Tro-12180,CA-2020-100657,SC-2020-11-100657,0.0,0.0,0.1,8.5372,02-11-2020
KC-16540,TEC-AC-10001552,US-Wes-Was-Sea-98115,CA-2020-125416,SC-2020-11-125416,0.0,0.0,0.0,49.2723,02-11-2020
EG-13900,OFF-AP-10003099,US-Sou-Vir-Che-23320,CA-2020-138625,FC-2020-11-138625,0.0,0.0,0.0,55.3616,02-11-2020
CS-12250,OFF-EN-10001137,US-Cen-Tex-Hal-76117,CA-2020-121041,SC-2020-11-121041,0.0,0.0,0.2,2.1476,03-11-2020
FH-14365,FUR-CH-10004983,US-Eas-New-Lon-11561,CA-2020-162047,FC-2020-11-162047,0.0,0.0,0.1,209.274,03-11-2020
CM-12655,FUR-FU-10003347,US-Wes-Cal-Los-90008,CA-2020-140410,SC-2020-11-140410,0.0,0.0,0.0,16.614,03-11-2020
CM-12655,TEC-AC-10001109,US-Wes-Cal-Los-90008,CA-2020-140410,SC-2020-11-140410,0.0,0.0,0.0,37.7874,03-11-2020
CM-12655,TEC-PH-10003580,US-Wes-Cal-Los-90008,CA-2020-140410,SC-2020-11-140410,0.0,0.0,0.2,106.1242,03-11-2020
NG-18430,OFF-LA-10004484,US-Cen-Ill-Qui-62301,CA-2020-103961,SC-2020-11-103961,0.0,0.0,0.2,6.4428,05-11-2020
GT-14635,OFF-BI-10001116,US-Eas-New-New-10009,CA-2020-144386,SC-2020-11-144386,0.0,0.0,0.2,8.8704,05-11-2020
JM-16195,OFF-ST-10000649,US-Wes-Cal-San-94109,CA-2020-145485,SC-2020-11-145485,0.0,0.0,0.0,15.7,05-11-2020
CB-12415,OFF-SU-10004661,US-Eas-Ohi-Lak-44107,US-2020-136259,FC-2020-11-136259,0.0,0.0,0.2,2.04,05-11-2020
VD-21670,OFF-AP-20000576,US-Sou-Flo-Cor-33065,CA-2020-118444,SC-2020-11-118444,0.0,0.0,0.2,24.196,05-11-2020
CB-12415,OFF-BI-10000773,US-Eas-Ohi-Lak-44107,US-2020-136259,FC-2020-11-136259,0.0,0.0,0.7,-5.5338,05-11-2020
KL-16645,OFF-BI-10002794,US-Wes-Was-Sea-98105,CA-2020-131072,SC-2020-11-131072,0.0,0.0,0.2,35.6526,05-11-2020
GB-14530,FUR-CH-10001270,US-Sou-Nor-Mon-28110,CA-2020-131422,SC-2020-11-131422,0.0,0.0,0.2,25.875,05-11-2020
MT-17815,OFF-BI-10002049,US-Wes-Ari-Sco-85254,CA-2020-105312,FC-2020-11-105312,0.0,0.0,0.7,-3.5208,06-11-2020
MT-17815,OFF-EN-10002600,US-Wes-Ari-Sco-85254,CA-2020-105312,FC-2020-11-105312,0.0,0.0,0.2,2.478,06-11-2020
CP-12340,OFF-BI-10001359,US-Sou-Flo-Mia-33142,CA-2020-105571,SC-2020-11-105571,0.0,0.0,0.7,-1031.5385,07-11-2020
CP-12340,OFF-BI-10003305,US-Sou-Flo-Mia-33142,CA-2020-105571,SC-2020-11-105571,0.0,0.0,0.7,-12.9168,07-11-2020
AB-10105,FUR-FU-10000193,US-Cen-Tex-Hou-77041,CA-2020-163181,SC-2020-11-163181,0.0,0.0,0.6,-84.448,07-11-2020
AB-10105,OFF-ST-10001713,US-Cen-Tex-Hou-77041,CA-2020-163181,SC-2020-11-163181,0.0,0.0,0.2,-16.9568,07-11-2020
KB-16240,FUR-CH-10000595,US-Wes-Cal-Los-90036,CA-2020-102848,SC-2020-11-102848,0.0,0.0,0.2,11.92,07-11-2020
AB-10105,OFF-ST-10000129,US-Cen-Tex-Hou-77041,CA-2020-163181,SC-2020-11-163181,0.0,0.0,0.2,-28.8678,07-11-2020
KB-16240,OFF-EN-10000483,US-Eas-Pen-Phi-19140,CA-2020-134922,SC-2020-11-134922,0.0,0.0,0.2,7.93,07-11-2020
SV-20785,FUR-CH-10000595,US-Eas-Ver-Bur-5408,CA-2020-162887,SC-2020-11-162887,0.0,0.0,0.0,178.8,07-11-2020
DO-13645,OFF-PA-10001357,US-Cen-Tex-Hou-77036,CA-2020-126669,SC-2020-11-126669,0.0,0.0,0.2,26.824,07-11-2020
MC-18130,OFF-PA-10001274,US-Eas-Del-New-19711,CA-2020-148432,SC-2020-11-148432,0.0,0.0,0.0,3.431,07-11-2020
AB-10105,OFF-BI-10000474,US-Cen-Tex-Hou-77041,CA-2020-163181,SC-2020-11-163181,0.0,0.0,0.8,-51.296,07-11-2020
AB-10105,OFF-AR-10001683,US-Cen-Tex-Hou-77041,CA-2020-163181,SC-2020-11-163181,0.0,0.0,0.2,5.319,07-11-2020
MC-18130,OFF-FA-10004968,US-Eas-Del-New-19711,CA-2020-148432,SC-2020-11-148432,0.0,0.0,0.0,0.5236,07-11-2020
AB-10105,TEC-MA-10001016,US-Cen-Tex-Hou-77041,CA-2020-163181,SC-2020-11-163181,0.0,0.0,0.4,33.5895,07-11-2020
KD-16495,OFF-ST-10000885,US-Eas-New-New-10024,CA-2020-114811,SC-2020-11-114811,0.0,0.0,0.0,16.7875,08-11-2020
NS-18640,OFF-FA-10000624,US-Sou-Nor-Jac-28540,CA-2020-108259,SC-2020-11-108259,0.0,0.0,0.2,11.814,08-11-2020
SC-20095,OFF-FA-10002701,US-Wes-Uta-Wes-84084,CA-2020-123568,SC-2020-11-123568,0.0,0.0,0.0,0.2016,08-11-2020
SW-20455,TEC-AC-10001956,US-Wes-Cal-San-94109,CA-2020-154886,SC-2020-11-154886,0.0,0.0,0.0,43.164,08-11-2020
KD-16495,FUR-FU-10002240,US-Eas-New-New-10024,CA-2020-114811,SC-2020-11-114811,0.0,0.0,0.0,4.728,08-11-2020
KD-16495,TEC-MA-10000045,US-Eas-New-New-10024,CA-2020-114811,SC-2020-11-114811,0.0,0.0,0.0,2229.024,08-11-2020
KD-16495,FUR-CH-10003746,US-Eas-New-New-10024,CA-2020-114811,SC-2020-11-114811,0.0,0.0,0.1,115.5528,08-11-2020
RH-19600,OFF-AR-10000122,US-Sou-Vir-Ham-23666,CA-2020-109386,SC-2020-11-109386,0.0,0.0,0.0,6.975,08-11-2020
NS-18640,OFF-LA-10002945,US-Sou-Nor-Jac-28540,CA-2020-108259,SC-2020-11-108259,0.0,0.0,0.2,1.638,08-11-2020
NS-18640,OFF-BI-10000315,US-Sou-Nor-Jac-28540,CA-2020-108259,SC-2020-11-108259,0.0,0.0,0.7,-29.2446,08-11-2020
KD-16495,TEC-PH-10004165,US-Eas-New-New-10024,CA-2020-114811,SC-2020-11-114811,0.0,0.0,0.0,142.9948,08-11-2020
SC-20095,OFF-PA-10001125,US-Wes-Uta-Wes-84084,CA-2020-123568,SC-2020-11-123568,0.0,0.0,0.0,41.823,08-11-2020
AC-10450,OFF-PA-10001667,US-Eas-New-New-10011,CA-2020-164441,SC-2020-11-164441,0.0,0.0,0.0,8.073,08-11-2020
SC-20095,OFF-BI-10001510,US-Wes-Uta-Wes-84084,CA-2020-123568,SC-2020-11-123568,0.0,0.0,0.2,28.65,08-11-2020
DB-13660,OFF-BI-10003291,US-Cen-Tex-Hou-77095,CA-2020-111990,SC-2020-11-111990,0.0,0.0,0.8,-17.2854,08-11-2020
MZ-17335,OFF-FA-10002280,US-Wes-Cal-San-92024,CA-2020-117611,SC-2020-11-117611,0.0,0.0,0.0,2.4,08-11-2020
RD-19585,TEC-PH-10003885,US-Cen-Iow-Dub-52001,US-2020-151407,SC-2020-11-151407,0.0,0.0,0.0,76.5484,08-11-2020
QJ-19255,FUR-BO-10004834,US-Eas-Ver-Bur-5408,CA-2020-117086,SC-2020-11-117086,0.0,0.0,0.0,1013.127,08-11-2020
RH-19600,FUR-FU-10000308,US-Sou-Vir-Ham-23666,CA-2020-109386,SC-2020-11-109386,0.0,0.0,0.0,41.0388,08-11-2020
NS-18640,FUR-FU-10000023,US-Sou-Nor-Jac-28540,CA-2020-108259,SC-2020-11-108259,0.0,0.0,0.2,1.4136,08-11-2020
SC-20095,FUR-FU-10004090,US-Wes-Uta-Wes-84084,CA-2020-123568,SC-2020-11-123568,0.0,0.0,0.0,22.0077,08-11-2020
HA-14905,OFF-AR-10001573,US-Eas-Mas-Fra-2038,CA-2020-105634,SC-2020-11-105634,0.0,0.0,0.0,3.3785,08-11-2020
RH-19600,TEC-PH-10002890,US-Sou-Vir-Ham-23666,CA-2020-109386,SC-2020-11-109386,0.0,0.0,0.0,58.812,08-11-2020
RH-19600,OFF-AR-10000380,US-Sou-Vir-Ham-23666,CA-2020-109386,SC-2020-11-109386,0.0,0.0,0.0,79.758,08-11-2020
MZ-17335,TEC-AC-20002049,US-Wes-Cal-San-92024,CA-2020-117611,SC-2020-11-117611,0.0,0.0,0.0,66.9546,08-11-2020
RH-19600,OFF-AP-10003266,US-Sou-Vir-Ham-23666,CA-2020-109386,SC-2020-11-109386,0.0,0.0,0.0,18.6606,08-11-2020
AC-10450,OFF-BI-10001922,US-Eas-New-New-10011,CA-2020-164441,SC-2020-11-164441,0.0,0.0,0.2,17.6418,08-11-2020
DV-13465,OFF-ST-10002554,US-Eas-New-Oce-11572,CA-2020-146486,SC-2020-11-146486,0.0,0.0,0.0,4.891,09-11-2020
DV-13465,OFF-EN-10001509,US-Eas-New-Oce-11572,CA-2020-146486,SC-2020-11-146486,0.0,0.0,0.0,5.7528,09-11-2020
JO-15550,OFF-FA-10000490,US-Wes-Cal-Ros-95661,CA-2020-126466,SC-2020-11-126466,0.0,0.0,0.0,1.1656,09-11-2020
AS-10090,OFF-EN-10000781,US-Cen-Mis-Spr-65807,CA-2020-127509,SC-2020-11-127509,0.0,0.0,0.0,12.3234,09-11-2020
AS-10090,OFF-PA-10002160,US-Cen-Mis-Spr-65807,CA-2020-127509,SC-2020-11-127509,0.0,0.0,0.0,8.4966,09-11-2020
DV-13465,TEC-AC-10002637,US-Eas-New-Oce-11572,CA-2020-146486,SC-2020-11-146486,0.0,0.0,0.0,53.997,09-11-2020
AS-10090,OFF-BI-10002393,US-Cen-Mis-Spr-65807,CA-2020-127509,SC-2020-11-127509,0.0,0.0,0.0,7.9212,09-11-2020
AS-10090,FUR-TA-10002855,US-Cen-Mis-Spr-65807,CA-2020-127509,SC-2020-11-127509,0.0,0.0,0.0,215.1198,09-11-2020
DV-13465,TEC-AC-10002018,US-Eas-New-Oce-11572,CA-2020-146486,SC-2020-11-146486,0.0,0.0,0.0,6.0114,09-11-2020
Dp-13240,TEC-MA-10000045,US-Eas-New-New-10035,CA-2020-169796,SC-2020-11-169796,0.0,0.0,0.0,1114.512,09-11-2020
CM-12190,OFF-PA-10004000,US-Eas-Pen-Phi-19134,CA-2020-158554,SC-2020-11-158554,0.0,0.0,0.2,4.1151,09-11-2020
Dp-13240,OFF-ST-10001505,US-Eas-New-New-10035,CA-2020-169796,SC-2020-11-169796,0.0,0.0,0.0,3.0498,09-11-2020
AG-10765,OFF-BI-10001890,US-Cen-Ind-Law-46226,CA-2020-113222,SC-2020-11-113222,0.0,0.0,0.0,5.1552,09-11-2020
PO-19180,OFF-BI-10001658,US-Cen-Min-Ros-55113,CA-2020-121783,SC-2020-11-121783,0.0,0.0,0.0,34.3896,10-11-2020
PO-19180,TEC-CO-10001571,US-Cen-Min-Ros-55113,CA-2020-121783,SC-2020-11-121783,0.0,0.0,0.0,274.995,10-11-2020
PO-19180,OFF-ST-10000078,US-Cen-Min-Ros-55113,CA-2020-121783,SC-2020-11-121783,0.0,0.0,0.0,143.1918,10-11-2020
PO-19180,OFF-AP-10003849,US-Cen-Min-Ros-55113,CA-2020-121783,SC-2020-11-121783,0.0,0.0,0.0,178.91,10-11-2020
AH-10210,TEC-AC-10004469,US-Wes-Cal-Bre-94513,CA-2020-155040,SC-2020-11-155040,0.0,0.0,0.0,35.156,10-11-2020
SC-20695,OFF-ST-10003306,US-Cen-Ind-Ric-47374,CA-2020-158659,SC-2020-11-158659,0.0,0.0,0.0,207.147,10-11-2020
PO-19180,FUR-FU-10004351,US-Cen-Min-Ros-55113,CA-2020-121783,SC-2020-11-121783,0.0,0.0,0.0,12.8568,10-11-2020
SC-20020,OFF-ST-10001526,US-Eas-Pen-Phi-19140,CA-2020-147690,SC-2020-11-147690,0.0,0.0,0.2,43.3188,10-11-2020
AG-10495,OFF-ST-10003282,US-Cen-Mic-Det-48234,CA-2020-111948,SC-2020-11-111948,0.0,0.0,0.0,117.1296,11-11-2020
AG-10495,OFF-AP-10002311,US-Cen-Mic-Det-48234,CA-2020-111948,SC-2020-11-111948,0.0,0.0,0.1,46.7908,11-11-2020
EB-14110,OFF-EN-10001539,US-Eas-New-New-10035,US-2020-153283,SC-2020-11-153283,0.0,0.0,0.0,7.3132,12-11-2020
MF-18250,OFF-EN-10003055,US-Cen-Tex-Hou-77095,CA-2020-162964,SC-2020-11-162964,0.0,0.0,0.2,69.965,12-11-2020
MF-18250,OFF-PA-10003349,US-Cen-Tex-Hou-77095,CA-2020-162964,SC-2020-11-162964,0.0,0.0,0.2,5.6376,12-11-2020
YC-21895,OFF-PA-10003016,US-Wes-Cal-Los-90032,CA-2020-153220,FC-2020-11-153220,0.0,0.0,0.0,7.065,12-11-2020
MF-18250,OFF-ST-10002344,US-Cen-Tex-Hou-77095,CA-2020-162964,SC-2020-11-162964,0.0,0.0,0.2,-14.5764,12-11-2020
AH-10690,OFF-BI-10003291,US-Sou-Flo-Pla-33317,CA-2020-113628,SC-2020-11-113628,0.0,0.0,0.7,-4.0158,12-11-2020
AH-10690,FUR-CH-10004477,US-Sou-Flo-Pla-33317,CA-2020-113628,SC-2020-11-113628,0.0,0.0,0.2,16.4403,12-11-2020
AH-10690,OFF-AR-10001246,US-Sou-Flo-Pla-33317,CA-2020-113628,SC-2020-11-113628,0.0,0.0,0.2,1.323,12-11-2020
AH-10690,FUR-CH-10003298,US-Sou-Flo-Pla-33317,CA-2020-113628,SC-2020-11-113628,0.0,0.0,0.2,-72.039,12-11-2020
AH-10690,TEC-PH-10000441,US-Sou-Flo-Pla-33317,CA-2020-113628,SC-2020-11-113628,0.0,0.0,0.2,10.0792,12-11-2020
AH-10690,OFF-BI-10002799,US-Sou-Flo-Pla-33317,CA-2020-113628,SC-2020-11-113628,0.0,0.0,0.7,-3.7296,12-11-2020
LC-16870,OFF-BI-10002794,US-Wes-Col-Aur-80013,US-2020-156867,SC-2020-11-156867,0.0,0.0,0.7,-25.8174,13-11-2020
RA-19915,OFF-PA-10001790,US-Cen-Ind-Col-47201,CA-2020-149909,SC-2020-11-149909,0.0,0.0,0.0,46.1184,13-11-2020
KL-16645,TEC-PH-10001819,US-Eas-Del-New-19711,CA-2020-115798,SC-2020-11-115798,0.0,0.0,0.0,43.1904,13-11-2020
KL-16645,FUR-BO-10004467,US-Eas-Del-New-19711,CA-2020-115798,SC-2020-11-115798,0.0,0.0,0.0,56.9943,13-11-2020
RA-19915,TEC-PH-10001536,US-Cen-Ind-Col-47201,CA-2020-149909,SC-2020-11-149909,0.0,0.0,0.0,13.2522,13-11-2020
LC-16870,TEC-AC-10001552,US-Wes-Col-Aur-80013,US-2020-156867,SC-2020-11-156867,0.0,0.0,0.2,-26.8758,13-11-2020
KL-16645,OFF-PA-10001560,US-Eas-Del-New-19711,CA-2020-115798,SC-2020-11-115798,0.0,0.0,0.0,19.8716,13-11-2020
KL-16645,TEC-PH-10003691,US-Eas-Del-New-19711,CA-2020-115798,SC-2020-11-115798,0.0,0.0,0.0,94.4925,13-11-2020
FM-14380,TEC-AC-10004568,US-Sou-Flo-Mia-33178,CA-2020-136147,SC-2020-11-136147,0.0,0.0,0.2,-1.3995,13-11-2020
FM-14380,OFF-BI-10004224,US-Sou-Flo-Mia-33178,CA-2020-136147,SC-2020-11-136147,0.0,0.0,0.7,-100.92,13-11-2020
LC-16870,FUR-FU-10004006,US-Wes-Col-Aur-80013,US-2020-156867,SC-2020-11-156867,0.0,0.0,0.2,-3.8385,13-11-2020
AA-10375,OFF-ST-10003572,US-Sou-Ten-Leb-37087,CA-2020-114503,SC-2020-11-114503,0.0,0.0,0.2,6.372,13-11-2020
JK-15730,OFF-PA-10001790,US-Sou-Nor-Jac-28540,CA-2020-111199,SC-2020-11-111199,0.0,0.0,0.2,40.3536,13-11-2020
RA-19915,OFF-PA-10000726,US-Cen-Ind-Col-47201,CA-2020-149909,SC-2020-11-149909,0.0,0.0,0.0,28.6965,13-11-2020
AW-10930,FUR-FU-10000794,US-Wes-Mon-Hel-59601,CA-2020-144519,SC-2020-11-144519,0.0,0.0,0.0,21.7532,13-11-2020
KH-16510,FUR-BO-10004357,US-Wes-Cal-San-92404,CA-2020-104948,SC-2020-11-104948,0.0,0.0,0.15,-40.196,13-11-2020
KH-16510,OFF-BI-10001267,US-Wes-Cal-San-92404,CA-2020-104948,SC-2020-11-104948,0.0,0.0,0.2,3.4552,13-11-2020
PO-18850,FUR-BO-10001811,US-Cen-Tex-Hou-77041,CA-2020-130183,SC-2020-11-130183,0.0,0.0,0.32,-18.0588,13-11-2020
HA-14905,FUR-FU-10001025,US-Cen-Ill-Chi-60610,CA-2020-153073,SC-2020-11-153073,0.0,0.0,0.6,-7.4358,13-11-2020
AW-10930,TEC-PH-10004908,US-Wes-Mon-Hel-59601,CA-2020-144519,SC-2020-11-144519,0.0,0.0,0.2,42.495,13-11-2020
KH-16510,OFF-PA-10004610,US-Wes-Cal-San-92404,CA-2020-104948,SC-2020-11-104948,0.0,0.0,0.0,13.482,13-11-2020
PJ-18835,OFF-AP-10003057,US-Sou-Vir-Spr-22153,CA-2020-154746,FC-2020-11-154746,0.0,0.0,0.0,322.1829,14-11-2020
KB-16585,TEC-AC-10000358,US-Wes-Ore-Spr-97477,CA-2020-138674,FC-2020-11-138674,0.0,0.0,0.2,4.5588,14-11-2020
KB-16585,TEC-AC-10002800,US-Wes-Ore-Spr-97477,CA-2020-138674,FC-2020-11-138674,0.0,0.0,0.2,29.994,14-11-2020
LS-17230,OFF-BI-10002571,US-Eas-Del-Dov-19901,US-2020-111927,SC-2020-11-111927,0.0,0.0,0.0,9.3812,14-11-2020
MG-17680,TEC-AC-10001090,US-Eas-Pen-Phi-19143,CA-2020-151043,SC-2020-11-151043,0.0,0.0,0.2,-1.1996,14-11-2020
GZ-14470,FUR-CH-10004287,US-Wes-New-Rio-87124,CA-2020-123141,SC-2020-11-123141,0.0,0.0,0.2,99.432,14-11-2020
GZ-14470,FUR-CH-10001891,US-Wes-New-Rio-87124,CA-2020-123141,SC-2020-11-123141,0.0,0.0,0.2,20.1558,14-11-2020
KB-16585,OFF-FA-10000304,US-Wes-Ore-Spr-97477,CA-2020-138674,FC-2020-11-138674,0.0,0.0,0.2,2.289,14-11-2020
PJ-18835,TEC-AC-10001267,US-Eas-New-New-10035,CA-2020-137897,SC-2020-11-137897,0.0,0.0,0.0,23.96,14-11-2020
PJ-18835,OFF-PA-10004041,US-Eas-New-New-10035,CA-2020-137897,SC-2020-11-137897,0.0,0.0,0.0,16.65,14-11-2020
PJ-18835,TEC-AC-10002217,US-Eas-New-New-10035,CA-2020-137897,SC-2020-11-137897,0.0,0.0,0.0,2.256,14-11-2020
PJ-18835,OFF-EN-10001532,US-Sou-Vir-Spr-22153,CA-2020-154746,FC-2020-11-154746,0.0,0.0,0.0,16.98,14-11-2020
VP-21760,OFF-BI-10002133,US-Eas-Ohi-Tol-43615,CA-2020-129525,SC-2020-11-129525,0.0,0.0,0.7,-116.844,15-11-2020
DH-13675,FUR-FU-10002759,US-Sou-Vir-Har-22801,CA-2020-145324,SC-2020-11-145324,0.0,0.0,0.0,14.3856,15-11-2020
DK-13225,OFF-SU-10001935,US-Cen-Ill-Chi-60653,CA-2020-113173,SC-2020-11-113173,0.0,0.0,0.2,-1.744,15-11-2020
DK-13225,OFF-BI-10004738,US-Cen-Ill-Chi-60653,CA-2020-113173,SC-2020-11-113173,0.0,0.0,0.8,-17.046,15-11-2020
DK-13225,OFF-ST-10000604,US-Cen-Ill-Chi-60653,CA-2020-113173,SC-2020-11-113173,0.0,0.0,0.2,15.642,15-11-2020
MH-17785,OFF-AR-10001955,US-Eas-New-New-10035,CA-2020-138954,FC-2020-11-138954,0.0,0.0,0.0,35.712,15-11-2020
MH-17785,OFF-BI-10003963,US-Eas-New-New-10035,CA-2020-138954,FC-2020-11-138954,0.0,0.0,0.2,11.7936,15-11-2020
MH-17785,OFF-ST-10003058,US-Eas-New-New-10035,CA-2020-138954,FC-2020-11-138954,0.0,0.0,0.0,20.5755,15-11-2020
HK-14890,FUR-TA-10000577,US-Wes-Ida-Boi-83704,CA-2020-150875,SC-2020-11-150875,0.0,0.0,0.0,160.1766,16-11-2020
HK-14890,TEC-PH-10001254,US-Wes-Ida-Boi-83704,CA-2020-150875,SC-2020-11-150875,0.0,0.0,0.2,22.8582,16-11-2020
MP-18175,FUR-FU-10001185,US-Cen-Wis-Mil-53209,CA-2020-135685,SC-2020-11-135685,0.0,0.0,0.0,76.0878,16-11-2020
PO-19180,OFF-AP-10002457,US-Eas-New-New-10011,CA-2020-164539,SC-2020-11-164539,0.0,0.0,0.0,141.2775,16-11-2020
MC-17605,FUR-FU-10001215,US-Cen-Ill-Chi-60610,CA-2020-145394,SC-2020-11-145394,0.0,0.0,0.6,-15.5268,16-11-2020
MC-17605,OFF-ST-10000344,US-Cen-Ill-Chi-60610,CA-2020-145394,SC-2020-11-145394,0.0,0.0,0.2,1.6116,16-11-2020
JG-15805,OFF-LA-10003148,US-Wes-Cal-San-92105,CA-2020-120446,FC-2020-11-120446,0.0,0.0,0.0,8.694,16-11-2020
MC-17605,TEC-PH-10001051,US-Cen-Ill-Chi-60610,CA-2020-145394,SC-2020-11-145394,0.0,0.0,0.2,26.9973,16-11-2020
MP-18175,FUR-TA-10001520,US-Cen-Wis-Mil-53209,CA-2020-135685,SC-2020-11-135685,0.0,0.0,0.0,36.3987,16-11-2020
MP-18175,OFF-PA-10000157,US-Cen-Wis-Mil-53209,CA-2020-135685,SC-2020-11-135685,0.0,0.0,0.0,84.5154,16-11-2020
MP-18175,FUR-TA-10000688,US-Cen-Wis-Mil-53209,CA-2020-135685,SC-2020-11-135685,0.0,0.0,0.0,111.1035,16-11-2020
MP-18175,TEC-AC-10004145,US-Cen-Wis-Mil-53209,CA-2020-135685,SC-2020-11-135685,0.0,0.0,0.0,229.9908,16-11-2020
BS-11665,TEC-PH-10003174,US-Wes-Cal-San-92105,CA-2020-126725,SC-2020-11-126725,0.0,0.0,0.2,51.996,17-11-2020
BS-11665,FUR-FU-10001591,US-Wes-Cal-San-92105,CA-2020-126725,SC-2020-11-126725,0.0,0.0,0.0,15.372,17-11-2020
AA-10645,FUR-CH-10002073,US-Cen-Okl-Okl-73120,CA-2020-110863,SC-2020-11-110863,0.0,0.0,0.0,383.931,17-11-2020
AA-10645,OFF-PA-10000474,US-Cen-Okl-Okl-73120,CA-2020-110863,SC-2020-11-110863,0.0,0.0,0.0,49.9704,17-11-2020
BS-11665,OFF-ST-10001418,US-Wes-Cal-San-92105,CA-2020-126725,SC-2020-11-126725,0.0,0.0,0.0,6.098,17-11-2020
BS-11665,FUR-FU-10002813,US-Wes-Cal-San-92105,CA-2020-126725,SC-2020-11-126725,0.0,0.0,0.0,29.1456,17-11-2020
BS-11665,OFF-ST-10000129,US-Wes-Cal-San-92105,CA-2020-126725,SC-2020-11-126725,0.0,0.0,0.0,54.4047,17-11-2020
AA-10645,OFF-ST-10002756,US-Cen-Okl-Okl-73120,CA-2020-110863,SC-2020-11-110863,0.0,0.0,0.0,5.4124,17-11-2020
BS-11665,FUR-CH-10001708,US-Wes-Cal-San-92105,CA-2020-126725,SC-2020-11-126725,0.0,0.0,0.2,2.8196,17-11-2020
BS-11665,OFF-PA-10001639,US-Wes-Cal-San-92105,CA-2020-126725,SC-2020-11-126725,0.0,0.0,0.0,15.552,17-11-2020
GH-14665,OFF-SU-10002537,US-Cen-Ill-Chi-60610,CA-2020-163090,SC-2020-11-163090,0.0,0.0,0.2,3.069,17-11-2020
AG-10300,OFF-AP-10004868,US-Wes-Nev-Las-89115,CA-2020-166800,SC-2020-11-166800,0.0,0.0,0.0,8.3916,19-11-2020
KD-16345,OFF-BI-10003196,US-Eas-New-New-10035,CA-2020-145814,SC-2020-11-145814,0.0,0.0,0.2,2.244,19-11-2020
KD-16345,TEC-PH-20002200,US-Eas-New-New-10035,CA-2020-145814,SC-2020-11-145814,0.0,0.0,0.0,249.9104,19-11-2020
TC-21475,FUR-FU-10000305,US-Wes-Was-Sea-98115,CA-2020-151680,SC-2020-11-151680,0.0,0.0,0.0,22.7136,19-11-2020
SS-20875,FUR-BO-10001337,US-Sou-Flo-Mia-33180,CA-2020-163965,SC-2020-11-163965,0.0,0.0,0.2,-36.294,20-11-2020
JK-15205,FUR-FU-10002874,US-Eas-Ohi-Mar-43302,CA-2020-116484,SC-2020-11-116484,0.0,0.0,0.2,9.5736,20-11-2020
KB-16405,FUR-FU-10002364,US-Wes-Was-Sea-98105,CA-2020-112305,SC-2020-11-112305,0.0,0.0,0.0,6.4206,20-11-2020
LC-16885,FUR-CH-10000595,US-Wes-Cal-Oak-94601,CA-2020-124058,SC-2020-11-124058,0.0,0.0,0.2,35.76,20-11-2020
SN-20560,OFF-AR-10003732,US-Wes-Cal-Los-90008,CA-2020-144652,SC-2020-11-144652,0.0,0.0,0.0,5.0596,20-11-2020
DL-12865,OFF-PA-10003883,US-Eas-New-New-10011,CA-2020-156524,SC-2020-11-156524,0.0,0.0,0.0,9.039,20-11-2020
KB-16405,TEC-AC-10002018,US-Wes-Was-Sea-98105,CA-2020-112305,SC-2020-11-112305,0.0,0.0,0.0,6.0114,20-11-2020
CS-12250,OFF-LA-10002762,US-Wes-Cal-San-92024,CA-2020-136420,FC-2020-11-136420,0.0,0.0,0.0,23.5564,20-11-2020
SS-20875,OFF-BI-10004593,US-Sou-Flo-Mia-33180,CA-2020-163965,SC-2020-11-163965,0.0,0.0,0.7,-50.304,20-11-2020
JK-15205,OFF-ST-10003994,US-Eas-Ohi-Mar-43302,CA-2020-116484,SC-2020-11-116484,0.0,0.0,0.2,-26.541,20-11-2020
LC-16885,TEC-PH-10004774,US-Wes-Cal-Oak-94601,CA-2020-124058,SC-2020-11-124058,0.0,0.0,0.2,-15.4581,20-11-2020
PB-18805,OFF-BI-10004528,US-Wes-Cal-San-94122,CA-2020-146465,SC-2020-11-146465,0.0,0.0,0.2,7.56,20-11-2020
MM-18055,OFF-BI-10001982,US-Wes-Col-Aur-80013,US-2020-165743,SC-2020-11-165743,0.0,0.0,0.7,-3.4272,20-11-2020
MM-18055,FUR-BO-10002268,US-Wes-Col-Aur-80013,US-2020-165743,SC-2020-11-165743,0.0,0.0,0.7,-247.7988,20-11-2020
MM-18055,OFF-BI-10001758,US-Wes-Col-Aur-80013,US-2020-165743,SC-2020-11-165743,0.0,0.0,0.7,-7.3692,20-11-2020
BM-11650,OFF-AR-10004648,US-Eas-New-New-10035,CA-2020-100454,SC-2020-11-100454,0.0,0.0,0.0,16.3215,20-11-2020
BM-11650,OFF-AR-10002578,US-Eas-New-New-10035,CA-2020-100454,SC-2020-11-100454,0.0,0.0,0.0,3.3408,20-11-2020
SS-20875,OFF-ST-10000918,US-Sou-Flo-Mia-33180,CA-2020-163965,SC-2020-11-163965,0.0,0.0,0.2,1.308,20-11-2020
BM-11650,FUR-BO-10001519,US-Eas-New-New-10035,CA-2020-100454,SC-2020-11-100454,0.0,0.0,0.2,9.3024,20-11-2020
KW-16570,FUR-FU-10001546,US-Wes-Cal-San-94109,US-2020-158589,SC-2020-11-158589,0.0,0.0,0.0,8.01,20-11-2020
CS-12250,OFF-BI-10002854,US-Wes-Cal-San-92024,CA-2020-136420,FC-2020-11-136420,0.0,0.0,0.2,33.636,20-11-2020
PO-19195,FUR-CH-10002880,US-Eas-Pen-Phi-19140,CA-2020-110891,SC-2020-11-110891,0.0,0.0,0.3,-93.4724,20-11-2020
KB-16405,OFF-AR-10002067,US-Wes-Was-Sea-98105,CA-2020-112305,SC-2020-11-112305,0.0,0.0,0.0,30.9504,20-11-2020
SS-20875,OFF-BI-10004728,US-Sou-Flo-Mia-33180,CA-2020-163965,SC-2020-11-163965,0.0,0.0,0.7,-5.784,20-11-2020
GK-14620,TEC-MA-10002790,US-Cen-Tex-Dal-75217,CA-2020-161767,SC-2020-11-161767,0.0,0.0,0.4,55.9986,20-11-2020
JE-15745,OFF-SU-10002189,US-Eas-Ohi-New-43055,US-2020-101511,SC-2020-11-101511,0.0,0.0,0.2,-3.7715,21-11-2020
JE-15745,FUR-CH-10004698,US-Eas-Ohi-New-43055,US-2020-101511,SC-2020-11-101511,0.0,0.0,0.3,-11.3372,21-11-2020
DL-13330,TEC-AC-10000990,US-Cen-Ind-Law-46226,CA-2020-109337,SC-2020-11-109337,0.0,0.0,0.0,165.2868,21-11-2020
NW-18400,OFF-BI-10002225,US-Wes-Nev-Las-89115,CA-2020-115511,SC-2020-11-115511,0.0,0.0,0.2,23.1168,21-11-2020
DL-13330,OFF-AP-10004052,US-Cen-Ind-Law-46226,CA-2020-109337,SC-2020-11-109337,0.0,0.0,0.0,5.135,21-11-2020
CA-11965,OFF-LA-10000240,US-Cen-Tex-Por-77642,CA-2020-105690,SC-2020-11-105690,0.0,0.0,0.2,3.9474,21-11-2020
EM-14095,TEC-AC-10002718,US-Wes-Ari-Pho-85023,US-2020-159499,SC-2020-11-159499,0.0,0.0,0.2,-1.459,21-11-2020
SS-20410,TEC-PH-10002923,US-Eas-Pen-Phi-19120,CA-2020-119879,SC-2020-11-119879,0.0,0.0,0.4,-24.0435,21-11-2020
SS-20410,FUR-TA-10002958,US-Eas-Pen-Phi-19120,CA-2020-119879,SC-2020-11-119879,0.0,0.0,0.4,-480.2032,21-11-2020
BB-11545,OFF-BI-10002194,US-Cen-Tex-For-76106,CA-2020-107083,SC-2020-11-107083,0.0,0.0,0.8,-13.167,21-11-2020
CA-11965,FUR-BO-10003965,US-Cen-Tex-Por-77642,CA-2020-105690,SC-2020-11-105690,0.0,0.0,0.32,-76.0116,21-11-2020
EM-14095,OFF-LA-10003121,US-Wes-Ari-Pho-85023,US-2020-159499,SC-2020-11-159499,0.0,0.0,0.2,5.369,21-11-2020
BB-11545,OFF-AP-10004136,US-Cen-Tex-For-76106,CA-2020-107083,SC-2020-11-107083,0.0,0.0,0.8,-67.617,21-11-2020
BB-11545,OFF-AR-10002257,US-Cen-Tex-For-76106,CA-2020-107083,SC-2020-11-107083,0.0,0.0,0.2,0.7348,21-11-2020
NW-18400,FUR-BO-10002598,US-Wes-Nev-Las-89115,CA-2020-115511,SC-2020-11-115511,0.0,0.0,0.0,41.1684,21-11-2020
EM-14095,OFF-AP-10002867,US-Wes-Ari-Pho-85023,US-2020-159499,SC-2020-11-159499,0.0,0.0,0.2,28.4928,21-11-2020
DL-13330,OFF-AR-10003759,US-Cen-Ind-Law-46226,CA-2020-109337,SC-2020-11-109337,0.0,0.0,0.0,4.914,21-11-2020
DL-13330,TEC-MA-10002930,US-Cen-Ind-Law-46226,CA-2020-109337,SC-2020-11-109337,0.0,0.0,0.0,22.653,21-11-2020
CA-11965,TEC-CO-10001571,US-Cen-Tex-Por-77642,CA-2020-105690,SC-2020-11-105690,0.0,0.0,0.2,164.997,21-11-2020
BB-11545,OFF-BI-10000756,US-Cen-Tex-For-76106,CA-2020-107083,SC-2020-11-107083,0.0,0.0,0.8,-2.544,21-11-2020
JH-15820,FUR-FU-10000087,US-Sou-Nor-Mon-28110,CA-2020-102778,FC-2020-11-102778,0.0,0.0,0.2,4.7712,21-11-2020
MO-17800,FUR-TA-10004607,US-Cen-Tex-San-78207,CA-2020-139094,SC-2020-11-139094,0.0,0.0,0.3,-32.5226,22-11-2020
HP-14815,OFF-BI-10000756,US-Cen-Tex-For-76106,US-2020-118983,SC-2020-11-118983,0.0,0.0,0.8,-3.816,22-11-2020
AP-10720,TEC-AC-10004127,US-Cen-Tex-Fri-75034,US-2020-165449,SC-2020-11-165449,0.0,0.0,0.2,-1.3584,22-11-2020
HP-14815,OFF-AP-10002311,US-Cen-Tex-For-76106,US-2020-118983,SC-2020-11-118983,0.0,0.0,0.8,-123.858,22-11-2020
IM-15070,OFF-BI-10003638,US-Eas-Pen-Phi-19120,CA-2020-100545,SC-2020-11-100545,0.0,0.0,0.7,-9.288,22-11-2020
AR-10540,OFF-PA-10002586,US-Eas-Mas-Qui-2169,CA-2020-123505,SC-2020-11-123505,0.0,0.0,0.0,7.0218,22-11-2020
NG-18430,OFF-ST-10004634,US-Wes-Cal-Los-90008,CA-2020-137708,SC-2020-11-137708,0.0,0.0,0.0,10.089,22-11-2020
NG-18430,OFF-PA-10000327,US-Wes-Cal-Los-90008,CA-2020-137708,SC-2020-11-137708,0.0,0.0,0.0,19.26,22-11-2020
NG-18430,OFF-PA-10000176,US-Wes-Cal-Los-90008,CA-2020-137708,SC-2020-11-137708,0.0,0.0,0.0,18.2112,22-11-2020
BH-11710,TEC-MA-10000423,US-Sou-Flo-Hia-33012,CA-2020-149300,FC-2020-11-149300,0.0,0.0,0.5,-1.9791,22-11-2020
HD-14785,OFF-AR-10003056,US-Eas-Mas-Cam-2138,CA-2020-162376,SC-2020-11-162376,0.0,0.0,0.0,4.9648,22-11-2020
MC-17275,OFF-FA-10004854,US-Sou-Ten-Mem-38109,CA-2020-168459,SC-2020-11-168459,0.0,0.0,0.2,18.5976,22-11-2020
MC-17275,OFF-BI-10003712,US-Sou-Ten-Mem-38109,CA-2020-168459,SC-2020-11-168459,0.0,0.0,0.7,-2.0622,22-11-2020
HD-14785,OFF-PA-10000300,US-Eas-Mas-Cam-2138,CA-2020-162376,SC-2020-11-162376,0.0,0.0,0.0,28.1718,22-11-2020
PW-19240,OFF-EN-10003286,US-Eas-Del-Wil-19805,CA-2020-144274,SC-2020-11-144274,0.0,0.0,0.0,7.7832,23-11-2020
VB-21745,OFF-BI-10002867,US-Cen-Tex-San-78207,CA-2020-111395,SC-2020-11-111395,0.0,0.0,0.8,-40.6504,23-11-2020
VB-21745,OFF-PA-10000994,US-Cen-Tex-San-78207,CA-2020-111395,SC-2020-11-111395,0.0,0.0,0.2,117.432,23-11-2020
PW-19240,OFF-PA-10001583,US-Eas-Del-Wil-19805,CA-2020-144274,SC-2020-11-144274,0.0,0.0,0.0,20.727,23-11-2020
AT-10735,OFF-AP-10000275,US-Eas-New-Mor-7960,CA-2020-123113,SC-2020-11-123113,0.0,0.0,0.0,735.0336,23-11-2020
AT-10735,OFF-AR-10004999,US-Eas-New-Mor-7960,CA-2020-123113,SC-2020-11-123113,0.0,0.0,0.0,4.485,23-11-2020
PW-19240,OFF-PA-10003441,US-Eas-Del-Wil-19805,CA-2020-144274,SC-2020-11-144274,0.0,0.0,0.0,18.6624,23-11-2020
VB-21745,OFF-ST-10001291,US-Cen-Tex-San-78207,CA-2020-111395,SC-2020-11-111395,0.0,0.0,0.2,2.3674,23-11-2020
PW-19240,OFF-AR-10001940,US-Eas-Del-Wil-19805,CA-2020-144274,SC-2020-11-144274,0.0,0.0,0.0,5.6416,23-11-2020
PW-19240,TEC-PH-10003012,US-Eas-Del-Wil-19805,CA-2020-144274,SC-2020-11-144274,0.0,0.0,0.0,89.3142,23-11-2020
TS-21340,OFF-BI-10002706,US-Wes-Cal-Los-90036,CA-2020-153416,SC-2020-11-153416,0.0,0.0,0.2,29.7024,24-11-2020
KM-16720,TEC-AC-10004633,US-Wes-Cal-Los-90004,CA-2020-135545,SC-2020-11-135545,0.0,0.0,0.0,6.1512,24-11-2020
DP-13000,OFF-PA-10000675,US-Wes-Cal-Los-90004,CA-2020-105347,SC-2020-11-105347,0.0,0.0,0.0,180.7659,24-11-2020
KM-16720,FUR-FU-10000397,US-Wes-Cal-Los-90004,CA-2020-135545,SC-2020-11-135545,0.0,0.0,0.0,22.3328,24-11-2020
DP-13000,OFF-AR-10003045,US-Wes-Cal-Los-90004,CA-2020-105347,SC-2020-11-105347,0.0,0.0,0.0,6.615,24-11-2020
TS-21340,OFF-BI-10002813,US-Wes-Cal-Los-90036,CA-2020-153416,SC-2020-11-153416,0.0,0.0,0.2,0.99,24-11-2020
KM-16720,OFF-PA-10003892,US-Wes-Cal-Los-90004,CA-2020-135545,SC-2020-11-135545,0.0,0.0,0.0,68.9631,24-11-2020
KM-16720,OFF-BI-10001078,US-Wes-Cal-Los-90004,CA-2020-135545,SC-2020-11-135545,0.0,0.0,0.2,9.3612,24-11-2020
TS-21340,OFF-PA-10002005,US-Wes-Cal-Los-90036,CA-2020-153416,SC-2020-11-153416,0.0,0.0,0.0,9.3312,24-11-2020
TS-21340,OFF-ST-10000060,US-Wes-Cal-Los-90036,CA-2020-153416,SC-2020-11-153416,0.0,0.0,0.0,54.5832,24-11-2020
SF-20065,OFF-AR-10001177,US-Sou-Nor-Wil-28403,US-2020-164357,SC-2020-11-164357,0.0,0.0,0.2,1.476,25-11-2020
GP-14740,OFF-BI-10000343,US-Eas-Mas-Leo-1453,CA-2020-117961,SC-2020-11-117961,0.0,0.0,0.0,6.9231,26-11-2020
GP-14740,OFF-ST-10001172,US-Eas-Mas-Leo-1453,CA-2020-117961,SC-2020-11-117961,0.0,0.0,0.0,25.176,26-11-2020
EA-14035,TEC-CO-10002313,US-Cen-Mis-Spr-65807,CA-2020-158939,SC-2020-12-158939,0.0,0.0,0.0,233.9961,26-11-2020
GP-14740,OFF-BI-10003707,US-Eas-Mas-Leo-1453,CA-2020-117961,SC-2020-11-117961,0.0,0.0,0.0,30.52,26-11-2020
GP-14740,OFF-PA-10001274,US-Eas-Mas-Leo-1453,CA-2020-117961,SC-2020-11-117961,0.0,0.0,0.0,5.1465,26-11-2020
SH-20635,FUR-FU-10003930,US-Sou-Ten-Jac-38301,CA-2020-166975,SC-2020-11-166975,0.0,0.0,0.2,190.4298,26-11-2020
JD-16150,TEC-PH-10002350,US-Eas-Del-New-19711,CA-2020-145184,FC-2020-11-145184,0.0,0.0,0.0,23.5116,27-11-2020
MA-17560,FUR-FU-10002506,US-Eas-Mas-Eve-2149,CA-2020-130974,SC-2020-11-130974,0.0,0.0,0.0,4.6764,27-11-2020
DO-13435,TEC-AC-10002335,US-Sou-Flo-Pem-33024,US-2020-168935,SC-2020-12-168935,0.0,0.0,0.2,-1.0497,27-11-2020
MA-17560,OFF-PA-10003823,US-Eas-Mas-Eve-2149,CA-2020-130974,SC-2020-11-130974,0.0,0.0,0.0,69.705,27-11-2020
TB-21190,OFF-BI-10000145,US-Sou-Ark-Fay-72701,CA-2020-160059,SC-2020-12-160059,0.0,0.0,0.0,3.0576,27-11-2020
MA-17560,OFF-PA-10000743,US-Eas-Mas-Eve-2149,CA-2020-130974,SC-2020-11-130974,0.0,0.0,0.0,19.2384,27-11-2020
MA-17560,FUR-BO-10002916,US-Eas-Mas-Eve-2149,CA-2020-130974,SC-2020-11-130974,0.0,0.0,0.0,32.4862,27-11-2020
DO-13435,FUR-TA-10000617,US-Sou-Flo-Pem-33024,US-2020-168935,SC-2020-12-168935,0.0,0.0,0.45,-157.0095,27-11-2020
MA-17560,OFF-PA-10001019,US-Eas-Mas-Eve-2149,CA-2020-130974,SC-2020-11-130974,0.0,0.0,0.0,28.1718,27-11-2020
CD-11920,FUR-CH-10002647,US-Wes-Cal-Lak-92530,CA-2020-101910,SC-2020-12-101910,0.0,0.0,0.2,17.745,27-11-2020
SN-20710,OFF-PA-10000482,US-Wes-Cal-Los-90049,CA-2020-125234,SC-2020-12-125234,0.0,0.0,0.0,53.4954,27-11-2020
EH-14125,TEC-PH-10002789,US-Eas-Pen-Phi-19140,US-2020-154389,SC-2020-12-154389,0.0,0.0,0.4,-162.2296,27-11-2020
JD-16150,TEC-AC-10000397,US-Eas-Del-New-19711,CA-2020-145184,FC-2020-11-145184,0.0,0.0,0.0,7.3479,27-11-2020
JE-15475,OFF-AR-10001915,US-Eas-New-New-10024,CA-2020-163762,SC-2020-12-163762,0.0,0.0,0.0,12.5118,27-11-2020
SN-20710,TEC-AC-10000158,US-Wes-Cal-Los-90049,CA-2020-125234,SC-2020-12-125234,0.0,0.0,0.0,22.6737,27-11-2020
MA-17560,FUR-TA-10004619,US-Eas-Mas-Eve-2149,CA-2020-130974,SC-2020-11-130974,0.0,0.0,0.3,0.0,27-11-2020
MA-17560,TEC-AC-10003095,US-Eas-Mas-Eve-2149,CA-2020-130974,SC-2020-11-130974,0.0,0.0,0.0,88.3932,27-11-2020
MA-17995,OFF-AR-10004441,US-Wes-New-Las-88001,CA-2020-157028,SC-2020-12-157028,0.0,0.0,0.0,3.4776,28-11-2020
LC-16885,FUR-FU-10004904,US-Cen-Ill-Cha-61821,CA-2020-157133,SC-2020-12-157133,0.0,0.0,0.6,-182.352,28-11-2020
AJ-10945,OFF-AP-10004655,US-Wes-Cal-San-94110,CA-2020-164497,FC-2020-11-164497,0.0,0.0,0.0,15.3952,28-11-2020
MC-17425,OFF-EN-10001539,US-Eas-New-New-10035,CA-2020-161711,SC-2020-12-161711,0.0,0.0,0.0,29.2528,28-11-2020
MC-17425,FUR-FU-10000087,US-Eas-New-New-10035,CA-2020-161711,SC-2020-12-161711,0.0,0.0,0.0,27.9456,28-11-2020
EB-14110,OFF-FA-10003021,US-Eas-Ohi-Col-43229,CA-2020-111612,SC-2020-12-111612,0.0,0.0,0.2,0.564,28-11-2020
EB-14110,FUR-FU-10003799,US-Eas-Ohi-Col-43229,CA-2020-111612,SC-2020-12-111612,0.0,0.0,0.2,9.779,28-11-2020
DR-12880,OFF-ST-10004804,US-Cen-Ill-Chi-60623,US-2020-159982,SC-2020-12-159982,0.0,0.0,0.2,-19.5624,28-11-2020
DR-12880,TEC-PH-10001580,US-Cen-Ill-Chi-60623,US-2020-159982,SC-2020-12-159982,0.0,0.0,0.2,56.6916,28-11-2020
EB-14170,OFF-PA-10003395,US-Cen-Tex-Aus-78745,CA-2020-142930,SC-2020-12-142930,0.0,0.0,0.2,117.432,28-11-2020
DR-12880,FUR-FU-10002505,US-Cen-Ill-Chi-60623,US-2020-159982,SC-2020-12-159982,0.0,0.0,0.6,-8.4924,28-11-2020
DR-12880,OFF-ST-10001590,US-Cen-Ill-Chi-60623,US-2020-159982,SC-2020-12-159982,0.0,0.0,0.2,4.044,28-11-2020
AW-10840,OFF-BI-10000088,US-Cen-Tex-All-75002,CA-2020-129112,FC-2020-11-129112,0.0,0.0,0.8,-13.6152,29-11-2020
EK-13795,OFF-AR-10003582,US-Wes-Cal-San-92704,CA-2020-154340,FC-2020-11-154340,0.0,0.0,0.0,15.764,29-11-2020
AW-10840,TEC-AC-10003038,US-Cen-Tex-All-75002,CA-2020-129112,FC-2020-11-129112,0.0,0.0,0.2,-0.2685,29-11-2020
SF-20965,FUR-CH-10004853,US-Cen-Mic-Dea-48126,CA-2020-138009,SC-2020-12-138009,0.0,0.0,0.0,87.5684,29-11-2020
SF-20965,OFF-AP-10000179,US-Cen-Mic-Dea-48126,CA-2020-138009,SC-2020-12-138009,0.0,0.0,0.1,178.901,29-11-2020
BT-11395,OFF-PA-10000349,US-Cen-Mic-Det-48227,CA-2020-110016,SC-2020-12-110016,0.0,0.0,0.0,9.3624,29-11-2020
BT-11395,FUR-CH-10002880,US-Cen-Mic-Det-48227,CA-2020-110016,SC-2020-12-110016,0.0,0.0,0.0,121.7601,29-11-2020
SF-20965,OFF-ST-10001272,US-Cen-Mic-Dea-48126,CA-2020-138009,SC-2020-12-138009,0.0,0.0,0.0,130.87,29-11-2020
SF-20965,OFF-AR-10004042,US-Cen-Mic-Dea-48126,CA-2020-138009,SC-2020-12-138009,0.0,0.0,0.0,46.9278,29-11-2020
PO-19195,OFF-BI-10001078,US-Wes-Cal-San-94122,CA-2020-144099,SC-2020-11-144099,0.0,0.0,0.2,1.5602,29-11-2020
AB-10600,FUR-FU-10001546,US-Sou-Nor-Jac-28540,CA-2020-158323,FC-2020-12-158323,0.0,0.0,0.2,1.068,30-11-2020
JM-15865,FUR-FU-10002813,US-Wes-Nev-Las-89115,CA-2020-107685,SC-2020-12-107685,0.0,0.0,0.0,29.1456,30-11-2020
LR-16915,FUR-FU-10000576,US-Sou-Nor-Dur-27707,CA-2020-141327,FC-2020-12-141327,0.0,0.0,0.2,25.1808,30-11-2020
LR-16915,OFF-AP-10001293,US-Sou-Nor-Dur-27707,CA-2020-141327,FC-2020-12-141327,0.0,0.0,0.2,9.8352,30-11-2020
LR-16915,OFF-BI-10000546,US-Sou-Nor-Dur-27707,CA-2020-141327,FC-2020-12-141327,0.0,0.0,0.7,-4.2336,30-11-2020
WB-21850,TEC-PH-10002807,US-Eas-Pen-Phi-19134,CA-2020-122210,SC-2020-12-122210,0.0,0.0,0.4,15.82,30-11-2020
PS-18970,OFF-EN-10000461,US-Sou-Ken-Hen-42420,CA-2020-140830,SC-2020-12-140830,0.0,0.0,0.0,8.2156,30-11-2020
WB-21850,OFF-FA-10000053,US-Eas-Pen-Phi-19134,CA-2020-122210,SC-2020-12-122210,0.0,0.0,0.2,-2.3814,30-11-2020
WB-21850,OFF-BI-10003656,US-Eas-Pen-Phi-19134,CA-2020-122210,SC-2020-12-122210,0.0,0.0,0.7,-122.3928,30-11-2020
JL-15235,OFF-PA-10002659,US-Eas-New-New-10035,CA-2020-137925,SC-2020-12-137925,0.0,0.0,0.0,10.8836,30-11-2020
JL-15235,FUR-BO-10001608,US-Eas-New-New-10035,CA-2020-137925,SC-2020-12-137925,0.0,0.0,0.2,42.588,30-11-2020
RM-19375,TEC-PH-10001198,US-Sou-Nor-Ral-27604,CA-2020-156328,SC-2020-12-156328,0.0,0.0,0.2,19.9665,30-11-2020
DB-13270,OFF-BI-10000301,US-Cen-Tex-Aus-78745,US-2020-141453,SC-2020-12-141453,0.0,0.0,0.8,-5.823,30-11-2020
PS-18970,OFF-EN-10002831,US-Sou-Ken-Hen-42420,CA-2020-140830,SC-2020-12-140830,0.0,0.0,0.0,32.346,30-11-2020
JM-15865,OFF-PA-10003848,US-Wes-Nev-Las-89115,CA-2020-107685,SC-2020-12-107685,0.0,0.0,0.0,12.4416,30-11-2020
BT-11305,OFF-AR-10003251,US-Wes-Was-Sea-98105,CA-2020-103723,SC-2020-12-103723,0.0,0.0,0.0,5.56,01-12-2020
LC-17140,OFF-BI-10001765,US-Wes-Was-Sea-98103,CA-2020-119907,SC-2020-12-119907,0.0,0.0,0.2,19.3984,01-12-2020
TW-21025,FUR-TA-10001705,US-Wes-Was-Sea-98105,CA-2020-137113,SC-2020-12-137113,0.0,0.0,0.0,401.814,01-12-2020
LC-16960,FUR-CH-10003973,US-Wes-Cal-San-92037,CA-2020-111038,SC-2020-12-111038,0.0,0.0,0.2,267.6672,01-12-2020
TW-21025,FUR-CH-10001215,US-Wes-Was-Sea-98105,CA-2020-137113,SC-2020-12-137113,0.0,0.0,0.2,125.245,01-12-2020
NM-18520,FUR-FU-10004270,US-Cen-Tex-Hou-77036,US-2020-105676,SC-2020-12-105676,0.0,0.0,0.6,-4.0128,01-12-2020
TW-21025,OFF-PA-10004255,US-Wes-Was-Sea-98105,CA-2020-137113,SC-2020-12-137113,0.0,0.0,0.0,15.552,01-12-2020
KD-16495,OFF-ST-10001321,US-Sou-Vir-Che-23320,US-2020-148817,SC-2020-12-148817,0.0,0.0,0.0,16.6536,01-12-2020
MA-17560,OFF-AR-10000823,US-Cen-Mic-Jac-49201,CA-2020-110324,SC-2020-12-110324,0.0,0.0,0.0,1.0192,01-12-2020
MA-17560,OFF-PA-10001826,US-Cen-Mic-Jac-49201,CA-2020-110324,SC-2020-12-110324,0.0,0.0,0.0,9.3312,01-12-2020
MA-17560,OFF-PA-10001776,US-Cen-Mic-Jac-49201,CA-2020-110324,SC-2020-12-110324,0.0,0.0,0.0,8.7138,01-12-2020
KD-16495,OFF-BI-10004233,US-Sou-Vir-Che-23320,US-2020-148817,SC-2020-12-148817,0.0,0.0,0.0,30.7008,01-12-2020
TW-21025,OFF-ST-10002554,US-Wes-Was-Sea-98105,CA-2020-137113,SC-2020-12-137113,0.0,0.0,0.0,2.9346,01-12-2020
TW-21025,OFF-PA-10002222,US-Wes-Was-Sea-98105,CA-2020-137113,SC-2020-12-137113,0.0,0.0,0.0,52.532,01-12-2020
JG-15115,OFF-AR-10004078,US-Sou-Nor-Jac-28540,CA-2020-123092,SC-2020-12-123092,0.0,0.0,0.2,1.168,03-12-2020
HP-14815,OFF-PA-10003656,US-Eas-New-Con-3301,CA-2020-156853,SC-2020-12-156853,0.0,0.0,0.0,84.9436,03-12-2020
JG-15115,TEC-PH-10001700,US-Sou-Nor-Jac-28540,CA-2020-123092,SC-2020-12-123092,0.0,0.0,0.2,9.2386,03-12-2020
JG-15115,OFF-BI-10001718,US-Sou-Nor-Jac-28540,CA-2020-123092,SC-2020-12-123092,0.0,0.0,0.7,-73.577,03-12-2020
DK-13225,TEC-MA-10001681,US-Eas-Pen-Phi-19140,CA-2020-122756,SC-2020-12-122756,0.0,0.0,0.7,-337.638,03-12-2020
AB-10255,OFF-PA-10000174,US-Eas-Pen-Phi-19134,CA-2020-110093,SC-2020-12-110093,0.0,0.0,0.2,5.5512,03-12-2020
DK-13225,FUR-FU-10001935,US-Eas-Pen-Phi-19140,CA-2020-122756,SC-2020-12-122756,0.0,0.0,0.2,0.777,03-12-2020
JG-15115,FUR-FU-10000222,US-Sou-Nor-Jac-28540,CA-2020-123092,SC-2020-12-123092,0.0,0.0,0.2,12.6672,03-12-2020
MP-17470,OFF-BI-10004528,US-Eas-New-New-10009,CA-2020-147851,SC-2020-12-147851,0.0,0.0,0.2,3.36,03-12-2020
BS-11380,OFF-BI-10003718,US-Eas-New-New-10011,CA-2020-142475,SC-2020-12-142475,0.0,0.0,0.2,206.6232,03-12-2020
AB-10255,TEC-AC-10000171,US-Eas-Pen-Phi-19134,CA-2020-110093,SC-2020-12-110093,0.0,0.0,0.2,10.5754,03-12-2020
MS-17980,OFF-PA-10001970,US-Cen-Mis-Spr-65807,CA-2020-142377,SC-2020-12-142377,0.0,0.0,0.0,40.4012,04-12-2020
TZ-21580,OFF-AR-10003723,US-Wes-Cal-Lak-90712,CA-2020-119508,SC-2020-12-119508,0.0,0.0,0.0,6.253,04-12-2020
MS-17365,OFF-EN-10004147,US-Eas-New-New-10035,CA-2020-130659,SC-2020-12-130659,0.0,0.0,0.0,8.7906,04-12-2020
RH-19555,OFF-BI-10001553,US-Sou-Flo-Tal-32303,CA-2020-110247,SC-2020-12-110247,0.0,0.0,0.7,-6.0324,04-12-2020
HM-14860,FUR-FU-10002111,US-Wes-Cal-Los-90049,CA-2020-118871,SC-2020-12-118871,0.0,0.0,0.0,13.832,04-12-2020
HM-14860,TEC-PH-10000193,US-Wes-Cal-Los-90049,CA-2020-118871,SC-2020-12-118871,0.0,0.0,0.2,8.2764,04-12-2020
SO-20335,FUR-FU-10002445,US-Eas-New-Hem-11550,CA-2020-161718,SC-2020-12-161718,0.0,0.0,0.0,11.376,04-12-2020
HM-14860,OFF-EN-10003296,US-Wes-Cal-Los-90049,CA-2020-118871,SC-2020-12-118871,0.0,0.0,0.0,122.148,04-12-2020
MS-17365,FUR-CH-10003535,US-Eas-New-New-10035,CA-2020-130659,SC-2020-12-130659,0.0,0.0,0.1,29.8802,04-12-2020
TZ-21580,FUR-FU-10004270,US-Wes-Cal-Lak-90712,CA-2020-119508,SC-2020-12-119508,0.0,0.0,0.0,9.0288,04-12-2020
SO-20335,TEC-PH-10000376,US-Eas-New-Hem-11550,CA-2020-161718,SC-2020-12-161718,0.0,0.0,0.0,10.3896,04-12-2020
RO-19780,OFF-AR-10003752,US-Sou-Ten-Cla-37042,CA-2020-155600,SC-2020-12-155600,0.0,0.0,0.2,12.012,04-12-2020
RO-19780,OFF-BI-10000545,US-Sou-Ten-Cla-37042,CA-2020-155600,SC-2020-12-155600,0.0,0.0,0.7,-1065.372,04-12-2020
SO-20335,FUR-CH-10002965,US-Eas-New-Hem-11550,CA-2020-161718,SC-2020-12-161718,0.0,0.0,0.1,68.3332,04-12-2020
MS-17365,TEC-PH-10004586,US-Eas-New-New-10035,CA-2020-130659,SC-2020-12-130659,0.0,0.0,0.0,539.925,04-12-2020
SO-20335,FUR-CH-10002372,US-Eas-New-Hem-11550,CA-2020-161718,SC-2020-12-161718,0.0,0.0,0.1,8.098,04-12-2020
BD-11635,OFF-PA-10004156,US-Eas-New-New-10009,CA-2020-110814,SC-2020-12-110814,0.0,0.0,0.0,11.1132,05-12-2020
GB-14530,TEC-AC-10001266,US-Wes-Cal-Los-90049,CA-2020-149566,SC-2020-12-149566,0.0,0.0,0.0,17.55,05-12-2020
SW-20245,OFF-BI-10001107,US-Eas-Pen-Phi-19140,CA-2020-101091,SC-2020-12-101091,0.0,0.0,0.7,-19.9824,05-12-2020
TB-21250,OFF-EN-10004459,US-Cen-Ill-Blo-61701,CA-2020-117898,SC-2020-12-117898,0.0,0.0,0.2,4.4312,05-12-2020
BD-11635,OFF-BI-10002026,US-Eas-New-New-10009,CA-2020-110814,SC-2020-12-110814,0.0,0.0,0.2,78.435,05-12-2020
BD-11635,FUR-CH-10003535,US-Eas-New-New-10009,CA-2020-110814,SC-2020-12-110814,0.0,0.0,0.1,12.8058,05-12-2020
RR-19525,FUR-CH-10004477,US-Sou-Ten-Nas-37211,US-2020-131842,FC-2020-12-131842,0.0,0.0,0.2,10.9602,05-12-2020
MH-17620,FUR-FU-10004090,US-Wes-Cal-San-92105,CA-2020-156440,SC-2020-12-156440,0.0,0.0,0.0,14.6718,05-12-2020
SF-20065,OFF-AR-10003582,US-Cen-Tex-Dal-75220,CA-2020-142937,FC-2020-12-142937,0.0,0.0,0.2,4.504,05-12-2020
SU-20665,OFF-BI-10000666,US-Cen-Mic-Ann-48104,CA-2020-134943,FC-2020-12-134943,0.0,0.0,0.0,76.4,05-12-2020
SW-20245,TEC-AC-10003280,US-Eas-Pen-Phi-19140,CA-2020-101091,SC-2020-12-101091,0.0,0.0,0.2,0.5998,05-12-2020
GB-14530,OFF-LA-10000452,US-Wes-Cal-Los-90049,CA-2020-149566,SC-2020-12-149566,0.0,0.0,0.0,6.048,05-12-2020
SG-20605,TEC-AC-10002637,US-Eas-New-New-10009,US-2020-127040,SC-2020-12-127040,0.0,0.0,0.0,97.1946,06-12-2020
SG-20605,OFF-PA-10001184,US-Eas-New-New-10009,US-2020-127040,SC-2020-12-127040,0.0,0.0,0.0,20.5114,06-12-2020
SG-20605,OFF-PA-10004255,US-Eas-New-New-10009,US-2020-127040,SC-2020-12-127040,0.0,0.0,0.0,3.1104,06-12-2020
KM-16375,OFF-PA-10003883,US-Wes-Cal-Tho-91360,CA-2020-148628,SC-2020-12-148628,0.0,0.0,0.0,15.065,06-12-2020
DB-13120,OFF-PA-10004519,US-Wes-Cal-San-93101,CA-2020-136700,SC-2020-12-136700,0.0,0.0,0.0,4.3904,06-12-2020
IL-15100,OFF-ST-10000078,US-Wes-Nev-Nor-89031,US-2020-114741,SC-2020-12-114741,0.0,0.0,0.0,238.653,06-12-2020
IL-15100,OFF-LA-10004853,US-Wes-Nev-Nor-89031,US-2020-114741,SC-2020-12-114741,0.0,0.0,0.0,6.8724,06-12-2020
NP-18325,TEC-PH-10000576,US-Wes-Cal-San-92105,CA-2020-143490,SC-2020-12-143490,0.0,0.0,0.2,19.1786,06-12-2020
NP-18325,OFF-AR-10002952,US-Wes-Cal-San-92105,CA-2020-143490,SC-2020-12-143490,0.0,0.0,0.0,33.642,06-12-2020
IL-15100,OFF-PA-10000048,US-Wes-Nev-Nor-89031,US-2020-114741,SC-2020-12-114741,0.0,0.0,0.0,3.1104,06-12-2020
DK-13375,FUR-CH-10004860,US-Eas-Ohi-Mar-43302,CA-2020-131884,SC-2020-12-131884,0.0,0.0,0.3,-24.2352,06-12-2020
GH-14425,FUR-FU-10002253,US-Wes-Ari-Tuc-85705,CA-2020-144806,SC-2020-12-144806,0.0,0.0,0.2,48.9516,06-12-2020
GH-14425,OFF-PA-10002586,US-Wes-Ari-Tuc-85705,CA-2020-144806,SC-2020-12-144806,0.0,0.0,0.2,6.723,06-12-2020
GH-14425,OFF-PA-10003039,US-Wes-Ari-Tuc-85705,CA-2020-144806,SC-2020-12-144806,0.0,0.0,0.2,61.96,06-12-2020
GH-14425,OFF-AR-10004042,US-Wes-Ari-Tuc-85705,CA-2020-144806,SC-2020-12-144806,0.0,0.0,0.2,9.7092,06-12-2020
DK-13375,OFF-AR-10004078,US-Eas-Ohi-Mar-43302,CA-2020-131884,SC-2020-12-131884,0.0,0.0,0.2,4.672,06-12-2020
DK-13375,TEC-PH-10001578,US-Eas-Ohi-Mar-43302,CA-2020-131884,SC-2020-12-131884,0.0,0.0,0.4,-89.089,06-12-2020
RO-19780,TEC-PH-10001615,US-Sou-Vir-Arl-22204,CA-2020-153752,SC-2020-12-153752,0.0,0.0,0.0,50.4426,06-12-2020
NP-18685,TEC-CO-10002095,US-Cen-Ind-Ind-46203,CA-2020-156104,SC-2020-12-156104,0.0,0.0,0.0,449.991,06-12-2020
SG-20605,FUR-FU-10002878,US-Eas-New-New-10009,US-2020-127040,SC-2020-12-127040,0.0,0.0,0.0,42.1504,06-12-2020
GH-14425,OFF-ST-10004804,US-Wes-Ari-Tuc-85705,CA-2020-144806,SC-2020-12-144806,0.0,0.0,0.2,-58.6872,06-12-2020
KW-16435,OFF-BI-10002813,US-Cen-Tex-Aus-78745,US-2020-149692,SC-2020-12-149692,0.0,0.0,0.8,-4.851,06-12-2020
AF-10870,OFF-AP-10001626,US-Wes-Cal-San-94109,CA-2020-168634,SC-2020-12-168634,0.0,0.0,0.0,2.0228,06-12-2020
MP-18175,OFF-BI-10002852,US-Eas-Ohi-Tro-45373,CA-2020-166338,FC-2020-12-166338,0.0,0.0,0.7,-10.3824,06-12-2020
AH-10210,OFF-BI-10001031,US-Eas-New-New-10024,CA-2020-165050,FC-2020-12-165050,0.0,0.0,0.2,7.209,07-12-2020
AH-10210,TEC-PH-10001336,US-Eas-New-New-10024,CA-2020-165050,FC-2020-12-165050,0.0,0.0,0.0,224.4426,07-12-2020
KH-16690,OFF-PA-10003953,US-Wes-Cal-Riv-92503,US-2020-120957,SC-2020-12-120957,0.0,0.0,0.0,6.2208,07-12-2020
AH-10210,OFF-BI-10003727,US-Eas-New-New-10024,CA-2020-165050,FC-2020-12-165050,0.0,0.0,0.2,2.3408,07-12-2020
DK-12985,OFF-AP-10001271,US-Sou-Ken-Hen-42420,CA-2020-134894,SC-2020-12-134894,0.0,0.0,0.0,41.2938,07-12-2020
DK-12985,FUR-CH-10002647,US-Sou-Ken-Hen-42420,CA-2020-134894,SC-2020-12-134894,0.0,0.0,0.0,70.98,07-12-2020
MS-17830,FUR-FU-10002759,US-Wes-Cal-Los-90036,CA-2020-135272,SC-2020-12-135272,0.0,0.0,0.0,28.7712,07-12-2020
JF-15490,OFF-LA-10000634,US-Wes-Was-Sea-98105,CA-2020-130736,FC-2020-12-130736,0.0,0.0,0.0,1.2006,07-12-2020
JF-15490,OFF-FA-10003467,US-Wes-Was-Sea-98105,CA-2020-130736,FC-2020-12-130736,0.0,0.0,0.0,0.0,07-12-2020
TT-21460,TEC-PH-10001817,US-Cen-Tex-For-76106,CA-2020-135622,SC-2020-12-135622,0.0,0.0,0.2,150.36,08-12-2020
YS-21880,OFF-ST-10004186,US-Wes-Cal-Los-90036,CA-2020-129532,SC-2020-12-129532,0.0,0.0,0.0,4.4392,08-12-2020
JJ-15760,TEC-PH-10004896,US-Cen-Tex-Hou-77036,CA-2020-103205,SC-2020-12-103205,0.0,0.0,0.2,11.996,08-12-2020
HG-14965,OFF-PA-10000533,US-Wes-Col-Col-80906,CA-2020-156118,SC-2020-12-156118,0.0,0.0,0.2,5.1012,08-12-2020
TT-21460,OFF-PA-10000100,US-Cen-Tex-For-76106,CA-2020-135622,SC-2020-12-135622,0.0,0.0,0.2,130.7581,08-12-2020
YS-21880,TEC-AC-10000865,US-Wes-Cal-Los-90036,CA-2020-129532,SC-2020-12-129532,0.0,0.0,0.0,40.12,08-12-2020
KB-16600,OFF-PA-10004156,US-Cen-Ind-Col-47201,CA-2020-157035,FC-2020-12-157035,0.0,0.0,0.0,16.6698,09-12-2020
MA-17560,TEC-CO-10002095,US-Eas-New-New-10024,CA-2020-143105,SC-2020-12-143105,0.0,0.0,0.2,249.995,10-12-2020
KM-16660,TEC-AC-10001553,US-Sou-Geo-Ros-30076,US-2020-168732,SC-2020-12-168732,0.0,0.0,0.0,21.4074,10-12-2020
MA-17560,OFF-LA-10004093,US-Eas-New-New-10024,CA-2020-143105,SC-2020-12-143105,0.0,0.0,0.0,3.4357,10-12-2020
KM-16660,OFF-PA-10000520,US-Sou-Geo-Ros-30076,US-2020-168732,SC-2020-12-168732,0.0,0.0,0.0,12.4416,10-12-2020
KM-16660,OFF-AR-10003087,US-Sou-Geo-Ros-30076,US-2020-168732,SC-2020-12-168732,0.0,0.0,0.0,0.4984,10-12-2020
JW-16075,OFF-AP-10004980,US-Cen-Ill-Chi-60610,CA-2020-106208,SC-2020-12-106208,0.0,0.0,0.8,-108.8304,10-12-2020
MA-17560,OFF-PA-10002254,US-Eas-New-New-10024,CA-2020-143105,SC-2020-12-143105,0.0,0.0,0.0,84.9436,10-12-2020
MA-17560,OFF-PA-10002713,US-Eas-New-New-10024,CA-2020-143105,SC-2020-12-143105,0.0,0.0,0.0,18.9888,10-12-2020
FC-14245,OFF-AR-10003582,US-Wes-Cal-Los-90032,CA-2020-115693,SC-2020-12-115693,0.0,0.0,0.0,15.764,10-12-2020
KD-16495,OFF-AR-20001149,US-Cen-Mic-Jac-49201,CA-2020-121650,SC-2020-12-121650,0.0,0.0,0.0,1.521,10-12-2020
KM-16225,FUR-CH-10000785,US-Eas-Mar-Bal-21215,US-2020-138093,SC-2020-12-138093,0.0,0.0,0.0,141.1644,10-12-2020
KD-16495,OFF-LA-10001045,US-Cen-Mic-Jac-49201,CA-2020-121650,SC-2020-12-121650,0.0,0.0,0.0,1.2006,10-12-2020
RA-19945,TEC-AC-20002550,US-Eas-Ohi-Cle-44105,CA-2020-112823,SC-2020-12-112823,0.0,0.0,0.2,4.4604,10-12-2020
KM-16225,TEC-PH-10004667,US-Eas-Mar-Bal-21215,US-2020-138093,SC-2020-12-138093,0.0,0.0,0.0,36.4473,10-12-2020
KM-16225,OFF-PA-10000143,US-Eas-Mar-Bal-21215,US-2020-138093,SC-2020-12-138093,0.0,0.0,0.0,12.672,10-12-2020
KM-16225,OFF-PA-10001509,US-Eas-Mar-Bal-21215,US-2020-138093,SC-2020-12-138093,0.0,0.0,0.0,20.585,10-12-2020
MT-17815,OFF-LA-10001613,US-Wes-Cal-San-94110,CA-2020-127502,SC-2020-12-127502,0.0,0.0,0.0,2.8224,10-12-2020
KM-16225,OFF-AR-10000817,US-Eas-Mar-Bal-21215,US-2020-138093,SC-2020-12-138093,0.0,0.0,0.0,9.3024,10-12-2020
KD-16495,FUR-TA-10003569,US-Cen-Mic-Jac-49201,CA-2020-121650,SC-2020-12-121650,0.0,0.0,0.0,200.49,10-12-2020
KD-16495,FUR-CH-10004289,US-Cen-Mic-Jac-49201,CA-2020-121650,SC-2020-12-121650,0.0,0.0,0.0,32.6332,10-12-2020
IM-15070,TEC-AC-10004396,US-Wes-Col-Col-80906,CA-2020-104346,SC-2020-12-104346,0.0,0.0,0.2,-6.534,11-12-2020
IM-15070,FUR-FU-10002456,US-Wes-Col-Col-80906,CA-2020-104346,SC-2020-12-104346,0.0,0.0,0.2,15.0696,11-12-2020
CA-12775,OFF-BI-10004965,US-Cen-Mic-Det-48205,CA-2020-135853,FC-2020-12-135853,0.0,0.0,0.0,10.35,11-12-2020
IM-15070,OFF-AR-10001545,US-Wes-Col-Col-80906,CA-2020-104346,SC-2020-12-104346,0.0,0.0,0.2,0.4752,11-12-2020
IM-15070,FUR-TA-10000849,US-Wes-Col-Col-80906,CA-2020-104346,SC-2020-12-104346,0.0,0.0,0.5,-248.166,11-12-2020
IM-15070,OFF-PA-10001166,US-Wes-Col-Col-80906,CA-2020-104346,SC-2020-12-104346,0.0,0.0,0.2,28.7064,11-12-2020
IM-15070,OFF-PA-10003256,US-Wes-Col-Col-80906,CA-2020-104346,SC-2020-12-104346,0.0,0.0,0.2,9.6936,11-12-2020
IM-15070,FUR-BO-10003450,US-Wes-Col-Col-80906,CA-2020-104346,SC-2020-12-104346,0.0,0.0,0.7,-143.7904,11-12-2020
LC-16885,OFF-BI-10003166,US-Eas-Ohi-Tro-45373,CA-2020-106362,SC-2020-12-106362,0.0,0.0,0.7,-7.5768,11-12-2020
SC-20800,TEC-AC-10001606,US-Cen-Tex-Hou-77041,CA-2020-155761,SC-2020-12-155761,0.0,0.0,0.2,35.9964,11-12-2020
SC-20800,OFF-ST-10000943,US-Cen-Tex-Hou-77041,CA-2020-155761,SC-2020-12-155761,0.0,0.0,0.2,4.6344,11-12-2020
IM-15070,OFF-AR-10001473,US-Wes-Col-Col-80906,CA-2020-104346,SC-2020-12-104346,0.0,0.0,0.2,1.148,11-12-2020
CA-12775,TEC-AC-10004761,US-Cen-Mic-Det-48205,CA-2020-135853,FC-2020-12-135853,0.0,0.0,0.0,61.3305,11-12-2020
CA-12775,TEC-PH-10003691,US-Cen-Mic-Det-48205,CA-2020-135853,FC-2020-12-135853,0.0,0.0,0.0,31.4975,11-12-2020
SW-20455,OFF-LA-10003930,US-Sou-Vir-Suf-23434,CA-2020-150560,FC-2020-12-150560,0.0,0.0,0.0,96.3438,11-12-2020
GH-14425,OFF-BI-10001098,US-Sou-Flo-Jac-32216,US-2020-120572,SC-2020-12-120572,0.0,0.0,0.7,-8.9796,11-12-2020
JK-15640,OFF-BI-10004230,US-Wes-Cal-San-92404,CA-2020-134082,SC-2020-12-134082,0.0,0.0,0.2,38.6848,11-12-2020
LT-17110,FUR-CH-10004675,US-Wes-Cal-Lan-93534,CA-2020-154620,SC-2020-12-154620,0.0,0.0,0.2,34.8928,12-12-2020
XP-21865,OFF-PA-10000726,US-Wes-Cal-Chi-95928,CA-2020-155586,SC-2020-12-155586,0.0,0.0,0.0,16.398,12-12-2020
KD-16270,OFF-SU-10001225,US-Wes-Cal-Los-90032,CA-2020-110870,FC-2020-12-110870,0.0,0.0,0.0,0.5152,12-12-2020
DK-13375,OFF-BI-10002437,US-Wes-Cal-San-92105,CA-2020-145065,FC-2020-12-145065,0.0,0.0,0.2,8.8624,12-12-2020
JB-15925,TEC-AC-10002018,US-Cen-Tex-Aus-78745,US-2020-167220,SC-2020-12-167220,0.0,0.0,0.2,6.4308,12-12-2020
EM-13960,OFF-AR-10001662,US-Eas-Mar-Bal-21215,CA-2020-129042,SC-2020-12-129042,0.0,0.0,0.0,2.2194,12-12-2020
KD-16270,TEC-AC-10002926,US-Wes-Cal-Los-90032,CA-2020-110870,FC-2020-12-110870,0.0,0.0,0.0,128.9742,12-12-2020
JD-15895,OFF-PA-10002377,US-Wes-Nev-Las-89115,CA-2020-127481,SC-2020-12-127481,0.0,0.0,0.0,48.94,12-12-2020
DK-13375,OFF-FA-10001229,US-Wes-Cal-San-92105,CA-2020-145065,FC-2020-12-145065,0.0,0.0,0.0,3.6156,12-12-2020
XP-21865,OFF-EN-10003072,US-Wes-Cal-Chi-95928,CA-2020-155586,SC-2020-12-155586,0.0,0.0,0.0,7.4496,12-12-2020
HA-14905,FUR-FU-10004597,US-Wes-Cal-San-95123,CA-2020-134075,SC-2020-12-134075,0.0,0.0,0.0,21.645,12-12-2020
XP-21865,OFF-AR-10001547,US-Wes-Cal-Chi-95928,CA-2020-155586,SC-2020-12-155586,0.0,0.0,0.0,0.5967,12-12-2020
JD-15895,OFF-PA-10002036,US-Wes-Nev-Las-89115,CA-2020-127481,SC-2020-12-127481,0.0,0.0,0.0,15.876,12-12-2020
HA-14905,OFF-ST-10001496,US-Wes-Cal-San-95123,CA-2020-134075,SC-2020-12-134075,0.0,0.0,0.0,93.6988,12-12-2020
RP-19270,OFF-AP-10003040,US-Wes-Cal-Riv-92503,CA-2020-148250,SC-2020-12-148250,0.0,0.0,0.0,34.9648,13-12-2020
MC-17575,OFF-LA-10001771,US-Wes-Cal-Los-90036,CA-2020-125423,SC-2020-12-125423,0.0,0.0,0.0,4.5816,13-12-2020
RD-19585,TEC-AC-10003399,US-Wes-Cal-Tem-92592,CA-2020-157770,FC-2020-12-157770,0.0,0.0,0.0,15.2208,13-12-2020
Dp-13240,OFF-PA-10004451,US-Eas-Mas-Rev-2151,CA-2020-139962,SC-2020-12-139962,0.0,0.0,0.0,9.3312,13-12-2020
Dp-13240,OFF-BI-10004738,US-Eas-Mas-Rev-2151,CA-2020-139962,SC-2020-12-139962,0.0,0.0,0.0,18.94,13-12-2020
RD-19585,TEC-PH-20001530,US-Wes-Cal-Tem-92592,CA-2020-157770,FC-2020-12-157770,0.0,0.0,0.2,49.4376,13-12-2020
RP-19270,OFF-PA-10000289,US-Wes-Cal-Riv-92503,CA-2020-148250,SC-2020-12-148250,0.0,0.0,0.0,6.2208,13-12-2020
RD-19585,OFF-BI-10000050,US-Wes-Cal-Tem-92592,CA-2020-157770,FC-2020-12-157770,0.0,0.0,0.2,9.855,13-12-2020
RD-19585,TEC-AC-10001552,US-Wes-Cal-Tem-92592,CA-2020-157770,FC-2020-12-157770,0.0,0.0,0.0,27.3735,13-12-2020
RD-19480,OFF-BI-10002432,US-Wes-Cal-San-92105,CA-2020-146696,SC-2020-12-146696,0.0,0.0,0.2,2.7324,14-12-2020
KD-16495,FUR-FU-10003829,US-Sou-Mis-Jac-39212,CA-2020-125066,SC-2020-12-125066,0.0,0.0,0.0,1.9712,14-12-2020
KD-16495,OFF-AR-10003582,US-Sou-Mis-Jac-39212,CA-2020-125066,SC-2020-12-125066,0.0,0.0,0.0,15.764,14-12-2020
DB-12970,OFF-BI-10001153,US-Wes-Cal-Los-90045,CA-2020-141593,SC-2020-12-141593,0.0,0.0,0.2,20.724,14-12-2020
DB-12970,OFF-PA-10004983,US-Wes-Cal-Los-90045,CA-2020-141593,SC-2020-12-141593,0.0,0.0,0.0,3.1104,14-12-2020
EH-13945,FUR-FU-10004351,US-Wes-Cal-Cos-92627,CA-2020-114048,SC-2020-12-114048,0.0,0.0,0.0,12.8568,14-12-2020
DB-12970,OFF-BI-10000948,US-Wes-Cal-Los-90045,CA-2020-141593,SC-2020-12-141593,0.0,0.0,0.2,11.5587,14-12-2020
DB-12970,FUR-TA-10002622,US-Wes-Cal-Los-90045,CA-2020-141593,SC-2020-12-141593,0.0,0.0,0.2,10.2588,14-12-2020
AJ-10945,TEC-AC-10003063,US-Wes-Cal-Los-90045,CA-2020-126347,SC-2020-12-126347,0.0,0.0,0.0,10.5,14-12-2020
PP-18955,FUR-FU-10002963,US-Wes-Cal-Los-90036,CA-2020-130253,SC-2020-12-130253,0.0,0.0,0.0,5.1816,14-12-2020
DJ-13630,TEC-PH-10001051,US-Wes-Ore-Por-97206,CA-2020-123232,SC-2020-12-123232,0.0,0.0,0.2,35.9964,14-12-2020
MM-18280,OFF-BI-10004187,US-Sou-Geo-Col-31907,CA-2020-119592,SC-2020-12-119592,0.0,0.0,0.0,1.8048,14-12-2020
JH-15985,OFF-BI-10001098,US-Wes-Was-Sea-98115,CA-2020-109638,SC-2020-12-109638,0.0,0.0,0.2,18.6006,15-12-2020
JH-15985,TEC-AC-10004571,US-Wes-Was-Sea-98115,CA-2020-109638,SC-2020-12-109638,0.0,0.0,0.0,377.9622,15-12-2020
JH-15985,OFF-AP-10002472,US-Wes-Was-Sea-98115,CA-2020-109638,SC-2020-12-109638,0.0,0.0,0.0,36.372,15-12-2020
JK-15640,OFF-AR-10001940,US-Eas-New-New-10009,CA-2020-137225,SC-2020-12-137225,0.0,0.0,0.0,1.4104,15-12-2020
NF-18385,TEC-AC-10002049,US-Eas-Ohi-New-43055,CA-2020-147830,FC-2020-12-147830,0.0,0.0,0.2,607.608,15-12-2020
NF-18385,TEC-MA-10000418,US-Eas-Ohi-New-43055,CA-2020-147830,FC-2020-12-147830,0.0,0.0,0.7,-2639.9912,15-12-2020
RR-19525,TEC-PH-10001433,US-Sou-Nor-Car-27511,CA-2020-150308,SC-2020-12-150308,0.0,0.0,0.2,21.5397,15-12-2020
NF-18385,TEC-PH-10004908,US-Eas-Ohi-New-43055,CA-2020-147830,FC-2020-12-147830,0.0,0.0,0.4,-16.998,15-12-2020
SG-20080,OFF-PA-10004948,US-Wes-Was-Sea-98105,CA-2020-162544,FC-2020-12-162544,0.0,0.0,0.0,2.3406,16-12-2020
JL-15835,FUR-CH-10003846,US-Cen-Mic-Det-48205,US-2020-138121,SC-2020-12-138121,0.0,0.0,0.0,48.4704,17-12-2020
MC-18100,FUR-FU-10000965,US-Cen-Ill-Blo-61701,US-2020-129637,SC-2020-12-129637,0.0,0.0,0.6,-19.7372,17-12-2020
PG-18895,TEC-PH-10004908,US-Wes-Cal-Los-90008,CA-2020-134117,SC-2020-12-134117,0.0,0.0,0.2,16.998,17-12-2020
MC-18100,OFF-ST-10003716,US-Cen-Ill-Blo-61701,US-2020-129637,SC-2020-12-129637,0.0,0.0,0.2,-15.7514,17-12-2020
JL-15835,OFF-BI-10000320,US-Cen-Mic-Det-48205,US-2020-138121,SC-2020-12-138121,0.0,0.0,0.0,14.4648,17-12-2020
MC-18100,OFF-AR-10003829,US-Cen-Ill-Blo-61701,US-2020-129637,SC-2020-12-129637,0.0,0.0,0.2,1.476,17-12-2020
JL-15835,FUR-CH-10004875,US-Cen-Mic-Det-48205,US-2020-138121,SC-2020-12-138121,0.0,0.0,0.0,38.4372,17-12-2020
PG-18895,OFF-AR-10003903,US-Wes-Cal-Los-90008,CA-2020-134117,SC-2020-12-134117,0.0,0.0,0.0,53.261,17-12-2020
PG-18895,OFF-BI-10002026,US-Wes-Cal-Los-90008,CA-2020-134117,SC-2020-12-134117,0.0,0.0,0.2,31.374,17-12-2020
JL-15835,FUR-CH-10003817,US-Cen-Mic-Det-48205,US-2020-138121,SC-2020-12-138121,0.0,0.0,0.0,136.665,17-12-2020
JL-15835,FUR-FU-10002116,US-Cen-Mic-Det-48205,US-2020-138121,SC-2020-12-138121,0.0,0.0,0.0,14.8491,17-12-2020
PG-18895,OFF-AR-10001940,US-Wes-Cal-Los-90008,CA-2020-134117,SC-2020-12-134117,0.0,0.0,0.0,7.052,17-12-2020
JK-15640,OFF-PA-10003441,US-Eas-Ohi-Cle-44105,US-2020-137533,SC-2020-12-137533,0.0,0.0,0.2,7.2576,18-12-2020
LM-17065,OFF-ST-10001809,US-Eas-Ohi-Spr-45503,US-2020-120131,SC-2020-12-120131,0.0,0.0,0.2,-145.5246,18-12-2020
MK-17905,OFF-AR-10000634,US-Wes-Col-Lou-80027,CA-2020-107468,SC-2020-12-107468,0.0,0.0,0.2,0.5992,18-12-2020
RB-19645,OFF-LA-10004008,US-Sou-Ten-Mem-38109,CA-2020-153038,SC-2020-12-153038,0.0,0.0,0.2,5.9904,18-12-2020
RB-19645,OFF-EN-10000461,US-Sou-Ten-Mem-38109,CA-2020-153038,SC-2020-12-153038,0.0,0.0,0.2,18.8784,18-12-2020
RB-19645,FUR-FU-10000221,US-Sou-Ten-Mem-38109,CA-2020-153038,SC-2020-12-153038,0.0,0.0,0.2,3.556,18-12-2020
MW-18220,TEC-AC-10002253,US-Eas-New-New-10035,US-2020-137960,SC-2020-12-137960,0.0,0.0,0.0,24.936,18-12-2020
JG-15160,TEC-AC-10002049,US-Wes-Cal-Los-90049,CA-2020-157084,SC-2020-12-157084,0.0,0.0,0.0,556.974,19-12-2020
PM-19135,TEC-AC-10004145,US-Eas-New-Dov-3820,US-2020-134558,SC-2020-12-134558,0.0,0.0,0.0,517.4793,19-12-2020
JG-15160,TEC-PH-10002922,US-Wes-Cal-Los-90049,CA-2020-157084,SC-2020-12-157084,0.0,0.0,0.2,84.495,19-12-2020
EK-13795,TEC-AC-10004761,US-Cen-Ill-Chi-60610,CA-2020-109113,SC-2020-12-109113,0.0,0.0,0.2,4.779,19-12-2020
SM-20950,OFF-PA-10001289,US-Cen-Neb-Oma-68104,CA-2020-100685,SC-2020-12-100685,0.0,0.0,0.0,56.9772,19-12-2020
SM-20950,OFF-FA-10003472,US-Cen-Neb-Oma-68104,CA-2020-100685,SC-2020-12-100685,0.0,0.0,0.0,0.2016,19-12-2020
SM-20950,OFF-BI-10003094,US-Cen-Neb-Oma-68104,CA-2020-100685,SC-2020-12-100685,0.0,0.0,0.0,3.3088,19-12-2020
PM-19135,OFF-PA-10001184,US-Eas-New-Dov-3820,US-2020-134558,SC-2020-12-134558,0.0,0.0,0.0,14.651,19-12-2020
AG-10900,OFF-LA-10003190,US-Eas-Pen-Phi-19134,CA-2020-115399,FC-2020-12-115399,0.0,0.0,0.2,2.5056,19-12-2020
PM-19135,FUR-TA-10003473,US-Eas-New-Dov-3820,US-2020-134558,SC-2020-12-134558,0.0,0.0,0.3,-105.3164,19-12-2020
JK-15370,OFF-AP-10000828,US-Eas-Pen-Phi-19143,CA-2020-127453,FC-2020-12-127453,0.0,0.0,0.2,43.4352,19-12-2020
JK-15370,OFF-AP-10002906,US-Eas-Pen-Phi-19143,CA-2020-127453,FC-2020-12-127453,0.0,0.0,0.2,0.444,19-12-2020
PR-18880,TEC-PH-10001750,US-Cen-Ill-Gle-60025,US-2020-110261,SC-2020-12-110261,0.0,0.0,0.2,13.8579,19-12-2020
JK-15370,OFF-AP-10003860,US-Eas-Pen-Phi-19143,CA-2020-127453,FC-2020-12-127453,0.0,0.0,0.2,7.7728,19-12-2020
MH-17785,OFF-PA-10004071,US-Eas-New-Lin-11757,CA-2020-154144,SC-2020-12-154144,0.0,0.0,0.0,26.6304,20-12-2020
ED-13885,TEC-AC-10004353,US-Cen-Tex-Hou-77036,CA-2020-137071,FC-2020-12-137071,0.0,0.0,0.2,21.42,20-12-2020
GZ-14470,OFF-EN-10003068,US-Wes-Ari-Bul-86442,CA-2020-154795,SC-2020-12-154795,0.0,0.0,0.2,2.772,20-12-2020
KD-16345,TEC-AC-10000736,US-Cen-Ill-Chi-60623,US-2020-123218,SC-2020-12-123218,0.0,0.0,0.2,51.1936,20-12-2020
KD-16345,TEC-PH-10001061,US-Cen-Ill-Chi-60623,US-2020-123218,SC-2020-12-123218,0.0,0.0,0.2,11.9988,20-12-2020
GZ-14470,FUR-FU-10002088,US-Wes-Ari-Bul-86442,CA-2020-154795,SC-2020-12-154795,0.0,0.0,0.2,3.9512,20-12-2020
EM-14200,OFF-LA-10004093,US-Sou-Flo-Mia-33142,CA-2020-141754,SC-2020-12-141754,0.0,0.0,0.2,3.9474,20-12-2020
CS-12130,OFF-ST-10000107,US-Cen-Tex-Aus-78745,US-2020-120712,SC-2020-12-120712,0.0,0.0,0.2,-2.22,20-12-2020
AI-10855,OFF-PA-10004947,US-Wes-Cal-Los-90036,CA-2020-158918,SC-2020-12-158918,0.0,0.0,0.0,7.704,20-12-2020
KD-16345,FUR-BO-10003966,US-Cen-Ill-Chi-60623,US-2020-123218,SC-2020-12-123218,0.0,0.0,0.3,-71.8116,20-12-2020
JM-15865,OFF-AP-10003281,US-Sou-Vir-Arl-22204,CA-2020-158148,SC-2020-12-158148,0.0,0.0,0.0,10.881,20-12-2020
LS-17245,TEC-PH-10002293,US-Sou-Nor-Jac-28540,CA-2020-165414,FC-2020-12-165414,0.0,0.0,0.2,4.7976,21-12-2020
JS-15880,TEC-AC-10003198,US-Wes-Was-Sea-98103,US-2020-126214,SC-2020-12-126214,0.0,0.0,0.0,36.852,21-12-2020
SZ-20035,TEC-MA-10004241,US-Cen-Ill-Sai-60174,CA-2020-154284,SC-2020-12-154284,0.0,0.0,0.3,137.264,21-12-2020
RD-19720,OFF-EN-10003798,US-Sou-Flo-Day-32114,CA-2020-112375,SC-2020-12-112375,0.0,0.0,0.2,9.2178,21-12-2020
AH-10075,OFF-AR-10001919,US-Eas-Ohi-Col-43229,CA-2020-161795,SC-2020-12-161795,0.0,0.0,0.2,0.3384,21-12-2020
SZ-20035,OFF-AR-10001468,US-Cen-Ill-Sai-60174,CA-2020-154284,SC-2020-12-154284,0.0,0.0,0.2,14.2272,21-12-2020
RD-19720,TEC-AC-10003237,US-Sou-Flo-Day-32114,CA-2020-112375,SC-2020-12-112375,0.0,0.0,0.2,14.628,21-12-2020
ER-13855,OFF-AP-10003971,US-Wes-Col-Col-80906,CA-2020-127019,SC-2020-12-127019,0.0,0.0,0.2,4.5738,21-12-2020
SZ-20035,TEC-AC-10003198,US-Cen-Ill-Sai-60174,CA-2020-154284,SC-2020-12-154284,0.0,0.0,0.2,135.456,21-12-2020
SZ-20035,FUR-FU-10003039,US-Cen-Ill-Sai-60174,CA-2020-154284,SC-2020-12-154284,0.0,0.0,0.6,-33.6414,21-12-2020
JS-15880,FUR-TA-10003748,US-Wes-Was-Sea-98103,US-2020-126214,SC-2020-12-126214,0.0,0.0,0.0,356.0414,21-12-2020
HR-14830,FUR-CH-10001270,US-Eas-Pen-Phi-19140,CA-2020-157287,FC-2020-12-157287,0.0,0.0,0.3,0.0,22-12-2020
BT-11305,OFF-AR-10000203,US-Cen-Wis-Sup-54880,CA-2020-153612,SC-2020-12-153612,0.0,0.0,0.0,4.9648,22-12-2020
HR-14830,OFF-ST-10001172,US-Eas-Pen-Phi-19140,CA-2020-157287,FC-2020-12-157287,0.0,0.0,0.2,1.6784,22-12-2020
BD-11500,OFF-AP-10001563,US-Sou-Vir-Ric-23223,CA-2020-117828,FC-2020-12-117828,0.0,0.0,0.0,56.3528,23-12-2020
HM-14860,FUR-FU-10003026,US-Cen-Mis-Spr-65807,US-2020-128587,SC-2020-12-128587,0.0,0.0,0.0,3.7752,24-12-2020
JB-15925,OFF-PA-10004000,US-Eas-Ohi-Dub-43017,CA-2020-169397,FC-2020-12-169397,0.0,0.0,0.2,8.2302,24-12-2020
JB-15925,OFF-BI-10002852,US-Eas-Ohi-Dub-43017,CA-2020-169397,FC-2020-12-169397,0.0,0.0,0.7,-13.8432,24-12-2020
JB-15925,OFF-FA-10000585,US-Eas-Ohi-Dub-43017,CA-2020-169397,FC-2020-12-169397,0.0,0.0,0.2,1.8148,24-12-2020
JB-15925,FUR-FU-10000087,US-Eas-Ohi-Dub-43017,CA-2020-169397,FC-2020-12-169397,0.0,0.0,0.2,19.0848,24-12-2020
DB-13120,OFF-PA-10002365,US-Eas-New-Roc-14609,CA-2020-124653,FC-2020-12-124653,0.0,0.0,0.0,6.2208,24-12-2020
HM-14860,TEC-CO-10003763,US-Cen-Mis-Spr-65807,US-2020-128587,SC-2020-12-128587,0.0,0.0,0.0,2302.9671,24-12-2020
MS-17365,TEC-PH-10002170,US-Wes-Ari-Pho-85023,CA-2020-120103,SC-2020-12-120103,0.0,0.0,0.2,11.1984,24-12-2020
DB-13120,OFF-LA-10002271,US-Eas-New-Roc-14609,CA-2020-124653,FC-2020-12-124653,0.0,0.0,0.0,10.3488,24-12-2020
JB-15925,TEC-MA-10001148,US-Eas-Ohi-Dub-43017,CA-2020-169397,FC-2020-12-169397,0.0,0.0,0.7,-383.9904,24-12-2020
JB-15925,OFF-AR-10001958,US-Eas-Ohi-Dub-43017,CA-2020-169397,FC-2020-12-169397,0.0,0.0,0.2,2.7168,24-12-2020
MS-17365,OFF-PA-10001295,US-Wes-Ari-Pho-85023,CA-2020-120103,SC-2020-12-120103,0.0,0.0,0.2,37.1812,24-12-2020
JR-15670,FUR-BO-10002613,US-Wes-Col-Col-80906,US-2020-103471,SC-2020-12-103471,0.0,0.0,0.7,-786.744,24-12-2020
JR-15670,OFF-AR-10003405,US-Wes-Col-Col-80906,US-2020-103471,SC-2020-12-103471,0.0,0.0,0.2,1.5795,24-12-2020
MS-17365,FUR-FU-10002885,US-Wes-Ari-Pho-85023,CA-2020-120103,SC-2020-12-120103,0.0,0.0,0.2,1.7352,24-12-2020
HR-14830,FUR-CH-10004287,US-Wes-Ari-Gil-85234,CA-2020-135538,SC-2020-12-135538,0.0,0.0,0.2,99.432,24-12-2020
DB-13120,OFF-PA-10000176,US-Eas-New-Roc-14609,CA-2020-124653,FC-2020-12-124653,0.0,0.0,0.0,63.7392,24-12-2020
KT-16465,OFF-FA-10004854,US-Wes-Cal-Los-90032,CA-2020-158456,SC-2020-12-158456,0.0,0.0,0.0,21.5824,24-12-2020
KT-16465,OFF-BI-10001097,US-Wes-Cal-Los-90032,CA-2020-158456,SC-2020-12-158456,0.0,0.0,0.2,7.2268,24-12-2020
JD-16150,FUR-FU-10001468,US-Eas-Pen-Phi-19140,US-2020-147739,SC-2020-12-147739,0.0,0.0,0.2,-68.392,25-12-2020
JK-15625,TEC-AC-10002049,US-Eas-New-New-10024,CA-2020-113152,SC-2020-12-113152,0.0,0.0,0.0,371.316,25-12-2020
DL-13495,FUR-BO-10004360,US-Cen-Mic-Det-48227,CA-2020-153717,SC-2021-01-153717,0.0,0.0,0.0,20.9274,25-12-2020
DL-13495,TEC-PH-10002923,US-Cen-Mic-Det-48227,CA-2020-153717,SC-2021-01-153717,0.0,0.0,0.0,19.9746,25-12-2020
LH-16900,FUR-FU-10000747,US-Sou-Geo-Col-31907,US-2020-136749,SC-2020-12-136749,0.0,0.0,0.0,46.8996,25-12-2020
DL-13495,OFF-AR-10002375,US-Cen-Mic-Det-48227,CA-2020-153717,SC-2021-01-153717,0.0,0.0,0.0,0.9512,25-12-2020
DL-13495,OFF-PA-10002160,US-Cen-Mic-Det-48227,CA-2020-153717,SC-2021-01-153717,0.0,0.0,0.0,8.4966,25-12-2020
RA-19285,TEC-CO-10004202,US-Wes-Cal-San-92037,CA-2020-111780,SC-2020-12-111780,0.0,0.0,0.2,224.9925,25-12-2020
JK-15625,FUR-BO-10002613,US-Eas-New-New-10024,CA-2020-113152,SC-2020-12-113152,0.0,0.0,0.2,56.196,25-12-2020
RA-19285,OFF-PA-10001667,US-Wes-Cal-San-92037,CA-2020-111780,SC-2020-12-111780,0.0,0.0,0.0,8.073,25-12-2020
RA-19285,OFF-PA-10001307,US-Wes-Cal-San-92037,CA-2020-111780,SC-2020-12-111780,0.0,0.0,0.0,6.174,25-12-2020
JK-15640,OFF-AP-10003779,US-Eas-New-New-10011,CA-2020-143980,SC-2020-12-143980,0.0,0.0,0.0,124.488,25-12-2020
SM-20320,OFF-PA-10001526,US-Wes-Cal-Los-90049,CA-2020-144890,SC-2020-12-144890,0.0,0.0,0.0,4.8804,25-12-2020
MB-17305,OFF-PA-10002787,US-Sou-Ten-Nas-37211,CA-2020-144288,SC-2020-12-144288,0.0,0.0,0.2,3.6288,25-12-2020
MB-17305,OFF-LA-10003190,US-Sou-Ten-Nas-37211,CA-2020-144288,SC-2020-12-144288,0.0,0.0,0.2,3.3408,25-12-2020
LH-16900,OFF-BI-10004492,US-Sou-Geo-Col-31907,US-2020-136749,SC-2020-12-136749,0.0,0.0,0.0,74.213,25-12-2020
RB-19705,FUR-CH-10002044,US-Cen-Tex-Hou-77070,CA-2020-119550,SC-2020-12-119550,0.0,0.0,0.3,-90.3762,26-12-2020
BD-11605,OFF-FA-10002815,US-Eas-Mas-Law-1841,CA-2020-158792,SC-2021-01-158792,0.0,0.0,0.0,10.434,26-12-2020
MC-18100,FUR-TA-10004086,US-Eas-Ohi-Med-44256,CA-2020-111073,SC-2020-12-111073,0.0,0.0,0.4,-15.4764,26-12-2020
DF-13135,OFF-PA-10003302,US-Eas-New-New-10009,CA-2020-124933,SC-2020-12-124933,0.0,0.0,0.0,99.9408,26-12-2020
AH-10030,OFF-ST-10000046,US-Wes-Cal-San-94122,CA-2020-130113,SC-2020-12-130113,0.0,0.0,0.0,61.389,27-12-2020
DB-13120,OFF-EN-10003286,US-Eas-Ohi-Mar-43302,CA-2020-101889,SC-2020-12-101889,0.0,0.0,0.2,6.7068,27-12-2020
AH-10030,TEC-PH-10003505,US-Wes-Cal-San-94122,CA-2020-130113,SC-2020-12-130113,0.0,0.0,0.2,75.168,27-12-2020
DB-13120,FUR-TA-10004154,US-Eas-Ohi-Mar-43302,CA-2020-101889,SC-2020-12-101889,0.0,0.0,0.4,-464.697,27-12-2020
SP-20860,TEC-AC-10002370,US-Sou-Ten-Mur-37130,CA-2020-103870,SC-2020-12-103870,0.0,0.0,0.2,0.7092,27-12-2020
SN-20710,TEC-PH-10000486,US-Cen-Tex-Hou-77041,CA-2020-117415,SC-2020-12-117415,0.0,0.0,0.2,41.7564,27-12-2020
SP-20860,TEC-AC-10004227,US-Sou-Ten-Mur-37130,CA-2020-103870,SC-2020-12-103870,0.0,0.0,0.2,-12.7302,27-12-2020
AG-10900,OFF-AP-10000240,US-Wes-Cal-Los-90008,CA-2020-148376,SC-2020-12-148376,0.0,0.0,0.0,31.0184,27-12-2020
SN-20710,FUR-CH-10004218,US-Cen-Tex-Hou-77041,CA-2020-117415,SC-2020-12-117415,0.0,0.0,0.3,-15.147,27-12-2020
RE-19450,OFF-PA-10003228,US-Cen-Wis-Eau-54703,CA-2020-151589,FC-2020-12-151589,0.0,0.0,0.0,91.9508,27-12-2020
AG-10900,OFF-LA-10002381,US-Wes-Cal-Los-90008,CA-2020-148376,SC-2020-12-148376,0.0,0.0,0.0,10.3488,27-12-2020
SP-20860,FUR-FU-10002030,US-Sou-Ten-Mur-37130,CA-2020-103870,SC-2020-12-103870,0.0,0.0,0.2,16.0056,27-12-2020
RE-19450,TEC-PH-10004345,US-Cen-Wis-Eau-54703,CA-2020-151589,FC-2020-12-151589,0.0,0.0,0.0,71.97,27-12-2020
DR-12940,OFF-ST-10002957,US-Cen-Ill-Chi-60610,US-2020-163783,SC-2021-01-163783,0.0,0.0,0.2,-3.168,27-12-2020
SN-20710,FUR-BO-10002545,US-Cen-Tex-Hou-77041,CA-2020-117415,SC-2020-12-117415,0.0,0.0,0.32,-46.9764,27-12-2020
KN-16450,TEC-AC-10003709,US-Wes-Cal-Vis-93277,CA-2020-155145,SC-2020-12-155145,0.0,0.0,0.0,3.4848,27-12-2020
SN-20710,OFF-EN-10002986,US-Cen-Tex-Hou-77041,CA-2020-117415,SC-2020-12-117415,0.0,0.0,0.2,35.415,27-12-2020
SP-20860,FUR-BO-10002853,US-Sou-Ten-Mur-37130,CA-2020-103870,SC-2020-12-103870,0.0,0.0,0.2,8.194,27-12-2020
SP-20860,OFF-ST-10002562,US-Sou-Ten-Mur-37130,CA-2020-103870,SC-2020-12-103870,0.0,0.0,0.2,2.2512,27-12-2020
BT-11485,OFF-AP-10002518,US-Eas-Mar-Cli-20735,CA-2020-165085,SC-2020-12-165085,0.0,0.0,0.0,103.2284,27-12-2020
MD-17350,OFF-EN-10001434,US-Sou-Ark-Fay-72701,CA-2020-134782,SC-2020-12-134782,0.0,0.0,0.0,51.6558,27-12-2020
BT-11485,OFF-PA-10000605,US-Eas-Mar-Cli-20735,CA-2020-165085,SC-2020-12-165085,0.0,0.0,0.0,14.161,27-12-2020
EM-13960,TEC-AC-10003657,US-Eas-Pen-Phi-19134,CA-2020-119697,SC-2020-12-119697,0.0,0.0,0.2,1.3596,28-12-2020
FH-14350,OFF-ST-10004950,US-Cen-Ill-Chi-60623,CA-2020-148859,SC-2021-01-148859,0.0,0.0,0.2,1.551,28-12-2020
RF-19840,OFF-SU-10003936,US-Eas-New-New-10035,CA-2020-130855,SC-2021-01-130855,0.0,0.0,0.0,0.0636,29-12-2020
CL-12565,OFF-ST-10000798,US-Wes-Cal-Los-90049,CA-2020-135580,SC-2021-01-135580,0.0,0.0,0.0,14.2386,30-12-2020
CL-12565,TEC-PH-10004345,US-Wes-Cal-Los-90049,CA-2020-135580,SC-2021-01-135580,0.0,0.0,0.2,35.985,30-12-2020
CL-12565,OFF-PA-10000595,US-Wes-Cal-Los-90049,CA-2020-135580,SC-2021-01-135580,0.0,0.0,0.0,31.5192,30-12-2020
CL-12565,OFF-EN-10003296,US-Wes-Cal-Los-90049,CA-2020-135580,SC-2021-01-135580,0.0,0.0,0.0,122.148,30-12-2020
CL-12565,TEC-MA-10004002,US-Wes-Cal-Los-90049,CA-2020-135580,SC-2021-01-135580,0.0,0.0,0.2,286.713,30-12-2020
JO-15280,OFF-BI-20004632,US-Wes-Mon-Mis-59801,CA-2020-109197,SC-2021-01-109197,0.0,0.0,0.2,152.495,31-12-2020
KC-16255,OFF-BI-10001072,US-Sou-Ken-Hen-42420,CA-2020-109470,SC-2021-01-109470,0.0,0.0,0.0,27.8944,31-12-2020
TB-21625,OFF-BI-10002954,US-Cen-Tex-Gra-75051,CA-2020-156377,SC-2021-01-156377,0.0,0.0,0.8,-5.8496,31-12-2020
KC-16255,OFF-BI-10000977,US-Sou-Ken-Hen-42420,CA-2020-109470,SC-2021-01-109470,0.0,0.0,0.0,167.808,31-12-2020
BG-11035,OFF-FA-10001561,US-Cen-Tex-Aus-78745,CA-2020-120901,SC-2021-01-120901,0.0,0.0,0.2,0.5668,31-12-2020
BG-11035,OFF-ST-10000025,US-Cen-Tex-Aus-78745,CA-2020-120901,SC-2021-01-120901,0.0,0.0,0.2,-26.7204,31-12-2020
TB-21625,FUR-FU-10002364,US-Cen-Tex-Gra-75051,CA-2020-156377,SC-2021-01-156377,0.0,0.0,0.6,-11.439,31-12-2020
AH-10690,OFF-BI-10004139,US-Cen-Mic-Det-48205,CA-2020-139780,SC-2021-01-139780,0.0,0.0,0.0,52.38,31-12-2020
BG-11035,OFF-SU-10001225,US-Cen-Tex-Aus-78745,CA-2020-120901,SC-2021-01-120901,0.0,0.0,0.2,-1.3248,31-12-2020
KC-16255,OFF-BI-10004492,US-Sou-Ken-Hen-42420,CA-2020-109470,SC-2021-01-109470,0.0,0.0,0.0,44.5278,31-12-2020
KC-16255,OFF-BI-10003707,US-Sou-Ken-Hen-42420,CA-2020-109470,SC-2021-01-109470,0.0,0.0,0.0,38.15,31-12-2020
BM-11575,FUR-BO-10004709,US-Eas-Mar-Gai-20877,CA-2021-160304,SC-2021-01-160304,0.0,0.0,0.0,38.2668,02-01-2021
BM-11575,TEC-PH-10000455,US-Eas-Mar-Gai-20877,CA-2021-160304,SC-2021-01-160304,0.0,0.0,0.0,67.2742,02-01-2021
BO-11350,FUR-TA-10000617,US-Cen-Okl-Bro-74012,CA-2021-105207,SC-2021-01-105207,0.0,0.0,0.0,350.427,03-01-2021
CA-12310,TEC-AC-10002942,US-Cen-Tex-San-78207,US-2021-116365,SC-2021-01-116365,0.0,0.0,0.2,-6.21,03-01-2021
LR-16915,OFF-ST-10003692,US-Wes-Cal-Los-90045,CA-2021-125206,FC-2021-01-125206,0.0,0.0,0.0,28.615,03-01-2021
CA-12310,TEC-AC-10002217,US-Cen-Tex-San-78207,US-2021-116365,SC-2021-01-116365,0.0,0.0,0.2,-5.264,03-01-2021
BO-11350,OFF-BI-10004364,US-Cen-Okl-Bro-74012,CA-2021-105207,SC-2021-01-105207,0.0,0.0,0.0,5.346,03-01-2021
CA-12310,TEC-PH-10002890,US-Cen-Tex-San-78207,US-2021-116365,SC-2021-01-116365,0.0,0.0,0.2,13.572,03-01-2021
BP-11185,OFF-BI-10002026,US-Eas-Pen-Phi-19143,CA-2021-158211,SC-2021-01-158211,0.0,0.0,0.7,-80.178,04-01-2021
BP-11185,OFF-AR-10004078,US-Eas-Pen-Phi-19143,CA-2021-158211,SC-2021-01-158211,0.0,0.0,0.2,0.584,04-01-2021
EB-13975,TEC-CO-10000971,US-Sou-Nor-Cha-28205,US-2021-164630,SC-2021-01-164630,0.0,0.0,0.2,119.996,04-01-2021
AJ-10795,TEC-AC-10001714,US-Sou-Flo-Jac-32216,CA-2021-134474,SC-2021-01-134474,0.0,0.0,0.2,40.6878,05-01-2021
AJ-10795,OFF-AR-10003958,US-Sou-Flo-Jac-32216,CA-2021-134474,SC-2021-01-134474,0.0,0.0,0.2,0.5904,05-01-2021
AJ-10795,TEC-PH-10002923,US-Sou-Flo-Jac-32216,CA-2021-134474,SC-2021-01-134474,0.0,0.0,0.2,5.1786,05-01-2021
DW-13480,OFF-AR-10003696,US-Wes-Cal-Oak-94601,CA-2021-101938,SC-2021-01-101938,0.0,0.0,0.0,10.0282,07-01-2021
NM-18520,FUR-FU-20004270,US-Cen-Tex-Ama-79109,CA-2021-158806,SC-2021-01-158806,0.0,0.0,0.6,-10.9611,07-01-2021
NM-18520,OFF-PA-10004621,US-Cen-Tex-Ama-79109,CA-2021-158806,SC-2021-01-158806,0.0,0.0,0.2,9.072,07-01-2021
VS-21820,OFF-AR-10001955,US-Sou-Nor-Ral-27604,US-2021-137295,SC-2021-01-137295,0.0,0.0,0.2,5.952,08-01-2021
VS-21820,TEC-PH-10004080,US-Sou-Nor-Ral-27604,US-2021-137295,SC-2021-01-137295,0.0,0.0,0.2,10.8784,08-01-2021
JO-15145,OFF-BI-10001460,US-Cen-Wis-Fra-53132,US-2021-100461,SC-2021-01-100461,0.0,0.0,0.0,49.8435,08-01-2021
JO-15145,FUR-BO-10002545,US-Cen-Wis-Fra-53132,US-2021-100461,SC-2021-01-100461,0.0,0.0,0.0,407.1288,08-01-2021
VS-21820,OFF-BI-10004236,US-Sou-Nor-Ral-27604,US-2021-137295,SC-2021-01-137295,0.0,0.0,0.7,-24.6624,08-01-2021
LA-16780,TEC-AC-10000420,US-Wes-Cal-Fre-93727,CA-2021-108882,SC-2021-01-108882,0.0,0.0,0.0,118.983,09-01-2021
MF-17665,FUR-FU-10002445,US-Eas-Ohi-Tol-43615,CA-2021-126543,SC-2021-01-126543,0.0,0.0,0.2,3.792,09-01-2021
LA-16780,TEC-PH-10002726,US-Wes-Cal-Fre-93727,CA-2021-108882,SC-2021-01-108882,0.0,0.0,0.2,141.723,09-01-2021
KB-16585,TEC-AC-10002335,US-Wes-Was-Sea-98115,CA-2021-116547,SC-2021-01-116547,0.0,0.0,0.0,13.2962,10-01-2021
JB-16000,FUR-FU-10000010,US-Wes-Was-Lon-98632,CA-2021-163937,SC-2021-01-163937,0.0,0.0,0.0,7.7035,10-01-2021
KB-16585,FUR-FU-10000076,US-Wes-Was-Sea-98115,CA-2021-116547,SC-2021-01-116547,0.0,0.0,0.0,34.3656,10-01-2021
MP-17470,FUR-FU-10002268,US-Eas-Ohi-Col-43229,CA-2021-141887,SC-2021-01-141887,0.0,0.0,0.2,8.9362,11-01-2021
DE-13255,OFF-PA-20001166,US-Eas-Ohi-Spr-45503,CA-2021-126529,SC-2021-01-126529,0.0,0.0,0.2,5.4432,11-01-2021
DE-13255,OFF-PA-10003656,US-Eas-Ohi-Spr-45503,CA-2021-126529,SC-2021-01-126529,0.0,0.0,0.2,20.5764,11-01-2021
DE-13255,TEC-PH-10000148,US-Eas-Ohi-Spr-45503,CA-2021-126529,SC-2021-01-126529,0.0,0.0,0.4,-9.8724,11-01-2021
AG-10675,FUR-FU-10003374,US-Sou-Nor-Con-28027,CA-2021-133368,SC-2021-01-133368,0.0,0.0,0.2,31.5776,14-01-2021
AG-10675,OFF-PA-10004039,US-Sou-Nor-Con-28027,CA-2021-133368,SC-2021-01-133368,0.0,0.0,0.2,32.4684,14-01-2021
BE-11335,OFF-PA-10001033,US-Eas-New-New-10009,CA-2021-166912,FC-2021-01-166912,0.0,0.0,0.0,40.1702,1/15/2021
Dp-13240,OFF-EN-10003040,US-Eas-New-Wes-7090,CA-2021-152072,SC-2021-01-152072,0.0,0.0,0.0,24.5998,1/15/2021
RC-19825,FUR-TA-10002903,US-Eas-Con-Fai-6824,CA-2021-140746,SC-2021-01-140746,0.0,0.0,0.3,-15.5826,1/15/2021
Dp-13240,TEC-AC-10000844,US-Eas-New-Wes-7090,CA-2021-152072,SC-2021-01-152072,0.0,0.0,0.0,91.7892,1/15/2021
Dp-13240,OFF-AR-10001573,US-Eas-New-Wes-7090,CA-2021-152072,SC-2021-01-152072,0.0,0.0,0.0,1.3514,1/15/2021
WB-21850,OFF-BI-10002225,US-Eas-New-New-10011,CA-2021-137848,SC-2021-01-137848,0.0,0.0,0.2,17.3376,1/15/2021
WB-21850,OFF-EN-10001137,US-Eas-New-New-10011,CA-2021-137848,SC-2021-01-137848,0.0,0.0,0.0,7.5992,1/15/2021
WB-21850,OFF-PA-10004285,US-Eas-New-New-10011,CA-2021-137848,SC-2021-01-137848,0.0,0.0,0.0,28.8576,1/15/2021
EH-13945,OFF-BI-10001634,US-Wes-Cal-Los-90049,CA-2021-121755,SC-2021-01-121755,0.0,0.0,0.2,4.2224,16-01-2021
EH-13945,TEC-AC-10003027,US-Wes-Cal-Los-90049,CA-2021-121755,SC-2021-01-121755,0.0,0.0,0.0,11.7741,16-01-2021
CC-12430,TEC-AC-20002049,US-Eas-New-Con-3301,CA-2021-116736,SC-2021-01-116736,0.0,0.0,0.0,66.9546,17-01-2021
CC-12430,TEC-AC-10003628,US-Eas-New-Con-3301,CA-2021-116736,SC-2021-01-116736,0.0,0.0,0.0,13.1956,17-01-2021
DL-13495,TEC-AC-10001142,US-Sou-Geo-Col-31907,CA-2021-106558,SC-2021-01-106558,0.0,0.0,0.0,31.6,17-01-2021
TD-20995,FUR-CH-10004289,US-Wes-Cal-San-92037,US-2021-167339,SC-2021-01-167339,0.0,0.0,0.2,-5.7588,21-01-2021
TD-20995,FUR-CH-10000785,US-Wes-Cal-San-92037,US-2021-167339,SC-2021-01-167339,0.0,0.0,0.2,76.0116,21-01-2021
BT-11530,TEC-AC-10000171,US-Eas-Ohi-Cle-44105,CA-2021-148208,SC-2021-01-148208,0.0,0.0,0.2,15.8631,22-01-2021
TB-21280,OFF-BI-10004506,US-Eas-New-New-10009,US-2021-155180,SC-2021-01-155180,0.0,0.0,0.2,9.2176,22-01-2021
FP-14320,OFF-LA-10003498,US-Wes-Cal-San-92037,CA-2021-125850,SC-2021-01-125850,0.0,0.0,0.0,22.2,22-01-2021
PG-18895,OFF-FA-10003472,US-Eas-New-Mor-7960,CA-2021-111010,SC-2021-01-111010,0.0,0.0,0.0,0.3024,22-01-2021
CM-11935,OFF-AP-10000692,US-Sou-Nor-Fay-28314,US-2021-135923,SC-2021-01-135923,0.0,0.0,0.2,6.4864,22-01-2021
MC-17275,OFF-PA-10003953,US-Wes-Was-Sea-98105,CA-2021-146318,SC-2021-01-146318,0.0,0.0,0.0,6.2208,22-01-2021
CM-11935,FUR-FU-10002107,US-Sou-Nor-Fay-28314,US-2021-135923,SC-2021-01-135923,0.0,0.0,0.2,4.2816,22-01-2021
BT-11530,TEC-PH-10004093,US-Eas-Ohi-Cle-44105,CA-2021-148208,SC-2021-01-148208,0.0,0.0,0.4,-20.2356,22-01-2021
AJ-10795,FUR-FU-10001475,US-Wes-Was-Sea-98115,CA-2021-138079,SC-2021-01-138079,0.0,0.0,0.0,37.366,22-01-2021
FP-14320,OFF-LA-10004484,US-Wes-Cal-San-92037,CA-2021-125850,SC-2021-01-125850,0.0,0.0,0.0,9.499,22-01-2021
CB-12535,OFF-AR-10003477,US-Eas-Ver-Bur-5408,US-2021-165505,SC-2021-01-165505,0.0,0.0,0.0,2.7336,23-01-2021
CB-12535,TEC-AC-10002926,US-Eas-Ver-Bur-5408,US-2021-165505,SC-2021-01-165505,0.0,0.0,0.0,42.9914,23-01-2021
CB-12535,OFF-ST-10001526,US-Eas-Ver-Bur-5408,US-2021-165505,SC-2021-01-165505,0.0,0.0,0.0,406.7154,23-01-2021
CB-12415,FUR-FU-10000719,US-Wes-Cal-Los-90036,CA-2021-113656,SC-2021-01-113656,0.0,0.0,0.0,21.5964,23-01-2021
HG-14965,OFF-BI-10000285,US-Sou-Mis-Gul-39503,CA-2021-109407,SC-2021-01-109407,0.0,0.0,0.0,15.68,24-01-2021
TB-21355,OFF-PA-10000007,US-Eas-New-Pla-7060,CA-2021-153346,FC-2021-01-153346,0.0,0.0,0.0,8.28,25-01-2021
TB-21355,OFF-AR-10000315,US-Eas-New-Pla-7060,CA-2021-153346,FC-2021-01-153346,0.0,0.0,0.0,2.3025,25-01-2021
JD-15895,OFF-BI-10003676,US-Eas-New-New-10024,CA-2021-168046,SC-2021-01-168046,0.0,0.0,0.2,15.092,25-01-2021
JD-15895,FUR-TA-10001095,US-Eas-New-New-10024,CA-2021-168046,SC-2021-01-168046,0.0,0.0,0.4,-99.3453,25-01-2021
JD-15895,FUR-FU-10000747,US-Eas-New-New-10024,CA-2021-168046,SC-2021-01-168046,0.0,0.0,0.0,7.8166,25-01-2021
JD-15895,OFF-ST-10004337,US-Eas-New-New-10024,CA-2021-168046,SC-2021-01-168046,0.0,0.0,0.0,0.0,25-01-2021
HG-14965,OFF-AR-10000588,US-Wes-Cal-Los-90036,CA-2021-146437,SC-2021-02-146437,0.0,0.0,0.0,10.3168,28-01-2021
JF-15490,OFF-BI-10000014,US-Wes-Cal-San-94122,CA-2021-164483,SC-2021-02-164483,0.0,0.0,0.2,5.8914,30-01-2021
TB-21250,FUR-CH-10001190,US-Wes-Was-Sea-98103,US-2021-166660,SC-2021-02-166660,0.0,0.0,0.2,-59.8356,30-01-2021
DF-13135,FUR-TA-10004256,US-Cen-Ill-Roc-61107,CA-2021-168032,SC-2021-02-168032,0.0,0.0,0.5,-538.446,30-01-2021
TB-21250,FUR-BO-10000468,US-Wes-Was-Sea-98103,US-2021-166660,SC-2021-02-166660,0.0,0.0,0.0,7.7728,30-01-2021
DF-13135,OFF-BI-10000546,US-Cen-Ill-Roc-61107,CA-2021-168032,SC-2021-02-168032,0.0,0.0,0.8,-2.6784,30-01-2021
DF-13135,TEC-PH-10004241,US-Cen-Ill-Roc-61107,CA-2021-168032,SC-2021-02-168032,0.0,0.0,0.2,143.9968,30-01-2021
SC-20725,OFF-ST-10000675,US-Wes-Cal-San-94122,CA-2021-153661,FC-2021-01-153661,0.0,0.0,0.0,76.2525,30-01-2021
SC-20725,OFF-BI-10004781,US-Wes-Cal-San-94122,CA-2021-153661,FC-2021-01-153661,0.0,0.0,0.2,17.7744,30-01-2021
SC-20725,OFF-LA-10004689,US-Wes-Cal-San-94122,CA-2021-153661,FC-2021-01-153661,0.0,0.0,0.0,12.2247,30-01-2021
HE-14800,OFF-PA-10003892,US-Cen-Ill-Chi-60623,CA-2021-114944,SC-2021-02-114944,0.0,0.0,0.2,52.8228,30-01-2021
JK-15325,OFF-EN-10003134,US-Eas-New-Atl-8401,CA-2021-158043,SC-2021-02-158043,0.0,0.0,0.0,11.68,31-01-2021
BF-11170,OFF-EN-10004483,US-Sou-Geo-Atl-30318,CA-2021-159891,SC-2021-02-159891,0.0,0.0,0.0,58.9192,31-01-2021
BF-11170,OFF-BI-10003527,US-Sou-Geo-Atl-30318,CA-2021-159891,SC-2021-02-159891,0.0,0.0,0.0,635.495,31-01-2021
SC-20050,TEC-PH-10004120,US-Wes-Cal-Los-90045,CA-2021-129238,SC-2021-02-129238,0.0,0.0,0.2,8.2194,31-01-2021
SC-20050,OFF-PA-10002764,US-Wes-Cal-Los-90045,CA-2021-129238,SC-2021-02-129238,0.0,0.0,0.0,27.783,31-01-2021
AB-10150,OFF-PA-10003936,US-Cen-Tex-Dal-75220,CA-2021-147970,SC-2021-02-147970,0.0,0.0,0.2,5.4432,31-01-2021
SM-20950,OFF-PA-10002254,US-Wes-Cal-Los-90036,CA-2021-154067,SC-2021-02-154067,0.0,0.0,0.0,48.5392,01-02-2021
CK-12760,OFF-ST-10002214,US-Sou-Vir-Arl-22204,US-2021-140809,FC-2021-02-140809,0.0,0.0,0.0,14.677,01-02-2021
SE-20110,FUR-FU-10001731,US-Sou-Vir-Arl-22204,CA-2021-158841,SC-2021-02-158841,0.0,0.0,0.0,7.1022,02-02-2021
AB-10105,OFF-ST-10003994,US-Eas-New-New-10011,CA-2021-147431,SC-2021-02-147431,0.0,0.0,0.0,5.898,02-02-2021
SE-20110,OFF-BI-10002557,US-Sou-Vir-Arl-22204,CA-2021-158841,SC-2021-02-158841,0.0,0.0,0.0,18.2,02-02-2021
SE-20110,TEC-MA-10001127,US-Sou-Vir-Arl-22204,CA-2021-158841,SC-2021-02-158841,0.0,0.0,0.0,2799.984,02-02-2021
NS-18640,FUR-FU-10003601,US-Cen-Tex-Hou-77041,CA-2021-144645,SC-2021-02-144645,0.0,0.0,0.6,-77.4732,02-02-2021
LC-17050,FUR-CH-10000015,US-Sou-Ken-Ric-40475,CA-2021-118514,SC-2021-02-118514,0.0,0.0,0.0,225.264,03-02-2021
MS-17365,TEC-PH-10002890,US-Eas-Mar-Roc-20852,CA-2021-150077,SC-2021-02-150077,0.0,0.0,0.0,23.5248,04-02-2021
TB-21520,FUR-FU-10002088,US-Wes-Ari-Sie-85635,CA-2021-117912,SC-2021-02-117912,0.0,0.0,0.2,3.9512,04-02-2021
JB-15400,OFF-ST-10004180,US-Wes-Cal-Los-90049,CA-2021-101189,SC-2021-02-101189,0.0,0.0,0.0,3.7208,04-02-2021
AZ-10750,FUR-TA-10001095,US-Wes-Cal-San-92037,CA-2021-100993,SC-2021-02-100993,0.0,0.0,0.2,6.9716,05-02-2021
AZ-10750,OFF-ST-10004340,US-Wes-Cal-San-92037,CA-2021-100993,SC-2021-02-100993,0.0,0.0,0.0,50.3658,05-02-2021
PP-18955,OFF-PA-10003892,US-Sou-Geo-Smy-30080,US-2021-108504,SC-2021-02-108504,0.0,0.0,0.0,160.9139,05-02-2021
PP-18955,OFF-ST-10004804,US-Sou-Geo-Smy-30080,US-2021-108504,SC-2021-02-108504,0.0,0.0,0.0,1.5444,05-02-2021
PP-18955,OFF-PA-20000357,US-Sou-Geo-Smy-30080,US-2021-108504,SC-2021-02-108504,0.0,0.0,0.0,60.2553,05-02-2021
PP-18955,TEC-PH-10003645,US-Sou-Geo-Smy-30080,US-2021-108504,SC-2021-02-108504,0.0,0.0,0.0,126.0558,05-02-2021
PP-18955,TEC-PH-10000215,US-Sou-Geo-Smy-30080,US-2021-108504,SC-2021-02-108504,0.0,0.0,0.0,28.3095,05-02-2021
PP-18955,OFF-EN-10003001,US-Sou-Geo-Smy-30080,US-2021-108504,SC-2021-02-108504,0.0,0.0,0.0,78.9412,05-02-2021
PP-18955,FUR-BO-10004015,US-Sou-Geo-Smy-30080,US-2021-108504,SC-2021-02-108504,0.0,0.0,0.0,52.7956,05-02-2021
AZ-10750,TEC-PH-10001448,US-Wes-Cal-San-92037,CA-2021-100993,SC-2021-02-100993,0.0,0.0,0.2,-31.9936,05-02-2021
PP-18955,OFF-FA-10000053,US-Sou-Geo-Smy-30080,US-2021-108504,SC-2021-02-108504,0.0,0.0,0.0,0.189,05-02-2021
PP-18955,OFF-PA-10001289,US-Sou-Geo-Smy-30080,US-2021-108504,SC-2021-02-108504,0.0,0.0,0.0,170.9316,05-02-2021
PP-18955,OFF-ST-10002344,US-Sou-Geo-Smy-30080,US-2021-108504,SC-2021-02-108504,0.0,0.0,0.0,1.6196,05-02-2021
AZ-10750,OFF-LA-10003223,US-Wes-Cal-San-92037,CA-2021-100993,SC-2021-02-100993,0.0,0.0,0.0,7.2177,05-02-2021
KB-16240,FUR-FU-10000723,US-Sou-Ten-Cha-37421,CA-2021-125017,SC-2021-02-125017,0.0,0.0,0.2,-18.1808,06-02-2021
CA-12265,TEC-AC-10003063,US-Sou-Vir-Spr-22153,CA-2021-106894,SC-2021-02-106894,0.0,0.0,0.0,21.0,07-02-2021
CA-12265,OFF-LA-10001045,US-Sou-Vir-Spr-22153,CA-2021-106894,SC-2021-02-106894,0.0,0.0,0.0,3.6018,07-02-2021
EB-13975,TEC-PH-10004094,US-Wes-Cal-Los-90049,CA-2021-135461,SC-2021-02-135461,0.0,0.0,0.2,38.9975,07-02-2021
BE-11410,OFF-PA-10003465,US-Eas-Ohi-Lan-43130,CA-2021-161662,FC-2021-02-161662,0.0,0.0,0.2,10.6232,07-02-2021
MH-17440,FUR-CH-10001270,US-Cen-Tex-Hou-77036,CA-2021-163048,SC-2021-02-163048,0.0,0.0,0.3,0.0,08-02-2021
CH-12070,TEC-PH-10002624,US-Sou-Nor-Ral-27604,CA-2021-109344,SC-2021-02-109344,0.0,0.0,0.2,126.8973,08-02-2021
JR-16210,TEC-AC-10003628,US-Wes-Cal-San-94110,US-2021-112396,SC-2021-02-112396,0.0,0.0,0.0,39.5868,09-02-2021
JR-16210,TEC-AC-10004761,US-Wes-Cal-San-94110,US-2021-112396,SC-2021-02-112396,0.0,0.0,0.0,11.151,09-02-2021
PB-19210,TEC-PH-10004897,US-Cen-Okl-Tul-74133,CA-2021-164938,FC-2021-02-164938,0.0,0.0,0.0,0.6993,11-02-2021
JS-15880,OFF-BI-10003274,US-Sou-Geo-Atl-30318,CA-2021-110492,FC-2021-02-110492,0.0,0.0,0.0,7.4824,12-02-2021
JS-15880,OFF-ST-10003716,US-Sou-Geo-Atl-30318,CA-2021-110492,FC-2021-02-110492,0.0,0.0,0.0,175.5156,12-02-2021
RD-19810,OFF-PA-10004092,US-Wes-Cal-Los-90045,CA-2021-112942,SC-2021-02-112942,0.0,0.0,0.0,73.41,13-02-2021
DK-13090,OFF-PA-10000791,US-Eas-Mar-Cli-20735,CA-2021-134334,FC-2021-02-134334,0.0,0.0,0.0,2.1465,14-02-2021
FM-14380,OFF-AR-10002240,US-Sou-Mis-Jac-39212,CA-2021-146150,SC-2021-02-146150,0.0,0.0,0.0,68.6868,14-02-2021
DK-13090,FUR-TA-10002356,US-Eas-Mar-Cli-20735,CA-2021-134334,FC-2021-02-134334,0.0,0.0,0.3,-47.1798,14-02-2021
DK-13090,FUR-FU-10003274,US-Eas-Mar-Cli-20735,CA-2021-134334,FC-2021-02-134334,0.0,0.0,0.0,4.6464,14-02-2021
DK-13090,OFF-AR-10001770,US-Eas-Mar-Cli-20735,CA-2021-134334,FC-2021-02-134334,0.0,0.0,0.0,2.0748,14-02-2021
PG-18820,OFF-BI-10004519,US-Eas-New-New-10009,US-2021-162859,SC-2021-02-162859,0.0,0.0,0.2,124.485,15-02-2021
PG-18820,OFF-FA-10000304,US-Eas-New-New-10009,US-2021-162859,SC-2021-02-162859,0.0,0.0,0.0,3.5752,15-02-2021
JF-15565,FUR-CH-10001802,US-Eas-New-New-10024,CA-2021-105781,SC-2021-02-105781,0.0,0.0,0.1,39.9234,16-02-2021
EA-14035,OFF-AP-10004233,US-Cen-Ill-Chi-60623,CA-2021-168956,SC-2021-02-168956,0.0,0.0,0.8,-225.5568,16-02-2021
JF-15565,TEC-AC-10003628,US-Eas-New-New-10024,CA-2021-105781,SC-2021-02-105781,0.0,0.0,0.0,39.5868,16-02-2021
EA-14035,FUR-CH-10004754,US-Cen-Ill-Chi-60623,CA-2021-168956,SC-2021-02-168956,0.0,0.0,0.3,-2.6982,16-02-2021
GW-14605,OFF-BI-10002412,US-Sou-Ken-Hen-42420,CA-2021-108105,SC-2021-02-108105,0.0,0.0,0.0,2.61,16-02-2021
EA-14035,OFF-PA-10000809,US-Cen-Ill-Chi-60623,CA-2021-168956,SC-2021-02-168956,0.0,0.0,0.2,1.8144,16-02-2021
EA-14035,OFF-FA-10000304,US-Cen-Ill-Chi-60623,CA-2021-168956,SC-2021-02-168956,0.0,0.0,0.2,1.8312,16-02-2021
JD-15790,FUR-CH-10001545,US-Eas-New-Bel-7109,CA-2021-134138,SC-2021-02-134138,0.0,0.0,0.0,36.4736,16-02-2021
GW-14605,FUR-FU-10003773,US-Sou-Ken-Hen-42420,CA-2021-108105,SC-2021-02-108105,0.0,0.0,0.0,34.9888,16-02-2021
GT-14710,OFF-PA-10001736,US-Wes-Cal-San-94109,CA-2021-106460,SC-2021-02-106460,0.0,0.0,0.0,33.3136,19-02-2021
CK-12760,OFF-SU-10001664,US-Eas-New-Lon-11561,CA-2021-101630,SC-2021-02-101630,0.0,0.0,0.0,6.6846,19-02-2021
CK-12760,OFF-LA-10004425,US-Eas-New-Lon-11561,CA-2021-101630,SC-2021-02-101630,0.0,0.0,0.0,4.0749,19-02-2021
GT-14710,FUR-FU-10004090,US-Eas-New-New-10035,CA-2021-123274,SC-2021-02-123274,0.0,0.0,0.0,14.6718,19-02-2021
GT-14710,OFF-ST-10000736,US-Eas-New-New-10035,CA-2021-123274,SC-2021-02-123274,0.0,0.0,0.0,9.7176,19-02-2021
AH-10210,OFF-PA-10004996,US-Sou-Ten-Nas-37211,CA-2021-166485,SC-2021-02-166485,0.0,0.0,0.2,5.5674,20-02-2021
EA-14035,FUR-FU-10001861,US-Eas-New-New-10011,CA-2021-121447,FC-2021-02-121447,0.0,0.0,0.0,66.542,21-02-2021
LC-16960,OFF-BI-10003727,US-Sou-Flo-Tam-33614,US-2021-139262,SC-2021-02-139262,0.0,0.0,0.7,-2.7588,21-02-2021
LC-16960,OFF-ST-10001496,US-Sou-Flo-Tam-33614,US-2021-139262,SC-2021-02-139262,0.0,0.0,0.2,32.4342,21-02-2021
BV-11245,TEC-PH-10002583,US-Eas-New-Oce-11572,US-2021-168410,SC-2021-02-168410,0.0,0.0,0.0,1.999,21-02-2021
MC-17635,OFF-BI-10002309,US-Wes-Cal-Los-90032,CA-2021-139010,SC-2021-02-139010,0.0,0.0,0.2,10.9368,21-02-2021
MC-17635,OFF-ST-10001809,US-Wes-Cal-Los-90032,CA-2021-139010,SC-2021-02-139010,0.0,0.0,0.0,8.983,21-02-2021
MC-17635,OFF-BI-10000174,US-Wes-Cal-Los-90032,CA-2021-139010,SC-2021-02-139010,0.0,0.0,0.2,6.496,21-02-2021
LC-16960,OFF-BI-10002026,US-Sou-Flo-Tam-33614,US-2021-139262,SC-2021-02-139262,0.0,0.0,0.7,-26.726,21-02-2021
BV-11245,OFF-ST-10000036,US-Eas-New-Oce-11572,US-2021-168410,SC-2021-02-168410,0.0,0.0,0.0,80.0199,21-02-2021
BV-11245,FUR-FU-10000629,US-Eas-New-Oce-11572,US-2021-168410,SC-2021-02-168410,0.0,0.0,0.0,28.959,21-02-2021
MC-17635,TEC-AC-10004227,US-Wes-Cal-Los-90032,CA-2021-139010,SC-2021-02-139010,0.0,0.0,0.0,0.7794,21-02-2021
PV-18985,OFF-AP-10001205,US-Cen-Wis-Mil-53209,CA-2021-119025,SC-2021-02-119025,0.0,0.0,0.0,137.2896,22-02-2021
TZ-21580,TEC-PH-10002398,US-Wes-Cal-Los-90045,US-2021-143280,SC-2021-02-143280,0.0,0.0,0.2,55.745,22-02-2021
TZ-21580,OFF-FA-10000992,US-Wes-Cal-Los-90045,US-2021-143280,SC-2021-02-143280,0.0,0.0,0.0,5.0055,22-02-2021
TZ-21580,TEC-AC-10003399,US-Wes-Cal-Los-90045,US-2021-143280,SC-2021-02-143280,0.0,0.0,0.0,15.2208,22-02-2021
AC-10420,OFF-EN-10004386,US-Eas-Pen-Phi-19120,CA-2021-144400,SC-2021-02-144400,0.0,0.0,0.2,21.591,23-02-2021
BD-11725,OFF-EN-10003134,US-Eas-Ohi-New-43055,CA-2021-165015,SC-2021-02-165015,0.0,0.0,0.2,17.52,25-02-2021
DL-12865,OFF-AP-10004336,US-Eas-New-New-10011,CA-2021-102456,FC-2021-03-102456,0.0,0.0,0.0,49.5552,27-02-2021
DW-13540,FUR-FU-10004053,US-Cen-Tex-Hou-77070,CA-2021-128706,SC-2021-03-128706,0.0,0.0,0.6,-6.8816,27-02-2021
EB-13930,OFF-BI-10004738,US-Cen-Wis-La -54601,CA-2021-101448,SC-2021-03-101448,0.0,0.0,0.0,28.41,27-02-2021
RR-19525,OFF-FA-10003495,US-Eas-New-New-10035,CA-2021-101623,SC-2021-03-101623,0.0,0.0,0.0,18.24,28-02-2021
LC-16870,OFF-AR-10001615,US-Eas-Ohi-New-43055,CA-2021-111283,SC-2021-03-111283,0.0,0.0,0.2,8.3328,01-03-2021
ON-18715,TEC-PH-10003535,US-Wes-Col-Den-80219,US-2021-151862,SC-2021-03-151862,0.0,0.0,0.2,13.9986,02-03-2021
KD-16270,TEC-MA-10003979,US-Eas-New-Yon-10701,US-2021-143819,SC-2021-03-143819,0.0,0.0,0.0,2400.9657,02-03-2021
KD-16270,FUR-TA-10001095,US-Eas-New-Yon-10701,US-2021-143819,SC-2021-03-143819,0.0,0.0,0.4,-264.9208,02-03-2021
KD-16270,OFF-PA-10003127,US-Eas-New-Yon-10701,US-2021-143819,SC-2021-03-143819,0.0,0.0,0.0,12.1348,02-03-2021
KD-16270,OFF-ST-10003208,US-Eas-New-Yon-10701,US-2021-143819,SC-2021-03-143819,0.0,0.0,0.0,105.2468,02-03-2021
TS-21160,FUR-FU-10000672,US-Wes-Cal-San-94110,CA-2021-120005,SC-2021-03-120005,0.0,0.0,0.0,11.9952,04-03-2021
JG-15310,FUR-CH-10004983,US-Cen-Tex-Ode-79762,CA-2021-116799,FC-2021-03-116799,0.0,0.0,0.3,-56.343,04-03-2021
JG-15310,OFF-PA-10001892,US-Cen-Tex-Ode-79762,CA-2021-116799,FC-2021-03-116799,0.0,0.0,0.2,15.5092,04-03-2021
CC-12670,TEC-PH-10003171,US-Cen-Ind-Blo-47401,CA-2021-167759,SC-2021-03-167759,0.0,0.0,0.0,37.758,04-03-2021
CC-12220,FUR-TA-10004915,US-Cen-Tex-San-78207,CA-2021-145730,SC-2021-03-145730,0.0,0.0,0.3,-127.5792,04-03-2021
AA-10315,OFF-SU-10000151,US-Cen-Tex-Rou-78664,CA-2021-103982,SC-2021-03-103982,0.0,0.0,0.2,-786.0144,04-03-2021
BH-11710,OFF-PA-10001977,US-Eas-Del-New-19711,CA-2021-112123,SC-2021-03-112123,0.0,0.0,0.0,79.8912,04-03-2021
AA-10315,TEC-AC-10002857,US-Cen-Tex-Rou-78664,CA-2021-103982,SC-2021-03-103982,0.0,0.0,0.2,5.7365,04-03-2021
CC-12220,TEC-MA-10001016,US-Cen-Tex-San-78207,CA-2021-145730,SC-2021-03-145730,0.0,0.0,0.4,33.5895,04-03-2021
TS-21160,OFF-SU-10004782,US-Wes-Cal-San-94110,CA-2021-120005,SC-2021-03-120005,0.0,0.0,0.0,7.605,04-03-2021
BH-11710,OFF-BI-10001071,US-Eas-Del-New-19711,CA-2021-112123,SC-2021-03-112123,0.0,0.0,0.0,219.4514,04-03-2021
CC-12220,OFF-EN-10000483,US-Cen-Tex-San-78207,CA-2021-145730,SC-2021-03-145730,0.0,0.0,0.2,11.895,04-03-2021
AA-10315,TEC-PH-10000895,US-Cen-Tex-Rou-78664,CA-2021-103982,SC-2021-03-103982,0.0,0.0,0.2,32.3982,04-03-2021
AA-10315,OFF-FA-10001332,US-Cen-Tex-Rou-78664,CA-2021-103982,SC-2021-03-103982,0.0,0.0,0.2,0.7776,04-03-2021
BH-11710,TEC-PH-10001557,US-Eas-Del-New-19711,CA-2021-112123,SC-2021-03-112123,0.0,0.0,0.0,129.5865,04-03-2021
EM-13810,TEC-AC-10002567,US-Eas-New-Dov-3820,CA-2021-158358,SC-2021-03-158358,0.0,0.0,0.0,57.5928,05-03-2021
RD-19480,OFF-BI-10003876,US-Cen-Ind-Mis-46544,CA-2021-164637,SC-2021-03-164637,0.0,0.0,0.0,64.2,05-03-2021
MG-17890,OFF-AR-10003727,US-Wes-Cal-San-92024,CA-2021-154053,SC-2021-03-154053,0.0,0.0,0.0,4.9271,05-03-2021
RF-19345,OFF-LA-10001641,US-Sou-Flo-Mia-33180,CA-2021-122518,SC-2021-03-122518,0.0,0.0,0.2,3.528,05-03-2021
RW-19630,OFF-EN-10000056,US-Cen-Tex-Dal-75220,CA-2021-165218,SC-2021-03-165218,0.0,0.0,0.2,50.4063,06-03-2021
RW-19630,OFF-ST-10001558,US-Cen-Tex-Dal-75220,CA-2021-165218,SC-2021-03-165218,0.0,0.0,0.2,-0.812,06-03-2021
LC-16870,OFF-AP-10001626,US-Cen-Ill-Chi-60623,CA-2021-110898,SC-2021-03-110898,0.0,0.0,0.8,-6.3018,07-03-2021
LC-16870,FUR-TA-10000849,US-Cen-Ill-Chi-60623,CA-2021-110898,SC-2021-03-110898,0.0,0.0,0.5,-99.2664,07-03-2021
JB-16045,TEC-PH-10002538,US-Eas-Pen-Phi-19120,US-2021-155173,SC-2021-03-155173,0.0,0.0,0.4,-12.5103,07-03-2021
LC-16870,FUR-FU-10003773,US-Cen-Ill-Chi-60623,CA-2021-110898,SC-2021-03-110898,0.0,0.0,0.6,-194.824,07-03-2021
JB-16045,OFF-BI-10002982,US-Eas-Pen-Phi-19120,US-2021-155173,SC-2021-03-155173,0.0,0.0,0.7,-1.4982,07-03-2021
LC-16870,OFF-BI-10004656,US-Cen-Ill-Chi-60623,CA-2021-110898,SC-2021-03-110898,0.0,0.0,0.8,-2.7648,07-03-2021
JB-16045,TEC-PH-10004586,US-Eas-Pen-Phi-19120,US-2021-155173,SC-2021-03-155173,0.0,0.0,0.4,-71.99,07-03-2021
EB-13705,TEC-PH-10002365,US-Cen-Tex-For-76106,US-2021-137547,SC-2021-03-137547,0.0,0.0,0.2,1.5804,08-03-2021
GB-14575,FUR-FU-10003347,US-Eas-New-New-10011,CA-2021-137337,SC-2021-03-137337,0.0,0.0,0.0,44.304,09-03-2021
ZC-21910,TEC-PH-10001530,US-Sou-Flo-Mia-33142,CA-2021-169103,SC-2021-03-169103,0.0,0.0,0.2,85.2475,09-03-2021
ZC-21910,FUR-FU-10004006,US-Sou-Flo-Mia-33142,CA-2021-169103,SC-2021-03-169103,0.0,0.0,0.2,-3.8385,09-03-2021
GB-14575,OFF-PA-10001934,US-Eas-New-New-10011,CA-2021-137337,SC-2021-03-137337,0.0,0.0,0.0,6.3504,09-03-2021
SP-20650,OFF-AP-10004233,US-Cen-Mic-Jac-49201,US-2021-140172,SC-2021-03-140172,0.0,0.0,0.1,48.3336,09-03-2021
BD-11620,OFF-FA-10004968,US-Eas-Pen-Phi-19120,CA-2021-111976,SC-2021-03-111976,0.0,0.0,0.2,-1.3464,09-03-2021
SJ-20125,OFF-BI-10001757,US-Cen-Tex-Dal-75217,CA-2021-130400,SC-2021-03-130400,0.0,0.0,0.8,-14.1696,09-03-2021
SJ-20125,TEC-AC-10004633,US-Cen-Tex-Dal-75217,CA-2021-130400,SC-2021-03-130400,0.0,0.0,0.2,8.388,09-03-2021
GB-14575,OFF-BI-10000632,US-Eas-New-New-10011,CA-2021-137337,SC-2021-03-137337,0.0,0.0,0.2,22.5732,09-03-2021
SP-20650,OFF-AR-10002766,US-Cen-Mic-Jac-49201,US-2021-140172,SC-2021-03-140172,0.0,0.0,0.0,3.753,09-03-2021
SJ-20125,OFF-EN-10001453,US-Cen-Tex-Dal-75217,CA-2021-130400,SC-2021-03-130400,0.0,0.0,0.2,49.3938,09-03-2021
PG-18820,OFF-BI-10003676,US-Wes-Ari-Gle-85301,CA-2021-106306,SC-2021-03-106306,0.0,0.0,0.7,-7.1148,09-03-2021
BD-11620,TEC-PH-10002890,US-Eas-Pen-Phi-19120,CA-2021-111976,SC-2021-03-111976,0.0,0.0,0.4,-25.3344,09-03-2021
RB-19465,TEC-AC-10004469,US-Eas-Con-Mil-6460,CA-2021-120803,SC-2021-03-120803,0.0,0.0,0.0,87.89,10-03-2021
PS-18760,OFF-ST-10004634,US-Eas-Mas-And-1810,CA-2021-153269,FC-2021-03-153269,0.0,0.0,0.0,3.363,10-03-2021
PS-18760,FUR-CH-10002647,US-Eas-Mas-And-1810,CA-2021-153269,FC-2021-03-153269,0.0,0.0,0.0,88.725,10-03-2021
PS-18760,OFF-BI-10004632,US-Eas-Mas-And-1810,CA-2021-153269,FC-2021-03-153269,0.0,0.0,0.0,23.31,10-03-2021
PS-18760,OFF-PA-10001801,US-Eas-Mas-And-1810,CA-2021-153269,FC-2021-03-153269,0.0,0.0,0.0,8.7906,10-03-2021
KF-16285,OFF-PA-10004405,US-Wes-Cal-Los-90008,CA-2021-159016,FC-2021-03-159016,0.0,0.0,0.0,7.152,11-03-2021
CJ-12010,FUR-BO-10003272,US-Eas-New-Lon-11561,US-2021-112977,SC-2021-03-112977,0.0,0.0,0.2,-22.098,11-03-2021
RH-19510,TEC-AC-10003038,US-Wes-Cal-Los-90045,CA-2021-169663,FC-2021-03-169663,0.0,0.0,0.0,5.1015,11-03-2021
RH-19510,TEC-MA-10000984,US-Wes-Cal-Los-90045,CA-2021-169663,FC-2021-03-169663,0.0,0.0,0.2,377.73,11-03-2021
BD-11770,TEC-AC-10002800,US-Eas-Pen-Phi-19143,US-2021-122182,SC-2021-03-122182,0.0,0.0,0.2,7.4985,11-03-2021
KF-16285,TEC-PH-10002885,US-Wes-Cal-Los-90008,CA-2021-159016,FC-2021-03-159016,0.0,0.0,0.2,363.9048,11-03-2021
MH-17785,OFF-ST-10001272,US-Wes-Ari-Gle-85301,CA-2021-108959,SC-2021-03-108959,0.0,0.0,0.2,6.5435,11-03-2021
JP-16135,FUR-FU-20004270,US-Sou-Geo-Col-31907,CA-2021-146171,SC-2021-03-146171,0.0,0.0,0.0,31.5372,12-03-2021
BT-11485,FUR-FU-10001037,US-Eas-Pen-Phi-19140,CA-2021-122511,SC-2021-03-122511,0.0,0.0,0.2,9.48,12-03-2021
ON-18715,TEC-AC-10000171,US-Cen-Min-Eag-55122,CA-2021-118255,FC-2021-03-118255,0.0,0.0,0.0,19.7714,12-03-2021
ON-18715,OFF-BI-10003291,US-Cen-Min-Eag-55122,CA-2021-118255,FC-2021-03-118255,0.0,0.0,0.0,8.2062,12-03-2021
JP-16135,OFF-ST-10001526,US-Sou-Geo-Col-31907,CA-2021-146171,SC-2021-03-146171,0.0,0.0,0.0,125.1432,12-03-2021
MB-18085,FUR-TA-10001095,US-Eas-New-Vin-8360,US-2021-128902,SC-2021-03-128902,0.0,0.0,0.3,-31.3722,12-03-2021
DK-13225,OFF-ST-10002756,US-Wes-Cal-San-94109,CA-2021-127138,SC-2021-03-127138,0.0,0.0,0.0,6.7655,13-03-2021
SW-20245,OFF-PA-10004022,US-Wes-Cal-Los-90036,US-2021-119270,SC-2021-03-119270,0.0,0.0,0.0,8.991,13-03-2021
MC-18130,OFF-PA-10003953,US-Sou-Lou-Mon-71203,CA-2021-115504,SC-2021-03-115504,0.0,0.0,0.0,6.2208,13-03-2021
CK-12595,OFF-EN-10001099,US-Eas-New-New-10024,CA-2021-119683,SC-2021-03-119683,0.0,0.0,0.0,13.4964,13-03-2021
DK-13225,OFF-EN-10004459,US-Wes-Cal-San-94109,CA-2021-127138,SC-2021-03-127138,0.0,0.0,0.0,14.9744,13-03-2021
DK-13225,OFF-AP-10003842,US-Wes-Cal-San-94109,CA-2021-127138,SC-2021-03-127138,0.0,0.0,0.0,40.274,13-03-2021
DK-13225,FUR-CH-10003746,US-Wes-Cal-San-94109,CA-2021-127138,SC-2021-03-127138,0.0,0.0,0.2,77.0352,13-03-2021
TW-21025,OFF-AP-10000326,US-Wes-Ari-Sco-85254,CA-2021-158834,FC-2021-03-158834,0.0,0.0,0.2,17.766,14-03-2021
AB-10060,FUR-FU-10004864,US-Sou-Vir-Way-22980,US-2021-108637,SC-2021-03-108637,0.0,0.0,0.0,40.9216,14-03-2021
EH-13765,FUR-FU-10004712,US-Wes-Cal-San-94109,CA-2021-136301,SC-2021-03-136301,0.0,0.0,0.0,7.3528,14-03-2021
AB-10060,OFF-BI-10004965,US-Sou-Vir-Way-22980,US-2021-108637,SC-2021-03-108637,0.0,0.0,0.0,20.7,14-03-2021
TW-21025,TEC-PH-10001254,US-Wes-Ari-Sco-85254,CA-2021-158834,FC-2021-03-158834,0.0,0.0,0.2,15.2388,14-03-2021
LT-17110,OFF-BI-10004141,US-Cen-Tex-San-78207,CA-2021-159373,SC-2021-03-159373,0.0,0.0,0.8,-2.1624,14-03-2021
EH-13765,OFF-SU-10000151,US-Wes-Cal-San-94109,CA-2021-136301,SC-2021-03-136301,0.0,0.0,0.0,196.5036,14-03-2021
LT-17110,OFF-PA-20000659,US-Cen-Tex-San-78207,CA-2021-159373,SC-2021-03-159373,0.0,0.0,0.2,24.528,14-03-2021
LT-17110,FUR-TA-10004619,US-Cen-Tex-San-78207,CA-2021-159373,SC-2021-03-159373,0.0,0.0,0.3,0.0,14-03-2021
AB-10060,OFF-AP-10004540,US-Sou-Vir-Way-22980,US-2021-108637,SC-2021-03-108637,0.0,0.0,0.0,44.8896,14-03-2021
SC-20770,TEC-AC-10000474,US-Eas-Pen-Phi-19134,US-2021-114013,SC-2021-03-114013,0.0,0.0,0.2,47.495,14-03-2021
SC-20770,OFF-ST-10003641,US-Eas-Pen-Phi-19134,US-2021-114013,SC-2021-03-114013,0.0,0.0,0.2,-28.368,14-03-2021
SC-20770,OFF-BI-10002353,US-Eas-Pen-Phi-19134,US-2021-114013,SC-2021-03-114013,0.0,0.0,0.7,-15.44,14-03-2021
SC-20770,TEC-PH-10001494,US-Eas-Pen-Phi-19134,US-2021-114013,SC-2021-03-114013,0.0,0.0,0.4,-116.9805,14-03-2021
SC-20770,OFF-PA-10004996,US-Eas-Pen-Phi-19134,US-2021-114013,SC-2021-03-114013,0.0,0.0,0.2,13.9185,14-03-2021
SC-20770,OFF-ST-10002574,US-Eas-Pen-Phi-19134,US-2021-114013,SC-2021-03-114013,0.0,0.0,0.2,-138.14,14-03-2021
SC-20770,OFF-BI-10004318,US-Eas-Pen-Phi-19134,US-2021-114013,SC-2021-03-114013,0.0,0.0,0.7,-41.5176,14-03-2021
SC-20770,TEC-MA-20001148,US-Eas-Pen-Phi-19134,US-2021-114013,SC-2021-03-114013,0.0,0.0,0.7,-643.71,14-03-2021
SC-20770,FUR-CH-10004287,US-Eas-Pen-Phi-19134,US-2021-114013,SC-2021-03-114013,0.0,0.0,0.3,-5.524,14-03-2021
DB-13360,OFF-BI-10001036,US-Wes-Cal-Riv-92503,CA-2021-119123,SC-2021-03-119123,0.0,0.0,0.2,19.194,14-03-2021
JS-15880,OFF-PA-10001934,US-Cen-Tex-Har-78550,CA-2021-162082,FC-2021-03-162082,0.0,0.0,0.2,1.8792,15-03-2021
SP-20650,OFF-BI-10003291,US-Wes-Cal-Red-94061,CA-2021-133802,SC-2021-03-133802,0.0,0.0,0.2,14.1426,15-03-2021
JS-15880,OFF-AR-10001044,US-Cen-Tex-Har-78550,CA-2021-162082,FC-2021-03-162082,0.0,0.0,0.2,16.3737,15-03-2021
HZ-14950,FUR-FU-10004020,US-Eas-Ohi-Col-43229,US-2021-154361,SC-2021-03-154361,0.0,0.0,0.2,6.2905,15-03-2021
SP-20545,FUR-FU-10003724,US-Cen-Wis-Gre-54302,CA-2021-102134,SC-2021-03-102134,0.0,0.0,0.0,4.3524,15-03-2021
MM-18280,FUR-CH-10002880,US-Wes-Was-Sea-98103,CA-2021-124793,FC-2021-03-124793,0.0,0.0,0.2,-22.1382,15-03-2021
JS-15880,FUR-BO-10004409,US-Cen-Tex-Har-78550,CA-2021-162082,FC-2021-03-162082,0.0,0.0,0.32,-14.196,15-03-2021
MY-18295,FUR-CH-10000863,US-Cen-Tex-Bry-77803,CA-2021-149272,SC-2021-03-149272,0.0,0.0,0.3,-143.431,16-03-2021
FC-14335,FUR-CH-10000309,US-Wes-Cal-San-94110,CA-2021-138968,FC-2021-03-138968,0.0,0.0,0.2,84.502,16-03-2021
PL-18925,TEC-AC-10004855,US-Eas-Pen-Phi-19143,US-2021-113509,SC-2021-03-113509,0.0,0.0,0.2,-13.6461,16-03-2021
FC-14335,OFF-BI-10003529,US-Wes-Cal-San-94110,CA-2021-138968,FC-2021-03-138968,0.0,0.0,0.2,1.6472,16-03-2021
MY-18295,OFF-BI-10004233,US-Cen-Tex-Bry-77803,CA-2021-149272,SC-2021-03-149272,0.0,0.0,0.8,-35.8176,16-03-2021
SJ-20125,OFF-PA-10001954,US-Sou-Mis-Jac-39212,CA-2021-140571,SC-2021-03-140571,0.0,0.0,0.0,147.0896,16-03-2021
SJ-20125,OFF-PA-10001954,US-Sou-Mis-Jac-39212,CA-2021-140571,SC-2021-03-140571,0.0,0.0,0.0,21.0128,16-03-2021
GZ-14470,OFF-EN-10003055,US-Eas-Mar-Col-21044,CA-2021-131737,SC-2021-03-131737,0.0,0.0,0.0,89.955,18-03-2021
VM-21835,TEC-PH-10000673,US-Eas-Del-New-19711,CA-2021-115476,SC-2021-03-115476,0.0,0.0,0.0,62.3904,18-03-2021
VM-21835,OFF-BI-10000962,US-Eas-Del-New-19711,CA-2021-115476,SC-2021-03-115476,0.0,0.0,0.0,15.9446,18-03-2021
CS-12355,OFF-AR-10000588,US-Eas-Mas-Mal-2148,CA-2021-128111,SC-2021-03-128111,0.0,0.0,0.0,10.3168,18-03-2021
AC-10660,TEC-PH-10003800,US-Wes-Cal-San-94109,CA-2021-134544,SC-2021-03-134544,0.0,0.0,0.2,-20.1362,18-03-2021
GZ-14470,FUR-FU-10004306,US-Eas-Mar-Col-21044,CA-2021-131737,SC-2021-03-131737,0.0,0.0,0.0,252.59,18-03-2021
GZ-14470,OFF-AP-10002945,US-Eas-Mar-Col-21044,CA-2021-131737,SC-2021-03-131737,0.0,0.0,0.0,297.6435,18-03-2021
RO-19780,FUR-TA-10001857,US-Sou-Ten-Mem-38109,US-2021-120929,SC-2021-03-120929,0.0,0.0,0.4,-94.941,19-03-2021
DB-13060,OFF-AP-10003590,US-Sou-Ten-Col-38401,CA-2021-113292,SC-2021-03-113292,0.0,0.0,0.2,87.18,19-03-2021
BT-11440,FUR-BO-10002202,US-Wes-Col-Lit-80122,CA-2021-106383,SC-2021-03-106383,0.0,0.0,0.7,-98.8018,20-03-2021
SV-20935,FUR-FU-10000221,US-Eas-New-Oce-11572,CA-2021-136371,SC-2021-03-136371,0.0,0.0,0.0,6.9088,20-03-2021
CC-12610,OFF-BI-10001153,US-Sou-Ten-Nas-37211,CA-2021-118178,SC-2021-03-118178,0.0,0.0,0.7,-20.724,20-03-2021
SV-20935,FUR-FU-10000409,US-Eas-New-Oce-11572,CA-2021-136371,SC-2021-03-136371,0.0,0.0,0.0,6.8908,20-03-2021
AH-10030,FUR-FU-10003691,US-Sou-Mis-Gul-39503,CA-2021-162747,SC-2021-03-162747,0.0,0.0,0.0,38.038,21-03-2021
RD-19660,FUR-TA-10001095,US-Cen-Mis-Sai-63376,CA-2021-127670,SC-2021-03-127670,0.0,0.0,0.0,146.4036,21-03-2021
ZC-21910,OFF-PA-10004101,US-Wes-Ore-Sal-97301,US-2021-156986,SC-2021-03-156986,0.0,0.0,0.2,3.6288,21-03-2021
ZC-21910,OFF-BI-10002498,US-Wes-Ore-Sal-97301,US-2021-156986,SC-2021-03-156986,0.0,0.0,0.7,-12.8961,21-03-2021
ZC-21910,OFF-PA-10002005,US-Wes-Ore-Sal-97301,US-2021-156986,SC-2021-03-156986,0.0,0.0,0.2,7.2576,21-03-2021
ZC-21910,TEC-PH-10003800,US-Wes-Ore-Sal-97301,US-2021-156986,SC-2021-03-156986,0.0,0.0,0.2,-20.1362,21-03-2021
PB-19105,TEC-PH-10000004,US-Cen-Ill-Eva-60201,CA-2021-150889,SC-2021-03-150889,0.0,0.0,0.2,0.8994,21-03-2021
KT-16465,OFF-AR-10004956,US-Cen-Ill-Chi-60623,US-2021-133879,SC-2021-03-133879,0.0,0.0,0.2,1.5066,22-03-2021
DM-12955,OFF-AR-10001868,US-Cen-Tex-Hou-77036,CA-2021-163153,SC-2021-03-163153,0.0,0.0,0.2,0.504,22-03-2021
KT-16465,FUR-CH-10000665,US-Cen-Ill-Chi-60623,US-2021-133879,SC-2021-03-133879,0.0,0.0,0.3,0.0,22-03-2021
DM-12955,FUR-TA-10004767,US-Cen-Tex-Hou-77036,CA-2021-163153,SC-2021-03-163153,0.0,0.0,0.3,-1.4196,22-03-2021
KT-16465,OFF-BI-10004465,US-Cen-Ill-Chi-60623,US-2021-133879,SC-2021-03-133879,0.0,0.0,0.8,-4.752,22-03-2021
MC-17275,FUR-CH-10004754,US-Wes-Was-Sea-98103,CA-2021-118899,SC-2021-03-118899,0.0,0.0,0.2,14.6902,23-03-2021
RB-19645,TEC-AC-10001013,US-Wes-Nev-Nor-89031,CA-2021-107615,FC-2021-03-107615,0.0,0.0,0.0,19.3314,23-03-2021
DR-12880,TEC-PH-10003691,US-Wes-Ore-Gre-97030,US-2021-164189,SC-2021-03-164189,0.0,0.0,0.2,25.198,25-03-2021
DC-12850,FUR-BO-10004357,US-Eas-Ohi-Cle-44105,CA-2021-130911,SC-2021-03-130911,0.0,0.0,0.5,-241.176,25-03-2021
DC-12850,OFF-AR-10000475,US-Eas-Ohi-Cle-44105,CA-2021-130911,SC-2021-03-130911,0.0,0.0,0.2,1.6324,25-03-2021
VG-21805,OFF-PA-10001994,US-Cen-Ind-Ric-47374,CA-2021-113803,FC-2021-03-113803,0.0,0.0,0.0,10.3408,25-03-2021
DK-12835,OFF-AR-10001955,US-Eas-New-New-10024,CA-2021-120082,SC-2021-03-120082,0.0,0.0,0.0,17.856,26-03-2021
TB-21280,TEC-AC-10003832,US-Cen-Okl-Nor-73071,CA-2021-134887,SC-2021-03-134887,0.0,0.0,0.0,244.6155,26-03-2021
SP-20545,OFF-ST-10001522,US-Eas-New-New-10011,CA-2021-123666,SC-2021-03-123666,0.0,0.0,0.0,18.398,27-03-2021
MV-17485,OFF-PA-10001838,US-Wes-Ida-Poc-83201,CA-2021-161361,SC-2021-03-161361,0.0,0.0,0.0,8.6436,27-03-2021
MV-17485,OFF-BI-10002215,US-Wes-Ida-Poc-83201,CA-2021-161361,SC-2021-03-161361,0.0,0.0,0.2,5.538,27-03-2021
DB-13210,OFF-ST-10001291,US-Sou-Nor-Jac-28540,US-2021-162677,FC-2021-03-162677,0.0,0.0,0.2,5.9185,27-03-2021
DB-13210,TEC-AC-10001314,US-Sou-Nor-Jac-28540,US-2021-162677,FC-2021-03-162677,0.0,0.0,0.2,-17.9964,27-03-2021
DS-13180,FUR-FU-10004053,US-Sou-Geo-Col-31907,CA-2021-119074,SC-2021-04-119074,0.0,0.0,0.0,8.7032,28-03-2021
DS-13180,FUR-FU-10003731,US-Sou-Geo-Col-31907,CA-2021-119074,SC-2021-04-119074,0.0,0.0,0.0,11.1776,28-03-2021
DS-13180,OFF-BI-10000962,US-Sou-Geo-Col-31907,CA-2021-119074,SC-2021-04-119074,0.0,0.0,0.0,15.9446,28-03-2021
CC-12220,OFF-ST-10002485,US-Wes-Cal-Los-90032,CA-2021-131380,SC-2021-04-131380,0.0,0.0,0.0,0.8792,29-03-2021
CC-12220,OFF-PA-10001243,US-Wes-Cal-Los-90032,CA-2021-131380,SC-2021-04-131380,0.0,0.0,0.0,2.9302,29-03-2021
AS-10045,OFF-ST-10000649,US-Sou-Vir-Arl-22204,CA-2021-162901,FC-2021-04-162901,0.0,0.0,0.0,7.85,29-03-2021
TB-21595,FUR-BO-10004015,US-Eas-Ohi-Spr-45503,CA-2021-127236,SC-2021-04-127236,0.0,0.0,0.5,-167.986,30-03-2021
ME-17320,TEC-PH-10001254,US-Cen-Ill-Chi-60653,CA-2021-152555,SC-2021-04-152555,0.0,0.0,0.2,60.9552,30-03-2021
TB-21595,TEC-PH-10000141,US-Eas-Ohi-Spr-45503,CA-2021-127236,SC-2021-04-127236,0.0,0.0,0.4,-36.9544,30-03-2021
ME-17320,FUR-CH-10002965,US-Cen-Ill-Chi-60653,CA-2021-152555,SC-2021-04-152555,0.0,0.0,0.3,-36.1764,30-03-2021
JM-15250,OFF-PA-10000466,US-Eas-New-New-10009,CA-2021-167556,SC-2021-04-167556,0.0,0.0,0.0,6.74,30-03-2021
ME-17320,OFF-PA-10001295,US-Cen-Ill-Chi-60653,CA-2021-152555,SC-2021-04-152555,0.0,0.0,0.2,15.9348,30-03-2021
JM-15250,OFF-BI-10003708,US-Eas-New-New-10009,CA-2021-167556,SC-2021-04-167556,0.0,0.0,0.2,9.3125,30-03-2021
JM-15250,FUR-FU-20004848,US-Eas-New-New-10009,CA-2021-167556,SC-2021-04-167556,0.0,0.0,0.0,124.2,30-03-2021
JM-15250,OFF-BI-10000320,US-Eas-New-New-10009,CA-2021-167556,SC-2021-04-167556,0.0,0.0,0.2,14.9814,30-03-2021
CP-12085,OFF-PA-10004156,US-Eas-Con-Nor-6360,CA-2021-128258,FC-2021-04-128258,0.0,0.0,0.0,5.5566,31-03-2021
NM-18520,OFF-BI-10002609,US-Eas-New-New-10011,CA-2021-168844,SC-2021-06-168844,0.0,0.0,0.2,2.3244,01-06-2021
BP-11290,FUR-FU-10001379,US-Cen-Ill-Dec-62521,CA-2021-150483,SC-2021-06-150483,0.0,0.0,0.6,-12.8256,01-06-2021
NM-18520,TEC-PH-10003215,US-Eas-New-New-10011,CA-2021-168844,SC-2021-06-168844,0.0,0.0,0.0,88.053,01-06-2021
BP-11290,OFF-PA-10004621,US-Cen-Ill-Dec-62521,CA-2021-150483,SC-2021-06-150483,0.0,0.0,0.2,3.6288,01-06-2021
BP-11290,OFF-PA-10001846,US-Cen-Ill-Dec-62521,CA-2021-150483,SC-2021-06-150483,0.0,0.0,0.2,6.7048,01-06-2021
BP-11290,FUR-CH-10000422,US-Cen-Ill-Dec-62521,CA-2021-150483,SC-2021-06-150483,0.0,0.0,0.3,-38.2158,01-06-2021
EH-13765,OFF-PA-10000246,US-Wes-Was-Sea-98115,US-2021-119046,SC-2021-06-119046,0.0,0.0,0.0,13.8828,03-06-2021
EH-13765,OFF-BI-10001078,US-Wes-Was-Sea-98115,US-2021-119046,SC-2021-06-119046,0.0,0.0,0.2,18.7224,03-06-2021
EH-13765,OFF-BI-10000138,US-Wes-Was-Sea-98115,US-2021-119046,SC-2021-06-119046,0.0,0.0,0.2,3.9312,03-06-2021
KC-16255,OFF-ST-10000736,US-Eas-Pen-Phi-19120,US-2021-128293,FC-2021-06-128293,0.0,0.0,0.2,-12.9568,03-06-2021
CP-12340,FUR-TA-10001676,US-Wes-Cal-Los-90049,CA-2021-164889,SC-2021-06-164889,0.0,0.0,0.2,-1.7772,04-06-2021
EN-13780,FUR-BO-10000362,US-Eas-New-New-10035,CA-2021-165848,SC-2021-06-165848,0.0,0.0,0.2,5.1294,05-06-2021
EN-13780,FUR-FU-10003878,US-Eas-New-New-10035,CA-2021-165848,SC-2021-06-165848,0.0,0.0,0.0,20.7808,05-06-2021
KL-16645,TEC-PH-10000011,US-Cen-Ill-Chi-60610,CA-2021-157749,SC-2021-06-157749,0.0,0.0,0.2,11.1944,05-06-2021
EN-13780,TEC-MA-10003356,US-Eas-New-New-10035,CA-2021-165848,SC-2021-06-165848,0.0,0.0,0.0,364.4595,05-06-2021
EN-13780,OFF-PA-10000349,US-Eas-New-New-10035,CA-2021-165848,SC-2021-06-165848,0.0,0.0,0.0,7.0218,05-06-2021
KL-16645,FUR-TA-10002607,US-Cen-Ill-Chi-60610,CA-2021-157749,SC-2021-06-157749,0.0,0.0,0.5,-120.513,05-06-2021
KL-16645,FUR-FU-10004351,US-Cen-Ill-Chi-60610,CA-2021-157749,SC-2021-06-157749,0.0,0.0,0.6,-4.6752,05-06-2021
KD-16270,OFF-PA-10000482,US-Sou-Vir-Spr-22153,CA-2021-119823,FC-2021-06-119823,0.0,0.0,0.0,35.6636,05-06-2021
KL-16645,FUR-FU-10000576,US-Cen-Ill-Chi-60610,CA-2021-157749,SC-2021-06-157749,0.0,0.0,0.6,-356.728,05-06-2021
KL-16645,FUR-FU-10002505,US-Cen-Ill-Chi-60610,CA-2021-157749,SC-2021-06-157749,0.0,0.0,0.6,-2.8308,05-06-2021
KL-16645,OFF-AR-10004685,US-Cen-Ill-Chi-60610,CA-2021-157749,SC-2021-06-157749,0.0,0.0,0.2,1.2038,05-06-2021
KL-16645,OFF-PA-10003349,US-Cen-Ill-Chi-60610,CA-2021-157749,SC-2021-06-157749,0.0,0.0,0.2,9.396,05-06-2021
CK-12205,OFF-AP-10004859,US-Wes-Cal-San-95051,CA-2021-110982,FC-2021-06-110982,0.0,0.0,0.0,15.7248,06-06-2021
JL-15235,OFF-ST-10001496,US-Eas-Del-New-19711,CA-2021-165169,SC-2021-06-165169,0.0,0.0,0.0,93.6988,06-06-2021
JL-15235,OFF-AR-10000122,US-Eas-Del-New-19711,CA-2021-165169,SC-2021-06-165169,0.0,0.0,0.0,2.79,06-06-2021
CK-12205,OFF-BI-10000829,US-Wes-Cal-San-95051,CA-2021-110982,FC-2021-06-110982,0.0,0.0,0.2,7.0044,06-06-2021
JL-15235,OFF-LA-10000407,US-Eas-Del-New-19711,CA-2021-165169,SC-2021-06-165169,0.0,0.0,0.0,6.8724,06-06-2021
JS-15940,OFF-ST-10003479,US-Eas-Pen-Phi-19134,US-2021-134908,SC-2021-06-134908,0.0,0.0,0.2,-23.364,06-06-2021
JS-15940,OFF-LA-10000973,US-Eas-Pen-Phi-19134,US-2021-134908,SC-2021-06-134908,0.0,0.0,0.2,2.646,06-06-2021
KB-16600,OFF-SU-10002537,US-Wes-Was-Sea-98105,CA-2021-149671,SC-2021-06-149671,0.0,0.0,0.0,15.9588,06-06-2021
ME-17320,TEC-AC-10002134,US-Wes-Cal-San-93101,CA-2021-160717,SC-2021-06-160717,0.0,0.0,0.0,3.7744,07-06-2021
RC-19825,TEC-PH-10001433,US-Cen-Ill-Chi-60610,CA-2021-125318,SC-2021-06-125318,0.0,0.0,0.2,28.7196,07-06-2021
ME-17320,TEC-PH-10001760,US-Wes-Cal-San-93101,CA-2021-160717,SC-2021-06-160717,0.0,0.0,0.2,161.19,07-06-2021
SC-20230,OFF-PA-10003656,US-Eas-Mas-Low-1852,CA-2021-108350,SC-2021-06-108350,0.0,0.0,0.0,48.5392,07-06-2021
RB-19795,OFF-LA-10000452,US-Wes-Cal-Los-90036,US-2021-155971,SC-2021-06-155971,0.0,0.0,0.0,10.584,07-06-2021
DB-13060,OFF-ST-10003306,US-Eas-Mas-Low-1852,CA-2021-127369,FC-2021-06-127369,0.0,0.0,0.0,207.147,07-06-2021
CK-12595,TEC-AC-10003038,US-Sou-Ark-Lit-72209,US-2021-167472,FC-2021-06-167472,0.0,0.0,0.0,5.1015,07-06-2021
RB-19795,OFF-PA-10000210,US-Wes-Cal-Los-90036,US-2021-155971,SC-2021-06-155971,0.0,0.0,0.0,46.953,07-06-2021
LP-17095,FUR-FU-10004845,US-Eas-Ohi-Fai-45014,CA-2021-112830,SC-2021-06-112830,0.0,0.0,0.2,0.0,07-06-2021
CK-12595,TEC-AC-10001109,US-Sou-Ark-Lit-72209,US-2021-167472,FC-2021-06-167472,0.0,0.0,0.0,75.5748,07-06-2021
CK-12595,TEC-AC-10003174,US-Sou-Ark-Lit-72209,US-2021-167472,FC-2021-06-167472,0.0,0.0,0.0,129.348,07-06-2021
CK-12595,OFF-PA-10000157,US-Sou-Ark-Lit-72209,US-2021-167472,FC-2021-06-167472,0.0,0.0,0.0,28.1718,07-06-2021
CK-12595,OFF-PA-10001534,US-Sou-Ark-Lit-72209,US-2021-167472,FC-2021-06-167472,0.0,0.0,0.0,6.2208,07-06-2021
LP-17095,FUR-FU-10004306,US-Eas-Ohi-Fai-45014,CA-2021-112830,SC-2021-06-112830,0.0,0.0,0.2,34.974,07-06-2021
CK-12595,OFF-BI-10000591,US-Sou-Ark-Lit-72209,US-2021-167472,FC-2021-06-167472,0.0,0.0,0.0,5.6016,07-06-2021
CK-12595,OFF-BI-10001721,US-Sou-Ark-Lit-72209,US-2021-167472,FC-2021-06-167472,0.0,0.0,0.0,30.7872,07-06-2021
ME-17320,TEC-PH-10001459,US-Wes-Cal-San-93101,CA-2021-160717,SC-2021-06-160717,0.0,0.0,0.2,226.7946,07-06-2021
FM-14290,OFF-BI-10003305,US-Wes-Cal-Bak-93309,CA-2021-103163,SC-2021-06-103163,0.0,0.0,0.2,1.5548,08-06-2021
FM-14290,OFF-PA-10004000,US-Wes-Cal-Bak-93309,CA-2021-103163,SC-2021-06-103163,0.0,0.0,0.0,2.3177,08-06-2021
RD-19810,OFF-PA-10003441,US-Eas-New-New-10035,CA-2021-120558,FC-2021-06-120558,0.0,0.0,0.0,15.552,08-06-2021
RS-19870,OFF-FA-10002988,US-Eas-Pen-Phi-19120,CA-2021-107475,SC-2021-06-107475,0.0,0.0,0.2,3.4974,08-06-2021
DB-13210,FUR-CH-10002774,US-Wes-Cal-San-94109,CA-2021-122448,SC-2021-06-122448,0.0,0.0,0.2,13.7646,10-06-2021
GM-14680,TEC-PH-10001198,US-Wes-Cal-Los-90045,US-2021-139710,SC-2021-06-139710,0.0,0.0,0.2,19.9665,10-06-2021
TC-21295,TEC-MA-10002178,US-Sou-Flo-Tal-32303,CA-2021-147368,FC-2021-06-147368,0.0,0.0,0.5,-27.828,10-06-2021
BF-11215,FUR-TA-10001771,US-Cen-Min-Min-55407,CA-2021-154662,SC-2021-06-154662,0.0,0.0,0.0,173.235,10-06-2021
JB-16000,OFF-LA-10003720,US-Eas-Pen-Phi-19140,CA-2021-121993,FC-2021-06-121993,0.0,0.0,0.2,7.9704,11-06-2021
OT-18730,OFF-LA-10001297,US-Wes-Cal-Los-90045,CA-2021-113243,SC-2021-06-113243,0.0,0.0,0.0,9.936,11-06-2021
OT-18730,FUR-TA-10004256,US-Wes-Cal-Los-90045,CA-2021-113243,SC-2021-06-113243,0.0,0.0,0.2,-217.048,11-06-2021
OT-18730,OFF-PA-10003441,US-Wes-Cal-Los-90045,CA-2021-113243,SC-2021-06-113243,0.0,0.0,0.0,15.552,11-06-2021
MZ-17515,FUR-FU-10004415,US-Cen-Tex-Arl-76017,CA-2021-169922,SC-2021-06-169922,0.0,0.0,0.6,-9.0944,12-06-2021
SV-20365,FUR-TA-10003473,US-Wes-Cal-Los-90049,CA-2021-118745,SC-2021-06-118745,0.0,0.0,0.2,33.8517,12-06-2021
MZ-17515,OFF-BI-10003784,US-Cen-Tex-Arl-76017,CA-2021-169922,SC-2021-06-169922,0.0,0.0,0.8,-2.1504,12-06-2021
SE-20110,TEC-AC-10003095,US-Wes-Was-Sea-98103,CA-2021-142405,SC-2021-06-142405,0.0,0.0,0.0,132.5898,12-06-2021
SE-20110,OFF-BI-10004728,US-Wes-Was-Sea-98103,CA-2021-142405,SC-2021-06-142405,0.0,0.0,0.2,17.5448,12-06-2021
SE-20110,OFF-LA-10004093,US-Wes-Was-Sea-98103,CA-2021-142405,SC-2021-06-142405,0.0,0.0,0.0,6.8714,12-06-2021
ES-14020,TEC-AC-10002402,US-Eas-New-New-10035,CA-2021-127775,SC-2021-06-127775,0.0,0.0,0.0,71.991,12-06-2021
MZ-17515,OFF-BI-10001617,US-Cen-Tex-Arl-76017,CA-2021-169922,SC-2021-06-169922,0.0,0.0,0.8,-13.6488,12-06-2021
SC-20725,OFF-EN-10002500,US-Eas-Del-Wil-19805,CA-2021-103730,FC-2021-06-103730,0.0,0.0,0.0,51.759,13-06-2021
AW-10930,OFF-AR-10003469,US-Cen-Tex-Hou-77070,CA-2021-120824,SC-2021-06-120824,0.0,0.0,0.2,3.9424,13-06-2021
AW-10930,OFF-PA-10000232,US-Cen-Tex-Hou-77070,CA-2021-120824,SC-2021-06-120824,0.0,0.0,0.2,5.6376,13-06-2021
AW-10930,FUR-CH-10000229,US-Cen-Tex-Hou-77070,CA-2021-120824,SC-2021-06-120824,0.0,0.0,0.3,-119.2312,13-06-2021
SC-20770,OFF-BI-10002309,US-Sou-Ala-Dec-35601,CA-2021-127208,FC-2021-06-127208,0.0,0.0,0.0,8.0352,13-06-2021
SC-20725,OFF-ST-10000777,US-Eas-Del-Wil-19805,CA-2021-103730,FC-2021-06-103730,0.0,0.0,0.0,63.4368,13-06-2021
AW-10930,FUR-FU-10001424,US-Cen-Tex-Hou-77070,CA-2021-120824,SC-2021-06-120824,0.0,0.0,0.6,-4.5396,13-06-2021
AW-10930,OFF-ST-10002562,US-Cen-Tex-Hou-77070,CA-2021-120824,SC-2021-06-120824,0.0,0.0,0.2,6.7536,13-06-2021
DV-13045,OFF-LA-10000240,US-Wes-Cal-Los-90036,CA-2021-138688,SC-2021-06-138688,0.0,0.0,0.0,6.8714,13-06-2021
SC-20725,TEC-PH-10003875,US-Eas-Del-Wil-19805,CA-2021-103730,FC-2021-06-103730,0.0,0.0,0.0,19.7316,13-06-2021
AW-10930,OFF-BI-10001525,US-Cen-Tex-Hou-77070,CA-2021-120824,SC-2021-06-120824,0.0,0.0,0.8,-2.667,13-06-2021
CR-12730,OFF-PA-10002160,US-Cen-Ill-Chi-60610,CA-2021-164035,SC-2021-06-164035,0.0,0.0,0.2,8.381,13-06-2021
AW-10930,OFF-AP-10001242,US-Cen-Tex-Hou-77070,CA-2021-120824,SC-2021-06-120824,0.0,0.0,0.8,-160.96,13-06-2021
CB-12415,OFF-PA-10000241,US-Eas-New-Lon-11561,CA-2021-139941,SC-2021-06-139941,0.0,0.0,0.0,41.823,13-06-2021
EA-14035,OFF-PA-10004782,US-Wes-Cal-Pas-91104,CA-2021-104633,SC-2021-06-104633,0.0,0.0,0.0,6.2208,13-06-2021
EA-14035,OFF-PA-10000241,US-Wes-Cal-Pas-91104,CA-2021-104633,SC-2021-06-104633,0.0,0.0,0.0,83.646,13-06-2021
PO-19180,TEC-MA-10002937,US-Cen-Ill-Chi-60623,CA-2021-147375,SC-2021-06-147375,0.0,0.0,0.3,43.1991,13-06-2021
PO-19180,OFF-PA-20001970,US-Cen-Ill-Chi-60623,CA-2021-147375,SC-2021-06-147375,0.0,0.0,0.2,113.6394,13-06-2021
CB-12415,OFF-AP-10004036,US-Eas-New-Lon-11561,CA-2021-139941,SC-2021-06-139941,0.0,0.0,0.0,18.396,13-06-2021
SC-20725,FUR-FU-10002157,US-Eas-Del-Wil-19805,CA-2021-103730,FC-2021-06-103730,0.0,0.0,0.0,18.3456,13-06-2021
SC-20725,OFF-BI-10003910,US-Eas-Del-Wil-19805,CA-2021-103730,FC-2021-06-103730,0.0,0.0,0.0,13.878,13-06-2021
SC-20770,OFF-AP-10002118,US-Sou-Ala-Dec-35601,CA-2021-127208,FC-2021-06-127208,0.0,0.0,0.0,56.2032,13-06-2021
SC-20050,TEC-PH-10003484,US-Cen-Mic-Jac-49201,CA-2021-155005,SC-2021-06-155005,0.0,0.0,0.0,94.4925,14-06-2021
GT-14710,OFF-BI-10001989,US-Eas-New-New-10024,CA-2021-126795,SC-2021-06-126795,0.0,0.0,0.2,11.7488,14-06-2021
SS-20590,OFF-LA-10003148,US-Cen-Kan-Wic-67212,CA-2021-136287,SC-2021-06-136287,0.0,0.0,0.0,8.694,14-06-2021
JS-15685,FUR-TA-10003392,US-Eas-Pen-Phi-19140,CA-2021-155747,SC-2021-06-155747,0.0,0.0,0.4,-118.0116,15-06-2021
EB-13705,FUR-TA-10001771,US-Wes-Cal-Ana-92804,CA-2021-128223,SC-2021-06-128223,0.0,0.0,0.2,80.843,15-06-2021
VM-21835,OFF-BI-10002082,US-Sou-Flo-Boc-33433,CA-2021-133872,FC-2021-06-133872,0.0,0.0,0.7,-26.624,15-06-2021
VM-21835,TEC-AC-10000521,US-Sou-Flo-Boc-33433,CA-2021-133872,FC-2021-06-133872,0.0,0.0,0.2,2.308,15-06-2021
PV-18985,OFF-AR-10002255,US-Wes-Cal-San-94122,CA-2021-107216,FC-2021-06-107216,0.0,0.0,0.0,2.5056,15-06-2021
PV-18985,TEC-AC-10001013,US-Wes-Cal-San-94122,CA-2021-107216,FC-2021-06-107216,0.0,0.0,0.0,9.6657,15-06-2021
AR-10825,FUR-TA-10004619,US-Wes-Was-Sea-98103,CA-2021-132304,SC-2021-06-132304,0.0,0.0,0.0,334.551,15-06-2021
MH-17290,FUR-BO-10004218,US-Wes-Cal-Los-90036,US-2021-108497,SC-2021-06-108497,0.0,0.0,0.15,35.245,15-06-2021
PV-18985,FUR-FU-10000206,US-Wes-Cal-San-94122,CA-2021-107216,FC-2021-06-107216,0.0,0.0,0.0,4.1031,15-06-2021
PV-18985,OFF-AR-10001545,US-Wes-Cal-San-94122,CA-2021-107216,FC-2021-06-107216,0.0,0.0,0.0,2.0416,15-06-2021
LS-17245,OFF-PA-10000483,US-Cen-Tex-Hou-77036,CA-2021-152765,FC-2021-06-152765,0.0,0.0,0.2,54.215,16-06-2021
BD-11320,OFF-PA-10001776,US-Wes-Cal-Los-90045,CA-2021-148593,SC-2021-06-148593,0.0,0.0,0.0,21.7845,17-06-2021
JJ-15445,OFF-LA-10001641,US-Eas-Del-New-19711,CA-2021-137127,SC-2021-06-137127,0.0,0.0,0.0,4.536,17-06-2021
JL-15175,TEC-MA-10003493,US-Sou-Ten-Cha-37421,CA-2021-140977,SC-2021-06-140977,0.0,0.0,0.5,-1.8295,17-06-2021
MV-18190,OFF-LA-10000081,US-Wes-Cal-Los-90045,CA-2021-123512,FC-2021-06-123512,0.0,0.0,0.0,10.8,18-06-2021
LC-16885,FUR-FU-10002298,US-Wes-Col-Lon-80501,CA-2021-107146,FC-2021-06-107146,0.0,0.0,0.2,-13.3176,18-06-2021
MV-18190,FUR-BO-10004218,US-Wes-Cal-Los-90045,CA-2021-123512,FC-2021-06-123512,0.0,0.0,0.15,14.098,18-06-2021
MV-18190,OFF-PA-10001497,US-Wes-Cal-Los-90045,CA-2021-123512,FC-2021-06-123512,0.0,0.0,0.0,107.7216,18-06-2021
FM-14380,OFF-ST-10000419,US-Eas-New-New-10024,CA-2021-145842,SC-2021-06-145842,0.0,0.0,0.0,0.4074,18-06-2021
CP-12340,OFF-BI-10002003,US-Eas-Con-Wat-6708,CA-2021-133613,SC-2021-06-133613,0.0,0.0,0.0,3.7412,18-06-2021
DM-13345,FUR-TA-10003715,US-Eas-New-Roc-14609,CA-2021-129861,SC-2021-06-129861,0.0,0.0,0.4,-213.5574,18-06-2021
TB-21055,OFF-ST-10000604,US-Eas-New-Tro-12180,CA-2021-111682,FC-2021-06-111682,0.0,0.0,0.0,52.14,18-06-2021
TB-21055,OFF-PA-10001569,US-Eas-New-Tro-12180,CA-2021-111682,FC-2021-06-111682,0.0,0.0,0.0,15.552,18-06-2021
TB-21055,OFF-AR-10001868,US-Eas-New-Tro-12180,CA-2021-111682,FC-2021-06-111682,0.0,0.0,0.0,0.84,18-06-2021
TB-21055,FUR-CH-10003968,US-Eas-New-Tro-12180,CA-2021-111682,FC-2021-06-111682,0.0,0.0,0.1,7.098,18-06-2021
LC-16885,FUR-CH-10004853,US-Wes-Col-Lon-80501,CA-2021-107146,FC-2021-06-107146,0.0,0.0,0.2,54.3528,18-06-2021
TB-21055,TEC-AC-10002167,US-Eas-New-Tro-12180,CA-2021-111682,FC-2021-06-111682,0.0,0.0,0.0,3.3,18-06-2021
TB-21055,OFF-BI-10001460,US-Eas-New-Tro-12180,CA-2021-111682,FC-2021-06-111682,0.0,0.0,0.2,16.362,18-06-2021
TB-21055,OFF-PA-10000587,US-Eas-New-Tro-12180,CA-2021-111682,FC-2021-06-111682,0.0,0.0,0.0,6.9888,18-06-2021
CP-12340,OFF-AR-10003829,US-Eas-Con-Wat-6708,CA-2021-133613,SC-2021-06-133613,0.0,0.0,0.0,2.8536,18-06-2021
CP-12340,TEC-PH-10004539,US-Eas-Con-Wat-6708,CA-2021-133613,SC-2021-06-133613,0.0,0.0,0.0,153.0819,18-06-2021
IG-15085,OFF-PA-10000806,US-Wes-Cal-San-92024,CA-2021-159345,SC-2021-06-159345,0.0,0.0,0.0,54.8604,18-06-2021
SC-20770,OFF-BI-10003910,US-Eas-Pen-Phi-19134,CA-2021-131744,SC-2021-06-131744,0.0,0.0,0.7,-3.855,19-06-2021
BT-11440,OFF-PA-10003134,US-Cen-Ill-Fra-60423,US-2021-163461,FC-2021-06-163461,0.0,0.0,0.2,26.9024,19-06-2021
SC-20770,OFF-AP-10001394,US-Eas-Pen-Phi-19134,CA-2021-131744,SC-2021-06-131744,0.0,0.0,0.2,90.72,19-06-2021
SC-20770,OFF-PA-10004610,US-Eas-Pen-Phi-19134,CA-2021-131744,SC-2021-06-131744,0.0,0.0,0.2,2.14,19-06-2021
KC-16255,OFF-PA-10000350,US-Wes-Cal-San-94110,CA-2021-105760,FC-2021-06-105760,0.0,0.0,0.0,8.0464,20-06-2021
RC-19825,OFF-ST-10001469,US-Wes-Cal-Pas-91104,CA-2021-141397,FC-2021-06-141397,0.0,0.0,0.0,9.7164,21-06-2021
CG-12040,OFF-BI-10004826,US-Eas-Pen-Phi-19120,CA-2021-140081,SC-2021-06-140081,0.0,0.0,0.7,-21.7932,21-06-2021
RC-19825,OFF-AP-10003971,US-Wes-Cal-Pas-91104,CA-2021-141397,FC-2021-06-141397,0.0,0.0,0.0,5.6628,21-06-2021
RC-19825,FUR-CH-10003846,US-Wes-Cal-Pas-91104,CA-2021-141397,FC-2021-06-141397,0.0,0.0,0.2,-8.0784,21-06-2021
DP-13105,OFF-PA-10001870,US-Wes-Cal-Sal-93905,CA-2021-152534,SC-2021-06-152534,0.0,0.0,0.0,18.6624,21-06-2021
RC-19825,OFF-BI-10000320,US-Wes-Cal-Pas-91104,CA-2021-141397,FC-2021-06-141397,0.0,0.0,0.2,6.4206,21-06-2021
DP-13105,OFF-AR-10002335,US-Wes-Cal-Sal-93905,CA-2021-152534,SC-2021-06-152534,0.0,0.0,0.0,1.3416,21-06-2021
EA-14035,OFF-PA-10000809,US-Cen-Tex-Car-75007,CA-2021-108581,SC-2021-06-108581,0.0,0.0,0.2,3.6288,21-06-2021
CG-12040,OFF-PA-10001745,US-Eas-Pen-Phi-19120,CA-2021-140081,SC-2021-06-140081,0.0,0.0,0.2,15.2064,21-06-2021
CG-12040,OFF-AP-10001058,US-Eas-Pen-Phi-19120,CA-2021-140081,SC-2021-06-140081,0.0,0.0,0.2,33.5772,21-06-2021
RC-19825,OFF-PA-10002986,US-Wes-Cal-Pas-91104,CA-2021-141397,FC-2021-06-141397,0.0,0.0,0.0,22.4448,21-06-2021
LH-16900,TEC-AC-10002167,US-Eas-Del-Dov-19901,CA-2021-169194,SC-2021-06-169194,0.0,0.0,0.0,4.95,21-06-2021
CG-12040,OFF-PA-10001870,US-Eas-Pen-Phi-19120,CA-2021-140081,SC-2021-06-140081,0.0,0.0,0.2,5.4432,21-06-2021
LH-16900,TEC-PH-10003988,US-Eas-Del-Dov-19901,CA-2021-169194,SC-2021-06-169194,0.0,0.0,0.0,6.104,21-06-2021
EA-14035,TEC-AC-10001109,US-Cen-Tex-Car-75007,CA-2021-108581,SC-2021-06-108581,0.0,0.0,0.2,26.3912,21-06-2021
BS-11365,FUR-FU-20004270,US-Cen-Okl-Okl-73120,CA-2021-149965,SC-2021-06-149965,0.0,0.0,0.0,23.6529,21-06-2021
BS-11365,TEC-AC-10004877,US-Cen-Okl-Okl-73120,CA-2021-149965,SC-2021-06-149965,0.0,0.0,0.0,0.552,21-06-2021
AS-10090,OFF-BI-10001553,US-Eas-New-New-10011,CA-2021-119865,SC-2021-06-119865,0.0,0.0,0.2,12.796,22-06-2021
AS-10090,OFF-BI-10003007,US-Eas-New-New-10011,CA-2021-119865,SC-2021-06-119865,0.0,0.0,0.2,60.4968,22-06-2021
KB-16600,OFF-BI-10003727,US-Cen-Ill-Chi-60623,CA-2021-168361,SC-2021-06-168361,0.0,0.0,0.8,-1.3376,22-06-2021
AS-10090,FUR-BO-10003272,US-Eas-New-New-10011,CA-2021-119865,SC-2021-06-119865,0.0,0.0,0.2,-44.196,22-06-2021
IM-15070,OFF-FA-10004076,US-Eas-New-New-10009,CA-2021-140501,SC-2021-06-140501,0.0,0.0,0.0,1.4652,24-06-2021
RD-19900,OFF-PA-10001019,US-Wes-Cal-San-94109,CA-2021-140382,SC-2021-06-140382,0.0,0.0,0.0,9.3906,24-06-2021
IM-15070,OFF-PA-10003129,US-Eas-New-New-10009,CA-2021-140501,SC-2021-06-140501,0.0,0.0,0.0,68.9631,24-06-2021
IM-15070,OFF-LA-10003510,US-Eas-New-New-10009,CA-2021-140501,SC-2021-06-140501,0.0,0.0,0.0,56.1752,24-06-2021
MG-17695,OFF-SU-10000157,US-Eas-New-Buf-14215,US-2021-142685,SC-2021-07-142685,0.0,0.0,0.0,16.7034,24-06-2021
IM-15070,OFF-LA-10000248,US-Eas-New-New-10009,CA-2021-140501,SC-2021-06-140501,0.0,0.0,0.0,8.6715,24-06-2021
IM-15070,OFF-ST-10000060,US-Eas-New-New-10009,CA-2021-140501,SC-2021-06-140501,0.0,0.0,0.0,38.988,24-06-2021
RD-19900,TEC-PH-10003012,US-Wes-Cal-San-94109,CA-2021-140382,SC-2021-06-140382,0.0,0.0,0.2,97.0137,24-06-2021
RD-19900,OFF-LA-10001934,US-Wes-Cal-San-94109,CA-2021-140382,SC-2021-06-140382,0.0,0.0,0.0,10.3071,24-06-2021
RD-19900,OFF-ST-10003638,US-Wes-Cal-San-94109,CA-2021-140382,SC-2021-06-140382,0.0,0.0,0.0,25.2936,24-06-2021
SM-20005,OFF-LA-10003720,US-Eas-New-New-10035,US-2021-154256,SC-2021-06-154256,0.0,0.0,0.0,12.1401,24-06-2021
MJ-17740,OFF-PA-10000418,US-Wes-Cal-San-92037,CA-2021-100300,SC-2021-06-100300,0.0,0.0,0.0,50.328,25-06-2021
MJ-17740,TEC-MA-10000984,US-Wes-Cal-San-92037,CA-2021-100300,SC-2021-06-100300,0.0,0.0,0.2,503.64,25-06-2021
HL-15040,TEC-PH-10001305,US-Cen-Ind-Ric-47374,CA-2021-101987,SC-2021-07-101987,0.0,0.0,0.0,123.4548,25-06-2021
MJ-17740,OFF-AP-10001242,US-Wes-Cal-San-92037,CA-2021-100300,SC-2021-06-100300,0.0,0.0,0.0,72.432,25-06-2021
BD-11320,TEC-PH-10004833,US-Wes-Cal-San-92024,CA-2021-130680,SC-2021-06-130680,0.0,0.0,0.2,-9.56,25-06-2021
DH-13075,OFF-AP-10002082,US-Cen-Tex-Hou-77095,CA-2021-166240,SC-2021-06-166240,0.0,0.0,0.8,-19.602,25-06-2021
TS-21160,OFF-BI-10004781,US-Eas-Pen-Yor-17403,US-2021-152051,SC-2021-06-152051,0.0,0.0,0.7,-27.9312,26-06-2021
TS-21160,FUR-CH-10002965,US-Eas-Pen-Yor-17403,US-2021-152051,SC-2021-06-152051,0.0,0.0,0.3,-18.0882,26-06-2021
TS-21160,OFF-ST-10001713,US-Eas-Pen-Yor-17403,US-2021-152051,SC-2021-06-152051,0.0,0.0,0.2,-50.8704,26-06-2021
LC-17140,FUR-FU-10003919,US-Cen-Tex-Hou-77070,CA-2021-101693,SC-2021-06-101693,0.0,0.0,0.6,-26.1696,26-06-2021
AS-10240,OFF-AP-10000692,US-Wes-Cal-Los-90049,CA-2021-118913,SC-2021-06-118913,0.0,0.0,0.0,17.0268,26-06-2021
SN-20560,OFF-ST-10001837,US-Cen-Mic-Ros-48066,CA-2021-118101,SC-2021-06-118101,0.0,0.0,0.0,44.4704,27-06-2021
LD-16855,OFF-AR-10001547,US-Cen-Ill-Chi-60653,CA-2021-152331,SC-2021-07-152331,0.0,0.0,0.2,0.4641,27-06-2021
JG-15805,OFF-AR-10003045,US-Eas-New-New-10024,CA-2021-100790,SC-2021-07-100790,0.0,0.0,0.0,6.615,27-06-2021
AB-10255,TEC-AC-10003133,US-Cen-Tex-Pla-75023,US-2021-158708,SC-2021-06-158708,0.0,0.0,0.2,3.5742,27-06-2021
AH-10075,OFF-PA-10002870,US-Wes-Cal-Los-90036,CA-2021-144015,SC-2021-06-144015,0.0,0.0,0.0,5.616,27-06-2021
DN-13690,FUR-FU-10002364,US-Wes-Cal-San-94109,CA-2021-114951,SC-2021-07-114951,0.0,0.0,0.0,6.4206,27-06-2021
JG-15805,OFF-ST-10000689,US-Eas-New-New-10024,CA-2021-100790,SC-2021-07-100790,0.0,0.0,0.0,84.51,27-06-2021
GM-14500,OFF-ST-10000617,US-Eas-Rho-Pro-2908,CA-2021-119445,SC-2021-07-119445,0.0,0.0,0.0,1.043,27-06-2021
SN-20560,OFF-BI-10000773,US-Cen-Mic-Ros-48066,CA-2021-118101,SC-2021-06-118101,0.0,0.0,0.0,3.7694,27-06-2021
SN-20560,OFF-PA-20000357,US-Cen-Mic-Ros-48066,CA-2021-118101,SC-2021-06-118101,0.0,0.0,0.0,180.7659,27-06-2021
AH-10075,OFF-FA-10000624,US-Wes-Cal-Los-90036,CA-2021-144015,SC-2021-06-144015,0.0,0.0,0.0,8.95,27-06-2021
VP-21760,FUR-FU-10003976,US-Eas-New-New-10035,CA-2021-102127,SC-2021-07-102127,0.0,0.0,0.0,12.8316,27-06-2021
AH-10075,OFF-SU-10003505,US-Wes-Cal-Los-90036,CA-2021-144015,SC-2021-06-144015,0.0,0.0,0.0,11.586,27-06-2021
VP-21760,TEC-AC-10002018,US-Eas-New-New-10035,CA-2021-102127,SC-2021-07-102127,0.0,0.0,0.0,9.0171,27-06-2021
PF-19225,TEC-PH-10004434,US-Sou-Geo-Atl-30318,CA-2021-160234,SC-2021-07-160234,0.0,0.0,0.0,39.4255,27-06-2021
VP-21760,TEC-AC-10000397,US-Eas-New-New-10035,CA-2021-102127,SC-2021-07-102127,0.0,0.0,0.0,9.7972,27-06-2021
KH-16330,FUR-CH-10003981,US-Cen-Ill-Hig-60035,CA-2021-153577,SC-2021-07-153577,0.0,0.0,0.3,-7.7094,28-06-2021
AC-10660,TEC-PH-10003484,US-Wes-Cal-San-94109,CA-2021-161928,SC-2021-06-161928,0.0,0.0,0.2,12.599,28-06-2021
KH-16330,OFF-PA-10000575,US-Cen-Ill-Hig-60035,CA-2021-153577,SC-2021-07-153577,0.0,0.0,0.2,12.1758,28-06-2021
BP-11155,OFF-AP-10002311,US-Eas-New-Pat-7501,CA-2021-154767,SC-2021-07-154767,0.0,0.0,0.0,121.1056,29-06-2021
CS-12250,OFF-BI-10001524,US-Wes-Cal-Los-90032,CA-2021-161095,SC-2021-06-161095,0.0,0.0,0.2,11.7488,29-06-2021
BP-11155,OFF-BI-10002003,US-Eas-New-Pat-7501,CA-2021-154767,SC-2021-07-154767,0.0,0.0,0.0,3.7412,29-06-2021
RF-19735,TEC-PH-10001299,US-Cen-Ill-Chi-60610,CA-2021-110044,SC-2021-07-110044,0.0,0.0,0.2,35.9976,29-06-2021
BP-11155,FUR-CH-10003535,US-Eas-New-Pat-7501,CA-2021-154767,SC-2021-07-154767,0.0,0.0,0.0,20.7332,29-06-2021
BP-11155,OFF-AP-10000595,US-Eas-New-Pat-7501,CA-2021-154767,SC-2021-07-154767,0.0,0.0,0.0,2.2724,29-06-2021
BP-11155,OFF-PA-10003039,US-Eas-New-Pat-7501,CA-2021-154767,SC-2021-07-154767,0.0,0.0,0.0,27.882,29-06-2021
CS-12250,OFF-BI-10002764,US-Wes-Cal-Los-90032,CA-2021-161095,SC-2021-06-161095,0.0,0.0,0.2,2.8101,29-06-2021
Co-12640,OFF-ST-10000563,US-Sou-Sou-Flo-29501,CA-2021-140543,SC-2021-07-140543,0.0,0.0,0.0,19.188,30-06-2021
PF-19165,OFF-AR-10004344,US-Sou-Geo-San-30328,CA-2021-162355,SC-2021-07-162355,0.0,0.0,0.0,9.7119,01-07-2021
PF-19165,FUR-BO-10004695,US-Sou-Geo-San-30328,CA-2021-162355,SC-2021-07-162355,0.0,0.0,0.0,291.3778,01-07-2021
AH-10120,TEC-AC-10003038,US-Cen-Ill-Aur-60505,CA-2021-135594,SC-2021-07-135594,0.0,0.0,0.2,-0.6265,01-07-2021
EM-14140,TEC-CO-10000971,US-Wes-Uta-Leh-84043,CA-2021-139997,FC-2021-07-139997,0.0,0.0,0.0,449.985,02-07-2021
JF-15355,OFF-BI-10003364,US-Sou-Sou-Col-29203,CA-2021-152163,SC-2021-07-152163,0.0,0.0,0.0,28.0032,02-07-2021
SU-20665,TEC-AC-10001635,US-Eas-New-New-10009,US-2021-126431,SC-2021-07-126431,0.0,0.0,0.0,6.168,02-07-2021
JF-15355,OFF-PA-10000788,US-Sou-Sou-Col-29203,CA-2021-152163,SC-2021-07-152163,0.0,0.0,0.0,6.2208,02-07-2021
NZ-18565,OFF-BI-10000145,US-Wes-Was-Sea-98115,US-2021-158680,FC-2021-07-158680,0.0,0.0,0.2,0.9048,02-07-2021
SU-20665,OFF-LA-10001474,US-Eas-New-New-10009,US-2021-126431,SC-2021-07-126431,0.0,0.0,0.0,14.0438,02-07-2021
SU-20665,OFF-PA-10001950,US-Eas-New-New-10009,US-2021-126431,SC-2021-07-126431,0.0,0.0,0.0,33.777,02-07-2021
JF-15355,OFF-BI-10002215,US-Sou-Sou-Col-29203,CA-2021-152163,SC-2021-07-152163,0.0,0.0,0.0,6.532,02-07-2021
GB-14530,FUR-CH-10002126,US-Wes-Cal-Los-90004,CA-2021-149314,SC-2021-07-149314,0.0,0.0,0.2,19.5184,03-07-2021
KH-16360,OFF-AR-10003986,US-Sou-Vir-Arl-22204,CA-2021-101469,SC-2021-07-101469,0.0,0.0,0.0,3.157,03-07-2021
EA-14035,FUR-CH-10000665,US-Cen-Tex-Hun-77340,CA-2021-102813,FC-2021-07-102813,0.0,0.0,0.3,0.0,03-07-2021
EA-14035,OFF-PA-10000520,US-Cen-Tex-Hun-77340,CA-2021-102813,FC-2021-07-102813,0.0,0.0,0.2,14.5152,03-07-2021
FM-14215,OFF-PA-10000167,US-Eas-Pen-Phi-19143,CA-2021-104983,SC-2021-07-104983,0.0,0.0,0.2,38.725,04-07-2021
GT-14755,OFF-PA-10000552,US-Wes-Cal-Los-90049,CA-2021-130029,FC-2021-07-130029,0.0,0.0,0.0,6.2208,04-07-2021
DK-13225,OFF-AP-10000938,US-Eas-New-New-10035,CA-2021-168543,SC-2021-07-168543,0.0,0.0,0.0,197.9208,04-07-2021
GT-14755,OFF-FA-10001135,US-Wes-Cal-Los-90049,CA-2021-130029,FC-2021-07-130029,0.0,0.0,0.0,0.0792,04-07-2021
AA-10645,FUR-BO-10001811,US-Wes-Cal-San-94109,CA-2021-147137,FC-2021-07-147137,0.0,0.0,0.15,225.735,05-07-2021
AA-10645,OFF-EN-10003567,US-Wes-Cal-San-94109,CA-2021-147137,FC-2021-07-147137,0.0,0.0,0.0,20.6612,05-07-2021
AA-10645,OFF-ST-10002486,US-Wes-Cal-San-94109,CA-2021-147137,FC-2021-07-147137,0.0,0.0,0.0,0.5584,05-07-2021
RB-19465,TEC-PH-10001198,US-Wes-Was-Sea-98103,CA-2021-103107,SC-2021-07-103107,0.0,0.0,0.2,19.9665,05-07-2021
AA-10645,FUR-FU-10000221,US-Wes-Cal-San-94109,CA-2021-147137,FC-2021-07-147137,0.0,0.0,0.0,8.636,05-07-2021
RB-19465,TEC-PH-10002564,US-Wes-Was-Sea-98103,CA-2021-103107,SC-2021-07-103107,0.0,0.0,0.2,8.997,05-07-2021
RB-19465,FUR-FU-10000221,US-Wes-Was-Sea-98103,CA-2021-103107,SC-2021-07-103107,0.0,0.0,0.0,8.636,05-07-2021
CC-12100,OFF-BI-10001308,US-Eas-Pen-Phi-19120,CA-2021-129308,SC-2021-07-129308,0.0,0.0,0.7,-7.85,08-07-2021
BF-11020,OFF-PA-10001609,US-Cen-Ill-Aur-60505,CA-2021-159940,SC-2021-07-159940,0.0,0.0,0.2,7.6986,08-07-2021
BF-11020,FUR-FU-10004973,US-Cen-Ill-Aur-60505,CA-2021-159940,SC-2021-07-159940,0.0,0.0,0.6,-27.1296,08-07-2021
BF-11020,FUR-CH-10000785,US-Cen-Ill-Aur-60505,CA-2021-159940,SC-2021-07-159940,0.0,0.0,0.3,-14.4784,08-07-2021
MJ-17740,OFF-AR-10004602,US-Wes-Uta-Ore-84057,CA-2021-106397,SC-2021-07-106397,0.0,0.0,0.0,12.8744,08-07-2021
SC-20695,OFF-SU-10004664,US-Sou-Flo-Hia-33012,CA-2021-114713,SC-2021-07-114713,0.0,0.0,0.2,5.1282,08-07-2021
CC-12370,FUR-CH-10003061,US-Wes-Cal-Los-90045,CA-2021-135265,SC-2021-07-135265,0.0,0.0,0.2,-3.5996,08-07-2021
CC-12100,OFF-BI-10001525,US-Eas-Pen-Phi-19120,CA-2021-129308,SC-2021-07-129308,0.0,0.0,0.7,-4.7625,08-07-2021
CC-12370,TEC-CO-10003763,US-Wes-Cal-Los-90045,CA-2021-135265,SC-2021-07-135265,0.0,0.0,0.2,944.9865,08-07-2021
CC-12370,OFF-PA-10002923,US-Wes-Cal-Los-90045,CA-2021-135265,SC-2021-07-135265,0.0,0.0,0.0,24.47,08-07-2021
MJ-17740,OFF-PA-10003441,US-Wes-Uta-Ore-84057,CA-2021-106397,SC-2021-07-106397,0.0,0.0,0.0,6.2208,08-07-2021
CC-12100,OFF-LA-10002945,US-Eas-Pen-Phi-19120,CA-2021-129308,SC-2021-07-129308,0.0,0.0,0.2,3.276,08-07-2021
CC-12100,TEC-PH-20002310,US-Eas-Pen-Phi-19120,CA-2021-129308,SC-2021-07-129308,0.0,0.0,0.4,-12.9987,08-07-2021
RM-19375,FUR-FU-10003039,US-Wes-Cal-San-95123,CA-2021-100965,SC-2021-07-100965,0.0,0.0,0.0,73.321,08-07-2021
BF-11020,OFF-FA-10000936,US-Cen-Ill-Aur-60505,CA-2021-159940,SC-2021-07-159940,0.0,0.0,0.2,0.8225,08-07-2021
JE-15715,OFF-BI-10002082,US-Wes-Col-Bro-80020,CA-2021-112109,SC-2021-07-112109,0.0,0.0,0.7,-13.312,09-07-2021
JE-15715,OFF-ST-10001505,US-Wes-Col-Bro-80020,CA-2021-112109,SC-2021-07-112109,0.0,0.0,0.2,-1.2558,09-07-2021
JE-15715,FUR-CH-10004287,US-Wes-Col-Bro-80020,CA-2021-112109,SC-2021-07-112109,0.0,0.0,0.2,74.574,09-07-2021
SC-20230,TEC-PH-10004345,US-Cen-Tex-Arl-76017,CA-2021-156685,SC-2021-07-156685,0.0,0.0,0.2,107.955,09-07-2021
JE-15715,OFF-BI-10001634,US-Wes-Col-Bro-80020,CA-2021-112109,SC-2021-07-112109,0.0,0.0,0.7,-6.1152,09-07-2021
SC-20230,OFF-AR-10000588,US-Cen-Tex-Arl-76017,CA-2021-156685,SC-2021-07-156685,0.0,0.0,0.2,3.5712,09-07-2021
CC-12220,TEC-PH-10001580,US-Wes-Was-Sea-98105,CA-2021-155474,SC-2021-07-155474,0.0,0.0,0.2,9.4486,09-07-2021
ZD-21925,TEC-PH-10002824,US-Sou-Flo-Jac-32216,CA-2021-152471,SC-2021-07-152471,0.0,0.0,0.2,51.4975,09-07-2021
TH-21115,OFF-PA-10000289,US-Eas-Rho-Pro-2908,CA-2021-152520,SC-2021-07-152520,0.0,0.0,0.0,6.2208,09-07-2021
ZD-21925,OFF-PA-10004965,US-Sou-Flo-Jac-32216,CA-2021-152471,SC-2021-07-152471,0.0,0.0,0.2,4.995,09-07-2021
CC-12220,OFF-BI-10004209,US-Wes-Was-Sea-98105,CA-2021-155474,SC-2021-07-155474,0.0,0.0,0.2,6.03,09-07-2021
JD-15895,FUR-FU-10000723,US-Eas-New-New-10035,CA-2021-136329,SC-2021-07-136329,0.0,0.0,0.0,14.8752,10-07-2021
JD-15895,FUR-CH-10002335,US-Eas-New-New-10035,CA-2021-136329,SC-2021-07-136329,0.0,0.0,0.1,72.5344,10-07-2021
AA-10375,OFF-ST-10001325,US-Wes-Ari-Mes-85204,CA-2021-126613,SC-2021-07-126613,0.0,0.0,0.2,1.4672,11-07-2021
EA-14035,TEC-MA-10000904,US-Eas-Pen-Phi-19143,CA-2021-164924,SC-2021-07-164924,0.0,0.0,0.7,-319.1916,11-07-2021
LH-17155,OFF-AR-10002135,US-Cen-Tex-Dal-75081,US-2021-131149,SC-2021-07-131149,0.0,0.0,0.2,17.352,11-07-2021
LH-17155,OFF-ST-10000689,US-Cen-Tex-Dal-75081,US-2021-131149,SC-2021-07-131149,0.0,0.0,0.2,-33.804,11-07-2021
NZ-18565,OFF-BI-10001658,US-Wes-Ari-Yum-85364,CA-2021-134222,SC-2021-07-134222,0.0,0.0,0.7,-35.8848,11-07-2021
KH-16690,TEC-PH-10000149,US-Wes-Cal-Los-90008,CA-2021-103891,SC-2021-07-103891,0.0,0.0,0.2,7.182,13-07-2021
JS-15880,OFF-PA-10001497,US-Cen-Tex-Irv-75061,CA-2021-115483,SC-2021-07-115483,0.0,0.0,0.2,79.692,15-07-2021
TP-21130,OFF-SU-10004115,US-Eas-Pen-Phi-19134,CA-2021-120180,FC-2021-07-120180,0.0,0.0,0.2,1.0178,15-07-2021
SW-20755,OFF-AR-10004999,US-Eas-New-New-10009,CA-2021-137050,SC-2021-07-137050,0.0,0.0,0.0,10.465,15-07-2021
SW-20755,OFF-FA-10002988,US-Eas-New-New-10009,CA-2021-137050,SC-2021-07-137050,0.0,0.0,0.0,6.8943,15-07-2021
SW-20755,OFF-BI-10002160,US-Eas-New-New-10009,CA-2021-137050,SC-2021-07-137050,0.0,0.0,0.2,3.2004,15-07-2021
RE-19450,OFF-FA-10000936,US-Eas-New-Aub-13021,CA-2021-169215,SC-2021-07-169215,0.0,0.0,0.0,13.3245,15-07-2021
AR-10570,FUR-FU-20004848,US-Sou-Geo-Col-31907,CA-2021-157588,SC-2021-07-157588,0.0,0.0,0.0,15.525,15-07-2021
RB-19360,TEC-PH-10004093,US-Wes-Cal-San-94122,CA-2021-109953,SC-2021-07-109953,0.0,0.0,0.2,12.4173,15-07-2021
RH-19600,TEC-AC-10002345,US-Sou-Ala-Hun-35810,CA-2021-101378,SC-2021-07-101378,0.0,0.0,0.0,7.25,15-07-2021
RB-19360,OFF-AP-10002998,US-Wes-Cal-San-94122,CA-2021-109953,SC-2021-07-109953,0.0,0.0,0.0,50.0346,15-07-2021
ES-14080,TEC-PH-10002262,US-Wes-Ari-Tuc-85705,CA-2021-136924,FC-2021-07-136924,0.0,0.0,0.2,38.0864,15-07-2021
DR-12880,OFF-BI-10004094,US-Eas-New-New-10009,CA-2021-117282,SC-2021-07-117282,0.0,0.0,0.2,5.133,15-07-2021
SW-20755,OFF-BI-10001031,US-Eas-New-New-10009,CA-2021-137050,SC-2021-07-137050,0.0,0.0,0.2,2.8836,15-07-2021
SW-20755,FUR-BO-10004695,US-Eas-New-New-10009,CA-2021-137050,SC-2021-07-137050,0.0,0.0,0.2,21.7176,15-07-2021
AR-10570,OFF-BI-10003963,US-Sou-Geo-Col-31907,CA-2021-157588,SC-2021-07-157588,0.0,0.0,0.0,17.108,15-07-2021
SW-20755,OFF-ST-10004634,US-Eas-New-New-10009,CA-2021-137050,SC-2021-07-137050,0.0,0.0,0.0,3.363,15-07-2021
RB-19360,FUR-FU-10000073,US-Wes-Cal-San-94122,CA-2021-109953,SC-2021-07-109953,0.0,0.0,0.0,10.164,15-07-2021
BM-11785,TEC-PH-10003437,US-Cen-Tex-Hou-77036,CA-2021-101966,SC-2021-07-101966,0.0,0.0,0.2,52.493,15-07-2021
RH-19510,OFF-SU-10000952,US-Wes-Uta-Pro-84604,CA-2021-122322,SC-2021-07-122322,0.0,0.0,0.0,12.432,16-07-2021
MC-17425,FUR-CH-10004886,US-Wes-Ore-Por-97206,US-2021-168095,SC-2021-07-168095,0.0,0.0,0.2,23.028,16-07-2021
MC-17425,OFF-PA-10003641,US-Wes-Ore-Por-97206,US-2021-168095,SC-2021-07-168095,0.0,0.0,0.2,34.294,16-07-2021
JD-15895,OFF-BI-10004728,US-Sou-Sou-Col-29203,CA-2021-157161,SC-2021-07-157161,0.0,0.0,0.0,11.086,17-07-2021
JD-15895,OFF-AR-10003338,US-Sou-Sou-Col-29203,CA-2021-157161,SC-2021-07-157161,0.0,0.0,0.0,5.58,17-07-2021
JD-15895,OFF-EN-10001509,US-Sou-Sou-Col-29203,CA-2021-157161,SC-2021-07-157161,0.0,0.0,0.0,4.794,17-07-2021
MC-17425,FUR-FU-10001940,US-Cen-Tex-Hou-77036,CA-2021-130050,SC-2021-07-130050,0.0,0.0,0.6,-3.8208,17-07-2021
AM-10360,OFF-PA-10001950,US-Cen-Tex-Gra-75051,CA-2021-157000,SC-2021-07-157000,0.0,0.0,0.2,6.255,17-07-2021
JD-15895,OFF-PA-10001461,US-Sou-Sou-Col-29203,CA-2021-157161,SC-2021-07-157161,0.0,0.0,0.0,28.8576,17-07-2021
JD-15895,TEC-AC-10000358,US-Sou-Sou-Col-29203,CA-2021-157161,SC-2021-07-157161,0.0,0.0,0.0,18.2352,17-07-2021
CK-12205,OFF-SU-10001574,US-Eas-Pen-Phi-19120,US-2021-100720,SC-2021-07-100720,0.0,0.0,0.2,0.73,17-07-2021
JD-15895,OFF-BI-10002764,US-Sou-Sou-Col-29203,CA-2021-157161,SC-2021-07-157161,0.0,0.0,0.0,3.1654,17-07-2021
CK-12205,TEC-PH-10003963,US-Eas-Pen-Phi-19120,US-2021-100720,SC-2021-07-100720,0.0,0.0,0.4,-115.3544,17-07-2021
CK-12205,TEC-PH-10001425,US-Eas-Pen-Phi-19120,US-2021-100720,SC-2021-07-100720,0.0,0.0,0.4,-28.7964,17-07-2021
AM-10360,OFF-ST-10001328,US-Cen-Tex-Gra-75051,CA-2021-157000,SC-2021-07-157000,0.0,0.0,0.2,3.7224,17-07-2021
MC-17590,OFF-AP-10004487,US-Eas-New-Per-8861,CA-2021-131835,SC-2021-07-131835,0.0,0.0,0.0,45.5392,18-07-2021
MC-17590,OFF-PA-10004071,US-Eas-New-Per-8861,CA-2021-131835,SC-2021-07-131835,0.0,0.0,0.0,26.6304,18-07-2021
AT-10735,OFF-AP-10002892,US-Eas-New-New-10024,CA-2021-116603,SC-2021-07-116603,0.0,0.0,0.0,13.788,18-07-2021
MC-17590,TEC-PH-10001760,US-Eas-New-Per-8861,CA-2021-131835,SC-2021-07-131835,0.0,0.0,0.0,280.59,18-07-2021
AA-10480,OFF-ST-10000078,US-Cen-Mis-Spr-65807,CA-2021-121671,SC-2021-07-121671,0.0,0.0,0.0,47.7306,18-07-2021
AA-10480,OFF-PA-10001471,US-Cen-Mis-Spr-65807,CA-2021-121671,SC-2021-07-121671,0.0,0.0,0.0,10.0878,18-07-2021
AA-10480,OFF-PA-10001892,US-Cen-Mis-Spr-65807,CA-2021-121671,SC-2021-07-121671,0.0,0.0,0.0,3.7436,18-07-2021
DK-13375,FUR-FU-10004164,US-Wes-Was-Sea-98105,US-2021-139087,SC-2021-07-139087,0.0,0.0,0.0,10.89,18-07-2021
DK-13375,OFF-LA-10001074,US-Wes-Was-Sea-98105,US-2021-139087,SC-2021-07-139087,0.0,0.0,0.0,41.2237,18-07-2021
AA-10480,OFF-PA-10001934,US-Cen-Mis-Spr-65807,CA-2021-121671,SC-2021-07-121671,0.0,0.0,0.0,25.4016,18-07-2021
DK-13375,FUR-FU-10001847,US-Wes-Was-Sea-98105,US-2021-139087,SC-2021-07-139087,0.0,0.0,0.0,4.4712,18-07-2021
AA-10480,OFF-ST-10002344,US-Cen-Mis-Spr-65807,CA-2021-121671,SC-2021-07-121671,0.0,0.0,0.0,4.8588,18-07-2021
DK-13375,TEC-AC-10004595,US-Wes-Was-Sea-98105,US-2021-139087,SC-2021-07-139087,0.0,0.0,0.0,89.964,18-07-2021
DK-13375,TEC-PH-10000148,US-Wes-Was-Sea-98105,US-2021-139087,SC-2021-07-139087,0.0,0.0,0.2,-4.6764,18-07-2021
DK-13375,OFF-ST-10000604,US-Wes-Was-Sea-98105,US-2021-139087,SC-2021-07-139087,0.0,0.0,0.0,17.38,18-07-2021
RA-19885,OFF-ST-10003479,US-Wes-Cal-Los-90049,CA-2021-101343,SC-2021-07-101343,0.0,0.0,0.0,3.894,18-07-2021
DK-13375,OFF-BI-10000042,US-Wes-Was-Sea-98105,US-2021-139087,SC-2021-07-139087,0.0,0.0,0.2,4.1652,18-07-2021
KH-16330,FUR-CH-10000988,US-Sou-Ken-Bow-42104,CA-2021-157763,SC-2021-07-157763,0.0,0.0,0.0,39.4268,19-07-2021
LS-16945,FUR-CH-10002335,US-Wes-Col-Den-80219,CA-2021-114727,SC-2021-07-114727,0.0,0.0,0.2,40.8006,19-07-2021
JP-15460,OFF-SU-10004782,US-Wes-Ari-Gle-85301,CA-2021-161676,SC-2021-07-161676,0.0,0.0,0.2,4.225,19-07-2021
LS-16945,FUR-CH-10002331,US-Wes-Col-Den-80219,CA-2021-114727,SC-2021-07-114727,0.0,0.0,0.2,10.6794,19-07-2021
NK-18490,OFF-AR-10001545,US-Eas-Pen-Phi-19140,CA-2021-102561,SC-2021-07-102561,0.0,0.0,0.2,1.2672,19-07-2021
NK-18490,OFF-ST-10001476,US-Eas-Pen-Phi-19140,CA-2021-102561,SC-2021-07-102561,0.0,0.0,0.2,24.857,19-07-2021
NK-18490,OFF-PA-10004971,US-Eas-Pen-Phi-19140,CA-2021-102561,SC-2021-07-102561,0.0,0.0,0.2,6.7048,19-07-2021
NP-18670,TEC-PH-10001924,US-Wes-Ari-Pho-85023,CA-2021-162110,SC-2021-07-162110,0.0,0.0,0.2,3.4995,19-07-2021
LS-16945,OFF-BI-10004967,US-Wes-Col-Den-80219,CA-2021-114727,SC-2021-07-114727,0.0,0.0,0.7,-1.4352,19-07-2021
LS-16945,OFF-ST-10000689,US-Wes-Col-Den-80219,CA-2021-114727,SC-2021-07-114727,0.0,0.0,0.2,-33.804,19-07-2021
LS-16945,OFF-ST-10002292,US-Wes-Col-Den-80219,CA-2021-114727,SC-2021-07-114727,0.0,0.0,0.2,0.0,19-07-2021
SV-20935,TEC-AC-10000487,US-Cen-Tex-Dal-75217,CA-2021-124681,SC-2021-07-124681,0.0,0.0,0.2,3.3099,19-07-2021
JS-16030,OFF-BI-10000404,US-Sou-Mis-Hat-39401,CA-2021-163776,SC-2021-07-163776,0.0,0.0,0.0,4.042,20-07-2021
JS-16030,OFF-PA-10001033,US-Sou-Mis-Hat-39401,CA-2021-163776,SC-2021-07-163776,0.0,0.0,0.0,120.5106,20-07-2021
JS-16030,OFF-ST-10002485,US-Sou-Mis-Hat-39401,CA-2021-163776,SC-2021-07-163776,0.0,0.0,0.0,0.8792,20-07-2021
TC-21535,TEC-AC-10003095,US-Wes-Cal-San-94110,CA-2021-157217,FC-2021-07-157217,0.0,0.0,0.0,132.5898,20-07-2021
TC-21535,TEC-PH-10002070,US-Wes-Cal-San-94110,CA-2021-157217,FC-2021-07-157217,0.0,0.0,0.2,4.498,20-07-2021
JS-16030,OFF-BI-10003007,US-Sou-Mis-Hat-39401,CA-2021-163776,SC-2021-07-163776,0.0,0.0,0.0,35.6776,20-07-2021
JS-16030,FUR-FU-10001185,US-Sou-Mis-Hat-39401,CA-2021-163776,SC-2021-07-163776,0.0,0.0,0.0,76.0878,20-07-2021
JS-16030,FUR-BO-10003546,US-Sou-Mis-Hat-39401,CA-2021-163776,SC-2021-07-163776,0.0,0.0,0.0,126.225,20-07-2021
PJ-19015,TEC-PH-10003589,US-Eas-New-Lon-11561,CA-2021-137939,SC-2021-07-137939,0.0,0.0,0.0,43.176,21-07-2021
BP-11290,OFF-LA-10000262,US-Sou-Nor-Con-28027,CA-2021-142895,SC-2021-07-142895,0.0,0.0,0.2,2.0358,22-07-2021
JG-15310,OFF-BI-10001116,US-Eas-Ohi-New-43055,CA-2021-141957,SC-2021-07-141957,0.0,0.0,0.7,-8.1312,22-07-2021
JG-15310,OFF-ST-10002276,US-Eas-Ohi-New-43055,CA-2021-141957,SC-2021-07-141957,0.0,0.0,0.2,4.168,22-07-2021
JG-15310,OFF-AR-10000914,US-Eas-Ohi-New-43055,CA-2021-141957,SC-2021-07-141957,0.0,0.0,0.2,1.3992,22-07-2021
JG-15310,OFF-ST-10004340,US-Eas-Ohi-New-43055,CA-2021-141957,SC-2021-07-141957,0.0,0.0,0.2,8.7052,22-07-2021
BP-11290,FUR-CH-10002961,US-Sou-Nor-Con-28027,CA-2021-142895,SC-2021-07-142895,0.0,0.0,0.2,0.0,22-07-2021
DK-12835,OFF-LA-10003766,US-Wes-Cal-Ros-95661,CA-2021-160941,SC-2021-07-160941,0.0,0.0,0.0,1.512,22-07-2021
DK-12835,OFF-EN-10003001,US-Wes-Cal-Ros-95661,CA-2021-160941,SC-2021-07-160941,0.0,0.0,0.0,197.353,22-07-2021
CC-12610,OFF-BI-10000301,US-Eas-Pen-Phi-19134,CA-2021-146521,SC-2021-07-146521,0.0,0.0,0.7,-1.294,22-07-2021
KN-16705,OFF-SU-10004261,US-Wes-Nev-Spa-89431,CA-2021-140613,SC-2021-07-140613,0.0,0.0,0.0,24.998,23-07-2021
DK-13375,OFF-PA-10002262,US-Cen-Mic-Wes-48185,US-2021-111290,SC-2021-07-111290,0.0,0.0,0.0,15.552,23-07-2021
MF-17665,OFF-AP-10002350,US-Eas-Mar-Col-21044,CA-2021-114307,SC-2021-07-114307,0.0,0.0,0.0,10.5504,23-07-2021
MF-17665,FUR-FU-10000794,US-Eas-Mar-Col-21044,CA-2021-114307,SC-2021-07-114307,0.0,0.0,0.0,9.3228,23-07-2021
DL-13495,OFF-LA-10003766,US-Wes-Cal-San-94110,CA-2021-144855,SC-2021-07-144855,0.0,0.0,0.0,3.024,23-07-2021
DK-13375,OFF-AR-10001761,US-Cen-Mic-Wes-48185,US-2021-111290,SC-2021-07-111290,0.0,0.0,0.0,10.512,23-07-2021
MF-17665,OFF-BI-10002012,US-Eas-Mar-Col-21044,CA-2021-114307,SC-2021-07-114307,0.0,0.0,0.0,2.592,23-07-2021
DK-13375,OFF-ST-10001932,US-Cen-Mic-Wes-48185,US-2021-111290,SC-2021-07-111290,0.0,0.0,0.0,135.219,23-07-2021
MF-17665,OFF-PA-10004100,US-Eas-Mar-Col-21044,CA-2021-114307,SC-2021-07-114307,0.0,0.0,0.0,24.8832,23-07-2021
CJ-12010,FUR-FU-10002456,US-Eas-Pen-All-18103,CA-2021-122392,SC-2021-07-122392,0.0,0.0,0.2,3.3488,23-07-2021
DK-13375,TEC-AC-10004975,US-Cen-Mic-Wes-48185,US-2021-111290,SC-2021-07-111290,0.0,0.0,0.0,36.2835,23-07-2021
CJ-12010,OFF-AR-10002221,US-Eas-Pen-All-18103,CA-2021-122392,SC-2021-07-122392,0.0,0.0,0.2,0.364,23-07-2021
CK-12205,OFF-PA-10004355,US-Cen-Tex-Mca-78501,CA-2021-112256,SC-2021-07-112256,0.0,0.0,0.2,1.8144,24-07-2021
CK-12205,OFF-AR-10001216,US-Cen-Tex-Mca-78501,CA-2021-112256,SC-2021-07-112256,0.0,0.0,0.2,0.3336,24-07-2021
CK-12205,OFF-AR-10001953,US-Cen-Tex-Mca-78501,CA-2021-112256,SC-2021-07-112256,0.0,0.0,0.2,15.393,24-07-2021
NF-18475,OFF-BI-10000948,US-Cen-Ill-Roc-61107,CA-2021-162404,SC-2021-07-162404,0.0,0.0,0.8,-18.8364,24-07-2021
CK-12205,OFF-SU-10001165,US-Cen-Tex-Mca-78501,CA-2021-112256,SC-2021-07-112256,0.0,0.0,0.2,1.0008,24-07-2021
JB-15400,TEC-MA-10004002,US-Sou-Flo-Tam-33614,CA-2021-165316,SC-2021-07-165316,0.0,0.0,0.5,-111.4995,24-07-2021
JB-15400,OFF-AP-10003266,US-Sou-Flo-Tam-33614,CA-2021-165316,SC-2021-07-165316,0.0,0.0,0.2,6.5164,24-07-2021
JB-15400,OFF-AR-10002956,US-Sou-Flo-Tam-33614,CA-2021-165316,SC-2021-07-165316,0.0,0.0,0.2,2.6412,24-07-2021
CK-12205,OFF-BI-10004364,US-Cen-Tex-Mca-78501,CA-2021-112256,SC-2021-07-112256,0.0,0.0,0.8,-8.316,24-07-2021
IL-15100,TEC-PH-10004100,US-Cen-Tex-Hou-77041,CA-2021-111318,FC-2021-07-111318,0.0,0.0,0.2,11.5136,24-07-2021
DB-12970,FUR-CH-10001708,US-Eas-New-New-10035,CA-2021-162943,SC-2021-07-162943,0.0,0.0,0.1,31.0156,25-07-2021
JG-15160,OFF-AR-10004456,US-Sou-Lou-Laf-70506,CA-2021-102498,FC-2021-07-102498,0.0,0.0,0.0,21.228,25-07-2021
SC-20095,FUR-CH-10002602,US-Wes-Cal-Cos-92627,CA-2021-126158,SC-2021-08-126158,0.0,0.0,0.2,18.1176,26-07-2021
SC-20095,FUR-FU-10004864,US-Wes-Cal-Cos-92627,CA-2021-126158,SC-2021-08-126158,0.0,0.0,0.0,81.8432,26-07-2021
SC-20095,OFF-BI-10002498,US-Wes-Cal-Cos-92627,CA-2021-126158,SC-2021-08-126158,0.0,0.0,0.2,40.3704,26-07-2021
BE-11335,OFF-EN-10003040,US-Cen-Tex-Hou-77041,CA-2021-128307,SC-2021-07-128307,0.0,0.0,0.2,7.0659,26-07-2021
SC-20095,FUR-FU-10000073,US-Wes-Cal-Cos-92627,CA-2021-126158,SC-2021-08-126158,0.0,0.0,0.0,22.869,26-07-2021
BC-11125,OFF-AR-10001419,US-Wes-Cal-San-94122,CA-2021-149335,SC-2021-07-149335,0.0,0.0,0.0,11.151,26-07-2021
KM-16375,OFF-BI-10003694,US-Sou-Vir-Arl-22204,CA-2021-149454,FC-2021-07-149454,0.0,0.0,0.0,4.8024,26-07-2021
RR-19525,OFF-AP-10000026,US-Eas-Ohi-Tol-43615,CA-2021-115525,SC-2021-07-115525,0.0,0.0,0.2,27.4365,26-07-2021
MT-17815,FUR-TA-10004915,US-Sou-Mis-Jac-39212,CA-2021-104157,SC-2021-07-104157,0.0,0.0,0.0,388.8128,26-07-2021
CB-12415,TEC-CO-10001449,US-Eas-Ohi-Col-43229,CA-2021-147417,FC-2021-07-147417,0.0,0.0,0.4,191.9968,26-07-2021
SH-19975,FUR-FU-10001756,US-Cen-Wis-Mil-53209,US-2021-115441,SC-2021-07-115441,0.0,0.0,0.0,27.608,26-07-2021
SH-19975,OFF-PA-10004996,US-Cen-Wis-Mil-53209,US-2021-115441,SC-2021-07-115441,0.0,0.0,0.0,9.6914,26-07-2021
LB-16735,OFF-FA-10000624,US-Wes-Cal-Los-90032,CA-2021-111115,SC-2021-07-111115,0.0,0.0,0.0,10.74,26-07-2021
KH-16630,OFF-LA-10004345,US-Cen-Tex-Hou-77070,CA-2021-103037,SC-2021-07-103037,0.0,0.0,0.2,5.6956,26-07-2021
MT-17815,OFF-PA-10004665,US-Sou-Mis-Jac-39212,CA-2021-104157,SC-2021-07-104157,0.0,0.0,0.0,32.095,26-07-2021
MT-17815,OFF-ST-10000321,US-Sou-Mis-Jac-39212,CA-2021-104157,SC-2021-07-104157,0.0,0.0,0.0,0.3156,26-07-2021
SH-19975,FUR-CH-10004626,US-Cen-Wis-Mil-53209,US-2021-115441,SC-2021-07-115441,0.0,0.0,0.0,96.8544,26-07-2021
SH-19975,TEC-PH-10002262,US-Cen-Wis-Mil-53209,US-2021-115441,SC-2021-07-115441,0.0,0.0,0.0,83.314,26-07-2021
SH-19975,TEC-AC-10003116,US-Cen-Wis-Mil-53209,US-2021-115441,SC-2021-07-115441,0.0,0.0,0.0,48.4575,26-07-2021
OT-18730,OFF-BI-10000545,US-Eas-Pen-Bet-18018,CA-2021-107783,FC-2021-07-107783,0.0,0.0,0.7,-913.176,29-07-2021
SC-20680,OFF-FA-10000735,US-Cen-Mic-Hol-49423,CA-2021-143924,SC-2021-08-143924,0.0,0.0,0.0,9.198,29-07-2021
SC-20680,OFF-PA-10002120,US-Cen-Mic-Hol-49423,CA-2021-143924,SC-2021-08-143924,0.0,0.0,0.0,53.8608,29-07-2021
KM-16660,OFF-LA-10000305,US-Wes-Cal-Los-90032,CA-2021-140046,SC-2021-08-140046,0.0,0.0,0.0,8.694,29-07-2021
OT-18730,FUR-BO-10004409,US-Eas-Pen-Bet-18018,CA-2021-107783,FC-2021-07-107783,0.0,0.0,0.5,-78.078,29-07-2021
BF-11005,FUR-FU-10003691,US-Cen-Tex-Pas-77506,US-2021-105452,SC-2021-08-105452,0.0,0.0,0.6,-9.88,29-07-2021
BF-11005,FUR-FU-10003806,US-Cen-Tex-Pas-77506,US-2021-105452,SC-2021-08-105452,0.0,0.0,0.6,-378.4,29-07-2021
OT-18730,OFF-AP-10004052,US-Eas-Pen-Bet-18018,CA-2021-107783,FC-2021-07-107783,0.0,0.0,0.2,0.711,29-07-2021
PW-19240,OFF-BI-10000201,US-Sou-Flo-Pen-32503,US-2021-131891,FC-2021-08-131891,0.0,0.0,0.7,-1.476,30-07-2021
RH-19555,OFF-ST-10003816,US-Sou-Nor-Cha-28205,CA-2021-164574,SC-2021-08-164574,0.0,0.0,0.2,26.4285,30-07-2021
RH-19555,OFF-BI-10002429,US-Sou-Nor-Cha-28205,CA-2021-164574,SC-2021-08-164574,0.0,0.0,0.7,-20.0904,30-07-2021
JO-15145,OFF-ST-10001713,US-Eas-Pen-Phi-19140,CA-2021-116344,SC-2021-08-116344,0.0,0.0,0.2,-16.9568,30-07-2021
KH-16360,OFF-LA-10003663,US-Cen-Ill-Chi-60623,CA-2021-137743,SC-2021-08-137743,0.0,0.0,0.2,3.1212,31-07-2021
KH-16360,OFF-ST-10001780,US-Cen-Ill-Chi-60623,CA-2021-137743,SC-2021-08-137743,0.0,0.0,0.2,51.8312,31-07-2021
RW-19630,OFF-AP-10003849,US-Wes-Cal-San-94122,CA-2021-112585,FC-2021-08-112585,0.0,0.0,0.0,178.91,31-07-2021
LS-16975,OFF-BI-10002353,US-Cen-Tex-Hou-77070,CA-2021-112025,SC-2021-08-112025,0.0,0.0,0.8,-13.896,31-07-2021
KL-16645,FUR-FU-10002918,US-Cen-Mic-Det-48205,CA-2021-133550,SC-2021-08-133550,0.0,0.0,0.0,30.0234,01-08-2021
KL-16645,TEC-PH-10004042,US-Cen-Mic-Det-48205,CA-2021-133550,SC-2021-08-133550,0.0,0.0,0.0,165.3496,01-08-2021
KL-16645,TEC-PH-10001079,US-Cen-Mic-Det-48205,CA-2021-133550,SC-2021-08-133550,0.0,0.0,0.0,33.3172,01-08-2021
KL-16645,OFF-AP-10001005,US-Cen-Mic-Det-48205,CA-2021-133550,SC-2021-08-133550,0.0,0.0,0.1,72.358,01-08-2021
AH-10690,FUR-TA-10002774,US-Wes-Cal-San-94122,CA-2021-144148,SC-2021-08-144148,0.0,0.0,0.2,-32.3673,01-08-2021
TS-21205,TEC-PH-10002885,US-Wes-Cal-Riv-92503,CA-2021-155978,SC-2021-08-155978,0.0,0.0,0.2,90.9762,02-08-2021
SG-20890,OFF-PA-10000249,US-Cen-Tex-Ama-79109,CA-2021-144337,SC-2021-08-144337,0.0,0.0,0.2,6.6312,02-08-2021
TS-21205,OFF-AP-10002892,US-Wes-Cal-Riv-92503,CA-2021-155978,SC-2021-08-155978,0.0,0.0,0.0,13.788,02-08-2021
KM-16660,FUR-FU-20004864,US-Eas-Pen-Phi-19140,CA-2021-132990,SC-2021-08-132990,0.0,0.0,0.2,3.1382,02-08-2021
BF-11020,OFF-BI-10000285,US-Wes-Cal-Los-90032,CA-2021-156265,SC-2021-08-156265,0.0,0.0,0.2,4.704,03-08-2021
BF-11020,TEC-PH-10001918,US-Wes-Cal-Los-90032,CA-2021-156265,SC-2021-08-156265,0.0,0.0,0.2,33.3576,03-08-2021
BF-11020,FUR-TA-10001691,US-Wes-Cal-Los-90032,CA-2021-156265,SC-2021-08-156265,0.0,0.0,0.2,15.3522,03-08-2021
AG-10330,OFF-EN-10002504,US-Cen-Okl-Tul-74133,CA-2021-104150,SC-2021-08-104150,0.0,0.0,0.0,38.3238,04-08-2021
AG-10330,TEC-AC-10004803,US-Cen-Okl-Tul-74133,CA-2021-104150,SC-2021-08-104150,0.0,0.0,0.0,23.4192,04-08-2021
LC-16930,OFF-BI-10003291,US-Wes-Cal-Sac-95823,CA-2021-111913,SC-2021-08-111913,0.0,0.0,0.2,7.0713,05-08-2021
ML-17755,OFF-SU-10002573,US-Sou-Vir-Suf-23434,CA-2021-110254,SC-2021-08-110254,0.0,0.0,0.0,10.518,05-08-2021
LC-16930,OFF-BI-10000343,US-Wes-Cal-Sac-95823,CA-2021-111913,SC-2021-08-111913,0.0,0.0,0.2,3.9771,05-08-2021
ML-17755,OFF-LA-10004484,US-Sou-Vir-Suf-23434,CA-2021-110254,SC-2021-08-110254,0.0,0.0,0.0,1.8998,05-08-2021
RA-19285,OFF-BI-10002003,US-Cen-Ill-Peo-61604,US-2021-128195,FC-2021-08-128195,0.0,0.0,0.8,-6.567,05-08-2021
ML-17755,FUR-FU-10001591,US-Sou-Vir-Suf-23434,CA-2021-110254,SC-2021-08-110254,0.0,0.0,0.0,46.116,05-08-2021
ML-17755,OFF-LA-10002034,US-Sou-Vir-Suf-23434,CA-2021-110254,SC-2021-08-110254,0.0,0.0,0.0,4.8118,05-08-2021
LC-16930,TEC-PH-10002275,US-Wes-Cal-Sac-95823,CA-2021-111913,SC-2021-08-111913,0.0,0.0,0.2,30.2384,05-08-2021
MF-17665,OFF-AR-10000538,US-Sou-Ala-Hun-35810,US-2021-102232,SC-2021-08-102232,0.0,0.0,0.0,59.115,06-08-2021
VG-21790,TEC-PH-10001700,US-Wes-Cal-Los-90032,CA-2021-151092,SC-2021-08-151092,0.0,0.0,0.2,18.4772,07-08-2021
LM-17065,OFF-AR-10002399,US-Eas-New-New-10024,CA-2021-105263,SC-2021-08-105263,0.0,0.0,0.0,15.7194,07-08-2021
AH-10690,OFF-PA-10000474,US-Eas-New-New-10024,CA-2021-158869,FC-2021-08-158869,0.0,0.0,0.0,33.3136,07-08-2021
DW-13585,TEC-AC-10003610,US-Wes-Was-Edm-98026,CA-2021-148516,SC-2021-08-148516,0.0,0.0,0.0,86.3856,08-08-2021
CC-12145,OFF-PA-10003270,US-Cen-Okl-Okl-73120,CA-2021-130078,SC-2021-08-130078,0.0,0.0,0.0,4.752,09-08-2021
CA-12055,OFF-BI-10002160,US-Wes-Cal-Los-90036,CA-2021-107328,SC-2021-08-107328,0.0,0.0,0.2,5.334,09-08-2021
JF-15565,OFF-PA-10001994,US-Cen-Tex-Dal-75081,CA-2021-121034,SC-2021-08-121034,0.0,0.0,0.2,17.5344,09-08-2021
CA-12055,FUR-TA-10001932,US-Wes-Cal-Los-90036,CA-2021-107328,SC-2021-08-107328,0.0,0.0,0.2,12.8256,09-08-2021
CM-12655,OFF-FA-10001883,US-Sou-Mis-Jac-39212,CA-2021-169026,SC-2021-08-169026,0.0,0.0,0.0,0.2334,09-08-2021
CA-12055,OFF-AP-10004487,US-Wes-Cal-Los-90036,CA-2021-107328,SC-2021-08-107328,0.0,0.0,0.0,136.6176,09-08-2021
JF-15565,OFF-FA-10000585,US-Cen-Tex-Dal-75081,CA-2021-121034,SC-2021-08-121034,0.0,0.0,0.2,3.6296,09-08-2021
GH-14410,OFF-BI-10004465,US-Sou-Ten-Hen-37075,CA-2021-118934,SC-2021-08-118934,0.0,0.0,0.7,-7.92,10-08-2021
GH-14410,OFF-BI-10003314,US-Sou-Ten-Hen-37075,CA-2021-118934,SC-2021-08-118934,0.0,0.0,0.7,-3.0366,10-08-2021
HA-14920,OFF-PA-10000130,US-Sou-Nor-Fay-28314,US-2021-113649,FC-2021-08-113649,0.0,0.0,0.2,9.63,10-08-2021
HA-14920,OFF-AP-10002518,US-Sou-Nor-Fay-28314,US-2021-113649,FC-2021-08-113649,0.0,0.0,0.2,64.0728,10-08-2021
HA-14920,TEC-PH-10002350,US-Sou-Nor-Fay-28314,US-2021-113649,FC-2021-08-113649,0.0,0.0,0.2,4.4784,10-08-2021
MT-18070,OFF-BI-10003305,US-Cen-Okl-Tul-74133,CA-2021-128671,SC-2021-08-128671,0.0,0.0,0.0,19.2556,12-08-2021
MT-18070,OFF-PA-10001870,US-Cen-Okl-Tul-74133,CA-2021-128671,SC-2021-08-128671,0.0,0.0,0.0,15.552,12-08-2021
MT-18070,OFF-BI-10003007,US-Cen-Okl-Tul-74133,CA-2021-128671,SC-2021-08-128671,0.0,0.0,0.0,35.6776,12-08-2021
CM-12235,TEC-AC-10004145,US-Cen-Tex-Car-75007,CA-2021-155845,SC-2021-08-155845,0.0,0.0,0.2,52.4979,13-08-2021
LC-16870,OFF-PA-10000029,US-Cen-Iow-Des-50315,CA-2021-167584,SC-2021-08-167584,0.0,0.0,0.0,3.1104,13-08-2021
NP-18700,OFF-ST-10000078,US-Eas-New-New-10024,CA-2021-105459,SC-2021-08-105459,0.0,0.0,0.0,286.3836,13-08-2021
DB-13270,OFF-AR-10000914,US-Eas-Pen-Phi-19134,US-2021-144477,SC-2021-08-144477,0.0,0.0,0.2,2.7984,13-08-2021
NP-18700,FUR-TA-10001095,US-Eas-New-New-10024,CA-2021-105459,SC-2021-08-105459,0.0,0.0,0.4,-66.2302,13-08-2021
CS-12490,FUR-TA-10002533,US-Sou-Flo-Lak-33801,CA-2021-118073,SC-2021-08-118073,0.0,0.0,0.45,-255.5875,13-08-2021
BC-11125,FUR-CH-10000225,US-Eas-New-New-10011,CA-2021-143910,SC-2021-08-143910,0.0,0.0,0.1,-8.098,13-08-2021
HG-15025,OFF-AP-10002222,US-Sou-Lou-Ken-70065,US-2021-156692,SC-2021-08-156692,0.0,0.0,0.0,4.6818,14-08-2021
CT-11995,OFF-SU-10003505,US-Cen-Tex-Irv-75061,US-2021-141264,SC-2021-08-141264,0.0,0.0,0.2,-34.758,14-08-2021
CT-11995,OFF-AP-10002534,US-Cen-Tex-Irv-75061,US-2021-141264,SC-2021-08-141264,0.0,0.0,0.8,-153.2024,14-08-2021
HG-15025,TEC-AC-10000158,US-Sou-Lou-Ken-70065,US-2021-156692,SC-2021-08-156692,0.0,0.0,0.0,15.1158,14-08-2021
EM-14065,OFF-BI-10000138,US-Sou-Nor-Jac-28540,CA-2021-155670,SC-2021-08-155670,0.0,0.0,0.7,-8.2368,14-08-2021
TS-21160,OFF-BI-10003529,US-Cen-Wis-Wes-53214,CA-2021-156251,SC-2021-08-156251,0.0,0.0,0.0,4.1748,14-08-2021
RF-19840,OFF-LA-10003923,US-Sou-Vir-Spr-22153,CA-2021-125843,FC-2021-08-125843,0.0,0.0,0.0,51.8,14-08-2021
TS-21160,FUR-BO-10001337,US-Cen-Wis-Wes-53214,CA-2021-156251,SC-2021-08-156251,0.0,0.0,0.0,24.196,14-08-2021
RF-19840,OFF-BI-10002309,US-Sou-Vir-Spr-22153,CA-2021-125843,FC-2021-08-125843,0.0,0.0,0.0,10.7136,14-08-2021
EM-14065,OFF-PA-10004947,US-Sou-Nor-Jac-28540,CA-2021-155670,SC-2021-08-155670,0.0,0.0,0.2,3.21,14-08-2021
TR-21325,OFF-PA-10000552,US-Sou-Ten-Nas-37211,CA-2021-119515,FC-2021-08-119515,0.0,0.0,0.2,5.4432,15-08-2021
JM-15580,TEC-MA-10000423,US-Wes-Cal-Los-90045,CA-2021-136021,SC-2021-08-136021,0.0,0.0,0.2,35.6238,15-08-2021
SP-20650,TEC-PH-20001530,US-Eas-Ohi-Akr-44312,CA-2021-136770,SC-2021-08-136770,0.0,0.0,0.4,-49.4376,15-08-2021
JM-15580,OFF-PA-10000551,US-Wes-Cal-Los-90045,CA-2021-136021,SC-2021-08-136021,0.0,0.0,0.0,7.6146,15-08-2021
SP-20650,TEC-AC-10000420,US-Eas-Ohi-Akr-44312,CA-2021-136770,SC-2021-08-136770,0.0,0.0,0.2,48.993,15-08-2021
SP-20650,TEC-PH-10003580,US-Eas-Ohi-Akr-44312,CA-2021-136770,SC-2021-08-136770,0.0,0.0,0.4,-56.3108,15-08-2021
ME-17725,OFF-BI-10001989,US-Wes-Col-Aur-80013,US-2021-123470,SC-2021-08-123470,0.0,0.0,0.7,-13.8468,16-08-2021
CY-12745,OFF-LA-10000452,US-Wes-Cal-Oak-94601,CA-2021-166163,SC-2021-08-166163,0.0,0.0,0.0,1.512,16-08-2021
CY-12745,TEC-PH-10004896,US-Wes-Cal-Oak-94601,CA-2021-166163,SC-2021-08-166163,0.0,0.0,0.2,7.1976,16-08-2021
ME-17725,OFF-AP-10003287,US-Wes-Col-Aur-80013,US-2021-123470,SC-2021-08-123470,0.0,0.0,0.2,12.2328,16-08-2021
JC-15775,TEC-PH-10000369,US-Sou-Flo-Tal-32303,CA-2021-118626,SC-2021-08-118626,0.0,0.0,0.2,70.5544,16-08-2021
BD-11320,TEC-PH-10004614,US-Wes-Cal-Los-90004,CA-2021-167241,SC-2021-08-167241,0.0,0.0,0.2,10.35,16-08-2021
BD-11320,OFF-ST-10001505,US-Wes-Cal-Los-90004,CA-2021-167241,SC-2021-08-167241,0.0,0.0,0.0,3.0498,16-08-2021
BD-11320,FUR-FU-10004071,US-Wes-Cal-Los-90004,CA-2021-167241,SC-2021-08-167241,0.0,0.0,0.0,43.6842,16-08-2021
CC-12370,FUR-CH-10000988,US-Sou-Nor-Fay-28314,CA-2021-154690,SC-2021-08-154690,0.0,0.0,0.2,22.5296,16-08-2021
BD-11320,OFF-PA-10004911,US-Wes-Cal-Los-90004,CA-2021-167241,SC-2021-08-167241,0.0,0.0,0.0,18.0096,16-08-2021
PK-19075,OFF-EN-10004030,US-Wes-Cal-San-94110,CA-2021-150343,SC-2021-08-150343,0.0,0.0,0.0,5.1042,17-08-2021
JP-15520,OFF-PA-10000019,US-Wes-Cal-Dav-95616,CA-2021-113117,SC-2021-08-113117,0.0,0.0,0.0,15.552,17-08-2021
AO-10810,FUR-TA-10004152,US-Wes-Cal-Los-90045,CA-2021-148096,FC-2021-08-148096,0.0,0.0,0.2,12.096,17-08-2021
NM-18520,OFF-BI-10003712,US-Wes-Was-Sea-98105,US-2021-157308,SC-2021-08-157308,0.0,0.0,0.2,5.6956,18-08-2021
GG-14650,TEC-PH-10000439,US-Eas-New-New-10035,CA-2021-153353,SC-2021-08-153353,0.0,0.0,0.0,11.5971,19-08-2021
MA-17560,FUR-FU-10000320,US-Cen-Tex-Hou-77070,CA-2021-128916,SC-2021-08-128916,0.0,0.0,0.6,-2.1376,19-08-2021
NF-18385,OFF-PA-10004665,US-Cen-Tex-Edi-78539,CA-2021-113551,FC-2021-08-113551,0.0,0.0,0.2,30.392,19-08-2021
NF-18385,OFF-BI-10001617,US-Cen-Tex-Edi-78539,CA-2021-113551,FC-2021-08-113551,0.0,0.0,0.8,-3.4122,19-08-2021
MA-17560,FUR-FU-10001940,US-Cen-Tex-Hou-77070,CA-2021-128916,SC-2021-08-128916,0.0,0.0,0.6,-3.8208,19-08-2021
HW-14935,OFF-AP-10000576,US-Eas-New-New-10024,CA-2021-136133,SC-2021-08-136133,0.0,0.0,0.0,99.4896,19-08-2021
RP-19390,OFF-BI-10000666,US-Eas-New-New-10009,CA-2021-101980,FC-2021-08-101980,0.0,0.0,0.2,55.008,20-08-2021
RP-19390,OFF-BI-10003429,US-Eas-New-New-10009,CA-2021-101980,FC-2021-08-101980,0.0,0.0,0.2,9.1785,20-08-2021
RP-19390,OFF-BI-10004318,US-Eas-New-New-10009,CA-2021-101980,FC-2021-08-101980,0.0,0.0,0.2,89.9548,20-08-2021
DW-13480,TEC-PH-10004924,US-Cen-Mic-Det-48205,CA-2021-151141,FC-2021-08-151141,0.0,0.0,0.0,3.9906,21-08-2021
RP-19270,OFF-BI-10003727,US-Wes-Was-Sea-98115,CA-2021-167983,SC-2021-08-167983,0.0,0.0,0.2,11.704,22-08-2021
JK-15370,FUR-CH-10002961,US-Eas-New-New-10035,CA-2021-122581,SC-2021-08-122581,0.0,0.0,0.1,63.686,22-08-2021
SC-20230,OFF-PA-10002606,US-Wes-Cal-Los-90004,US-2021-126452,SC-2021-08-126452,0.0,0.0,0.0,21.384,22-08-2021
SC-20230,OFF-PA-10003848,US-Wes-Cal-Los-90004,US-2021-126452,SC-2021-08-126452,0.0,0.0,0.0,6.2208,22-08-2021
SU-20665,OFF-SU-10002573,US-Sou-Nor-Gre-27834,CA-2021-123414,SC-2021-08-123414,0.0,0.0,0.2,3.506,22-08-2021
SC-20230,OFF-BI-10004465,US-Wes-Cal-Los-90004,US-2021-126452,SC-2021-08-126452,0.0,0.0,0.2,4.752,22-08-2021
SC-20230,TEC-PH-10003555,US-Wes-Cal-Los-90004,US-2021-126452,SC-2021-08-126452,0.0,0.0,0.2,-20.691,22-08-2021
SC-20230,TEC-AC-10000844,US-Wes-Cal-Los-90004,US-2021-126452,SC-2021-08-126452,0.0,0.0,0.0,91.7892,22-08-2021
SC-20230,FUR-TA-10003569,US-Wes-Cal-Los-90004,US-2021-126452,SC-2021-08-126452,0.0,0.0,0.2,180.441,22-08-2021
SC-20230,TEC-PH-10003187,US-Wes-Cal-Los-90004,US-2021-126452,SC-2021-08-126452,0.0,0.0,0.2,-7.996,22-08-2021
RB-19465,FUR-TA-10002530,US-Eas-Pen-Phi-19143,US-2021-146066,SC-2021-08-146066,0.0,0.0,0.4,-339.705,22-08-2021
SU-20665,OFF-LA-10004559,US-Sou-Nor-Gre-27834,CA-2021-123414,SC-2021-08-123414,0.0,0.0,0.2,3.3408,22-08-2021
CR-12730,OFF-BI-10002827,US-Eas-Ohi-Col-43229,CA-2021-137239,SC-2021-08-137239,0.0,0.0,0.7,-2.6544,23-08-2021
CR-12730,OFF-AP-10002439,US-Eas-Ohi-Col-43229,CA-2021-137239,SC-2021-08-137239,0.0,0.0,0.2,8.5164,23-08-2021
CR-12730,OFF-EN-10002230,US-Eas-Ohi-Col-43229,CA-2021-137239,SC-2021-08-137239,0.0,0.0,0.2,45.3222,23-08-2021
DG-13300,OFF-PA-10001870,US-Wes-Was-Sea-98105,US-2021-106313,SC-2021-08-106313,0.0,0.0,0.0,9.3312,23-08-2021
DD-13570,OFF-BI-10003676,US-Cen-Tex-Hou-77041,US-2021-148334,SC-2021-08-148334,0.0,0.0,0.8,-6.8992,23-08-2021
TC-21475,FUR-FU-10001979,US-Wes-Col-For-80525,US-2021-141880,FC-2021-08-141880,0.0,0.0,0.2,9.8328,23-08-2021
PW-19030,OFF-AR-10002255,US-Wes-Cal-Los-90049,CA-2021-140256,SC-2021-08-140256,0.0,0.0,0.0,1.6704,23-08-2021
SG-20470,OFF-BI-10000088,US-Wes-Ore-Gre-97030,CA-2021-130484,SC-2021-08-130484,0.0,0.0,0.7,-18.4464,23-08-2021
MS-17770,OFF-SU-10002189,US-Wes-Was-Sea-98105,CA-2021-150350,SC-2021-08-150350,0.0,0.0,0.0,0.1588,24-08-2021
MS-17770,FUR-CH-10001973,US-Wes-Was-Sea-98105,CA-2021-150350,SC-2021-08-150350,0.0,0.0,0.2,-39.9528,24-08-2021
MS-17770,OFF-PA-10002160,US-Wes-Was-Sea-98105,CA-2021-150350,SC-2021-08-150350,0.0,0.0,0.0,16.9932,24-08-2021
MS-17770,OFF-EN-10002504,US-Wes-Was-Sea-98105,CA-2021-150350,SC-2021-08-150350,0.0,0.0,0.0,63.873,24-08-2021
MA-17560,OFF-LA-10003537,US-Cen-Wis-She-53081,US-2021-117793,SC-2021-08-117793,0.0,0.0,0.0,17.6673,24-08-2021
MS-17770,OFF-AP-10001492,US-Wes-Was-Sea-98105,CA-2021-150350,SC-2021-08-150350,0.0,0.0,0.0,11.206,24-08-2021
MA-17560,TEC-AC-10003433,US-Cen-Wis-She-53081,US-2021-117793,SC-2021-08-117793,0.0,0.0,0.0,0.891,24-08-2021
MA-17560,OFF-LA-10002945,US-Cen-Wis-She-53081,US-2021-117793,SC-2021-08-117793,0.0,0.0,0.0,11.592,24-08-2021
MA-17560,OFF-ST-10002406,US-Cen-Wis-She-53081,US-2021-117793,SC-2021-08-117793,0.0,0.0,0.0,4.1916,24-08-2021
MS-17770,TEC-MA-10001972,US-Wes-Was-Sea-98105,CA-2021-150350,SC-2021-08-150350,0.0,0.0,0.2,62.82,24-08-2021
MH-18115,TEC-AC-10002842,US-Cen-Tex-Pha-78577,US-2021-160528,SC-2021-08-160528,0.0,0.0,0.2,-33.32,24-08-2021
MH-18115,FUR-FU-10004973,US-Cen-Tex-Pha-78577,US-2021-160528,SC-2021-08-160528,0.0,0.0,0.6,-10.1736,24-08-2021
MH-18115,OFF-ST-10002743,US-Cen-Tex-Pha-78577,US-2021-160528,SC-2021-08-160528,0.0,0.0,0.2,-172.7328,24-08-2021
JP-15460,OFF-AR-10002399,US-Eas-New-New-10035,CA-2021-158001,SC-2021-08-158001,0.0,0.0,0.0,8.733,24-08-2021
JP-15460,OFF-AP-10002118,US-Eas-New-New-10035,CA-2021-158001,SC-2021-08-158001,0.0,0.0,0.0,281.016,24-08-2021
JP-15460,OFF-AR-10001954,US-Eas-New-New-10035,CA-2021-158001,SC-2021-08-158001,0.0,0.0,0.0,7.9218,24-08-2021
AA-10480,FUR-TA-10004147,US-Cen-Mic-Det-48234,CA-2021-114601,SC-2021-09-114601,0.0,0.0,0.0,98.5248,27-08-2021
AA-10480,TEC-PH-10002170,US-Cen-Mic-Det-48234,CA-2021-114601,SC-2021-09-114601,0.0,0.0,0.0,58.7916,27-08-2021
AA-10480,TEC-AC-10003911,US-Cen-Mic-Det-48234,CA-2021-114601,SC-2021-09-114601,0.0,0.0,0.0,163.1898,27-08-2021
AA-10480,OFF-AR-10002578,US-Cen-Mic-Det-48234,CA-2021-114601,SC-2021-09-114601,0.0,0.0,0.0,2.5056,27-08-2021
AA-10480,OFF-PA-10000605,US-Cen-Mic-Det-48234,CA-2021-114601,SC-2021-09-114601,0.0,0.0,0.0,5.6644,27-08-2021
SV-20815,OFF-PA-10002319,US-Sou-Flo-Mia-33142,CA-2021-160598,FC-2021-08-160598,0.0,0.0,0.2,11.2404,27-08-2021
RF-19735,OFF-FA-10002983,US-Wes-Cal-San-95123,CA-2021-105585,FC-2021-08-105585,0.0,0.0,0.0,4.9104,27-08-2021
RF-19735,OFF-PA-10003625,US-Wes-Cal-San-95123,CA-2021-105585,FC-2021-08-105585,0.0,0.0,0.0,69.705,27-08-2021
LC-16930,TEC-AC-10004571,US-Cen-Tex-Pas-77506,CA-2021-152289,FC-2021-08-152289,0.0,0.0,0.2,43.9956,27-08-2021
TS-21430,OFF-AR-10000390,US-Wes-Cal-Los-90045,US-2021-100405,SC-2021-08-100405,0.0,0.0,0.0,3.7996,27-08-2021
DJ-13510,FUR-CH-10001215,US-Wes-Cal-San-92037,CA-2021-128594,FC-2021-08-128594,0.0,0.0,0.2,100.196,27-08-2021
CC-12145,OFF-PA-10000019,US-Wes-Was-Sea-98103,CA-2021-148201,SC-2021-08-148201,0.0,0.0,0.0,3.1104,27-08-2021
DR-12880,TEC-PH-10003442,US-Eas-New-New-10035,US-2021-127425,SC-2021-09-127425,0.0,0.0,0.0,8.25,27-08-2021
DR-12880,TEC-AC-10002800,US-Eas-New-New-10035,US-2021-127425,SC-2021-09-127425,0.0,0.0,0.0,87.4825,27-08-2021
VG-21805,TEC-AC-10001109,US-Eas-Pen-Phi-19140,CA-2021-132094,SC-2021-09-132094,0.0,0.0,0.2,13.1956,27-08-2021
LC-16930,FUR-CH-10002126,US-Cen-Tex-Pas-77506,CA-2021-152289,FC-2021-08-152289,0.0,0.0,0.3,-29.2776,27-08-2021
XP-21865,FUR-FU-10000308,US-Sou-Geo-Ath-30605,CA-2021-163174,SC-2021-08-163174,0.0,0.0,0.0,41.0388,27-08-2021
SS-20515,TEC-AC-10002006,US-Cen-Wis-Fra-53132,US-2021-163538,SC-2021-08-163538,0.0,0.0,0.0,14.8707,27-08-2021
KD-16615,OFF-BI-10001510,US-Eas-New-New-10024,US-2021-102141,SC-2021-09-102141,0.0,0.0,0.2,45.84,27-08-2021
VG-21805,OFF-AR-10004165,US-Eas-Pen-Phi-19140,CA-2021-132094,SC-2021-09-132094,0.0,0.0,0.2,1.6416,27-08-2021
TB-21055,OFF-PA-10002666,US-Eas-Mas-Qui-2169,CA-2021-145982,SC-2021-09-145982,0.0,0.0,0.0,36.693,28-08-2021
TB-21055,OFF-FA-10000735,US-Eas-Mas-Qui-2169,CA-2021-145982,SC-2021-09-145982,0.0,0.0,0.0,5.256,28-08-2021
TB-21055,FUR-TA-10001307,US-Eas-Mas-Qui-2169,CA-2021-145982,SC-2021-09-145982,0.0,0.0,0.3,20.967,28-08-2021
TB-21055,OFF-BI-10000174,US-Eas-Mas-Qui-2169,CA-2021-145982,SC-2021-09-145982,0.0,0.0,0.0,13.92,28-08-2021
TB-21055,TEC-PH-10000011,US-Eas-Mas-Qui-2169,CA-2021-145982,SC-2021-09-145982,0.0,0.0,0.0,28.7856,28-08-2021
TB-21055,OFF-PA-10000675,US-Eas-Mas-Qui-2169,CA-2021-145982,SC-2021-09-145982,0.0,0.0,0.0,60.2553,28-08-2021
SS-20875,OFF-PA-10002615,US-Cen-Tex-Dal-75220,US-2021-146710,SC-2021-09-146710,0.0,0.0,0.2,1.1466,28-08-2021
EM-13825,OFF-LA-10002473,US-Sou-Flo-Hol-33021,CA-2021-116764,SC-2021-09-116764,0.0,0.0,0.2,3.3408,28-08-2021
SS-20875,OFF-PA-10004971,US-Cen-Tex-Dal-75220,US-2021-146710,SC-2021-09-146710,0.0,0.0,0.2,1.6762,28-08-2021
TB-21355,OFF-PA-10004353,US-Cen-Tex-Hou-77041,CA-2021-117919,SC-2021-08-117919,0.0,0.0,0.2,27.972,28-08-2021
TB-21355,OFF-ST-10003572,US-Cen-Tex-Hou-77041,CA-2021-117919,SC-2021-08-117919,0.0,0.0,0.2,1.062,28-08-2021
SS-20875,OFF-SU-10004498,US-Cen-Tex-Dal-75220,US-2021-146710,SC-2021-09-146710,0.0,0.0,0.2,-10.948,28-08-2021
SS-20875,OFF-SU-10004261,US-Cen-Tex-Dal-75220,US-2021-146710,SC-2021-09-146710,0.0,0.0,0.2,6.2064,28-08-2021
TP-21415,FUR-BO-10003159,US-Cen-Tex-Dal-75081,CA-2021-145303,FC-2021-09-145303,0.0,0.0,0.32,-52.8908,29-08-2021
EB-13750,OFF-BI-10004099,US-Eas-Ohi-Cin-45231,CA-2021-137652,FC-2021-08-137652,0.0,0.0,0.7,-12.288,29-08-2021
CS-12130,OFF-PA-10002246,US-Wes-Col-Eng-80112,US-2021-144211,SC-2021-09-144211,0.0,0.0,0.2,5.6115,29-08-2021
CS-12130,TEC-PH-10002890,US-Wes-Col-Eng-80112,US-2021-144211,SC-2021-09-144211,0.0,0.0,0.2,8.1432,29-08-2021
TP-21415,OFF-BI-10000050,US-Cen-Tex-Dal-75081,CA-2021-145303,FC-2021-09-145303,0.0,0.0,0.8,-21.681,29-08-2021
TP-21415,OFF-BI-10002414,US-Cen-Tex-Dal-75081,CA-2021-145303,FC-2021-09-145303,0.0,0.0,0.8,-16.5396,29-08-2021
GB-14530,OFF-FA-10000053,US-Eas-Pen-Phi-19120,CA-2021-159912,SC-2021-09-159912,0.0,0.0,0.2,-2.3814,30-08-2021
GB-14530,OFF-BI-10002071,US-Eas-Pen-Phi-19120,CA-2021-159912,SC-2021-09-159912,0.0,0.0,0.7,-2.7888,30-08-2021
RB-19465,OFF-PA-10003256,US-Cen-Ill-Chi-60610,CA-2021-158568,SC-2021-09-158568,0.0,0.0,0.2,22.6184,30-08-2021
MO-17800,TEC-PH-10003442,US-Eas-New-New-10024,CA-2021-128727,SC-2021-09-128727,0.0,0.0,0.0,5.5,30-08-2021
RB-19465,TEC-AC-10001767,US-Cen-Ill-Chi-60610,CA-2021-158568,SC-2021-09-158568,0.0,0.0,0.2,-10.7973,30-08-2021
RB-19465,OFF-BI-10002609,US-Cen-Ill-Chi-60610,CA-2021-158568,SC-2021-09-158568,0.0,0.0,0.8,-3.0396,30-08-2021
GB-14530,FUR-BO-10002853,US-Eas-Pen-Phi-19120,CA-2021-159912,SC-2021-09-159912,0.0,0.0,0.5,-81.94,30-08-2021
GB-14530,FUR-TA-10004152,US-Eas-Pen-Phi-19120,CA-2021-159912,SC-2021-09-159912,0.0,0.0,0.4,-56.448,30-08-2021
AB-10060,OFF-SU-10000381,US-Eas-New-Con-3301,CA-2021-161207,SC-2021-09-161207,0.0,0.0,0.0,8.0997,30-08-2021
BG-11740,TEC-PH-10004908,US-Wes-Cal-Los-90008,CA-2021-165995,SC-2021-09-165995,0.0,0.0,0.2,42.495,31-08-2021
PO-18850,TEC-PH-10003645,US-Eas-Pen-Phi-19143,US-2021-141544,FC-2021-09-141544,0.0,0.0,0.4,-67.8762,31-08-2021
BG-11740,FUR-FU-10000672,US-Wes-Cal-Los-90008,CA-2021-165995,SC-2021-09-165995,0.0,0.0,0.0,15.9936,31-08-2021
PO-18850,OFF-BI-10001524,US-Eas-Pen-Phi-19143,US-2021-141544,FC-2021-09-141544,0.0,0.0,0.7,-27.6936,31-08-2021
PO-18850,FUR-CH-10003312,US-Eas-Pen-Phi-19143,US-2021-141544,FC-2021-09-141544,0.0,0.0,0.3,-258.5016,31-08-2021
PO-18850,OFF-LA-10001074,US-Eas-Pen-Phi-19143,US-2021-141544,FC-2021-09-141544,0.0,0.0,0.2,33.831,31-08-2021
PO-18850,OFF-ST-10000675,US-Eas-Pen-Phi-19143,US-2021-141544,FC-2021-09-141544,0.0,0.0,0.2,3.389,31-08-2021
TP-21130,OFF-ST-10001580,US-Cen-Tex-Wac-76706,CA-2021-117408,SC-2021-09-117408,0.0,0.0,0.2,2.3968,01-09-2021
PG-18820,TEC-AC-10001432,US-Eas-New-New-10011,CA-2021-151561,SC-2021-09-151561,0.0,0.0,0.0,206.316,02-09-2021
PG-18820,OFF-SU-10001574,US-Eas-New-New-10011,CA-2021-151561,SC-2021-09-151561,0.0,0.0,0.0,3.285,02-09-2021
JA-15970,OFF-BI-10001116,US-Cen-Mic-Det-48227,CA-2021-116526,SC-2021-09-116526,0.0,0.0,0.0,12.672,02-09-2021
JA-15970,TEC-PH-10002365,US-Cen-Mic-Det-48227,CA-2021-116526,SC-2021-09-116526,0.0,0.0,0.0,2.2828,02-09-2021
LB-16795,OFF-EN-10002500,US-Wes-Cal-Hun-92646,CA-2021-124583,SC-2021-09-124583,0.0,0.0,0.0,5.751,02-09-2021
AB-10060,TEC-AC-10000290,US-Eas-New-New-10009,CA-2021-129714,FC-2021-09-129714,0.0,0.0,0.0,2.3086,02-09-2021
JA-15970,OFF-BI-10004728,US-Cen-Mic-Det-48227,CA-2021-116526,SC-2021-09-116526,0.0,0.0,0.0,11.086,02-09-2021
AB-10060,OFF-PA-10001970,US-Eas-New-New-10009,CA-2021-129714,FC-2021-09-129714,0.0,0.0,0.0,11.5432,02-09-2021
AB-10060,OFF-BI-10002160,US-Eas-New-New-10009,CA-2021-129714,FC-2021-09-129714,0.0,0.0,0.2,1.0668,02-09-2021
AB-10060,OFF-PA-10001970,US-Eas-New-New-10009,CA-2021-129714,FC-2021-09-129714,0.0,0.0,0.0,23.0864,02-09-2021
AB-10060,OFF-BI-10004995,US-Eas-New-New-10009,CA-2021-129714,FC-2021-09-129714,0.0,0.0,0.2,1415.4296,02-09-2021
PG-18820,TEC-AC-10003399,US-Eas-New-New-10011,CA-2021-151561,SC-2021-09-151561,0.0,0.0,0.0,30.4416,02-09-2021
PG-18820,FUR-FU-10004864,US-Eas-New-New-10011,CA-2021-151561,SC-2021-09-151561,0.0,0.0,0.0,61.3824,02-09-2021
DK-13225,TEC-PH-10002293,US-Eas-Pen-Phi-19140,CA-2021-155481,SC-2021-09-155481,0.0,0.0,0.4,-4.7976,02-09-2021
JA-15970,OFF-BI-10000320,US-Cen-Mic-Det-48227,CA-2021-116526,SC-2021-09-116526,0.0,0.0,0.0,14.4648,02-09-2021
JA-15970,OFF-AP-10002457,US-Cen-Mic-Det-48227,CA-2021-116526,SC-2021-09-116526,0.0,0.0,0.1,71.162,02-09-2021
JA-15970,OFF-AR-10004999,US-Cen-Mic-Det-48227,CA-2021-116526,SC-2021-09-116526,0.0,0.0,0.0,2.99,02-09-2021
DK-13225,OFF-PA-10004675,US-Eas-Pen-Phi-19140,CA-2021-155481,SC-2021-09-155481,0.0,0.0,0.2,9.906,02-09-2021
CV-12805,OFF-EN-10001335,US-Wes-Cal-San-94110,CA-2021-120859,FC-2021-09-120859,0.0,0.0,0.0,10.94,02-09-2021
DK-13225,OFF-FA-10002780,US-Eas-Pen-Phi-19140,CA-2021-155481,SC-2021-09-155481,0.0,0.0,0.2,5.4236,02-09-2021
KD-16270,OFF-AR-10002240,US-Eas-New-New-10024,CA-2021-130407,SC-2021-09-130407,0.0,0.0,0.0,19.6248,03-09-2021
RD-19810,TEC-AC-10001714,US-Cen-Tex-Hou-77070,CA-2021-112739,SC-2021-09-112739,0.0,0.0,0.2,33.9065,03-09-2021
JE-15715,OFF-AP-10000159,US-Sou-Nor-Cha-28205,CA-2021-106950,SC-2021-09-106950,0.0,0.0,0.2,34.8138,03-09-2021
JE-15715,OFF-BI-10000014,US-Sou-Nor-Cha-28205,CA-2021-106950,SC-2021-09-106950,0.0,0.0,0.7,-17.5651,03-09-2021
RL-19615,TEC-MA-10003230,US-Cen-Ill-Chi-60623,CA-2021-144764,SC-2021-09-144764,0.0,0.0,0.3,-19.47,03-09-2021
SS-20590,OFF-FA-10002676,US-Cen-Wis-Mad-53711,CA-2021-116540,SC-2021-09-116540,0.0,0.0,0.0,0.6516,03-09-2021
SS-20590,OFF-BI-10004970,US-Cen-Wis-Mad-53711,CA-2021-116540,SC-2021-09-116540,0.0,0.0,0.0,3.8822,03-09-2021
LR-16915,FUR-TA-10001539,US-Wes-Cal-Los-90036,CA-2021-126732,SC-2021-09-126732,0.0,0.0,0.2,28.4364,03-09-2021
TA-21385,FUR-FU-10000277,US-Cen-Ill-Chi-60653,CA-2021-129847,FC-2021-09-129847,0.0,0.0,0.6,-75.8448,03-09-2021
TG-21310,TEC-CO-10002095,US-Wes-Was-Des-98198,CA-2021-166429,SC-2021-09-166429,0.0,0.0,0.0,449.991,03-09-2021
RL-19615,OFF-ST-10002485,US-Cen-Ill-Chi-60623,CA-2021-144764,SC-2021-09-144764,0.0,0.0,0.2,-8.3524,03-09-2021
LR-16915,OFF-AR-10004752,US-Wes-Cal-Los-90036,CA-2021-126732,SC-2021-09-126732,0.0,0.0,0.0,5.2332,03-09-2021
LR-16915,TEC-PH-10001530,US-Wes-Cal-Los-90036,CA-2021-126732,SC-2021-09-126732,0.0,0.0,0.2,68.198,03-09-2021
KD-16270,FUR-FU-10001967,US-Eas-New-New-10024,CA-2021-130407,SC-2021-09-130407,0.0,0.0,0.0,9.995,03-09-2021
JE-15715,OFF-AR-10003560,US-Sou-Nor-Cha-28205,CA-2021-106950,SC-2021-09-106950,0.0,0.0,0.2,3.4048,03-09-2021
JE-15715,TEC-AC-10002049,US-Sou-Nor-Cha-28205,CA-2021-106950,SC-2021-09-106950,0.0,0.0,0.2,303.804,03-09-2021
JE-15715,FUR-TA-10001768,US-Sou-Nor-Cha-28205,CA-2021-106950,SC-2021-09-106950,0.0,0.0,0.4,-149.6307,03-09-2021
BM-11140,FUR-CH-10003061,US-Wes-Was-Des-98198,CA-2021-106278,SC-2021-09-106278,0.0,0.0,0.2,-2.6997,03-09-2021
LR-16915,OFF-BI-10001553,US-Wes-Cal-Los-90036,CA-2021-126732,SC-2021-09-126732,0.0,0.0,0.2,2.5592,03-09-2021
JE-15715,OFF-BI-10003166,US-Sou-Nor-Cha-28205,CA-2021-106950,SC-2021-09-106950,0.0,0.0,0.7,-12.628,03-09-2021
BM-11140,OFF-EN-10003567,US-Wes-Was-Des-98198,CA-2021-106278,SC-2021-09-106278,0.0,0.0,0.0,30.9918,03-09-2021
RD-19810,OFF-BI-10001132,US-Cen-Tex-Hou-77070,CA-2021-112739,SC-2021-09-112739,0.0,0.0,0.8,-13.3424,03-09-2021
LR-16915,FUR-FU-10001889,US-Wes-Cal-Los-90036,CA-2021-126732,SC-2021-09-126732,0.0,0.0,0.0,31.2444,03-09-2021
RL-19615,OFF-LA-10000240,US-Cen-Ill-Chi-60623,CA-2021-144764,SC-2021-09-144764,0.0,0.0,0.2,9.8685,03-09-2021
LR-16915,OFF-ST-10000321,US-Wes-Cal-Los-90036,CA-2021-126732,SC-2021-09-126732,0.0,0.0,0.0,0.9468,03-09-2021
SZ-20035,OFF-ST-10003455,US-Wes-Cal-San-94122,CA-2021-113096,FC-2021-09-113096,0.0,0.0,0.0,12.0978,03-09-2021
PK-18910,OFF-BI-10000545,US-Eas-Pen-Phi-19143,CA-2021-158099,FC-2021-09-158099,0.0,0.0,0.7,-760.98,04-09-2021
PK-18910,TEC-PH-10002496,US-Eas-Pen-Phi-19143,CA-2021-158099,FC-2021-09-158099,0.0,0.0,0.4,-46.797,04-09-2021
HF-14995,FUR-BO-10003159,US-Eas-Mar-Bal-21215,US-2021-147711,SC-2021-09-147711,0.0,0.0,0.0,31.0446,04-09-2021
HF-14995,FUR-FU-10002364,US-Eas-Mar-Bal-21215,US-2021-147711,SC-2021-09-147711,0.0,0.0,0.0,4.2804,04-09-2021
CY-12745,OFF-BI-10000014,US-Sou-Lou-Mon-71203,US-2021-101616,FC-2021-09-101616,0.0,0.0,0.0,41.0216,04-09-2021
JJ-15445,OFF-ST-10000918,US-Cen-Wis-Wau-53186,CA-2021-163986,SC-2021-09-163986,0.0,0.0,0.0,14.17,04-09-2021
JK-16120,FUR-FU-10003394,US-Cen-Ill-Aur-60505,US-2021-100566,SC-2021-09-100566,0.0,0.0,0.6,-90.2484,04-09-2021
HF-14995,OFF-BI-10003350,US-Eas-Mar-Bal-21215,US-2021-147711,SC-2021-09-147711,0.0,0.0,0.0,5.8696,04-09-2021
HF-14995,OFF-LA-10004093,US-Eas-Mar-Bal-21215,US-2021-147711,SC-2021-09-147711,0.0,0.0,0.0,27.4856,04-09-2021
MH-17620,OFF-PA-10002246,US-Eas-Ohi-Cin-45231,CA-2021-153185,SC-2021-09-153185,0.0,0.0,0.2,11.223,04-09-2021
CS-11950,OFF-BI-10004236,US-Cen-Ill-Chi-60610,CA-2021-159737,SC-2021-09-159737,0.0,0.0,0.8,-14.9736,04-09-2021
RB-19570,FUR-BO-10003894,US-Cen-Ill-Chi-60610,US-2021-104815,SC-2021-09-104815,0.0,0.0,0.3,0.0,04-09-2021
FM-14215,OFF-PA-10002713,US-Eas-Con-Mid-6457,CA-2021-132143,FC-2021-09-132143,0.0,0.0,0.0,22.1536,04-09-2021
DL-13315,OFF-PA-20002195,US-Sou-Ten-Kno-37918,CA-2021-149783,SC-2021-09-149783,0.0,0.0,0.2,4.1148,05-09-2021
IM-15055,TEC-CO-10003763,US-Wes-Cal-San-94122,CA-2021-129630,SC-2021-09-129630,0.0,0.0,0.2,944.9865,05-09-2021
DL-13315,OFF-AP-10001205,US-Sou-Ten-Kno-37918,CA-2021-149783,SC-2021-09-149783,0.0,0.0,0.2,8.7168,05-09-2021
IM-15055,FUR-FU-10000260,US-Wes-Cal-San-94122,CA-2021-129630,SC-2021-09-129630,0.0,0.0,0.0,8.7372,05-09-2021
DL-13315,OFF-AR-10002987,US-Sou-Ten-Kno-37918,CA-2021-149783,SC-2021-09-149783,0.0,0.0,0.2,8.3328,05-09-2021
AA-10645,FUR-FU-10003347,US-Sou-Ken-Geo-40324,CA-2021-131205,SC-2021-09-131205,0.0,0.0,0.0,16.614,05-09-2021
CV-12295,OFF-SU-10002503,US-Eas-New-New-10011,CA-2021-123120,SC-2021-09-123120,0.0,0.0,0.0,6.5888,05-09-2021
AA-10645,OFF-BI-10000315,US-Sou-Ken-Geo-40324,CA-2021-131205,SC-2021-09-131205,0.0,0.0,0.0,54.6912,05-09-2021
CV-12295,OFF-BI-10001460,US-Eas-New-New-10011,CA-2021-123120,SC-2021-09-123120,0.0,0.0,0.2,20.4525,05-09-2021
CV-12295,FUR-FU-10004748,US-Eas-New-New-10011,CA-2021-123120,SC-2021-09-123120,0.0,0.0,0.0,24.9366,05-09-2021
AA-10645,OFF-AR-10003469,US-Sou-Ken-Geo-40324,CA-2021-131205,SC-2021-09-131205,0.0,0.0,0.0,2.5344,05-09-2021
AA-10645,OFF-ST-10002583,US-Sou-Ken-Geo-40324,CA-2021-131205,SC-2021-09-131205,0.0,0.0,0.0,5.1968,05-09-2021
MB-18085,TEC-AC-10000109,US-Cen-Mis-Spr-65807,CA-2021-142524,SC-2021-09-142524,0.0,0.0,0.0,67.188,05-09-2021
MB-18085,OFF-EN-10003286,US-Cen-Mis-Spr-65807,CA-2021-142524,SC-2021-09-142524,0.0,0.0,0.0,7.7832,05-09-2021
RP-19855,OFF-ST-10001490,US-Cen-Min-Woo-55125,CA-2021-168774,SC-2021-09-168774,0.0,0.0,0.0,160.623,05-09-2021
IL-15100,OFF-AR-10001044,US-Cen-Tex-Hou-77041,CA-2021-169971,SC-2021-09-169971,0.0,0.0,0.2,7.0173,05-09-2021
IL-15100,OFF-AR-10002804,US-Cen-Tex-Hou-77041,CA-2021-169971,SC-2021-09-169971,0.0,0.0,0.2,1.0269,05-09-2021
JP-15520,OFF-PA-10001357,US-Sou-Ark-Jon-72401,CA-2021-117604,SC-2021-09-117604,0.0,0.0,0.0,114.96,05-09-2021
BE-11455,OFF-AR-10004022,US-Cen-Kan-Ola-66062,CA-2021-140774,SC-2021-09-140774,0.0,0.0,0.0,26.985,06-09-2021
FW-14395,TEC-PH-10003988,US-Eas-New-New-10011,CA-2021-139409,FC-2021-09-139409,0.0,0.0,0.0,12.208,06-09-2021
DM-13015,OFF-BI-10001597,US-Sou-Ten-Joh-37604,CA-2021-136231,SC-2021-09-136231,0.0,0.0,0.7,-63.1092,06-09-2021
DM-13015,TEC-PH-10002660,US-Sou-Ten-Joh-37604,CA-2021-136231,SC-2021-09-136231,0.0,0.0,0.2,6.799,06-09-2021
DM-13015,OFF-PA-10000327,US-Sou-Ten-Joh-37604,CA-2021-136231,SC-2021-09-136231,0.0,0.0,0.2,3.21,06-09-2021
ML-17395,TEC-AC-10002345,US-Wes-Cal-San-92105,CA-2021-137673,SC-2021-09-137673,0.0,0.0,0.0,29.0,06-09-2021
DM-13015,OFF-EN-10001099,US-Sou-Ten-Joh-37604,CA-2021-136231,SC-2021-09-136231,0.0,0.0,0.2,7.6284,06-09-2021
GH-14410,OFF-FA-10002763,US-Cen-Tex-Hou-77070,CA-2021-144540,SC-2021-09-144540,0.0,0.0,0.2,4.266,06-09-2021
PK-19075,OFF-LA-10001317,US-Cen-Mic-Det-48227,CA-2021-115756,SC-2021-09-115756,0.0,0.0,0.0,10.584,06-09-2021
JC-15340,OFF-BI-10004410,US-Eas-Pen-Phi-19120,CA-2021-154536,SC-2021-09-154536,0.0,0.0,0.7,-7.3255,06-09-2021
MV-17485,OFF-PA-10001815,US-Eas-New-New-10011,CA-2021-133319,SC-2021-09-133319,0.0,0.0,0.0,92.2368,06-09-2021
MM-17920,OFF-LA-10004545,US-Sou-Vir-Che-23320,US-2021-121013,SC-2021-09-121013,0.0,0.0,0.0,11.7782,06-09-2021
MM-17920,FUR-TA-10003238,US-Sou-Vir-Che-23320,US-2021-121013,SC-2021-09-121013,0.0,0.0,0.0,314.0586,06-09-2021
DB-13210,OFF-AR-10000896,US-Eas-Pen-Phi-19134,CA-2021-158778,SC-2021-09-158778,0.0,0.0,0.2,0.5904,06-09-2021
DB-13210,FUR-CH-10000309,US-Eas-Pen-Phi-19134,CA-2021-158778,SC-2021-09-158778,0.0,0.0,0.3,-63.3765,06-09-2021
MD-17350,FUR-CH-10004477,US-Eas-Ohi-Lan-43130,CA-2021-162383,SC-2021-09-162383,0.0,0.0,0.3,-1.2178,06-09-2021
JH-15985,OFF-FA-10000304,US-Wes-Cal-Red-90278,CA-2021-151372,FC-2021-09-151372,0.0,0.0,0.0,1.7876,06-09-2021
MD-17350,OFF-BI-10001757,US-Eas-Ohi-Lan-43130,CA-2021-162383,SC-2021-09-162383,0.0,0.0,0.7,-6.4944,06-09-2021
JH-15985,OFF-BI-10000050,US-Wes-Cal-Red-90278,CA-2021-151372,FC-2021-09-151372,0.0,0.0,0.2,3.942,06-09-2021
MD-17350,OFF-BI-10002824,US-Eas-Ohi-Lan-43130,CA-2021-162383,SC-2021-09-162383,0.0,0.0,0.7,-7.46,06-09-2021
GH-14410,OFF-AP-10002457,US-Cen-Tex-Hou-77070,CA-2021-144540,SC-2021-09-144540,0.0,0.0,0.8,-166.3935,06-09-2021
PK-19075,FUR-CH-10002372,US-Cen-Mic-Det-48227,CA-2021-115756,SC-2021-09-115756,0.0,0.0,0.0,29.1528,06-09-2021
DB-13210,FUR-FU-10000260,US-Eas-Pen-Phi-19134,CA-2021-158778,SC-2021-09-158778,0.0,0.0,0.2,11.6496,06-09-2021
PK-19075,OFF-ST-10003058,US-Cen-Mic-Det-48227,CA-2021-115756,SC-2021-09-115756,0.0,0.0,0.0,20.5755,06-09-2021
DM-13525,OFF-PA-10001870,US-Cen-Tex-Hou-77070,CA-2021-149195,SC-2021-09-149195,0.0,0.0,0.2,9.072,06-09-2021
DM-13525,OFF-FA-10001843,US-Cen-Tex-Hou-77070,CA-2021-149195,SC-2021-09-149195,0.0,0.0,0.2,5.3352,06-09-2021
TR-21325,TEC-PH-10003505,US-Cen-Iow-Ced-52402,CA-2021-160815,FC-2021-09-160815,0.0,0.0,0.0,80.736,06-09-2021
DM-13525,OFF-PA-10002036,US-Cen-Tex-Hou-77070,CA-2021-149195,SC-2021-09-149195,0.0,0.0,0.2,3.7584,06-09-2021
PT-19090,OFF-ST-10003479,US-Cen-Tex-San-78207,US-2021-152373,SC-2021-09-152373,0.0,0.0,0.2,-17.523,06-09-2021
SU-20665,OFF-PA-10004971,US-Cen-Ill-Chi-60653,CA-2021-164490,SC-2021-09-164490,0.0,0.0,0.2,3.3524,06-09-2021
PK-19075,OFF-PA-10002222,US-Cen-Mic-Det-48227,CA-2021-115756,SC-2021-09-115756,0.0,0.0,0.0,42.0256,06-09-2021
EM-13825,FUR-FU-10004671,US-Cen-Tex-Hou-77036,CA-2021-136595,FC-2021-09-136595,0.0,0.0,0.6,-11.6622,06-09-2021
JD-15895,FUR-FU-20004848,US-Eas-Pen-Phi-19140,CA-2021-110366,SC-2021-09-110366,0.0,0.0,0.2,10.35,06-09-2021
JH-15985,OFF-PA-10004381,US-Wes-Cal-Red-90278,CA-2021-151372,FC-2021-09-151372,0.0,0.0,0.0,46.1184,06-09-2021
AR-10825,FUR-CH-10002647,US-Cen-Tex-Aus-78745,US-2021-148110,SC-2021-09-148110,0.0,0.0,0.3,-24.843,06-09-2021
PK-19075,FUR-FU-10000246,US-Cen-Mic-Det-48227,CA-2021-115756,SC-2021-09-115756,0.0,0.0,0.0,3.666,06-09-2021
PK-19075,OFF-ST-10000060,US-Cen-Mic-Det-48227,CA-2021-115756,SC-2021-09-115756,0.0,0.0,0.0,23.3928,06-09-2021
KB-16315,OFF-BI-10001031,US-Sou-Nor-Tho-27360,CA-2021-133123,SC-2021-09-133123,0.0,0.0,0.7,-2.4564,07-09-2021
KB-16315,OFF-EN-10003055,US-Sou-Nor-Tho-27360,CA-2021-133123,SC-2021-09-133123,0.0,0.0,0.2,29.985,07-09-2021
YC-21895,TEC-PH-10002447,US-Cen-Tex-Dal-75217,CA-2021-123932,SC-2021-09-123932,0.0,0.0,0.2,37.0782,07-09-2021
MO-17500,FUR-BO-10001811,US-Eas-New-New-10035,CA-2021-102981,SC-2021-09-102981,0.0,0.0,0.2,90.294,07-09-2021
YC-21895,OFF-PA-10004665,US-Cen-Tex-Dal-75217,CA-2021-123932,SC-2021-09-123932,0.0,0.0,0.2,15.196,07-09-2021
MO-17500,TEC-AC-10004761,US-Eas-New-New-10035,CA-2021-102981,SC-2021-09-102981,0.0,0.0,0.0,11.151,07-09-2021
BG-11740,OFF-ST-10001590,US-Cen-Tex-Hou-77070,CA-2021-145240,FC-2021-09-145240,0.0,0.0,0.2,0.8088,07-09-2021
ER-13855,OFF-AP-10000358,US-Cen-Min-Sai-55106,CA-2021-149223,SC-2021-09-149223,0.0,0.0,0.0,22.5852,07-09-2021
LP-17095,OFF-AR-10003338,US-Wes-Cal-Vis-93277,CA-2021-103709,SC-2021-09-103709,0.0,0.0,0.0,3.72,09-09-2021
AP-10720,FUR-BO-10003450,US-Eas-Mas-Mal-2148,US-2021-114174,SC-2021-09-114174,0.0,0.0,0.0,13.9152,09-09-2021
AG-10675,FUR-BO-10004834,US-Cen-Tex-Hou-77036,CA-2021-108987,SC-2021-09-108987,0.0,0.0,0.32,-317.1528,09-09-2021
AP-10720,OFF-LA-10000248,US-Eas-Mas-Mal-2148,US-2021-114174,SC-2021-09-114174,0.0,0.0,0.0,6.9372,09-09-2021
AG-10675,OFF-ST-10000934,US-Cen-Tex-Hou-77036,CA-2021-108987,SC-2021-09-108987,0.0,0.0,0.2,-32.784,09-09-2021
KB-16585,OFF-AR-10001953,US-Cen-Tex-Dal-75081,CA-2021-108868,SC-2021-09-108868,0.0,0.0,0.2,6.1572,09-09-2021
KB-16585,TEC-PH-10000923,US-Cen-Tex-Dal-75081,CA-2021-108868,SC-2021-09-108868,0.0,0.0,0.2,21.7355,09-09-2021
AG-10675,TEC-AC-10000158,US-Cen-Tex-Hou-77036,CA-2021-108987,SC-2021-09-108987,0.0,0.0,0.2,0.7198,09-09-2021
TR-21325,FUR-FU-10003039,US-Wes-Was-Sea-98103,CA-2021-110009,SC-2021-09-110009,0.0,0.0,0.0,14.6642,09-09-2021
LP-17095,OFF-PA-10004610,US-Wes-Cal-Vis-93277,CA-2021-103709,SC-2021-09-103709,0.0,0.0,0.0,15.408,09-09-2021
VM-21685,OFF-BI-10001989,US-Wes-Cal-Lan-93534,CA-2021-113516,SC-2021-09-113516,0.0,0.0,0.2,23.4976,09-09-2021
AG-10675,OFF-ST-10001580,US-Cen-Tex-Hou-77036,CA-2021-108987,SC-2021-09-108987,0.0,0.0,0.2,3.5952,09-09-2021
PJ-19015,FUR-TA-10003008,US-Wes-Cal-San-92704,CA-2021-153101,SC-2021-09-153101,0.0,0.0,0.2,-12.7785,09-09-2021
LP-17095,OFF-ST-10001272,US-Wes-Cal-Vis-93277,CA-2021-103709,SC-2021-09-103709,0.0,0.0,0.0,65.435,09-09-2021
MG-17875,OFF-AP-10003779,US-Eas-New-New-10011,CA-2021-131499,FC-2021-09-131499,0.0,0.0,0.0,62.244,09-09-2021
SE-20110,FUR-FU-10004671,US-Cen-Ill-Whe-60090,US-2021-115455,SC-2021-09-115455,0.0,0.0,0.6,-7.7748,09-09-2021
SE-20110,FUR-TA-10003569,US-Cen-Ill-Whe-60090,US-2021-115455,SC-2021-09-115455,0.0,0.0,0.5,-300.735,09-09-2021
JM-15580,TEC-AC-10004209,US-Sou-Nor-Mon-28110,CA-2021-155138,SC-2021-09-155138,0.0,0.0,0.2,8.3524,09-09-2021
JM-15580,OFF-PA-10000501,US-Sou-Nor-Mon-28110,CA-2021-155138,SC-2021-09-155138,0.0,0.0,0.2,23.4552,09-09-2021
TR-21325,OFF-PA-10002615,US-Wes-Was-Sea-98103,CA-2021-110009,SC-2021-09-110009,0.0,0.0,0.0,14.2002,09-09-2021
VM-21685,OFF-BI-10002225,US-Wes-Cal-Lan-93534,CA-2021-113516,SC-2021-09-113516,0.0,0.0,0.2,11.5584,09-09-2021
TS-21610,OFF-BI-10001036,US-Eas-New-New-10024,CA-2021-110023,FC-2021-09-110023,0.0,0.0,0.2,5.484,10-09-2021
DB-12910,FUR-FU-10003832,US-Cen-Tex-Dal-75220,CA-2021-137176,SC-2021-09-137176,0.0,0.0,0.6,-12.0064,10-09-2021
AT-10735,OFF-BI-20004654,US-Wes-Cal-Sto-95207,CA-2021-112893,SC-2021-09-112893,0.0,0.0,0.2,18.684,10-09-2021
BD-11770,OFF-LA-10003720,US-Wes-Was-Edm-98026,CA-2021-165918,SC-2021-09-165918,0.0,0.0,0.0,3.4686,11-09-2021
BD-11770,OFF-BI-10004364,US-Wes-Was-Edm-98026,CA-2021-165918,SC-2021-09-165918,0.0,0.0,0.2,4.455,11-09-2021
KT-16480,TEC-PH-10000895,US-Cen-Tex-Hou-77095,CA-2021-146206,SC-2021-09-146206,0.0,0.0,0.2,53.997,11-09-2021
CG-12040,OFF-AR-10000538,US-Sou-Ten-Bri-37620,CA-2021-164350,SC-2021-09-164350,0.0,0.0,0.2,8.445,11-09-2021
KT-16480,FUR-TA-10004086,US-Cen-Tex-Hou-77095,CA-2021-146206,SC-2021-09-146206,0.0,0.0,0.3,-34.392,11-09-2021
BD-11770,OFF-PA-10000100,US-Wes-Was-Edm-98026,CA-2021-165918,SC-2021-09-165918,0.0,0.0,0.0,40.1702,11-09-2021
BD-11770,OFF-BI-10004826,US-Wes-Was-Edm-98026,CA-2021-165918,SC-2021-09-165918,0.0,0.0,0.2,13.8684,11-09-2021
DV-13465,OFF-BI-10004318,US-Wes-Cal-Los-90049,CA-2021-126102,SC-2021-09-126102,0.0,0.0,0.2,89.9548,11-09-2021
PN-18775,OFF-PA-10000575,US-Eas-New-New-10011,US-2021-118780,SC-2021-09-118780,0.0,0.0,0.0,3.0774,11-09-2021
PN-18775,OFF-ST-10000352,US-Eas-New-New-10011,US-2021-118780,SC-2021-09-118780,0.0,0.0,0.0,8.922,11-09-2021
SC-20695,TEC-PH-10003505,US-Sou-Flo-For-33311,CA-2021-112277,SC-2021-09-112277,0.0,0.0,0.2,58.464,11-09-2021
KC-16540,OFF-PA-10004569,US-Wes-Cal-San-92037,CA-2021-145625,SC-2021-09-145625,0.0,0.0,0.0,3.5767,12-09-2021
JF-15565,TEC-CO-10001943,US-Sou-Vir-New-23602,CA-2021-102162,SC-2021-09-102162,0.0,0.0,0.0,751.9624,12-09-2021
EB-14110,OFF-BI-10001658,US-Wes-Cal-San-95123,CA-2021-116561,SC-2021-09-116561,0.0,0.0,0.2,12.9584,12-09-2021
KC-16540,TEC-AC-10003832,US-Wes-Cal-San-92037,CA-2021-145625,SC-2021-09-145625,0.0,0.0,0.0,636.0003,12-09-2021
NZ-18565,OFF-BI-10001658,US-Eas-Ohi-Tol-43615,CA-2021-164154,SC-2021-09-164154,0.0,0.0,0.7,-17.9424,12-09-2021
NZ-18565,OFF-ST-10002562,US-Eas-Ohi-Tol-43615,CA-2021-164154,SC-2021-09-164154,0.0,0.0,0.2,3.752,12-09-2021
RC-19960,OFF-EN-10000056,US-Cen-Tex-Hou-77041,CA-2021-130225,SC-2021-09-130225,0.0,0.0,0.2,33.6042,12-09-2021
AS-10090,OFF-LA-10001982,US-Cen-Ill-Chi-60653,CA-2021-150007,SC-2021-09-150007,0.0,0.0,0.2,2.1,12-09-2021
AS-10090,OFF-BI-10004141,US-Cen-Ill-Chi-60653,CA-2021-150007,SC-2021-09-150007,0.0,0.0,0.8,-3.2436,12-09-2021
JF-15565,OFF-EN-10002312,US-Sou-Vir-New-23602,CA-2021-102162,SC-2021-09-102162,0.0,0.0,0.0,5.4341,12-09-2021
LC-16930,OFF-PA-10001667,US-Wes-Ari-Pho-85023,CA-2021-143476,FC-2021-09-143476,0.0,0.0,0.2,2.99,12-09-2021
EB-14110,OFF-ST-10004186,US-Wes-Cal-San-95123,CA-2021-116561,SC-2021-09-116561,0.0,0.0,0.0,6.6588,12-09-2021
GD-14590,OFF-PA-10001204,US-Eas-Pen-Phi-19143,CA-2021-121223,SC-2021-09-121223,0.0,0.0,0.2,2.64,12-09-2021
GD-14590,TEC-PH-10004667,US-Eas-Pen-Phi-19143,CA-2021-121223,SC-2021-09-121223,0.0,0.0,0.4,-157.9383,12-09-2021
LC-16930,OFF-PA-10001837,US-Wes-Ari-Pho-85023,CA-2021-143476,FC-2021-09-143476,0.0,0.0,0.2,7.2576,12-09-2021
LC-16930,OFF-AR-10003759,US-Wes-Ari-Pho-85023,CA-2021-143476,FC-2021-09-143476,0.0,0.0,0.2,0.91,12-09-2021
TB-21625,TEC-PH-10003171,US-Cen-Kan-Wic-67212,CA-2021-153157,FC-2021-09-153157,0.0,0.0,0.0,62.93,12-09-2021
MC-17590,FUR-FU-10002813,US-Eas-New-Uti-13501,CA-2021-113082,SC-2021-09-113082,0.0,0.0,0.0,14.5728,13-09-2021
PO-19180,FUR-CH-10002304,US-Wes-Col-Lou-80027,CA-2021-151148,SC-2021-09-151148,0.0,0.0,0.2,5.196,13-09-2021
PO-19180,TEC-PH-10001870,US-Wes-Col-Lou-80027,CA-2021-151148,SC-2021-09-151148,0.0,0.0,0.2,9.1845,13-09-2021
BP-11185,OFF-LA-10000634,US-Wes-Col-Arv-80004,CA-2021-142902,SC-2021-09-142902,0.0,0.0,0.2,2.0358,13-09-2021
SC-20695,OFF-PA-10003790,US-Cen-Mic-Ros-48066,CA-2021-152457,SC-2021-09-152457,0.0,0.0,0.0,31.5192,13-09-2021
BP-11185,FUR-FU-10001756,US-Wes-Col-Arv-80004,CA-2021-142902,SC-2021-09-142902,0.0,0.0,0.2,1.7136,13-09-2021
BP-11185,FUR-CH-10004086,US-Wes-Col-Arv-80004,CA-2021-142902,SC-2021-09-142902,0.0,0.0,0.2,52.5114,13-09-2021
AJ-10795,TEC-AC-10004877,US-Sou-Vir-Spr-22153,CA-2021-123946,SC-2021-09-123946,0.0,0.0,0.0,1.656,13-09-2021
BP-11185,FUR-FU-10001918,US-Wes-Col-Arv-80004,CA-2021-142902,SC-2021-09-142902,0.0,0.0,0.2,3.5948,13-09-2021
SF-20200,OFF-FA-10000585,US-Wes-Was-Sea-98103,CA-2021-128811,SC-2021-09-128811,0.0,0.0,0.0,4.8162,13-09-2021
AJ-10795,FUR-CH-10002073,US-Sou-Vir-Spr-22153,CA-2021-123946,SC-2021-09-123946,0.0,0.0,0.0,307.1448,13-09-2021
AJ-10795,OFF-FA-10002975,US-Sou-Vir-Spr-22153,CA-2021-123946,SC-2021-09-123946,0.0,0.0,0.0,5.2164,13-09-2021
AJ-10795,OFF-ST-10000419,US-Sou-Vir-Spr-22153,CA-2021-123946,SC-2021-09-123946,0.0,0.0,0.0,0.679,13-09-2021
SF-20200,OFF-LA-10003720,US-Wes-Was-Sea-98103,CA-2021-128811,SC-2021-09-128811,0.0,0.0,0.0,5.2029,13-09-2021
SF-20200,OFF-BI-10000301,US-Wes-Was-Sea-98103,CA-2021-128811,SC-2021-09-128811,0.0,0.0,0.2,7.764,13-09-2021
AG-10270,FUR-FU-10003664,US-Cen-Neb-Oma-68104,CA-2021-105732,SC-2021-09-105732,0.0,0.0,0.0,387.5676,14-09-2021
AG-10270,OFF-PA-10002250,US-Cen-Neb-Oma-68104,CA-2021-105732,SC-2021-09-105732,0.0,0.0,0.0,8.4528,14-09-2021
AG-10270,OFF-SU-10004782,US-Cen-Neb-Oma-68104,CA-2021-105732,SC-2021-09-105732,0.0,0.0,0.0,5.07,14-09-2021
AG-10270,TEC-PH-10001644,US-Cen-Neb-Oma-68104,CA-2021-105732,SC-2021-09-105732,0.0,0.0,0.0,41.986,14-09-2021
AG-10270,OFF-LA-10004559,US-Cen-Neb-Oma-68104,CA-2021-105732,SC-2021-09-105732,0.0,0.0,0.0,7.056,14-09-2021
AG-10270,OFF-ST-10004340,US-Cen-Neb-Oma-68104,CA-2021-105732,SC-2021-09-105732,0.0,0.0,0.0,100.7316,14-09-2021
AG-10270,TEC-PH-10004897,US-Cen-Neb-Oma-68104,CA-2021-105732,SC-2021-09-105732,0.0,0.0,0.0,0.2997,14-09-2021
AG-10270,OFF-ST-10000419,US-Cen-Neb-Oma-68104,CA-2021-105732,SC-2021-09-105732,0.0,0.0,0.0,0.4074,14-09-2021
AG-10270,OFF-AP-10001394,US-Cen-Neb-Oma-68104,CA-2021-105732,SC-2021-09-105732,0.0,0.0,0.0,136.08,14-09-2021
AG-10270,OFF-PA-10001838,US-Cen-Neb-Oma-68104,CA-2021-105732,SC-2021-09-105732,0.0,0.0,0.0,8.6436,14-09-2021
PN-18775,OFF-PA-10000029,US-Sou-Sou-Col-29203,CA-2021-155439,SC-2021-09-155439,0.0,0.0,0.0,12.4416,15-09-2021
CL-12565,TEC-PH-10001944,US-Eas-New-Lon-11561,CA-2021-153178,SC-2021-09-153178,0.0,0.0,0.0,131.355,15-09-2021
CL-12565,OFF-BI-10004390,US-Eas-New-Lon-11561,CA-2021-153178,SC-2021-09-153178,0.0,0.0,0.2,252.588,15-09-2021
DB-13210,OFF-PA-10003651,US-Eas-Pen-Phi-19140,CA-2021-149370,SC-2021-09-149370,0.0,0.0,0.2,1.8704,16-09-2021
RB-19570,OFF-BI-10002103,US-Wes-Was-Sea-98105,US-2021-128678,SC-2021-09-128678,0.0,0.0,0.2,15.8158,16-09-2021
JD-16150,FUR-TA-10003473,US-Wes-Ida-Twi-83301,CA-2021-116911,SC-2021-09-116911,0.0,0.0,0.0,259.5297,16-09-2021
RB-19570,OFF-PA-10000807,US-Wes-Was-Sea-98105,US-2021-128678,SC-2021-09-128678,0.0,0.0,0.0,10.058,16-09-2021
AH-10075,OFF-BI-10003650,US-Eas-New-New-10011,CA-2021-149797,SC-2021-09-149797,0.0,0.0,0.2,294.5488,16-09-2021
AH-10585,OFF-AR-10002445,US-Wes-Was-Sea-98105,CA-2021-160479,SC-2021-09-160479,0.0,0.0,0.0,13.452,16-09-2021
JD-16150,OFF-BI-10001249,US-Wes-Ida-Twi-83301,CA-2021-116911,SC-2021-09-116911,0.0,0.0,0.2,6.6352,16-09-2021
KD-16495,FUR-BO-10001918,US-Wes-Cal-San-95123,CA-2021-123337,SC-2021-09-123337,0.0,0.0,0.15,-12.8784,17-09-2021
KD-16495,OFF-AP-10002287,US-Wes-Cal-San-95123,CA-2021-123337,SC-2021-09-123337,0.0,0.0,0.0,4.5448,17-09-2021
BC-11125,OFF-PA-10002195,US-Wes-Cal-Lag-92677,US-2021-134369,SC-2021-09-134369,0.0,0.0,0.0,6.3504,17-09-2021
PO-18865,FUR-FU-10002597,US-Eas-Mas-Mar-1752,US-2021-152415,SC-2021-09-152415,0.0,0.0,0.0,6.2244,18-09-2021
TS-21610,OFF-ST-10002790,US-Eas-Ohi-Spr-45503,CA-2021-131093,SC-2021-09-131093,0.0,0.0,0.2,-62.7725,18-09-2021
BS-11590,OFF-AR-10002656,US-Cen-Ind-Col-47201,CA-2021-105900,SC-2021-09-105900,0.0,0.0,0.0,12.358,18-09-2021
PO-18865,FUR-FU-10004864,US-Eas-Mas-Mar-1752,US-2021-152415,SC-2021-09-152415,0.0,0.0,0.0,61.3824,18-09-2021
LA-16780,FUR-FU-10004952,US-Eas-Mai-Ban-4401,CA-2021-164091,SC-2021-09-164091,0.0,0.0,0.0,33.9388,18-09-2021
CC-12430,OFF-LA-10002195,US-Wes-Was-Red-98052,US-2021-148957,SC-2021-09-148957,0.0,0.0,0.0,5.9136,18-09-2021
JS-15685,OFF-PA-10000304,US-Wes-Cal-Los-90036,CA-2021-109806,SC-2021-09-109806,0.0,0.0,0.0,3.1104,18-09-2021
JS-15685,TEC-PH-10004093,US-Wes-Cal-Los-90036,CA-2021-109806,SC-2021-09-109806,0.0,0.0,0.2,8.2782,18-09-2021
JS-15685,OFF-AR-10004930,US-Wes-Cal-Los-90036,CA-2021-109806,SC-2021-09-109806,0.0,0.0,0.0,6.633,18-09-2021
LA-16780,TEC-PH-10001944,US-Eas-Mai-Ban-4401,CA-2021-164091,SC-2021-09-164091,0.0,0.0,0.0,131.355,18-09-2021
CS-12505,TEC-MA-10004458,US-Sou-Geo-Col-31907,CA-2021-134208,SC-2021-09-134208,0.0,0.0,0.0,190.08,18-09-2021
SJ-20125,FUR-CH-10004875,US-Wes-Was-Sea-98103,CA-2021-159730,SC-2021-09-159730,0.0,0.0,0.2,9.9652,18-09-2021
LW-17215,OFF-BI-10002026,US-Eas-New-New-10035,CA-2021-111416,SC-2021-09-111416,0.0,0.0,0.2,78.435,18-09-2021
SJ-20125,TEC-PH-10002085,US-Wes-Was-Sea-98103,CA-2021-159730,SC-2021-09-159730,0.0,0.0,0.2,7.9188,18-09-2021
MM-17260,FUR-FU-10004053,US-Eas-New-New-10801,CA-2021-120355,SC-2021-09-120355,0.0,0.0,0.0,26.1096,19-09-2021
PO-18850,OFF-LA-10002787,US-Sou-Flo-Jac-32216,CA-2021-111409,SC-2021-09-111409,0.0,0.0,0.2,1.05,19-09-2021
NB-18655,FUR-TA-10001095,US-Sou-Flo-Jac-32216,CA-2021-140928,SC-2021-09-140928,0.0,0.0,0.45,-167.3184,19-09-2021
HM-14980,OFF-BI-10004654,US-Eas-New-New-10009,CA-2021-106075,SC-2021-09-106075,0.0,0.0,0.2,1.731,19-09-2021
JW-15220,FUR-CH-10001215,US-Wes-Cal-San-92105,CA-2021-133935,SC-2021-09-133935,0.0,0.0,0.2,50.098,19-09-2021
JW-15220,OFF-PA-10000100,US-Wes-Cal-San-92105,CA-2021-133935,SC-2021-09-133935,0.0,0.0,0.0,180.7659,19-09-2021
MM-17260,FUR-CH-10001394,US-Eas-New-New-10801,CA-2021-120355,SC-2021-09-120355,0.0,0.0,0.1,140.396,19-09-2021
JW-15220,FUR-CH-10002880,US-Wes-Cal-San-92105,CA-2021-133935,SC-2021-09-133935,0.0,0.0,0.2,-99.6219,19-09-2021
AM-10705,OFF-ST-10003716,US-Sou-Ala-Aub-36830,CA-2021-145905,SC-2021-09-145905,0.0,0.0,0.0,117.0104,19-09-2021
AM-10705,OFF-PA-10000533,US-Sou-Ala-Aub-36830,CA-2021-145905,SC-2021-09-145905,0.0,0.0,0.0,6.0168,19-09-2021
AM-10705,FUR-CH-10001854,US-Sou-Ala-Aub-36830,CA-2021-145905,SC-2021-09-145905,0.0,0.0,0.0,84.2352,19-09-2021
SV-20365,FUR-CH-10002647,US-Eas-Ohi-Col-43229,CA-2021-157511,FC-2021-09-157511,0.0,0.0,0.3,-7.098,19-09-2021
SV-20365,FUR-FU-10002107,US-Eas-Ohi-Col-43229,CA-2021-157511,FC-2021-09-157511,0.0,0.0,0.2,1.6056,19-09-2021
BD-11320,TEC-PH-10001299,US-Wes-Cal-Woo-95695,CA-2021-110086,SC-2021-09-110086,0.0,0.0,0.2,23.9984,19-09-2021
SV-20365,OFF-AR-10002257,US-Eas-Ohi-Col-43229,CA-2021-157511,FC-2021-09-157511,0.0,0.0,0.2,0.3674,19-09-2021
RH-19510,OFF-ST-10001490,US-Eas-Rho-Pro-2908,CA-2021-168354,FC-2021-09-168354,0.0,0.0,0.0,481.869,20-09-2021
RH-19510,OFF-PA-20002377,US-Eas-Rho-Pro-2908,CA-2021-168354,FC-2021-09-168354,0.0,0.0,0.0,7.668,20-09-2021
RH-19510,OFF-BI-10004826,US-Eas-Rho-Pro-2908,CA-2021-168354,FC-2021-09-168354,0.0,0.0,0.0,23.7744,20-09-2021
RH-19510,FUR-CH-10004675,US-Eas-Rho-Pro-2908,CA-2021-168354,FC-2021-09-168354,0.0,0.0,0.0,244.2496,20-09-2021
SW-20245,OFF-PA-10002222,US-Wes-Cal-Sto-95207,CA-2021-130267,SC-2021-09-130267,0.0,0.0,0.0,73.5448,20-09-2021
CK-12595,OFF-ST-10000604,US-Eas-Rho-Pro-2908,CA-2021-158610,FC-2021-09-158610,0.0,0.0,0.0,17.38,20-09-2021
CC-12430,OFF-SU-10001212,US-Wes-Cal-San-94109,US-2021-114888,SC-2021-09-114888,0.0,0.0,0.0,1.872,20-09-2021
EH-14125,FUR-CH-10001215,US-Cen-Ill-Aur-60505,US-2021-156097,SC-2021-09-156097,0.0,0.0,0.3,-50.098,20-09-2021
SD-20485,OFF-BI-10000756,US-Eas-New-Ora-7050,CA-2021-102932,SC-2021-09-102932,0.0,0.0,0.0,12.72,20-09-2021
TP-21130,TEC-AC-10002926,US-Sou-Geo-Col-31907,CA-2021-142370,SC-2021-09-142370,0.0,0.0,0.0,107.4785,20-09-2021
TP-21130,OFF-SU-10003002,US-Sou-Geo-Col-31907,CA-2021-142370,SC-2021-09-142370,0.0,0.0,0.0,0.1512,20-09-2021
EH-14125,OFF-BI-10004654,US-Cen-Ill-Aur-60505,US-2021-156097,SC-2021-09-156097,0.0,0.0,0.8,-3.462,20-09-2021
AP-10720,FUR-FU-10003424,US-Eas-Pen-Phi-19140,CA-2021-120250,FC-2021-09-120250,0.0,0.0,0.2,3.8448,20-09-2021
FH-14275,OFF-BI-10002309,US-Wes-Cal-San-94122,CA-2021-168557,SC-2021-09-168557,0.0,0.0,0.2,3.1248,20-09-2021
CC-12430,OFF-BI-10003355,US-Wes-Cal-San-94109,US-2021-114888,SC-2021-09-114888,0.0,0.0,0.2,4.1832,20-09-2021
SD-20485,OFF-SU-10000381,US-Eas-New-Ora-7050,CA-2021-102932,SC-2021-09-102932,0.0,0.0,0.0,8.0997,20-09-2021
GM-14695,OFF-BI-10003656,US-Wes-Cal-San-94122,CA-2021-100244,SC-2021-09-100244,0.0,0.0,0.2,88.3948,21-09-2021
GM-14695,OFF-AR-10000940,US-Wes-Cal-San-94122,CA-2021-100244,SC-2021-09-100244,0.0,0.0,0.0,3.1752,21-09-2021
GM-14695,OFF-PA-10002319,US-Wes-Cal-San-94122,CA-2021-100244,SC-2021-09-100244,0.0,0.0,0.0,37.9848,21-09-2021
HA-14905,OFF-AP-10001005,US-Eas-New-New-10035,CA-2021-145611,SC-2021-09-145611,0.0,0.0,0.0,129.7725,21-09-2021
HJ-14875,FUR-BO-10002853,US-Wes-Was-Sea-98105,CA-2021-166772,SC-2021-09-166772,0.0,0.0,0.0,40.97,21-09-2021
FM-14215,FUR-CH-10002880,US-Sou-Nor-Gre-27405,CA-2021-134516,SC-2021-09-134516,0.0,0.0,0.2,-11.0691,21-09-2021
EN-13780,OFF-BI-10004828,US-Cen-Mic-Gra-49505,CA-2021-126284,SC-2021-09-126284,0.0,0.0,0.0,41.013,21-09-2021
GM-14695,OFF-BI-10000977,US-Wes-Cal-San-94122,CA-2021-100244,SC-2021-09-100244,0.0,0.0,0.2,15.808,21-09-2021
FM-14215,FUR-FU-10001546,US-Sou-Nor-Gre-27405,CA-2021-134516,SC-2021-09-134516,0.0,0.0,0.2,1.068,21-09-2021
GM-14695,OFF-PA-10001471,US-Wes-Cal-San-94122,CA-2021-100244,SC-2021-09-100244,0.0,0.0,0.0,30.2634,21-09-2021
AC-10660,OFF-PA-10002245,US-Cen-Ind-Law-46226,CA-2021-158617,SC-2021-09-158617,0.0,0.0,0.0,16.146,23-09-2021
SM-20950,FUR-FU-10000246,US-Wes-Col-Bro-80020,CA-2021-125724,SC-2021-09-125724,0.0,0.0,0.2,8.554,23-09-2021
PW-19240,OFF-AR-10003481,US-Eas-Pen-Phi-19140,CA-2021-120257,SC-2021-09-120257,0.0,0.0,0.2,0.8856,23-09-2021
AS-10630,FUR-FU-10004586,US-Sou-Ken-Lou-40214,US-2021-155404,SC-2021-09-155404,0.0,0.0,0.0,6.3744,23-09-2021
NP-18685,OFF-EN-10003055,US-Eas-Ohi-Par-44134,CA-2021-166653,SC-2021-09-166653,0.0,0.0,0.2,19.99,23-09-2021
AC-10450,OFF-LA-10001158,US-Sou-Flo-Pem-33024,CA-2021-116232,SC-2021-09-116232,0.0,0.0,0.2,5.796,23-09-2021
SH-19975,TEC-PH-10004071,US-Sou-Ten-Smy-37167,CA-2021-109743,SC-2021-09-109743,0.0,0.0,0.2,5.5944,23-09-2021
SH-19975,OFF-AR-10003727,US-Sou-Ten-Smy-37167,CA-2021-109743,SC-2021-09-109743,0.0,0.0,0.2,4.5873,23-09-2021
RD-19660,OFF-LA-10004484,US-Eas-Pen-Phi-19134,CA-2021-151974,SC-2021-09-151974,0.0,0.0,0.2,5.369,23-09-2021
AC-10450,OFF-BI-10004022,US-Sou-Flo-Pem-33024,CA-2021-116232,SC-2021-09-116232,0.0,0.0,0.7,-6.0048,23-09-2021
CS-12250,FUR-FU-10002445,US-Cen-Wis-Gre-54302,CA-2021-119641,SC-2021-09-119641,0.0,0.0,0.0,7.584,23-09-2021
SZ-20035,OFF-ST-10002370,US-Eas-New-New-10035,CA-2021-135965,FC-2021-09-135965,0.0,0.0,0.0,37.2186,23-09-2021
RC-19960,TEC-PH-10001305,US-Cen-Mic-Gra-49505,US-2021-157728,SC-2021-09-157728,0.0,0.0,0.0,27.4344,23-09-2021
RC-19960,OFF-PA-20002195,US-Cen-Mic-Gra-49505,US-2021-157728,SC-2021-09-157728,0.0,0.0,0.0,16.7132,23-09-2021
JS-15940,FUR-FU-10004963,US-Eas-Ohi-Lan-43130,CA-2021-124016,SC-2021-09-124016,0.0,0.0,0.2,7.7,24-09-2021
JS-15940,OFF-BI-10002071,US-Eas-Ohi-Lan-43130,CA-2021-124016,SC-2021-09-124016,0.0,0.0,0.7,-9.7608,24-09-2021
CM-11815,OFF-SU-10004737,US-Wes-Was-Sea-98115,CA-2021-110730,SC-2021-09-110730,0.0,0.0,0.0,3.6936,24-09-2021
DP-13105,FUR-CH-10003396,US-Wes-Was-Sea-98115,CA-2021-159009,SC-2021-09-159009,0.0,0.0,0.2,-20.7846,24-09-2021
DP-13105,OFF-BI-10004970,US-Wes-Was-Sea-98115,CA-2021-159009,SC-2021-09-159009,0.0,0.0,0.2,4.4604,24-09-2021
KL-16555,FUR-FU-10002298,US-Eas-Ohi-Fai-45014,US-2021-129469,SC-2021-09-129469,0.0,0.0,0.2,-26.6352,24-09-2021
JS-15940,OFF-PA-10002586,US-Eas-Ohi-Lan-43130,CA-2021-124016,SC-2021-09-124016,0.0,0.0,0.2,4.0338,24-09-2021
KL-16555,OFF-AR-10000315,US-Eas-Ohi-Fai-45014,US-2021-129469,SC-2021-09-129469,0.0,0.0,0.2,0.307,24-09-2021
DV-13045,OFF-EN-10001509,US-Wes-Cal-San-92037,CA-2021-106656,FC-2021-09-106656,0.0,0.0,0.0,1.9176,24-09-2021
RA-19915,FUR-CH-10002084,US-Sou-Geo-Col-31907,CA-2021-149979,SC-2021-09-149979,0.0,0.0,0.0,81.1734,24-09-2021
RA-19915,OFF-ST-10003058,US-Sou-Geo-Col-31907,CA-2021-149979,SC-2021-09-149979,0.0,0.0,0.0,34.2925,24-09-2021
DV-13045,OFF-LA-10003148,US-Wes-Cal-San-92037,CA-2021-106656,FC-2021-09-106656,0.0,0.0,0.0,8.694,24-09-2021
CR-12580,OFF-BI-10004187,US-Eas-New-New-10009,CA-2021-101742,SC-2021-09-101742,0.0,0.0,0.2,3.6848,24-09-2021
BP-11230,OFF-PA-10001569,US-Cen-Okl-Bro-74012,CA-2021-141551,SC-2021-10-141551,0.0,0.0,0.0,3.1104,25-09-2021
MK-17905,OFF-BI-10004584,US-Cen-Ill-Roc-61107,CA-2021-132479,FC-2021-09-132479,0.0,0.0,0.8,-729.9138,25-09-2021
EH-13765,OFF-EN-10001453,US-Wes-Cal-Los-90049,CA-2021-100944,SC-2021-09-100944,0.0,0.0,0.0,143.303,25-09-2021
PK-19075,FUR-CH-10003199,US-Eas-Ohi-Col-43229,US-2021-134488,SC-2021-10-134488,0.0,0.0,0.3,-13.3176,25-09-2021
EH-13765,FUR-CH-10000988,US-Wes-Cal-Los-90049,CA-2021-100944,SC-2021-09-100944,0.0,0.0,0.2,56.324,25-09-2021
CL-12700,FUR-FU-10002671,US-Wes-Col-Aur-80013,CA-2021-108875,SC-2021-10-108875,0.0,0.0,0.2,7.504,25-09-2021
CL-12700,OFF-ST-10001370,US-Wes-Col-Aur-80013,CA-2021-108875,SC-2021-10-108875,0.0,0.0,0.2,-95.823,25-09-2021
EB-13750,FUR-FU-10002501,US-Wes-Cal-San-94110,US-2021-147340,SC-2021-09-147340,0.0,0.0,0.0,23.384,25-09-2021
RD-19900,FUR-FU-10004006,US-Cen-Ind-Blo-47401,CA-2021-154235,SC-2021-09-154235,0.0,0.0,0.0,21.7515,25-09-2021
LA-16780,OFF-PA-10000380,US-Wes-Cal-Los-90004,CA-2021-155187,SC-2021-09-155187,0.0,0.0,0.0,20.85,25-09-2021
LA-16780,OFF-ST-10000642,US-Wes-Cal-Los-90004,CA-2021-155187,SC-2021-09-155187,0.0,0.0,0.0,2.9372,25-09-2021
BP-11230,OFF-BI-10001249,US-Cen-Okl-Bro-74012,CA-2021-141551,SC-2021-10-141551,0.0,0.0,0.0,2.9348,25-09-2021
JW-16075,OFF-AR-10004441,US-Wes-Cal-San-94109,CA-2021-101385,SC-2021-10-101385,0.0,0.0,0.0,6.9552,26-09-2021
KE-16420,OFF-BI-10004828,US-Wes-Ore-Tig-97224,CA-2021-140417,SC-2021-09-140417,0.0,0.0,0.7,-3.5154,26-09-2021
NH-18610,OFF-LA-10001569,US-Cen-Tex-Irv-75061,CA-2021-123722,SC-2021-10-123722,0.0,0.0,0.2,5.1792,26-09-2021
SC-20695,TEC-AC-10001908,US-Cen-Wis-La -54601,US-2021-124163,SC-2021-10-124163,0.0,0.0,0.0,174.9825,26-09-2021
AS-10045,FUR-BO-10002613,US-Wes-Cal-San-94110,CA-2021-148747,FC-2021-09-148747,0.0,0.0,0.15,84.294,26-09-2021
TS-21505,OFF-ST-10002574,US-Eas-Ohi-Cle-44105,CA-2021-113978,SC-2021-09-113978,0.0,0.0,0.2,-82.884,26-09-2021
TS-21505,OFF-AP-10003849,US-Eas-Ohi-Cle-44105,CA-2021-113978,SC-2021-09-113978,0.0,0.0,0.2,17.891,26-09-2021
SC-20695,FUR-CH-10004218,US-Cen-Wis-La -54601,US-2021-124163,SC-2021-10-124163,0.0,0.0,0.0,50.49,26-09-2021
SC-20695,OFF-AR-10000817,US-Cen-Wis-La -54601,US-2021-124163,SC-2021-10-124163,0.0,0.0,0.0,1.0336,26-09-2021
SC-20695,FUR-FU-10000755,US-Cen-Wis-La -54601,US-2021-124163,SC-2021-10-124163,0.0,0.0,0.0,17.16,26-09-2021
TS-21505,OFF-ST-10004963,US-Eas-Ohi-Cle-44105,CA-2021-113978,SC-2021-09-113978,0.0,0.0,0.2,-4.8448,26-09-2021
AB-10105,FUR-TA-10002356,US-Wes-Ari-Pho-85023,US-2021-122245,SC-2021-10-122245,0.0,0.0,0.5,-204.4458,26-09-2021
KE-16420,OFF-PA-10000380,US-Wes-Ore-Tig-97224,CA-2021-140417,SC-2021-09-140417,0.0,0.0,0.2,22.518,26-09-2021
DL-12865,OFF-PA-10000141,US-Wes-Cal-Lon-90805,US-2021-125402,SC-2021-10-125402,0.0,0.0,0.0,5.123,26-09-2021
DL-12865,TEC-PH-10003356,US-Wes-Cal-Lon-90805,US-2021-125402,SC-2021-10-125402,0.0,0.0,0.2,4.4736,26-09-2021
DL-12865,TEC-CO-10001943,US-Wes-Cal-Lon-90805,US-2021-125402,SC-2021-10-125402,0.0,0.0,0.2,161.9919,26-09-2021
DL-12865,OFF-AR-10002255,US-Wes-Cal-Lon-90805,US-2021-125402,SC-2021-10-125402,0.0,0.0,0.0,1.6704,26-09-2021
DL-12865,OFF-LA-10003923,US-Wes-Cal-Lon-90805,US-2021-125402,SC-2021-10-125402,0.0,0.0,0.0,14.8,26-09-2021
DL-12865,OFF-LA-10001771,US-Wes-Cal-Lon-90805,US-2021-125402,SC-2021-10-125402,0.0,0.0,0.0,2.2908,26-09-2021
DL-12865,FUR-CH-10000665,US-Wes-Cal-Lon-90805,US-2021-125402,SC-2021-10-125402,0.0,0.0,0.2,60.392,26-09-2021
SN-20710,TEC-AC-10003063,US-Wes-Was-Cov-98042,CA-2021-169957,SC-2021-10-169957,0.0,0.0,0.0,21.0,27-09-2021
SC-20380,OFF-BI-20002026,US-Cen-Tex-Hou-77095,US-2021-149790,SC-2021-10-149790,0.0,0.0,0.8,-24.9984,27-09-2021
LR-17035,FUR-CH-10000513,US-Cen-Tex-Hou-77041,CA-2021-143406,SC-2021-10-143406,0.0,0.0,0.3,-136.4895,27-09-2021
SN-20710,OFF-AP-10000576,US-Wes-Was-Cov-98042,CA-2021-169957,SC-2021-10-169957,0.0,0.0,0.0,66.3264,27-09-2021
LR-17035,OFF-AP-10001564,US-Cen-Tex-Hou-77041,CA-2021-143406,SC-2021-10-143406,0.0,0.0,0.8,-251.1864,27-09-2021
MH-17620,OFF-BI-10004001,US-Cen-Tex-Hou-77041,CA-2021-132017,FC-2021-09-132017,0.0,0.0,0.8,-11.5872,27-09-2021
CS-12175,OFF-PA-10004022,US-Cen-Iow-Iow-52240,CA-2021-157714,SC-2021-10-157714,0.0,0.0,0.0,4.4955,27-09-2021
SH-19975,FUR-BO-10004467,US-Wes-Cal-Hes-92345,US-2021-146794,SC-2021-10-146794,0.0,0.0,0.15,19.998,27-09-2021
TN-21040,TEC-AC-10002637,US-Sou-Flo-Tal-32303,US-2021-109260,SC-2021-10-109260,0.0,0.0,0.2,-75.5958,27-09-2021
CM-12445,OFF-PA-10001667,US-Wes-Cal-Red-92374,CA-2021-145898,SC-2021-09-145898,0.0,0.0,0.0,13.455,27-09-2021
CM-12445,OFF-AR-10002445,US-Wes-Cal-Red-92374,CA-2021-145898,SC-2021-09-145898,0.0,0.0,0.0,13.452,27-09-2021
CM-12445,OFF-LA-10000262,US-Wes-Cal-Red-92374,CA-2021-145898,SC-2021-09-145898,0.0,0.0,0.0,3.6018,27-09-2021
CM-12445,OFF-ST-10004507,US-Wes-Cal-Red-92374,CA-2021-145898,SC-2021-09-145898,0.0,0.0,0.0,13.8915,27-09-2021
SN-20710,OFF-PA-10004040,US-Wes-Was-Cov-98042,CA-2021-169957,SC-2021-10-169957,0.0,0.0,0.0,14.651,27-09-2021
NF-18385,FUR-CH-10002331,US-Cen-Ill-Dec-62521,US-2021-157945,SC-2021-10-157945,0.0,0.0,0.3,-96.1146,27-09-2021
NF-18385,OFF-EN-10001415,US-Cen-Ill-Dec-62521,US-2021-157945,SC-2021-10-157945,0.0,0.0,0.2,3.348,27-09-2021
DW-13585,OFF-PA-10004735,US-Wes-Cal-San-94109,CA-2021-165820,SC-2021-10-165820,0.0,0.0,0.0,6.2208,27-09-2021
JG-15160,OFF-AR-10004685,US-Sou-Geo-Atl-30318,CA-2021-123176,SC-2021-09-123176,0.0,0.0,0.0,4.5837,28-09-2021
JG-15160,OFF-PA-10003971,US-Sou-Geo-Atl-30318,CA-2021-123176,SC-2021-09-123176,0.0,0.0,0.0,8.7906,28-09-2021
HM-14860,FUR-BO-10000780,US-Cen-Tex-Hun-77340,US-2021-110170,SC-2021-10-110170,0.0,0.0,0.32,-225.0976,28-09-2021
SW-20455,TEC-PH-10002584,US-Wes-Was-Sea-98103,CA-2021-140249,SC-2021-10-140249,0.0,0.0,0.2,125.198,28-09-2021
BM-11650,OFF-BI-10002764,US-Eas-Ohi-Lan-43130,CA-2021-163202,SC-2021-10-163202,0.0,0.0,0.7,-2.0349,28-09-2021
MM-18280,OFF-PA-10003039,US-Cen-Ill-Qui-62301,US-2021-134656,FC-2021-10-134656,0.0,0.0,0.2,30.98,29-09-2021
JK-15730,OFF-AR-10001149,US-Sou-Ala-Mob-36608,CA-2021-108616,SC-2021-10-108616,0.0,0.0,0.0,7.776,30-09-2021
PS-18760,OFF-PA-10000176,US-Wes-Cal-Los-90008,US-2021-101497,SC-2021-10-101497,0.0,0.0,0.0,9.1056,30-09-2021
CC-12100,OFF-AR-10000255,US-Cen-Ind-Col-47201,CA-2021-161781,FC-2021-10-161781,0.0,0.0,0.0,10.6288,30-09-2021
ES-14080,TEC-PH-10001817,US-Wes-Ore-Spr-97477,CA-2021-108056,SC-2021-10-108056,0.0,0.0,0.2,75.18,30-09-2021
JK-15730,TEC-AC-10000420,US-Sou-Ala-Mob-36608,CA-2021-108616,SC-2021-10-108616,0.0,0.0,0.0,71.3898,30-09-2021
ML-17410,TEC-AC-10003399,US-Wes-Cal-Los-90008,CA-2021-125794,SC-2021-10-125794,0.0,0.0,0.0,15.2208,30-09-2021
JK-15730,OFF-BI-10001989,US-Sou-Ala-Mob-36608,CA-2021-108616,SC-2021-10-108616,0.0,0.0,0.0,30.2112,30-09-2021
LS-16945,OFF-LA-10004853,US-Eas-Pen-Phi-19140,CA-2021-134362,FC-2021-10-134362,0.0,0.0,0.2,5.1792,30-09-2021
AR-10540,OFF-BI-10002982,US-Wes-Cal-San-94109,CA-2021-138037,SC-2021-10-138037,0.0,0.0,0.2,9.534,30-09-2021
DM-12955,OFF-AR-10002375,US-Wes-Ari-Yum-85364,CA-2021-106621,SC-2021-10-106621,0.0,0.0,0.2,1.1808,30-09-2021
SJ-20215,OFF-BI-10000343,US-Cen-Ill-Qui-62301,CA-2021-108644,FC-2021-10-108644,0.0,0.0,0.8,-3.2406,01-10-2021
GM-14680,FUR-BO-10003034,US-Eas-New-New-10011,CA-2021-106243,SC-2021-10-106243,0.0,0.0,0.2,-26.196,01-10-2021
HG-15025,TEC-AC-20003832,US-Cen-Tex-Ama-79109,CA-2021-111794,SC-2021-10-111794,0.0,0.0,0.2,20.8719,02-10-2021
CC-12220,TEC-PH-10000215,US-Cen-Ind-La -46350,CA-2021-155992,FC-2021-10-155992,0.0,0.0,0.0,18.873,02-10-2021
JK-15205,OFF-AR-10003631,US-Sou-Flo-Hia-33012,CA-2021-116918,SC-2021-10-116918,0.0,0.0,0.2,5.0336,02-10-2021
JK-15205,OFF-BI-10004140,US-Sou-Flo-Hia-33012,CA-2021-116918,SC-2021-10-116918,0.0,0.0,0.7,-4.49,02-10-2021
CC-12220,FUR-FU-10003724,US-Cen-Ind-La -46350,CA-2021-155992,FC-2021-10-155992,0.0,0.0,0.0,10.881,02-10-2021
GM-14680,FUR-TA-10003238,US-Eas-New-New-10024,CA-2021-139157,SC-2021-10-139157,0.0,0.0,0.4,-115.7058,02-10-2021
HG-15025,OFF-PA-10000474,US-Cen-Tex-Ama-79109,CA-2021-111794,SC-2021-10-111794,0.0,0.0,0.2,9.5688,02-10-2021
TC-20980,OFF-BI-10004600,US-Cen-Ind-Laf-47905,CA-2021-118689,SC-2021-10-118689,0.0,0.0,0.0,331.191,03-10-2021
TC-20980,TEC-CO-10004722,US-Cen-Ind-Laf-47905,CA-2021-118689,SC-2021-10-118689,0.0,0.0,0.0,8399.976,03-10-2021
TC-20980,OFF-AR-10001958,US-Cen-Ind-Laf-47905,CA-2021-118689,SC-2021-10-118689,0.0,0.0,0.0,9.5088,03-10-2021
TT-21265,OFF-AP-10004532,US-Eas-New-New-10024,CA-2021-134376,SC-2021-10-134376,0.0,0.0,0.0,16.5888,03-10-2021
LP-17095,OFF-BI-10002429,US-Wes-Ari-Pho-85023,CA-2021-118969,FC-2021-10-118969,0.0,0.0,0.7,-40.1808,03-10-2021
TC-20980,OFF-ST-10001558,US-Cen-Ind-Laf-47905,CA-2021-118689,SC-2021-10-118689,0.0,0.0,0.0,4.872,03-10-2021
TC-20980,OFF-BI-10003712,US-Cen-Ind-Laf-47905,CA-2021-118689,SC-2021-10-118689,0.0,0.0,0.0,16.8413,03-10-2021
EB-13870,FUR-CH-10003199,US-Eas-New-New-10035,CA-2021-144939,SC-2021-10-144939,0.0,0.0,0.1,93.2232,04-10-2021
DB-12910,FUR-CH-10004063,US-Wes-Cal-Lak-92630,CA-2021-101672,SC-2021-10-101672,0.0,0.0,0.2,102.9528,04-10-2021
HL-15040,OFF-EN-10001099,US-Cen-Tex-Hou-77095,CA-2021-140634,SC-2021-10-140634,0.0,0.0,0.2,5.0856,04-10-2021
DB-12910,OFF-PA-10004610,US-Wes-Cal-Lak-92630,CA-2021-101672,SC-2021-10-101672,0.0,0.0,0.0,3.852,04-10-2021
DB-12910,OFF-PA-10001878,US-Wes-Cal-Lak-92630,CA-2021-101672,SC-2021-10-101672,0.0,0.0,0.0,45.9754,04-10-2021
DB-12910,OFF-LA-10002271,US-Wes-Cal-Lak-92630,CA-2021-101672,SC-2021-10-101672,0.0,0.0,0.0,2.9568,04-10-2021
TP-21565,FUR-FU-10001756,US-Cen-Tex-Gra-75051,CA-2021-103919,SC-2021-10-103919,0.0,0.0,0.6,-29.512,04-10-2021
DR-12940,OFF-BI-10000977,US-Eas-Rho-Pro-2908,US-2021-140158,SC-2021-10-140158,0.0,0.0,0.0,13.984,05-10-2021
AH-10690,TEC-PH-10003095,US-Sou-Flo-Cor-33134,CA-2021-145709,SC-2021-10-145709,0.0,0.0,0.2,19.755,05-10-2021
DR-12940,TEC-CO-10001449,US-Eas-Rho-Pro-2908,US-2021-140158,SC-2021-10-140158,0.0,0.0,0.0,2591.9568,05-10-2021
AH-10690,FUR-FU-10002885,US-Sou-Flo-Cor-33134,CA-2021-145709,SC-2021-10-145709,0.0,0.0,0.2,2.6028,05-10-2021
MS-17830,FUR-TA-10002622,US-Eas-Mar-Bal-21215,CA-2021-131296,SC-2021-10-131296,0.0,0.0,0.3,-23.9372,05-10-2021
DR-12940,OFF-ST-10000136,US-Eas-Rho-Pro-2908,US-2021-140158,SC-2021-10-140158,0.0,0.0,0.0,34.539,05-10-2021
MO-17500,OFF-EN-10003862,US-Cen-Tex-The-75056,CA-2021-121601,SC-2021-10-121601,0.0,0.0,0.2,19.4194,05-10-2021
LB-16795,OFF-BI-10002824,US-Wes-Col-Pue-81001,US-2021-157490,FC-2021-10-157490,0.0,0.0,0.7,-14.92,07-10-2021
JH-15910,OFF-BI-10004654,US-Cen-Okl-Tul-74133,US-2021-115952,SC-2021-10-115952,0.0,0.0,0.0,14.425,07-10-2021
LB-16795,TEC-AC-10001553,US-Wes-Col-Pue-81001,US-2021-157490,FC-2021-10-157490,0.0,0.0,0.2,0.8495,07-10-2021
LB-16795,TEC-MA-10001695,US-Wes-Col-Pue-81001,US-2021-157490,FC-2021-10-157490,0.0,0.0,0.7,-938.28,07-10-2021
LB-16795,OFF-BI-10002571,US-Wes-Col-Pue-81001,US-2021-157490,FC-2021-10-157490,0.0,0.0,0.7,-9.1816,07-10-2021
DL-13495,TEC-MA-10001972,US-Wes-Was-Spo-99207,CA-2021-127649,FC-2021-10-127649,0.0,0.0,0.2,62.82,08-10-2021
CC-12475,OFF-PA-10000143,US-Wes-Cal-Los-90032,CA-2021-155033,SC-2021-10-155033,0.0,0.0,0.0,5.0688,08-10-2021
MC-18100,OFF-FA-10001883,US-Wes-Was-Mar-98270,CA-2021-139808,SC-2021-10-139808,0.0,0.0,0.0,0.9336,08-10-2021
AW-10930,OFF-LA-10000134,US-Eas-Pen-Phi-19143,CA-2021-163216,FC-2021-10-163216,0.0,0.0,0.2,1.7248,08-10-2021
TB-21250,OFF-BI-10004001,US-Wes-Cal-Los-90049,CA-2021-162614,SC-2021-10-162614,0.0,0.0,0.2,8.8608,08-10-2021
BW-11110,FUR-FU-10004909,US-Cen-Tex-Hou-77070,US-2021-126844,SC-2021-10-126844,0.0,0.0,0.6,-32.32,09-10-2021
PM-19135,OFF-LA-10004545,US-Cen-Tex-San-78207,CA-2021-149685,SC-2021-10-149685,0.0,0.0,0.2,20.2986,09-10-2021
JE-15745,OFF-PA-10000167,US-Wes-Cal-Los-90036,US-2021-162026,SC-2021-10-162026,0.0,0.0,0.0,27.882,09-10-2021
DB-13615,OFF-ST-10000676,US-Sou-Nor-Cha-28205,CA-2021-135636,SC-2021-10-135636,0.0,0.0,0.2,-67.851,09-10-2021
MP-17965,TEC-PH-10004897,US-Eas-Ohi-Tro-45373,CA-2021-116974,SC-2021-10-116974,0.0,0.0,0.4,-15.5844,10-10-2021
MZ-17335,OFF-AR-10001315,US-Wes-Ari-Pho-85023,CA-2021-114748,SC-2021-10-114748,0.0,0.0,0.2,0.1584,10-10-2021
MZ-17335,FUR-FU-10001488,US-Wes-Ari-Pho-85023,CA-2021-114748,SC-2021-10-114748,0.0,0.0,0.2,0.0,10-10-2021
SP-20545,FUR-FU-10004071,US-Eas-Pen-Phi-19143,US-2021-128909,SC-2021-10-128909,0.0,0.0,0.2,-24.9624,10-10-2021
SP-20545,OFF-PA-10001593,US-Eas-Pen-Phi-19143,US-2021-128909,SC-2021-10-128909,0.0,0.0,0.2,5.98,10-10-2021
EB-13975,OFF-BI-10002557,US-Sou-Nor-Gre-27405,US-2021-150357,SC-2021-10-150357,0.0,0.0,0.7,-2.73,11-10-2021
EB-13975,OFF-SU-10004498,US-Sou-Nor-Gre-27405,US-2021-150357,SC-2021-10-150357,0.0,0.0,0.2,-4.3792,11-10-2021
WB-21850,FUR-FU-10004963,US-Cen-Tex-La -77571,CA-2021-126627,FC-2021-10-126627,0.0,0.0,0.6,-6.3,11-10-2021
WB-21850,OFF-BI-10001597,US-Cen-Tex-La -77571,CA-2021-126627,FC-2021-10-126627,0.0,0.0,0.8,-26.2272,11-10-2021
CC-12610,FUR-BO-10001567,US-Wes-Col-Den-80219,CA-2021-157707,FC-2021-10-157707,0.0,0.0,0.7,-190.8522,11-10-2021
CC-12610,FUR-CH-10004853,US-Wes-Col-Den-80219,CA-2021-157707,FC-2021-10-157707,0.0,0.0,0.2,13.5882,11-10-2021
CC-12610,TEC-PH-10002583,US-Wes-Col-Den-80219,CA-2021-157707,FC-2021-10-157707,0.0,0.0,0.2,-2.9985,11-10-2021
EP-13915,OFF-AR-10001446,US-Cen-Ill-Chi-60610,CA-2021-113390,SC-2021-10-113390,0.0,0.0,0.2,3.465,12-10-2021
EP-13915,OFF-AR-10003183,US-Cen-Ill-Chi-60610,CA-2021-113390,SC-2021-10-113390,0.0,0.0,0.2,0.668,12-10-2021
LC-16885,FUR-FU-10001706,US-Wes-Cal-Ros-95661,CA-2021-145583,SC-2021-10-145583,0.0,0.0,0.0,20.6976,14-10-2021
LC-16885,OFF-SU-10001218,US-Wes-Cal-Ros-95661,CA-2021-145583,SC-2021-10-145583,0.0,0.0,0.0,18.4464,14-10-2021
LC-16885,OFF-BI-10004781,US-Wes-Cal-Ros-95661,CA-2021-145583,SC-2021-10-145583,0.0,0.0,0.2,26.6616,14-10-2021
LC-16885,OFF-FA-10002988,US-Wes-Cal-Ros-95661,CA-2021-145583,SC-2021-10-145583,0.0,0.0,0.0,1.9698,14-10-2021
LC-16885,OFF-AR-10001149,US-Wes-Cal-Ros-95661,CA-2021-145583,SC-2021-10-145583,0.0,0.0,0.0,3.456,14-10-2021
LC-16885,OFF-PA-10001804,US-Wes-Cal-Ros-95661,CA-2021-145583,SC-2021-10-145583,0.0,0.0,0.0,9.6192,14-10-2021
HA-14920,OFF-PA-10000551,US-Cen-Tex-Lar-78041,CA-2021-154018,SC-2021-10-154018,0.0,0.0,0.2,3.0044,14-10-2021
LC-16885,OFF-PA-10001736,US-Wes-Cal-Ros-95661,CA-2021-145583,SC-2021-10-145583,0.0,0.0,0.0,16.6568,14-10-2021
BW-11110,FUR-FU-10003535,US-Eas-New-New-10024,CA-2021-101161,SC-2021-10-101161,0.0,0.0,0.0,33.7266,14-10-2021
BW-11110,OFF-LA-10000407,US-Eas-New-New-10024,CA-2021-101161,SC-2021-10-101161,0.0,0.0,0.0,11.454,14-10-2021
BW-11110,OFF-PA-10001295,US-Eas-New-New-10024,CA-2021-101161,SC-2021-10-101161,0.0,0.0,0.0,18.2112,14-10-2021
BW-11110,OFF-ST-10003123,US-Eas-New-New-10024,CA-2021-101161,SC-2021-10-101161,0.0,0.0,0.0,23.9688,14-10-2021
BW-11110,OFF-AR-10001860,US-Eas-New-New-10024,CA-2021-101161,SC-2021-10-101161,0.0,0.0,0.0,12.492,14-10-2021
HA-14920,FUR-FU-10003394,US-Cen-Tex-Lar-78041,CA-2021-154018,SC-2021-10-154018,0.0,0.0,0.6,-150.414,14-10-2021
HA-14920,OFF-BI-10004140,US-Cen-Tex-Lar-78041,CA-2021-154018,SC-2021-10-154018,0.0,0.0,0.8,-11.0005,14-10-2021
HA-14920,OFF-AR-10002067,US-Cen-Tex-Lar-78041,CA-2021-154018,SC-2021-10-154018,0.0,0.0,0.2,1.1904,14-10-2021
NC-18625,FUR-FU-10001617,US-Wes-Col-Aur-80013,US-2021-100839,SC-2021-10-100839,0.0,0.0,0.2,4.368,14-10-2021
NC-18625,FUR-TA-10004575,US-Wes-Col-Aur-80013,US-2021-100839,SC-2021-10-100839,0.0,0.0,0.5,-465.568,14-10-2021
HA-14920,TEC-AC-10002402,US-Cen-Tex-Lar-78041,CA-2021-154018,SC-2021-10-154018,0.0,0.0,0.2,23.997,14-10-2021
BE-11410,TEC-AC-10003033,US-Cen-Wis-App-54915,CA-2021-125220,SC-2021-10-125220,0.0,0.0,0.0,544.4175,15-10-2021
PW-19030,TEC-PH-10004094,US-Eas-New-New-10009,CA-2021-113607,SC-2021-10-113607,0.0,0.0,0.0,272.9825,15-10-2021
NC-18415,OFF-PA-10002319,US-Sou-Nor-Jac-28540,CA-2021-156503,SC-2021-10-156503,0.0,0.0,0.2,33.7212,15-10-2021
NC-18415,OFF-SU-10000946,US-Sou-Nor-Jac-28540,CA-2021-156503,SC-2021-10-156503,0.0,0.0,0.2,1.4364,15-10-2021
NC-18415,OFF-EN-10001335,US-Sou-Nor-Jac-28540,CA-2021-156503,SC-2021-10-156503,0.0,0.0,0.2,13.128,15-10-2021
CP-12340,TEC-AC-10000865,US-Wes-Was-Sea-98115,US-2021-108098,SC-2021-10-108098,0.0,0.0,0.0,30.09,15-10-2021
NC-18415,TEC-AC-10002473,US-Sou-Nor-Jac-28540,CA-2021-156503,SC-2021-10-156503,0.0,0.0,0.2,5.9598,15-10-2021
NC-18415,OFF-PA-10002377,US-Sou-Nor-Jac-28540,CA-2021-156503,SC-2021-10-156503,0.0,0.0,0.2,14.682,15-10-2021
NC-18415,FUR-CH-10003606,US-Sou-Nor-Jac-28540,CA-2021-156503,SC-2021-10-156503,0.0,0.0,0.2,10.2592,15-10-2021
PW-19030,OFF-PA-20001970,US-Eas-New-New-10009,CA-2021-113607,SC-2021-10-113607,0.0,0.0,0.0,54.8604,15-10-2021
CD-12790,OFF-LA-10004559,US-Cen-Okl-Okl-73120,CA-2021-124352,SC-2021-10-124352,0.0,0.0,0.0,9.8784,16-10-2021
CD-12790,OFF-LA-10003223,US-Cen-Okl-Okl-73120,CA-2021-124352,SC-2021-10-124352,0.0,0.0,0.0,14.4354,16-10-2021
CD-12790,OFF-AP-10002651,US-Cen-Okl-Okl-73120,CA-2021-124352,SC-2021-10-124352,0.0,0.0,0.0,251.8911,16-10-2021
QJ-19255,OFF-EN-10002312,US-Sou-Vir-Spr-22153,CA-2021-142097,SC-2021-10-142097,0.0,0.0,0.0,32.6046,16-10-2021
CD-12790,OFF-PA-10003177,US-Cen-Okl-Okl-73120,CA-2021-124352,SC-2021-10-124352,0.0,0.0,0.0,6.2208,16-10-2021
CD-12790,TEC-PH-10003442,US-Cen-Okl-Okl-73120,CA-2021-124352,SC-2021-10-124352,0.0,0.0,0.0,1.375,16-10-2021
CD-12790,OFF-BI-10000977,US-Cen-Okl-Okl-73120,CA-2021-124352,SC-2021-10-124352,0.0,0.0,0.0,55.936,16-10-2021
QJ-19255,OFF-BI-10002082,US-Sou-Vir-Spr-22153,CA-2021-142097,SC-2021-10-142097,0.0,0.0,0.0,116.48,16-10-2021
PB-18805,OFF-PA-10001509,US-Wes-Uta-Sal-84106,CA-2021-125738,SC-2021-10-125738,0.0,0.0,0.0,32.936,16-10-2021
PB-18805,OFF-PA-10000740,US-Wes-Uta-Sal-84106,CA-2021-125738,SC-2021-10-125738,0.0,0.0,0.0,21.0128,16-10-2021
PB-18805,OFF-PA-10003001,US-Wes-Uta-Sal-84106,CA-2021-125738,SC-2021-10-125738,0.0,0.0,0.0,28.8576,16-10-2021
PB-18805,OFF-BI-10001628,US-Wes-Uta-Sal-84106,CA-2021-125738,SC-2021-10-125738,0.0,0.0,0.2,13.0375,16-10-2021
QJ-19255,OFF-AP-10000696,US-Sou-Vir-Spr-22153,CA-2021-142097,SC-2021-10-142097,0.0,0.0,0.0,14.2758,16-10-2021
NB-18655,FUR-TA-10001539,US-Eas-New-New-10011,CA-2021-132066,SC-2021-10-132066,0.0,0.0,0.4,-37.9152,17-10-2021
NR-18550,OFF-BI-10004584,US-Eas-New-Per-8861,CA-2021-152688,FC-2021-10-152688,0.0,0.0,0.0,148.5106,18-10-2021
NK-18490,OFF-BI-10003981,US-Wes-Cal-San-94122,CA-2021-141586,FC-2021-10-141586,0.0,0.0,0.2,6.583,18-10-2021
NR-18550,FUR-BO-10001337,US-Eas-New-Per-8861,CA-2021-152688,FC-2021-10-152688,0.0,0.0,0.0,12.098,18-10-2021
FC-14245,OFF-AP-10003057,US-Cen-Mis-Col-65203,CA-2021-147256,SC-2021-10-147256,0.0,0.0,0.0,751.7601,18-10-2021
FC-14245,TEC-PH-10003072,US-Cen-Mis-Col-65203,CA-2021-147256,SC-2021-10-147256,0.0,0.0,0.0,220.4853,18-10-2021
MG-17890,FUR-BO-10003894,US-Wes-Cal-Fre-93727,CA-2021-163972,SC-2021-10-163972,0.0,0.0,0.15,21.294,18-10-2021
EP-13915,FUR-CH-10003396,US-Wes-Ari-Tem-85281,US-2021-159856,SC-2021-10-159856,0.0,0.0,0.2,-34.641,19-10-2021
CM-12445,OFF-FA-10003112,US-Cen-Tex-Hou-77095,CA-2021-133697,SC-2021-10-133697,0.0,0.0,0.2,7.89,21-10-2021
CM-12445,OFF-PA-10000726,US-Cen-Tex-Hou-77095,CA-2021-133697,SC-2021-10-133697,0.0,0.0,0.2,15.9425,21-10-2021
LC-16960,FUR-FU-10000246,US-Sou-Vir-Arl-22204,CA-2021-105753,SC-2021-10-105753,0.0,0.0,0.0,18.33,21-10-2021
JS-16030,OFF-ST-10000617,US-Cen-Mic-Tre-48183,CA-2021-160220,SC-2021-10-160220,0.0,0.0,0.0,1.4602,21-10-2021
JS-16030,TEC-PH-10001557,US-Cen-Mic-Tre-48183,CA-2021-160220,SC-2021-10-160220,0.0,0.0,0.0,51.8346,21-10-2021
CM-12445,FUR-CH-10002372,US-Cen-Tex-Hou-77095,CA-2021-133697,SC-2021-10-133697,0.0,0.0,0.3,-14.5764,21-10-2021
MY-18295,FUR-CH-10001802,US-Wes-Cal-El -92020,CA-2021-139549,SC-2021-10-139549,0.0,0.0,0.2,4.8392,21-10-2021
LF-17185,OFF-AR-10002053,US-Eas-Ohi-New-43055,CA-2021-106341,FC-2021-10-106341,0.0,0.0,0.2,0.7152,21-10-2021
AG-10495,OFF-BI-10004209,US-Wes-Cal-Los-90049,CA-2021-168921,FC-2021-10-168921,0.0,0.0,0.2,6.03,21-10-2021
JS-16030,TEC-PH-10001300,US-Cen-Mic-Tre-48183,CA-2021-160220,SC-2021-10-160220,0.0,0.0,0.0,35.196,21-10-2021
MY-18295,OFF-BI-10002813,US-Eas-Del-New-19711,CA-2021-151169,SC-2021-10-151169,0.0,0.0,0.0,3.564,22-10-2021
SV-20935,TEC-PH-10001305,US-Eas-Ohi-Col-43229,CA-2021-133669,SC-2021-10-133669,0.0,0.0,0.4,-47.0304,22-10-2021
VW-21775,FUR-TA-10003238,US-Eas-Ohi-Lak-44107,CA-2021-125080,SC-2021-10-125080,0.0,0.0,0.4,-231.4116,22-10-2021
JE-15745,OFF-ST-10004804,US-Wes-Cal-San-92037,CA-2021-144729,SC-2021-10-144729,0.0,0.0,0.0,1.5444,22-10-2021
CM-12160,TEC-AC-10004510,US-Eas-Mar-Bal-21215,CA-2021-111493,FC-2021-10-111493,0.0,0.0,0.0,9.816,22-10-2021
AP-10720,FUR-FU-10002878,US-Sou-Flo-For-33311,CA-2021-136322,SC-2021-10-136322,0.0,0.0,0.2,9.6832,22-10-2021
MK-17905,OFF-SU-10001225,US-Eas-Con-Man-6040,CA-2021-155516,SC-2021-10-155516,0.0,0.0,0.0,0.1472,22-10-2021
GW-14605,OFF-ST-10004950,US-Sou-Ten-Jac-38301,CA-2021-169334,SC-2021-10-169334,0.0,0.0,0.2,6.9795,22-10-2021
MK-17905,OFF-BI-10002412,US-Eas-Con-Man-6040,CA-2021-155516,SC-2021-10-155516,0.0,0.0,0.0,10.44,22-10-2021
AP-10720,OFF-BI-10004817,US-Sou-Flo-For-33311,CA-2021-136322,SC-2021-10-136322,0.0,0.0,0.7,-21.0848,22-10-2021
DP-13390,OFF-BI-10001120,US-Wes-Nev-Nor-89031,CA-2021-138478,SC-2021-10-138478,0.0,0.0,0.2,1644.2913,22-10-2021
MK-17905,OFF-ST-10002406,US-Eas-Con-Man-6040,CA-2021-155516,SC-2021-10-155516,0.0,0.0,0.0,29.3412,22-10-2021
NM-18520,OFF-PA-10001892,US-Wes-Cal-Riv-92503,CA-2021-112340,SC-2021-10-112340,0.0,0.0,0.0,11.2308,22-10-2021
MK-17905,FUR-BO-10002545,US-Eas-Con-Man-6040,CA-2021-155516,SC-2021-10-155516,0.0,0.0,0.0,271.4192,22-10-2021
CS-11950,OFF-AR-10000390,US-Wes-Cal-Los-90045,CA-2021-161746,SC-2021-10-161746,0.0,0.0,0.0,5.6994,22-10-2021
JF-15565,TEC-AC-10002323,US-Cen-Tex-San-78207,CA-2021-166373,SC-2021-10-166373,0.0,0.0,0.2,-9.282,22-10-2021
CS-11950,FUR-FU-10003731,US-Wes-Cal-Los-90045,CA-2021-161746,SC-2021-10-161746,0.0,0.0,0.0,5.5888,22-10-2021
DP-13390,OFF-PA-10001801,US-Wes-Nev-Nor-89031,CA-2021-138478,SC-2021-10-138478,0.0,0.0,0.0,17.5812,22-10-2021
DP-13390,OFF-AR-10002240,US-Wes-Nev-Nor-89031,CA-2021-138478,SC-2021-10-138478,0.0,0.0,0.0,29.4372,22-10-2021
CS-11950,OFF-ST-10002743,US-Wes-Cal-Los-90045,CA-2021-161746,SC-2021-10-161746,0.0,0.0,0.0,3.4092,22-10-2021
CS-11950,FUR-CH-10004626,US-Wes-Cal-Los-90045,CA-2021-161746,SC-2021-10-161746,0.0,0.0,0.2,12.1068,22-10-2021
MS-17530,OFF-AR-10002766,US-Wes-Was-Sea-98105,CA-2021-169887,SC-2021-10-169887,0.0,0.0,0.0,2.2518,23-10-2021
MS-17530,OFF-PA-10003001,US-Wes-Was-Sea-98105,CA-2021-169887,SC-2021-10-169887,0.0,0.0,0.0,3.2064,23-10-2021
EB-13930,FUR-FU-10003731,US-Sou-Vir-Ric-23223,US-2021-116400,FC-2021-10-116400,0.0,0.0,0.0,11.1776,23-10-2021
MS-17530,FUR-FU-10003095,US-Wes-Was-Sea-98105,CA-2021-169887,SC-2021-10-169887,0.0,0.0,0.0,30.582,23-10-2021
PM-19135,FUR-FU-10000732,US-Cen-Mic-Det-48227,CA-2021-165148,FC-2021-10-165148,0.0,0.0,0.0,10.048,23-10-2021
HK-14890,OFF-PA-10000595,US-Cen-Ill-Chi-60610,CA-2021-165484,SC-2021-10-165484,0.0,0.0,0.2,17.8152,24-10-2021
HK-14890,FUR-FU-10001196,US-Cen-Ill-Chi-60610,CA-2021-165484,SC-2021-10-165484,0.0,0.0,0.6,-12.117,24-10-2021
AB-10255,OFF-FA-10002983,US-Wes-Was-Sea-98103,CA-2021-151323,SC-2021-10-151323,0.0,0.0,0.0,8.184,24-10-2021
SR-20740,OFF-PA-10000482,US-Eas-New-New-10024,CA-2021-132661,SC-2021-10-132661,0.0,0.0,0.0,178.318,24-10-2021
VW-21775,TEC-AC-10002637,US-Wes-Cal-Los-90032,CA-2021-121748,SC-2021-10-121748,0.0,0.0,0.0,21.5988,25-10-2021
CG-12040,TEC-PH-10001061,US-Sou-Ten-Leb-37087,CA-2021-121020,SC-2021-11-121020,0.0,0.0,0.2,17.9982,25-10-2021
JP-15460,OFF-PA-10003072,US-Cen-Tex-Hou-77041,CA-2021-158925,SC-2021-10-158925,0.0,0.0,0.2,5.4432,25-10-2021
VW-21775,TEC-AC-10003063,US-Wes-Cal-Los-90032,CA-2021-121748,SC-2021-10-121748,0.0,0.0,0.0,21.0,25-10-2021
SS-20590,TEC-AC-10001838,US-Wes-Cal-San-94109,CA-2021-166275,SC-2021-10-166275,0.0,0.0,0.0,85.9957,25-10-2021
ED-13885,TEC-AC-10000892,US-Wes-Cal-San-94110,CA-2021-118311,SC-2021-10-118311,0.0,0.0,0.0,162.0,25-10-2021
JS-15595,TEC-PH-10000984,US-Sou-Flo-Mia-33180,CA-2021-153318,FC-2021-10-153318,0.0,0.0,0.2,78.396,26-10-2021
BW-11200,OFF-BI-10002949,US-Eas-New-New-10011,CA-2021-116596,SC-2021-11-116596,0.0,0.0,0.2,3.2832,28-10-2021
JE-15475,FUR-FU-10002671,US-Eas-New-Tro-12180,CA-2021-152632,SC-2021-11-152632,0.0,0.0,0.0,19.296,28-10-2021
BW-11200,OFF-FA-10000134,US-Eas-New-New-10011,CA-2021-116596,SC-2021-11-116596,0.0,0.0,0.0,12.6077,28-10-2021
BW-11200,OFF-ST-10000636,US-Eas-New-New-10011,CA-2021-116596,SC-2021-11-116596,0.0,0.0,0.0,1.3392,28-10-2021
BP-11095,OFF-BI-10001628,US-Wes-Cal-San-94122,CA-2021-156811,SC-2021-11-156811,0.0,0.0,0.2,7.8225,28-10-2021
BW-11200,FUR-CH-10000847,US-Sou-Vir-Ham-23666,CA-2021-120873,SC-2021-11-120873,0.0,0.0,0.0,75.6548,28-10-2021
BP-11095,OFF-AP-10001366,US-Wes-Cal-San-94122,CA-2021-156811,SC-2021-11-156811,0.0,0.0,0.0,11.8584,28-10-2021
PA-19060,OFF-BI-10004308,US-Wes-Cal-San-94122,US-2021-117387,SC-2021-11-117387,0.0,0.0,0.2,25.176,28-10-2021
BW-11200,FUR-CH-10000553,US-Eas-New-New-10011,CA-2021-116596,SC-2021-11-116596,0.0,0.0,0.1,80.7772,28-10-2021
JD-15895,OFF-PA-10004243,US-Eas-New-Bel-7109,CA-2021-142545,SC-2021-11-142545,0.0,0.0,0.0,27.3168,29-10-2021
JH-15910,TEC-PH-10002563,US-Wes-Cal-Los-90032,CA-2021-130162,SC-2021-11-130162,0.0,0.0,0.2,22.6782,29-10-2021
JD-15895,OFF-PA-10002105,US-Eas-New-Bel-7109,CA-2021-142545,SC-2021-11-142545,0.0,0.0,0.0,15.552,29-10-2021
JH-15910,OFF-ST-10001328,US-Wes-Cal-Los-90032,CA-2021-130162,SC-2021-11-130162,0.0,0.0,0.0,26.0568,29-10-2021
JD-15895,OFF-ST-10002756,US-Eas-New-Bel-7109,CA-2021-142545,SC-2021-11-142545,0.0,0.0,0.0,10.8248,29-10-2021
EP-13915,OFF-BI-10001191,US-Sou-Flo-Tam-33614,CA-2021-140641,SC-2021-11-140641,0.0,0.0,0.7,-26.733,29-10-2021
PG-18820,FUR-FU-10000076,US-Sou-Flo-Boy-33437,CA-2021-144344,SC-2021-10-144344,0.0,0.0,0.2,13.7862,29-10-2021
AS-10285,OFF-BI-10002225,US-Wes-Cal-San-94109,CA-2021-134775,FC-2021-10-134775,0.0,0.0,0.2,17.3376,29-10-2021
PG-18820,FUR-FU-10003268,US-Sou-Flo-Boy-33437,CA-2021-144344,SC-2021-10-144344,0.0,0.0,0.2,0.0,29-10-2021
PG-18820,FUR-FU-10003553,US-Sou-Flo-Boy-33437,CA-2021-144344,SC-2021-10-144344,0.0,0.0,0.2,41.262,29-10-2021
SM-20950,OFF-BI-10004236,US-Sou-Nor-Gre-27834,US-2021-144393,SC-2021-11-144393,0.0,0.0,0.7,-14.0928,29-10-2021
AS-10285,OFF-PA-10004734,US-Wes-Cal-San-94109,CA-2021-134775,FC-2021-10-134775,0.0,0.0,0.0,25.48,29-10-2021
JD-15895,FUR-FU-10001861,US-Eas-New-Bel-7109,CA-2021-142545,SC-2021-11-142545,0.0,0.0,0.0,38.024,29-10-2021
JD-15895,OFF-BI-10002706,US-Eas-New-Bel-7109,CA-2021-142545,SC-2021-11-142545,0.0,0.0,0.0,6.5688,29-10-2021
DL-13330,OFF-AR-10004441,US-Eas-New-New-10009,CA-2021-125815,SC-2021-11-125815,0.0,0.0,0.0,5.2164,29-10-2021
VB-21745,FUR-FU-10003806,US-Eas-New-Roc-14609,CA-2021-120369,SC-2021-10-120369,0.0,0.0,0.0,75.68,29-10-2021
PG-18820,OFF-BI-10003719,US-Sou-Flo-Boy-33437,CA-2021-144344,SC-2021-10-144344,0.0,0.0,0.7,-29.94,29-10-2021
KW-16435,FUR-FU-10002671,US-Cen-Mic-Lan-48911,CA-2021-146682,FC-2021-11-146682,0.0,0.0,0.0,32.16,30-10-2021
LH-17155,OFF-BI-10004236,US-Wes-Cal-Los-90008,US-2021-131912,SC-2021-11-131912,0.0,0.0,0.2,3.8168,30-10-2021
JM-15655,OFF-AP-10001626,US-Eas-New-Bri-8302,CA-2021-112389,SC-2021-11-112389,0.0,0.0,0.0,3.0342,30-10-2021
JM-15655,OFF-ST-10000419,US-Eas-New-Bri-8302,CA-2021-112389,SC-2021-11-112389,0.0,0.0,0.0,0.4074,30-10-2021
EH-13765,OFF-AR-10004602,US-Eas-New-New-10011,CA-2021-153836,SC-2021-11-153836,0.0,0.0,0.0,32.186,31-10-2021
JF-15295,OFF-AR-10004078,US-Cen-Mic-Ste-48310,CA-2021-167290,SC-2021-11-167290,0.0,0.0,0.0,3.504,31-10-2021
SP-20920,OFF-FA-10003059,US-Wes-Cal-San-93405,CA-2021-105291,SC-2021-11-105291,0.0,0.0,0.0,1.1946,31-10-2021
EH-13765,OFF-BI-10004817,US-Eas-New-New-10011,CA-2021-153836,SC-2021-11-153836,0.0,0.0,0.2,10.0632,31-10-2021
SF-20965,FUR-CH-10001854,US-Wes-Cal-San-94109,CA-2021-146913,SC-2021-11-146913,0.0,0.0,0.2,70.196,01-11-2021
HW-14935,OFF-ST-10001128,US-Cen-Okl-Tul-74133,CA-2021-140130,SC-2021-11-140130,0.0,0.0,0.0,9.9882,01-11-2021
HW-14935,OFF-AR-10004269,US-Cen-Okl-Tul-74133,CA-2021-140130,SC-2021-11-140130,0.0,0.0,0.0,3.4692,01-11-2021
JD-15895,OFF-ST-10002615,US-Wes-Cal-Los-90045,CA-2021-144218,SC-2021-11-144218,0.0,0.0,0.0,282.2092,01-11-2021
HW-14935,FUR-CH-10002084,US-Cen-Okl-Tul-74133,CA-2021-140130,SC-2021-11-140130,0.0,0.0,0.0,81.1734,01-11-2021
HW-14935,OFF-SU-10001218,US-Cen-Okl-Tul-74133,CA-2021-140130,SC-2021-11-140130,0.0,0.0,0.0,6.1488,01-11-2021
BD-11320,FUR-CH-10000988,US-Eas-Pen-Phi-19143,CA-2021-119165,SC-2021-11-119165,0.0,0.0,0.3,-14.081,01-11-2021
FO-14305,OFF-PA-10002986,US-Sou-Flo-Hol-33021,US-2021-142251,SC-2021-11-142251,0.0,0.0,0.2,11.2224,01-11-2021
KM-16375,TEC-PH-10003988,US-Sou-Vir-Sal-24153,CA-2021-159212,SC-2021-11-159212,0.0,0.0,0.0,6.104,02-11-2021
KM-16375,OFF-EN-10002230,US-Sou-Vir-Sal-24153,CA-2021-159212,SC-2021-11-159212,0.0,0.0,0.0,118.3413,02-11-2021
CS-12490,OFF-ST-10004950,US-Cen-Tex-Con-77301,CA-2021-100671,FC-2021-11-100671,0.0,0.0,0.2,6.9795,02-11-2021
XP-21865,TEC-AC-10002473,US-Cen-Ill-Chi-60610,CA-2021-129196,SC-2021-11-129196,0.0,0.0,0.2,17.8794,02-11-2021
XP-21865,OFF-AP-10002998,US-Wes-Cal-Los-90049,CA-2021-109365,SC-2021-11-109365,0.0,0.0,0.0,14.2956,04-11-2021
CL-12565,OFF-AR-10000380,US-Cen-Iow-Urb-50322,CA-2021-128867,SC-2021-11-128867,0.0,0.0,0.0,22.788,04-11-2021
CL-12565,OFF-BI-10003981,US-Cen-Iow-Urb-50322,CA-2021-128867,SC-2021-11-128867,0.0,0.0,0.0,13.3476,04-11-2021
PJ-18835,OFF-PA-10002160,US-Cen-Tex-Dal-75217,CA-2021-160136,SC-2021-11-160136,0.0,0.0,0.2,3.3524,04-11-2021
SF-20200,OFF-AR-10003394,US-Wes-Was-Mar-98270,CA-2021-127250,SC-2021-11-127250,0.0,0.0,0.0,2.3814,04-11-2021
AP-10915,OFF-FA-10002280,US-Sou-Ken-Hen-42420,CA-2021-168893,SC-2021-11-168893,0.0,0.0,0.0,9.6,04-11-2021
AP-10915,OFF-AR-10001770,US-Sou-Ken-Hen-42420,CA-2021-168893,SC-2021-11-168893,0.0,0.0,0.0,2.0748,04-11-2021
AP-10915,FUR-FU-10002885,US-Sou-Ken-Hen-42420,CA-2021-168893,SC-2021-11-168893,0.0,0.0,0.0,9.158,04-11-2021
AP-10915,OFF-AR-10003772,US-Sou-Ken-Hen-42420,CA-2021-168893,SC-2021-11-168893,0.0,0.0,0.0,2.625,04-11-2021
AP-10915,FUR-TA-10003392,US-Sou-Ken-Hen-42420,CA-2021-168893,SC-2021-11-168893,0.0,0.0,0.0,160.1586,04-11-2021
XP-21865,OFF-FA-10001561,US-Wes-Cal-Los-90049,CA-2021-109365,SC-2021-11-109365,0.0,0.0,0.0,5.0358,04-11-2021
XP-21865,OFF-PA-10004359,US-Wes-Cal-Los-90049,CA-2021-109365,SC-2021-11-109365,0.0,0.0,0.0,150.984,04-11-2021
XP-21865,OFF-BI-10003981,US-Wes-Cal-Los-90049,CA-2021-109365,SC-2021-11-109365,0.0,0.0,0.2,15.7992,04-11-2021
XP-21865,OFF-PA-10001725,US-Wes-Cal-Los-90049,CA-2021-109365,SC-2021-11-109365,0.0,0.0,0.0,56.9772,04-11-2021
XP-21865,OFF-BI-10002071,US-Wes-Cal-Los-90049,CA-2021-109365,SC-2021-11-109365,0.0,0.0,0.2,3.0212,04-11-2021
PF-19225,OFF-LA-10004545,US-Wes-Cal-Los-90032,CA-2021-114972,FC-2021-11-114972,0.0,0.0,0.0,41.2237,04-11-2021
PF-19225,FUR-CH-10001190,US-Wes-Cal-Los-90032,CA-2021-114972,FC-2021-11-114972,0.0,0.0,0.2,-29.9178,04-11-2021
PF-19225,TEC-AC-10000682,US-Wes-Cal-Los-90032,CA-2021-114972,FC-2021-11-114972,0.0,0.0,0.0,29.0325,04-11-2021
PF-19225,OFF-AP-10003057,US-Wes-Cal-Los-90032,CA-2021-114972,FC-2021-11-114972,0.0,0.0,0.0,429.5772,04-11-2021
JP-16135,FUR-CH-10004886,US-Eas-Pen-Phi-19120,CA-2021-134180,SC-2021-11-134180,0.0,0.0,0.3,-13.433,04-11-2021
JP-16135,TEC-AC-10000892,US-Eas-Pen-Phi-19120,CA-2021-134180,SC-2021-11-134180,0.0,0.0,0.2,14.4,04-11-2021
NW-18400,TEC-MA-10003337,US-Wes-Ore-Por-97206,CA-2021-159023,FC-2021-11-159023,0.0,0.0,0.7,-251.9874,04-11-2021
NW-18400,OFF-BI-10002813,US-Wes-Ore-Por-97206,CA-2021-159023,FC-2021-11-159023,0.0,0.0,0.7,-3.465,04-11-2021
XP-21865,OFF-PA-10000477,US-Wes-Cal-Los-90049,CA-2021-109365,SC-2021-11-109365,0.0,0.0,0.0,9.3312,04-11-2021
CC-12475,TEC-MA-10003176,US-Wes-Cal-San-92037,CA-2021-158260,SC-2021-11-158260,0.0,0.0,0.2,77.22,05-11-2021
TP-21565,FUR-CH-10003298,US-Wes-Ore-Eug-97405,CA-2021-163328,SC-2021-11-163328,0.0,0.0,0.2,-14.4078,05-11-2021
TP-21565,OFF-PA-10004353,US-Wes-Ore-Eug-97405,CA-2021-163328,SC-2021-11-163328,0.0,0.0,0.2,16.7832,05-11-2021
TP-21565,FUR-CH-10000229,US-Wes-Ore-Eug-97405,CA-2021-163328,SC-2021-11-163328,0.0,0.0,0.2,-97.5528,05-11-2021
RC-19825,OFF-FA-10000621,US-Sou-Ken-Lou-40214,CA-2021-143308,SC-2021-11-143308,0.0,0.0,0.0,5.2626,05-11-2021
AS-10285,FUR-FU-10003394,US-Wes-Was-Sea-98103,CA-2021-163755,SC-2021-11-163755,0.0,0.0,0.0,35.6796,05-11-2021
TP-21565,OFF-LA-10003930,US-Wes-Ore-Eug-97405,CA-2021-163328,SC-2021-11-163328,0.0,0.0,0.2,228.0792,05-11-2021
TP-21565,OFF-PA-10000176,US-Wes-Ore-Eug-97405,CA-2021-163328,SC-2021-11-163328,0.0,0.0,0.2,5.3116,05-11-2021
CW-11905,OFF-BI-10000494,US-Wes-Cal-Los-90004,CA-2021-119018,SC-2021-11-119018,0.0,0.0,0.2,1.305,05-11-2021
CW-11905,OFF-BI-10003314,US-Wes-Cal-Los-90004,CA-2021-119018,SC-2021-11-119018,0.0,0.0,0.2,2.7956,05-11-2021
MF-17665,FUR-FU-10001889,US-Sou-Flo-Mia-33180,CA-2021-165827,SC-2021-11-165827,0.0,0.0,0.2,8.2056,05-11-2021
SM-20005,FUR-FU-10000723,US-Cen-Tex-Hou-77041,US-2021-111563,SC-2021-11-111563,0.0,0.0,0.6,-84.2928,05-11-2021
SM-20005,FUR-FU-10002445,US-Cen-Tex-Hou-77041,US-2021-111563,SC-2021-11-111563,0.0,0.0,0.6,-5.688,05-11-2021
TT-21220,OFF-AR-10002135,US-Wes-Cal-Chu-91911,CA-2021-146766,SC-2021-11-146766,0.0,0.0,0.0,55.912,05-11-2021
CW-11905,OFF-PA-10000295,US-Wes-Cal-Los-90004,CA-2021-119018,SC-2021-11-119018,0.0,0.0,0.0,18.6624,05-11-2021
LH-17020,FUR-FU-10004020,US-Wes-Cal-San-94122,CA-2021-166443,FC-2021-11-166443,0.0,0.0,0.0,16.4647,05-11-2021
TP-21565,OFF-SU-10002301,US-Wes-Ore-Eug-97405,CA-2021-163328,SC-2021-11-163328,0.0,0.0,0.2,-4.1762,05-11-2021
ER-13855,OFF-SU-10003505,US-Sou-Nor-Cha-28205,CA-2021-162236,SC-2021-11-162236,0.0,0.0,0.2,-34.758,05-11-2021
ER-13855,FUR-TA-10002533,US-Sou-Nor-Cha-28205,CA-2021-162236,SC-2021-11-162236,0.0,0.0,0.4,-292.1,05-11-2021
ER-13855,OFF-ST-10003442,US-Sou-Nor-Cha-28205,CA-2021-162236,SC-2021-11-162236,0.0,0.0,0.2,3.9592,05-11-2021
JH-15985,OFF-BI-10002082,US-Wes-Cal-San-94109,CA-2021-148908,FC-2021-11-148908,0.0,0.0,0.2,19.968,06-11-2021
EP-13915,FUR-TA-10002774,US-Cen-Tex-Hou-77036,US-2021-131611,SC-2021-11-131611,0.0,0.0,0.3,-160.2952,06-11-2021
LW-17125,FUR-FU-10003806,US-Sou-Vir-Vir-23464,CA-2021-157280,FC-2021-11-157280,0.0,0.0,0.0,75.68,06-11-2021
LW-17125,TEC-AC-10000057,US-Sou-Vir-Vir-23464,CA-2021-157280,FC-2021-11-157280,0.0,0.0,0.0,18.8937,06-11-2021
LW-17125,FUR-FU-10004665,US-Sou-Vir-Vir-23464,CA-2021-157280,FC-2021-11-157280,0.0,0.0,0.0,71.2296,06-11-2021
LH-17155,FUR-CH-10004875,US-Wes-Cal-San-95123,CA-2021-144092,SC-2021-11-144092,0.0,0.0,0.2,9.9652,06-11-2021
AS-10285,TEC-PH-10003187,US-Eas-Pen-Phi-19134,US-2021-106677,SC-2021-11-106677,0.0,0.0,0.4,-15.992,06-11-2021
LH-17155,TEC-AC-10002305,US-Wes-Cal-San-95123,CA-2021-144092,SC-2021-11-144092,0.0,0.0,0.0,12.96,06-11-2021
CS-12400,OFF-BI-10003963,US-Wes-Cal-San-95123,CA-2021-140207,SC-2021-11-140207,0.0,0.0,0.2,9.828,06-11-2021
MA-17995,OFF-BI-10001989,US-Cen-Ind-Law-46226,US-2021-165078,SC-2021-11-165078,0.0,0.0,0.0,50.352,06-11-2021
EB-14170,OFF-LA-10002312,US-Cen-Tex-Lar-78041,CA-2021-143441,SC-2021-11-143441,0.0,0.0,0.2,4.44,06-11-2021
MA-17995,OFF-AR-10002987,US-Cen-Ind-Law-46226,US-2021-165078,SC-2021-11-165078,0.0,0.0,0.0,16.2688,06-11-2021
LH-17155,OFF-EN-10001434,US-Wes-Cal-San-95123,CA-2021-144092,SC-2021-11-144092,0.0,0.0,0.0,77.4837,06-11-2021
NP-18700,TEC-AC-10004420,US-Wes-Was-Sea-98105,CA-2021-125094,SC-2021-11-125094,0.0,0.0,0.0,52.7692,06-11-2021
EP-13915,OFF-BI-10004364,US-Cen-Tex-Hou-77036,US-2021-131611,SC-2021-11-131611,0.0,0.0,0.8,-6.237,06-11-2021
MA-17995,OFF-LA-10000414,US-Cen-Ind-Law-46226,US-2021-165078,SC-2021-11-165078,0.0,0.0,0.0,24.84,06-11-2021
EP-13915,FUR-BO-10000780,US-Cen-Tex-Hou-77036,US-2021-131611,SC-2021-11-131611,0.0,0.0,0.32,-225.0976,06-11-2021
EP-13915,TEC-AC-10004001,US-Cen-Tex-Hou-77036,US-2021-131611,SC-2021-11-131611,0.0,0.0,0.2,45.1395,06-11-2021
EP-13915,OFF-BI-10001989,US-Cen-Tex-Hou-77036,US-2021-131611,SC-2021-11-131611,0.0,0.0,0.8,-20.1408,06-11-2021
KL-16555,OFF-PA-10004071,US-Sou-Flo-Jac-32216,US-2021-153815,FC-2021-11-153815,0.0,0.0,0.2,31.0688,07-11-2021
KL-16555,OFF-PA-10002421,US-Sou-Flo-Jac-32216,US-2021-153815,FC-2021-11-153815,0.0,0.0,0.2,12.6392,07-11-2021
IM-15070,OFF-ST-10003442,US-Wes-Cal-San-92105,CA-2021-109925,SC-2021-11-109925,0.0,0.0,0.0,22.9068,07-11-2021
KL-16555,FUR-FU-10004090,US-Sou-Flo-Jac-32216,US-2021-153815,FC-2021-11-153815,0.0,0.0,0.2,5.7798,07-11-2021
KL-16555,FUR-CH-10000513,US-Sou-Flo-Jac-32216,US-2021-153815,FC-2021-11-153815,0.0,0.0,0.2,-28.5978,07-11-2021
LS-16975,FUR-FU-10003773,US-Wes-Cal-Los-90004,US-2021-125969,SC-2021-11-125969,0.0,0.0,0.0,26.2416,07-11-2021
MA-17995,FUR-CH-10001215,US-Wes-Wyo-Che-82001,CA-2021-152247,SC-2021-11-152247,0.0,0.0,0.2,100.196,08-11-2021
CB-12535,FUR-FU-10002597,US-Wes-Cal-San-94110,CA-2021-147585,SC-2021-11-147585,0.0,0.0,0.0,6.2244,08-11-2021
LW-17215,TEC-PH-10000586,US-Eas-New-Roc-14609,CA-2021-132997,FC-2021-11-132997,0.0,0.0,0.0,71.2692,08-11-2021
MJ-17740,OFF-BI-10004002,US-Wes-Was-Sea-98115,CA-2021-113817,SC-2021-11-113817,0.0,0.0,0.2,9.688,08-11-2021
LW-17215,OFF-BI-10004318,US-Eas-New-Roc-14609,CA-2021-132997,FC-2021-11-132997,0.0,0.0,0.2,89.9548,08-11-2021
MC-17845,OFF-ST-10001272,US-Cen-Tex-Dal-75220,CA-2021-116337,SC-2021-11-116337,0.0,0.0,0.2,19.6305,08-11-2021
DM-13345,TEC-AC-10002800,US-Eas-Ohi-New-43055,CA-2021-144554,SC-2021-11-144554,0.0,0.0,0.2,22.4955,08-11-2021
LD-17005,OFF-BI-10001543,US-Wes-Cal-San-94122,CA-2021-116379,SC-2021-11-116379,0.0,0.0,0.2,20.1544,08-11-2021
EM-14095,OFF-SU-10002503,US-Wes-Cal-Los-90036,CA-2021-161669,FC-2021-11-161669,0.0,0.0,0.0,3.2944,08-11-2021
EM-14095,OFF-BI-10001636,US-Wes-Cal-Los-90036,CA-2021-161669,FC-2021-11-161669,0.0,0.0,0.2,8.7672,08-11-2021
LW-17215,OFF-ST-10003479,US-Eas-New-Roc-14609,CA-2021-132997,FC-2021-11-132997,0.0,0.0,0.0,5.841,08-11-2021
MC-17845,FUR-FU-10002030,US-Cen-Tex-Dal-75220,CA-2021-116337,SC-2021-11-116337,0.0,0.0,0.6,-17.784,08-11-2021
LW-17215,OFF-PA-10004983,US-Eas-New-Roc-14609,CA-2021-132997,FC-2021-11-132997,0.0,0.0,0.0,6.2208,08-11-2021
EM-14095,OFF-BI-10001294,US-Wes-Cal-Los-90036,CA-2021-161669,FC-2021-11-161669,0.0,0.0,0.2,11.7,08-11-2021
CC-12475,OFF-FA-10004968,US-Eas-New-Lak-8701,US-2021-139388,FC-2021-11-139388,0.0,0.0,0.0,0.2992,08-11-2021
LW-17215,TEC-PH-10003811,US-Eas-New-Roc-14609,CA-2021-132997,FC-2021-11-132997,0.0,0.0,0.0,100.7916,08-11-2021
PS-19045,OFF-PA-10002246,US-Wes-Cal-Oce-92054,CA-2021-164896,SC-2021-11-164896,0.0,0.0,0.0,6.321,08-11-2021
EM-14095,OFF-LA-10004093,US-Wes-Cal-Los-90036,CA-2021-161669,FC-2021-11-161669,0.0,0.0,0.0,6.8714,08-11-2021
ML-17395,TEC-AC-10003911,US-Wes-Cal-San-94122,CA-2021-168830,SC-2021-11-168830,0.0,0.0,0.0,163.1898,08-11-2021
CG-12520,FUR-CH-10000454,US-Sou-Ken-Hen-42420,CA-2021-152156,SC-2021-11-152156,0.0,0.0,0.0,219.582,09-11-2021
CG-12520,FUR-BO-10001798,US-Sou-Ken-Hen-42420,CA-2021-152156,SC-2021-11-152156,0.0,0.0,0.0,41.9136,09-11-2021
PF-19165,TEC-AC-10002001,US-Wes-Cal-Oak-94601,CA-2021-138233,SC-2021-11-138233,0.0,0.0,0.0,177.5889,10-11-2021
AI-10855,OFF-AP-10000055,US-Wes-Cal-Los-90036,CA-2021-158694,SC-2021-11-158694,0.0,0.0,0.0,38.976,11-11-2021
CC-12430,OFF-BI-10004970,US-Wes-Cal-San-94122,CA-2021-163384,FC-2021-11-163384,0.0,0.0,0.2,4.4604,11-11-2021
PP-18955,TEC-AC-10002550,US-Eas-Ohi-Spr-45503,CA-2021-145177,SC-2021-11-145177,0.0,0.0,0.2,-29.0745,11-11-2021
CC-12430,OFF-PA-10003172,US-Wes-Cal-San-94122,CA-2021-163384,FC-2021-11-163384,0.0,0.0,0.0,15.552,11-11-2021
PP-18955,OFF-BI-10002082,US-Eas-Ohi-Spr-45503,CA-2021-145177,SC-2021-11-145177,0.0,0.0,0.7,-46.592,11-11-2021
AI-10855,OFF-PA-10002421,US-Wes-Cal-Los-90036,CA-2021-158694,SC-2021-11-158694,0.0,0.0,0.0,32.5008,11-11-2021
AI-10855,OFF-PA-10001363,US-Wes-Cal-Los-90036,CA-2021-158694,SC-2021-11-158694,0.0,0.0,0.0,28.858,11-11-2021
AI-10855,FUR-FU-10000965,US-Wes-Cal-Los-90036,CA-2021-158694,SC-2021-11-158694,0.0,0.0,0.0,191.6586,11-11-2021
SW-20275,TEC-PH-10003691,US-Eas-New-New-10009,CA-2021-127761,SC-2021-11-127761,0.0,0.0,0.0,220.4825,11-11-2021
AI-10855,OFF-ST-10001496,US-Wes-Cal-Los-90036,CA-2021-158694,SC-2021-11-158694,0.0,0.0,0.0,187.3976,11-11-2021
DC-13285,OFF-AR-10004999,US-Sou-Geo-War-31088,CA-2021-137736,SC-2021-11-137736,0.0,0.0,0.0,10.465,11-11-2021
SH-19975,OFF-BI-10001191,US-Eas-New-New-10011,CA-2021-125164,SC-2021-11-125164,0.0,0.0,0.2,7.3834,11-11-2021
SH-19975,OFF-BI-10003982,US-Eas-New-New-10011,CA-2021-125164,SC-2021-11-125164,0.0,0.0,0.2,16.8237,11-11-2021
AB-10015,TEC-PH-10000562,US-Cen-Okl-Okl-73120,CA-2021-140935,FC-2021-11-140935,0.0,0.0,0.0,62.1544,11-11-2021
AB-10015,FUR-BO-10003966,US-Cen-Okl-Okl-73120,CA-2021-140935,FC-2021-11-140935,0.0,0.0,0.0,54.7136,11-11-2021
SW-20275,OFF-BI-10002557,US-Eas-New-New-10009,CA-2021-127761,SC-2021-11-127761,0.0,0.0,0.2,1.365,11-11-2021
BF-11170,FUR-FU-10003731,US-Wes-Cal-Sac-95823,CA-2021-162348,SC-2021-11-162348,0.0,0.0,0.0,2.7944,11-11-2021
AF-10885,OFF-ST-10001558,US-Eas-Ohi-Tol-43615,CA-2021-115588,SC-2021-11-115588,0.0,0.0,0.2,-2.436,11-11-2021
RO-19780,OFF-ST-10000352,US-Wes-Cal-San-94110,CA-2021-152940,FC-2021-11-152940,0.0,0.0,0.0,4.461,11-11-2021
MS-17770,TEC-AC-10004901,US-Cen-Tex-Hou-77036,US-2021-144547,SC-2021-11-144547,0.0,0.0,0.2,48.9902,11-11-2021
KM-16225,FUR-FU-10001085,US-Cen-Mis-Spr-65807,CA-2021-119935,SC-2021-11-119935,0.0,0.0,0.0,17.158,11-11-2021
PP-18955,OFF-PA-10000682,US-Eas-Ohi-Spr-45503,CA-2021-145177,SC-2021-11-145177,0.0,0.0,0.2,1.6762,11-11-2021
PC-18745,OFF-ST-10002205,US-Wes-Cal-San-94122,CA-2021-105494,FC-2021-11-105494,0.0,0.0,0.0,42.0714,11-11-2021
PC-18745,OFF-BI-10003364,US-Wes-Cal-San-94122,CA-2021-105494,FC-2021-11-105494,0.0,0.0,0.2,24.5028,11-11-2021
KM-16225,OFF-BI-10001597,US-Cen-Mis-Spr-65807,CA-2021-119935,SC-2021-11-119935,0.0,0.0,0.0,39.3408,11-11-2021
AF-10885,OFF-SU-10001225,US-Eas-Ohi-Tol-43615,CA-2021-115588,SC-2021-11-115588,0.0,0.0,0.2,-3.312,11-11-2021
PP-18955,OFF-LA-10001613,US-Eas-Ohi-Spr-45503,CA-2021-145177,SC-2021-11-145177,0.0,0.0,0.2,3.3408,11-11-2021
AI-10855,OFF-AR-10001227,US-Wes-Cal-Los-90036,CA-2021-158694,SC-2021-11-158694,0.0,0.0,0.0,3.969,11-11-2021
PP-18955,TEC-PH-10000376,US-Eas-Ohi-Spr-45503,CA-2021-145177,SC-2021-11-145177,0.0,0.0,0.4,-9.7902,11-11-2021
SV-20365,OFF-PA-10002787,US-Eas-Ohi-Tro-45373,US-2021-136581,FC-2021-11-136581,0.0,0.0,0.2,10.8864,11-11-2021
PP-18955,OFF-PA-10004039,US-Eas-Ohi-Spr-45503,CA-2021-145177,SC-2021-11-145177,0.0,0.0,0.2,32.4684,11-11-2021
PP-18955,OFF-PA-10001776,US-Eas-Ohi-Spr-45503,CA-2021-145177,SC-2021-11-145177,0.0,0.0,0.2,7.5087,11-11-2021
PP-18955,OFF-AP-10002457,US-Eas-Ohi-Spr-45503,CA-2021-145177,SC-2021-11-145177,0.0,0.0,0.2,29.302,11-11-2021
PP-18955,FUR-FU-10000758,US-Eas-Ohi-Spr-45503,CA-2021-145177,SC-2021-11-145177,0.0,0.0,0.2,29.6576,11-11-2021
AI-10855,OFF-BI-10004656,US-Wes-Cal-Los-90036,CA-2021-158694,SC-2021-11-158694,0.0,0.0,0.2,1.8144,11-11-2021
LB-16795,OFF-BI-10002852,US-Sou-Flo-Apo-32712,CA-2021-131968,SC-2021-11-131968,0.0,0.0,0.7,-6.9216,12-11-2021
BD-11770,OFF-ST-10002276,US-Eas-New-New-10011,CA-2021-124667,SC-2021-11-124667,0.0,0.0,0.0,20.84,12-11-2021
AS-10285,FUR-TA-10001950,US-Cen-Ind-Nob-46060,US-2021-164196,SC-2021-11-164196,0.0,0.0,0.0,241.1046,12-11-2021
BD-11770,TEC-AC-10003447,US-Eas-New-New-10011,CA-2021-124667,SC-2021-11-124667,0.0,0.0,0.0,14.9925,12-11-2021
LB-16795,OFF-AP-10001058,US-Sou-Flo-Apo-32712,CA-2021-131968,SC-2021-11-131968,0.0,0.0,0.2,50.3658,12-11-2021
EB-13750,OFF-BI-10004236,US-Eas-New-New-10011,CA-2021-145548,SC-2021-11-145548,0.0,0.0,0.2,11.4504,12-11-2021
LP-17080,OFF-BI-10001890,US-Wes-Cal-San-94110,CA-2021-116722,SC-2021-11-116722,0.0,0.0,0.2,11.0264,12-11-2021
EB-13750,OFF-ST-10002562,US-Eas-New-New-10011,CA-2021-145548,SC-2021-11-145548,0.0,0.0,0.0,7.8792,12-11-2021
EB-13750,TEC-AC-10002305,US-Eas-New-New-10011,CA-2021-145548,SC-2021-11-145548,0.0,0.0,0.0,6.48,12-11-2021
EB-13750,OFF-AR-10003373,US-Eas-New-New-10011,CA-2021-145548,SC-2021-11-145548,0.0,0.0,0.0,25.0938,12-11-2021
EB-13750,FUR-CH-10003774,US-Eas-New-New-10011,CA-2021-145548,SC-2021-11-145548,0.0,0.0,0.1,8.1882,12-11-2021
BB-11545,TEC-AC-10003280,US-Cen-Ill-Chi-60623,CA-2021-124506,SC-2021-11-124506,0.0,0.0,0.2,1.1996,12-11-2021
EB-13750,OFF-BI-10001510,US-Eas-New-New-10011,CA-2021-145548,SC-2021-11-145548,0.0,0.0,0.2,17.19,12-11-2021
SC-20845,OFF-AR-10003394,US-Cen-Ill-Arl-60004,CA-2021-103128,SC-2021-11-103128,0.0,0.0,0.2,1.2348,12-11-2021
BB-11545,FUR-CH-10004540,US-Cen-Ill-Chi-60623,CA-2021-124506,SC-2021-11-124506,0.0,0.0,0.3,-2.0568,12-11-2021
LP-17080,FUR-CH-10004997,US-Wes-Cal-San-94110,CA-2021-116722,SC-2021-11-116722,0.0,0.0,0.2,0.0,12-11-2021
LD-17005,TEC-PH-10001336,US-Cen-Mic-Det-48234,CA-2021-139878,SC-2021-11-139878,0.0,0.0,0.0,74.8142,12-11-2021
LP-17080,FUR-FU-10001934,US-Wes-Cal-San-94110,CA-2021-116722,SC-2021-11-116722,0.0,0.0,0.0,10.9096,12-11-2021
BK-11260,FUR-FU-10001852,US-Wes-Cal-San-94110,CA-2021-130799,SC-2021-11-130799,0.0,0.0,0.0,2.2272,12-11-2021
MS-17710,OFF-BI-10004967,US-Wes-Ari-Mes-85204,CA-2021-134348,SC-2021-11-134348,0.0,0.0,0.7,-3.3488,13-11-2021
SP-20920,OFF-FA-10000585,US-Eas-Ohi-Par-44134,CA-2021-124590,SC-2021-11-124590,0.0,0.0,0.2,5.4444,13-11-2021
MS-17710,OFF-BI-10003727,US-Wes-Ari-Mes-85204,CA-2021-134348,SC-2021-11-134348,0.0,0.0,0.7,-4.598,13-11-2021
SP-20920,FUR-CH-10003746,US-Eas-Ohi-Par-44134,CA-2021-124590,SC-2021-11-124590,0.0,0.0,0.3,-12.8392,13-11-2021
FH-14275,OFF-AR-10003394,US-Cen-Ind-La -46350,CA-2021-152170,SC-2021-11-152170,0.0,0.0,0.0,5.5566,13-11-2021
SP-20920,OFF-AP-10002311,US-Eas-Ohi-Par-44134,CA-2021-124590,SC-2021-11-124590,0.0,0.0,0.2,33.0288,13-11-2021
SP-20920,FUR-CH-10004495,US-Eas-Ohi-Par-44134,CA-2021-124590,SC-2021-11-124590,0.0,0.0,0.3,-21.0686,13-11-2021
MS-17710,TEC-AC-10003447,US-Wes-Ari-Mes-85204,CA-2021-134348,SC-2021-11-134348,0.0,0.0,0.2,1.999,13-11-2021
SP-20650,FUR-FU-10001037,US-Cen-Ill-Chi-60623,CA-2021-149349,FC-2021-11-149349,0.0,0.0,0.6,-8.532,13-11-2021
FH-14275,OFF-EN-10002831,US-Cen-Ind-La -46350,CA-2021-152170,SC-2021-11-152170,0.0,0.0,0.0,129.384,13-11-2021
FH-14275,OFF-AP-10002350,US-Cen-Ind-La -46350,CA-2021-152170,SC-2021-11-152170,0.0,0.0,0.0,10.5504,13-11-2021
FH-14275,OFF-PA-10001763,US-Cen-Ind-La -46350,CA-2021-152170,SC-2021-11-152170,0.0,0.0,0.0,8.991,13-11-2021
FH-14275,OFF-BI-10002072,US-Cen-Ind-La -46350,CA-2021-152170,SC-2021-11-152170,0.0,0.0,0.0,8.69,13-11-2021
DW-13480,TEC-PH-10004908,US-Wes-Cal-San-92024,CA-2021-164399,FC-2021-11-164399,0.0,0.0,0.2,25.497,13-11-2021
DW-13480,FUR-TA-10003392,US-Wes-Cal-San-92024,CA-2021-164399,FC-2021-11-164399,0.0,0.0,0.2,-8.4294,13-11-2021
SP-20920,FUR-CH-10000454,US-Eas-Ohi-Par-44134,CA-2021-124590,SC-2021-11-124590,0.0,0.0,0.3,0.0,13-11-2021
CK-12760,OFF-ST-10004258,US-Eas-New-New-10011,CA-2021-101336,SC-2021-11-101336,0.0,0.0,0.0,9.8901,14-11-2021
CK-12760,OFF-AR-10003582,US-Eas-New-New-10011,CA-2021-101336,SC-2021-11-101336,0.0,0.0,0.0,39.41,14-11-2021
CK-12760,OFF-ST-10000876,US-Eas-New-New-10011,CA-2021-101336,SC-2021-11-101336,0.0,0.0,0.0,6.9664,14-11-2021
CK-12760,OFF-ST-10003455,US-Eas-New-New-10011,CA-2021-101336,SC-2021-11-101336,0.0,0.0,0.0,20.163,14-11-2021
CC-12430,OFF-PA-10001289,US-Eas-Pen-Phi-19143,CA-2021-118570,SC-2021-11-118570,0.0,0.0,0.2,78.6828,14-11-2021
LB-16795,OFF-BI-10000285,US-Cen-Ill-Hig-60035,US-2021-162103,SC-2021-11-162103,0.0,0.0,0.8,-4.704,14-11-2021
CS-12505,OFF-SU-10000381,US-Sou-Nor-Tho-27360,CA-2021-121958,SC-2021-11-121958,0.0,0.0,0.2,5.8653,14-11-2021
PO-19180,FUR-FU-10004848,US-Wes-Was-Sea-98103,CA-2021-147683,SC-2021-11-147683,0.0,0.0,0.0,7.2298,14-11-2021
FM-14290,OFF-AR-10002956,US-Wes-Was-Van-98661,CA-2021-155488,SC-2021-11-155488,0.0,0.0,0.0,11.4452,14-11-2021
AS-10135,FUR-FU-10004270,US-Wes-Was-Aub-98002,CA-2021-149461,SC-2021-11-149461,0.0,0.0,0.0,1.5048,14-11-2021
CM-12655,TEC-PH-10002114,US-Eas-New-New-10011,US-2021-113677,SC-2021-11-113677,0.0,0.0,0.0,592.7896,14-11-2021
CM-12655,OFF-LA-10001569,US-Eas-New-New-10011,US-2021-113677,SC-2021-11-113677,0.0,0.0,0.0,6.8724,14-11-2021
TS-21430,FUR-FU-10003096,US-Cen-Okl-Okl-73120,CA-2021-128972,SC-2021-11-128972,0.0,0.0,0.0,13.0548,14-11-2021
DP-13000,OFF-AR-10001725,US-Eas-New-New-10035,CA-2021-166618,SC-2021-11-166618,0.0,0.0,0.0,6.149,15-11-2021
JM-16195,FUR-FU-10000550,US-Eas-Del-New-19711,US-2021-117541,SC-2021-11-117541,0.0,0.0,0.0,6.5736,15-11-2021
RC-19960,TEC-PH-10001644,US-Eas-Mar-Bal-21215,US-2021-144351,SC-2021-11-144351,0.0,0.0,0.0,25.1916,15-11-2021
AA-10375,TEC-AC-10004145,US-Sou-Geo-Atl-30318,CA-2021-131065,SC-2021-11-131065,0.0,0.0,0.0,114.9954,15-11-2021
MB-17305,OFF-ST-10001590,US-Eas-New-New-10009,CA-2021-118759,FC-2021-11-118759,0.0,0.0,0.0,10.5144,15-11-2021
EB-14110,FUR-CH-10000785,US-Eas-Pen-Phi-19134,CA-2021-121370,SC-2021-11-121370,0.0,0.0,0.3,-21.7176,15-11-2021
DP-13000,TEC-PH-10003356,US-Eas-New-New-10035,CA-2021-166618,SC-2021-11-166618,0.0,0.0,0.0,3.9144,15-11-2021
MB-17305,FUR-CH-10002335,US-Eas-New-New-10009,CA-2021-118759,FC-2021-11-118759,0.0,0.0,0.1,72.5344,15-11-2021
EB-14110,TEC-CO-10004115,US-Eas-Pen-Phi-19134,CA-2021-121370,SC-2021-11-121370,0.0,0.0,0.4,179.9964,15-11-2021
AA-10375,OFF-PA-10002479,US-Sou-Geo-Atl-30318,CA-2021-131065,SC-2021-11-131065,0.0,0.0,0.0,2.376,15-11-2021
RR-19315,OFF-LA-10000248,US-Wes-Cal-San-94110,CA-2021-149482,SC-2021-11-149482,0.0,0.0,0.0,3.4686,15-11-2021
TB-21250,OFF-AR-10003829,US-Wes-Cal-Los-90049,US-2021-112970,FC-2021-11-112970,0.0,0.0,0.0,2.8536,15-11-2021
AA-10375,OFF-BI-10004970,US-Sou-Geo-Atl-30318,CA-2021-131065,SC-2021-11-131065,0.0,0.0,0.0,3.8822,15-11-2021
EB-14110,FUR-FU-10002813,US-Eas-Pen-Phi-19134,CA-2021-121370,SC-2021-11-121370,0.0,0.0,0.2,9.7152,15-11-2021
KC-16540,OFF-BI-10002393,US-Cen-Tex-Hou-77041,CA-2021-134691,SC-2021-11-134691,0.0,0.0,0.8,-3.9032,15-11-2021
JM-16195,OFF-PA-10001609,US-Eas-Del-New-19711,US-2021-117541,SC-2021-11-117541,0.0,0.0,0.0,7.567,15-11-2021
AH-10690,TEC-PH-10002549,US-Wes-Cal-San-92024,CA-2021-148740,SC-2021-11-148740,0.0,0.0,0.2,27.1032,16-11-2021
ON-18715,FUR-TA-10001768,US-Sou-Nor-Bur-27217,CA-2021-130820,SC-2021-11-130820,0.0,0.0,0.4,-199.5076,16-11-2021
TG-21310,OFF-BI-10002982,US-Wes-Cal-Los-90049,CA-2021-146633,SC-2021-11-146633,0.0,0.0,0.2,13.3476,16-11-2021
TG-21310,OFF-BI-10003527,US-Wes-Cal-Los-90049,CA-2021-146633,SC-2021-11-146633,0.0,0.0,0.2,381.297,16-11-2021
SC-20770,TEC-AC-20003832,US-Wes-Cal-Los-90008,CA-2021-105963,SC-2021-11-105963,0.0,0.0,0.0,40.7499,16-11-2021
RD-19900,OFF-EN-10001990,US-Wes-New-Car-88220,CA-2021-154508,SC-2021-11-154508,0.0,0.0,0.0,13.348,17-11-2021
IM-15055,OFF-BI-10004967,US-Wes-Cal-Ros-95661,CA-2021-124527,FC-2021-11-124527,0.0,0.0,0.2,2.808,17-11-2021
HJ-14875,OFF-SU-10004231,US-Wes-Cal-San-94122,CA-2021-118500,FC-2021-11-118500,0.0,0.0,0.0,13.365,18-11-2021
BG-11035,TEC-PH-10002350,US-Cen-Tex-The-75056,CA-2021-134110,FC-2021-11-134110,0.0,0.0,0.2,6.7176,18-11-2021
BG-11035,OFF-PA-10000697,US-Cen-Tex-The-75056,CA-2021-134110,FC-2021-11-134110,0.0,0.0,0.2,5.5216,18-11-2021
MS-17365,OFF-BI-10004140,US-Wes-New-Car-88220,CA-2021-150658,SC-2021-11-150658,0.0,0.0,0.2,3.3675,18-11-2021
BE-11410,OFF-BI-10002437,US-Wes-Cal-Con-94521,CA-2021-108630,SC-2021-11-108630,0.0,0.0,0.2,22.156,19-11-2021
SB-20290,OFF-AP-10002998,US-Eas-Ohi-Ken-44240,CA-2021-158575,SC-2021-11-158575,0.0,0.0,0.2,16.8948,19-11-2021
KC-16255,TEC-AC-10003870,US-Sou-Ala-Hun-35810,US-2021-138408,SC-2021-11-138408,0.0,0.0,0.0,527.984,19-11-2021
SN-20710,FUR-CH-10003817,US-Cen-Tex-Pas-77506,CA-2021-119963,SC-2021-11-119963,0.0,0.0,0.3,-18.222,19-11-2021
SN-20710,OFF-PA-10001970,US-Cen-Tex-Pas-77506,CA-2021-119963,SC-2021-11-119963,0.0,0.0,0.2,6.6312,19-11-2021
SN-20710,OFF-LA-10003510,US-Cen-Tex-Pas-77506,CA-2021-119963,SC-2021-11-119963,0.0,0.0,0.2,15.8756,19-11-2021
SN-20710,OFF-AR-10003514,US-Cen-Tex-Pas-77506,CA-2021-119963,SC-2021-11-119963,0.0,0.0,0.2,1.0348,19-11-2021
AW-10930,OFF-ST-10003470,US-Cen-Okl-Okl-73120,CA-2021-136812,SC-2021-11-136812,0.0,0.0,0.0,55.896,19-11-2021
AJ-10945,FUR-CH-10000863,US-Cen-Mic-Tay-48180,CA-2021-115378,SC-2021-11-115378,0.0,0.0,0.0,33.2156,19-11-2021
TC-21535,TEC-PH-10003357,US-Wes-Cal-Los-90008,CA-2021-166226,SC-2021-11-166226,0.0,0.0,0.2,6.1192,19-11-2021
TC-21535,OFF-AP-10002867,US-Wes-Cal-Los-90008,CA-2021-166226,SC-2021-11-166226,0.0,0.0,0.0,18.3168,19-11-2021
PG-18820,TEC-AC-10002842,US-Wes-Cal-San-92105,CA-2021-103464,SC-2021-11-103464,0.0,0.0,0.0,95.2,19-11-2021
EH-13945,OFF-BI-10002609,US-Cen-Tex-Hou-77041,US-2021-110156,SC-2021-11-110156,0.0,0.0,0.8,-2.0264,20-11-2021
EH-13945,OFF-PA-10004735,US-Cen-Tex-Hou-77041,US-2021-110156,SC-2021-11-110156,0.0,0.0,0.2,3.6288,20-11-2021
NP-18685,OFF-AR-10003770,US-Eas-New-Nia-14304,CA-2021-113138,SC-2021-11-113138,0.0,0.0,0.0,5.0112,20-11-2021
EH-13945,OFF-EN-10003798,US-Cen-Tex-Hou-77041,US-2021-110156,SC-2021-11-110156,0.0,0.0,0.2,13.8267,20-11-2021
EH-13945,OFF-FA-10003495,US-Cen-Tex-Hou-77041,US-2021-110156,SC-2021-11-110156,0.0,0.0,0.2,21.888,20-11-2021
NP-18685,OFF-BI-10000320,US-Eas-New-Nia-14304,CA-2021-113138,SC-2021-11-113138,0.0,0.0,0.2,6.4206,20-11-2021
EH-13945,FUR-FU-10000206,US-Cen-Tex-Hou-77041,US-2021-110156,SC-2021-11-110156,0.0,0.0,0.6,-0.7566,20-11-2021
JM-15265,FUR-FU-10000448,US-Wes-Was-Sea-98115,CA-2021-126858,SC-2021-11-126858,0.0,0.0,0.0,1.598,20-11-2021
DJ-13630,OFF-BI-10003305,US-Eas-New-New-10024,CA-2021-164511,SC-2021-11-164511,0.0,0.0,0.2,4.6644,20-11-2021
DJ-13630,OFF-ST-10002583,US-Eas-New-New-10024,CA-2021-164511,SC-2021-11-164511,0.0,0.0,0.0,2.5984,20-11-2021
DJ-13630,OFF-ST-10004507,US-Eas-New-New-10024,CA-2021-164511,SC-2021-11-164511,0.0,0.0,0.0,18.522,20-11-2021
TT-21265,OFF-AP-10001947,US-Cen-Ind-Ind-46203,CA-2021-111143,FC-2021-11-111143,0.0,0.0,0.0,15.9384,20-11-2021
EH-13945,OFF-ST-10000642,US-Cen-Tex-Hou-77041,US-2021-110156,SC-2021-11-110156,0.0,0.0,0.2,-16.3644,20-11-2021
EH-13945,OFF-BI-10003676,US-Cen-Tex-Hou-77041,US-2021-110156,SC-2021-11-110156,0.0,0.0,0.8,-17.248,20-11-2021
EH-13945,TEC-PH-10003589,US-Cen-Tex-Hou-77041,US-2021-110156,SC-2021-11-110156,0.0,0.0,0.2,25.186,20-11-2021
ND-18370,OFF-AP-10000595,US-Eas-New-Lon-11561,CA-2021-130778,SC-2021-11-130778,0.0,0.0,0.0,2.2724,20-11-2021
LT-17110,OFF-AR-10003752,US-Sou-Nor-Jac-28540,CA-2021-157364,FC-2021-11-157364,0.0,0.0,0.2,6.006,20-11-2021
ND-18370,OFF-PA-10001509,US-Eas-New-Lon-11561,CA-2021-130778,SC-2021-11-130778,0.0,0.0,0.0,20.585,20-11-2021
MC-17605,OFF-AP-10003622,US-Wes-Cal-Los-90004,CA-2021-145492,SC-2021-11-145492,0.0,0.0,0.0,11.31,21-11-2021
NP-18670,OFF-LA-10002475,US-Cen-Okl-Edm-73034,CA-2021-114104,SC-2021-11-114104,0.0,0.0,0.0,6.8714,21-11-2021
NP-18670,TEC-PH-10004536,US-Cen-Okl-Edm-73034,CA-2021-114104,SC-2021-11-114104,0.0,0.0,0.0,236.2325,21-11-2021
AG-10390,OFF-BI-10000474,US-Eas-Ohi-Cin-45231,CA-2021-109820,FC-2021-11-109820,0.0,0.0,0.7,-10.5798,21-11-2021
EH-13990,TEC-PH-10004539,US-Cen-Tex-Hou-77041,CA-2021-107790,SC-2021-11-107790,0.0,0.0,0.2,13.2293,21-11-2021
NZ-18565,OFF-FA-10002983,US-Eas-Ohi-Col-43229,CA-2021-110772,SC-2021-11-110772,0.0,0.0,0.2,6.6836,21-11-2021
NZ-18565,FUR-BO-10004709,US-Eas-Ohi-Col-43229,CA-2021-110772,SC-2021-11-110772,0.0,0.0,0.5,-48.7032,21-11-2021
NZ-18565,TEC-AC-10002001,US-Eas-Ohi-Col-43229,CA-2021-110772,SC-2021-11-110772,0.0,0.0,0.2,54.3966,21-11-2021
AG-10390,OFF-BI-10003460,US-Eas-Ohi-Cin-45231,CA-2021-109820,FC-2021-11-109820,0.0,0.0,0.7,-1.9272,21-11-2021
SJ-20500,OFF-BI-10002133,US-Eas-Del-New-19711,CA-2021-121356,SC-2021-11-121356,0.0,0.0,0.0,62.916,21-11-2021
AG-10390,OFF-PA-10000955,US-Eas-Ohi-Cin-45231,CA-2021-109820,FC-2021-11-109820,0.0,0.0,0.2,5.1012,21-11-2021
FA-14230,FUR-BO-10004695,US-Sou-Flo-Orl-32839,CA-2021-113845,SC-2021-11-113845,0.0,0.0,0.2,10.8588,21-11-2021
FA-14230,TEC-PH-10003357,US-Sou-Flo-Orl-32839,CA-2021-113845,SC-2021-11-113845,0.0,0.0,0.2,24.4768,21-11-2021
BM-11575,TEC-AC-10004803,US-Wes-Cal-Mon-90640,CA-2021-142615,SC-2021-11-142615,0.0,0.0,0.0,3.9032,21-11-2021
NZ-18565,OFF-LA-10004689,US-Eas-Ohi-Col-43229,CA-2021-110772,SC-2021-11-110772,0.0,0.0,0.2,6.2424,21-11-2021
FA-14230,OFF-ST-10003327,US-Sou-Flo-Orl-32839,CA-2021-113845,SC-2021-11-113845,0.0,0.0,0.2,4.4685,21-11-2021
BF-10975,OFF-PA-10000418,US-Cen-Ind-Col-47201,CA-2021-100041,SC-2021-11-100041,0.0,0.0,0.0,150.984,21-11-2021
DW-13195,FUR-FU-10000023,US-Cen-Tex-Hou-77095,US-2021-127971,SC-2021-11-127971,0.0,0.0,0.6,-2.8272,21-11-2021
DW-13195,TEC-PH-10003095,US-Cen-Tex-Hou-77095,US-2021-127971,SC-2021-11-127971,0.0,0.0,0.2,46.095,21-11-2021
BF-10975,OFF-PA-10001622,US-Cen-Ind-Col-47201,CA-2021-100041,SC-2021-11-100041,0.0,0.0,0.0,4.086,21-11-2021
BF-10975,OFF-BI-10000343,US-Cen-Ind-Col-47201,CA-2021-100041,SC-2021-11-100041,0.0,0.0,0.0,2.3077,21-11-2021
DW-13195,FUR-CH-10003774,US-Cen-Tex-Hou-77095,US-2021-127971,SC-2021-11-127971,0.0,0.0,0.3,-77.333,21-11-2021
JH-16180,FUR-CH-10003833,US-Wes-Ore-Gre-97030,US-2021-114293,SC-2021-11-114293,0.0,0.0,0.2,-12.196,22-11-2021
DM-13345,TEC-PH-10001580,US-Cen-Iow-Des-50315,CA-2021-114482,SC-2021-11-114482,0.0,0.0,0.0,109.3338,22-11-2021
RD-19720,OFF-PA-10001790,US-Cen-Ill-Chi-60610,CA-2021-146157,SC-2021-11-146157,0.0,0.0,0.2,13.4512,22-11-2021
JK-16120,FUR-BO-10002598,US-Eas-New-New-10009,CA-2021-113425,SC-2021-11-113425,0.0,0.0,0.2,12.7764,22-11-2021
RD-19720,OFF-ST-10001590,US-Cen-Ill-Chi-60610,CA-2021-146157,SC-2021-11-146157,0.0,0.0,0.2,1.6176,22-11-2021
DM-13345,OFF-PA-10003845,US-Cen-Iow-Des-50315,CA-2021-114482,SC-2021-11-114482,0.0,0.0,0.0,19.8254,22-11-2021
MV-18190,OFF-PA-10000232,US-Eas-New-New-10035,CA-2021-114895,SC-2021-11-114895,0.0,0.0,0.0,6.3504,22-11-2021
RD-19720,TEC-AC-10003657,US-Cen-Ill-Chi-60610,CA-2021-146157,SC-2021-11-146157,0.0,0.0,0.2,2.0394,22-11-2021
CK-12205,FUR-FU-10001876,US-Eas-Ohi-Col-43229,CA-2021-140018,SC-2021-11-140018,0.0,0.0,0.2,15.5904,22-11-2021
CK-12205,FUR-CH-10003817,US-Eas-Ohi-Col-43229,CA-2021-140018,SC-2021-11-140018,0.0,0.0,0.3,-9.111,22-11-2021
CK-12205,TEC-MA-10000752,US-Eas-Ohi-Col-43229,CA-2021-140018,SC-2021-11-140018,0.0,0.0,0.7,-24.276,22-11-2021
TH-21235,OFF-PA-10004451,US-Wes-Cal-Los-90049,CA-2021-152646,SC-2021-11-152646,0.0,0.0,0.0,15.552,22-11-2021
TB-21355,OFF-BI-10000605,US-Eas-New-New-10009,CA-2021-154711,SC-2021-11-154711,0.0,0.0,0.2,4.1148,23-11-2021
TB-21355,FUR-FU-10000397,US-Eas-New-New-10009,CA-2021-154711,SC-2021-11-154711,0.0,0.0,0.0,11.1664,23-11-2021
CA-12055,OFF-BI-10001524,US-Eas-New-New-10009,US-2021-164945,SC-2021-11-164945,0.0,0.0,0.2,46.9952,23-11-2021
RD-19585,OFF-BI-10002852,US-Cen-Mic-Det-48205,CA-2021-131576,SC-2021-11-131576,0.0,0.0,0.0,24.2256,23-11-2021
TB-21355,OFF-AR-10001860,US-Eas-New-New-10009,CA-2021-154711,SC-2021-11-154711,0.0,0.0,0.0,7.4952,23-11-2021
JE-15475,OFF-LA-10000262,US-Cen-Tex-Hou-77095,US-2021-132577,SC-2021-11-132577,0.0,0.0,0.2,0.6786,23-11-2021
JE-15475,OFF-BI-10004040,US-Cen-Tex-Hou-77095,US-2021-132577,SC-2021-11-132577,0.0,0.0,0.8,-9.6348,23-11-2021
JE-15475,OFF-AR-10003481,US-Cen-Tex-Hou-77095,US-2021-132577,SC-2021-11-132577,0.0,0.0,0.2,2.6568,23-11-2021
JE-15475,TEC-AC-10000387,US-Cen-Tex-Hou-77095,US-2021-132577,SC-2021-11-132577,0.0,0.0,0.2,-0.6008,23-11-2021
JE-15475,OFF-BI-10003196,US-Cen-Tex-Hou-77095,US-2021-132577,SC-2021-11-132577,0.0,0.0,0.8,-6.732,23-11-2021
LS-17200,OFF-FA-10002763,US-Eas-Pen-Phi-19140,CA-2021-160129,SC-2021-11-160129,0.0,0.0,0.2,2.37,24-11-2021
LS-17200,FUR-FU-10002088,US-Eas-Pen-Phi-19140,CA-2021-160129,SC-2021-11-160129,0.0,0.0,0.2,3.9512,24-11-2021
LS-17200,FUR-FU-10003976,US-Eas-Pen-Phi-19140,CA-2021-160129,SC-2021-11-160129,0.0,0.0,0.2,12.3284,24-11-2021
SP-20860,TEC-AC-10003033,US-Wes-Cal-Los-90036,US-2021-163881,SC-2021-12-163881,0.0,0.0,0.0,217.767,25-11-2021
NS-18505,OFF-FA-10002676,US-Cen-Tex-Dal-75217,CA-2021-128531,SC-2021-11-128531,0.0,0.0,0.2,0.8688,25-11-2021
SP-20860,TEC-AC-10000420,US-Wes-Cal-Los-90036,US-2021-163881,SC-2021-12-163881,0.0,0.0,0.0,190.3728,25-11-2021
NS-18505,TEC-AC-20002049,US-Cen-Tex-Dal-75217,CA-2021-128531,SC-2021-11-128531,0.0,0.0,0.2,-7.4394,25-11-2021
CD-11980,OFF-PA-10000241,US-Wes-Ore-Med-97504,CA-2021-100083,SC-2021-11-100083,0.0,0.0,0.2,7.745,25-11-2021
SC-20680,FUR-FU-10003535,US-Wes-Was-Sea-98105,CA-2021-113726,SC-2021-12-113726,0.0,0.0,0.0,33.7266,25-11-2021
NS-18505,OFF-AR-10003405,US-Cen-Tex-Dal-75217,CA-2021-128531,SC-2021-11-128531,0.0,0.0,0.2,1.5795,25-11-2021
SC-20050,OFF-PA-10001609,US-Sou-Flo-Hia-33012,CA-2021-123533,SC-2021-12-123533,0.0,0.0,0.2,3.4216,25-11-2021
GA-14515,TEC-PH-10004120,US-Cen-Tex-Dal-75081,CA-2021-132731,SC-2021-11-132731,0.0,0.0,0.2,49.3164,25-11-2021
CA-12055,TEC-AC-10004855,US-Eas-Ohi-Cle-44105,CA-2021-125661,FC-2021-11-125661,0.0,0.0,0.2,-22.7435,25-11-2021
NC-18340,OFF-PA-10004971,US-Eas-New-New-10035,CA-2021-124485,FC-2021-11-124485,0.0,0.0,0.0,5.6644,25-11-2021
NS-18505,OFF-PA-10000167,US-Cen-Tex-Dal-75217,CA-2021-128531,SC-2021-11-128531,0.0,0.0,0.2,23.235,25-11-2021
CA-12055,OFF-EN-10001532,US-Eas-Ohi-Cle-44105,CA-2021-125661,FC-2021-11-125661,0.0,0.0,0.2,15.282,25-11-2021
NS-18505,TEC-AC-10003023,US-Cen-Tex-Dal-75217,CA-2021-128531,SC-2021-11-128531,0.0,0.0,0.2,-2.3748,25-11-2021
SC-20050,OFF-AP-10002765,US-Sou-Flo-Hia-33012,CA-2021-123533,SC-2021-12-123533,0.0,0.0,0.2,4.2384,25-11-2021
SC-20050,FUR-BO-10001619,US-Sou-Flo-Hia-33012,CA-2021-123533,SC-2021-12-123533,0.0,0.0,0.2,8.498,25-11-2021
SP-20860,FUR-CH-10001394,US-Wes-Cal-Los-90036,US-2021-163881,SC-2021-12-163881,0.0,0.0,0.2,210.594,25-11-2021
NC-18340,OFF-BI-10000822,US-Eas-New-New-10035,CA-2021-124485,FC-2021-11-124485,0.0,0.0,0.2,6.0256,25-11-2021
NS-18505,OFF-ST-10001325,US-Cen-Tex-Dal-75217,CA-2021-128531,SC-2021-11-128531,0.0,0.0,0.2,3.668,25-11-2021
NC-18340,TEC-AC-10002323,US-Eas-New-New-10035,CA-2021-124485,FC-2021-11-124485,0.0,0.0,0.0,11.492,25-11-2021
NC-18340,OFF-PA-10004888,US-Eas-New-New-10035,CA-2021-124485,FC-2021-11-124485,0.0,0.0,0.0,3.1104,25-11-2021
LA-16780,FUR-FU-10000965,US-Eas-Mar-Bal-21215,CA-2021-123806,SC-2021-11-123806,0.0,0.0,0.0,85.1816,25-11-2021
AT-10435,TEC-PH-10001300,US-Wes-Cal-Los-90045,CA-2021-100468,SC-2021-12-100468,0.0,0.0,0.2,3.352,25-11-2021
CR-12580,OFF-SU-10004782,US-Wes-Was-Bel-98006,CA-2021-165561,SC-2021-11-165561,0.0,0.0,0.0,7.605,25-11-2021
AT-10435,FUR-FU-10000010,US-Wes-Cal-Los-90045,CA-2021-100468,SC-2021-12-100468,0.0,0.0,0.0,3.0814,25-11-2021
AC-10450,OFF-BI-20004632,US-Wes-Was-Sea-98105,CA-2021-163573,FC-2021-11-163573,0.0,0.0,0.2,381.2375,25-11-2021
MG-17650,OFF-FA-10001754,US-Eas-Pen-Phi-19143,CA-2021-105284,SC-2021-12-105284,0.0,0.0,0.2,1.6008,25-11-2021
MH-17455,FUR-CH-10004698,US-Wes-Cal-Los-90032,CA-2021-113341,SC-2021-11-113341,0.0,0.0,0.2,19.4352,26-11-2021
BP-11050,OFF-ST-10000689,US-Eas-New-Pla-7060,CA-2021-160535,SC-2021-12-160535,0.0,0.0,0.0,67.608,26-11-2021
EP-13915,TEC-PH-10002564,US-Sou-Ark-Jon-72401,US-2021-119298,FC-2021-11-119298,0.0,0.0,0.0,17.994,26-11-2021
HJ-14875,OFF-PA-10004675,US-Sou-Flo-Jac-32216,CA-2021-165470,SC-2021-12-165470,0.0,0.0,0.2,1.651,26-11-2021
BP-11050,TEC-MA-10004255,US-Eas-New-Pla-7060,CA-2021-160535,SC-2021-12-160535,0.0,0.0,0.0,118.3704,26-11-2021
BB-11545,FUR-TA-10001095,US-Cen-Mic-Jac-49201,CA-2021-169838,SC-2021-11-169838,0.0,0.0,0.0,329.4081,26-11-2021
CS-12505,OFF-BI-10000545,US-Eas-Ohi-Lan-43130,CA-2021-108196,SC-2021-12-108196,0.0,0.0,0.7,-304.392,26-11-2021
JK-15370,OFF-ST-10001325,US-Sou-Ala-Hun-35810,CA-2021-132549,SC-2021-12-132549,0.0,0.0,0.0,19.8072,26-11-2021
BB-11545,OFF-BI-10004002,US-Cen-Mic-Jac-49201,CA-2021-169838,SC-2021-11-169838,0.0,0.0,0.0,8.304,26-11-2021
CS-12505,TEC-AC-10000926,US-Eas-Ohi-Lan-43130,CA-2021-108196,SC-2021-12-108196,0.0,0.0,0.2,11.9952,26-11-2021
CS-12505,TEC-MA-10000418,US-Eas-Ohi-Lan-43130,CA-2021-108196,SC-2021-12-108196,0.0,0.0,0.7,-6599.978,26-11-2021
BB-11545,TEC-AC-10004518,US-Cen-Mic-Jac-49201,CA-2021-169838,SC-2021-11-169838,0.0,0.0,0.0,62.4,26-11-2021
MS-17365,FUR-FU-10002937,US-Wes-Cal-Los-90045,CA-2021-107104,SC-2021-12-107104,0.0,0.0,0.0,297.69,27-11-2021
MS-17365,OFF-AR-10004269,US-Wes-Cal-Los-90045,CA-2021-107104,SC-2021-12-107104,0.0,0.0,0.0,10.4076,27-11-2021
EH-13945,OFF-BI-10003364,US-Eas-Pen-Phi-19120,US-2021-158288,SC-2021-11-158288,0.0,0.0,0.7,-57.7566,27-11-2021
CD-12790,TEC-AC-10003447,US-Eas-Con-She-6484,CA-2021-145135,FC-2021-11-145135,0.0,0.0,0.0,14.9925,27-11-2021
TC-20980,OFF-BI-10002954,US-Wes-Was-Sea-98105,CA-2021-129693,SC-2021-12-129693,0.0,0.0,0.2,2.5592,27-11-2021
MC-17425,OFF-PA-10001685,US-Sou-Ala-Mob-36608,CA-2021-133711,FC-2021-11-133711,0.0,0.0,0.0,34.7802,27-11-2021
CD-12790,OFF-PA-10004285,US-Eas-Con-She-6484,CA-2021-145135,FC-2021-11-145135,0.0,0.0,0.0,6.4128,27-11-2021
DK-13225,FUR-TA-10002958,US-Eas-New-New-10011,CA-2021-130288,SC-2021-12-130288,0.0,0.0,0.4,-120.0508,27-11-2021
MC-17425,OFF-BI-10004352,US-Sou-Ala-Mob-36608,CA-2021-133711,FC-2021-11-133711,0.0,0.0,0.0,16.875,27-11-2021
GA-14515,OFF-AR-10000716,US-Cen-Tex-El -79907,CA-2021-106915,SC-2021-12-106915,0.0,0.0,0.2,4.2408,27-11-2021
MC-17425,TEC-MA-10000010,US-Sou-Ala-Mob-36608,CA-2021-133711,FC-2021-11-133711,0.0,0.0,0.0,1459.2,27-11-2021
PA-19060,OFF-BI-10000145,US-Sou-Flo-Mia-33142,US-2021-158309,FC-2021-11-158309,0.0,0.0,0.7,-2.6208,27-11-2021
CT-11995,TEC-PH-10004165,US-Eas-Pen-Phi-19134,US-2021-126893,SC-2021-12-126893,0.0,0.0,0.4,-115.4958,27-11-2021
MS-17365,OFF-AP-10000055,US-Wes-Cal-Los-90045,CA-2021-107104,SC-2021-12-107104,0.0,0.0,0.0,19.488,27-11-2021
MC-17425,OFF-BI-10000666,US-Sou-Ala-Mob-36608,CA-2021-133711,FC-2021-11-133711,0.0,0.0,0.0,45.84,27-11-2021
RW-19630,OFF-BI-10000977,US-Cen-Kan-Ove-66212,CA-2021-144911,FC-2021-12-144911,0.0,0.0,0.0,69.92,28-11-2021
RW-19630,TEC-AC-10004633,US-Cen-Kan-Ove-66212,CA-2021-144911,FC-2021-12-144911,0.0,0.0,0.0,15.378,28-11-2021
HF-14995,TEC-PH-10001944,US-Sou-Flo-For-33311,CA-2021-104276,SC-2021-12-104276,0.0,0.0,0.2,14.595,28-11-2021
CB-12025,OFF-BI-10004233,US-Eas-New-Eas-7017,CA-2021-117583,FC-2021-12-117583,0.0,0.0,0.0,38.376,28-11-2021
PC-18745,FUR-FU-10001889,US-Eas-New-Wes-7090,CA-2021-159639,SC-2021-12-159639,0.0,0.0,0.0,10.4148,28-11-2021
HF-14995,FUR-TA-10001039,US-Sou-Flo-For-33311,CA-2021-104276,SC-2021-12-104276,0.0,0.0,0.45,-114.3534,28-11-2021
VB-21745,OFF-AP-10003842,US-Cen-Mic-Lin-48146,CA-2021-162313,FC-2021-12-162313,0.0,0.0,0.1,29.7408,28-11-2021
CM-12235,OFF-ST-10000876,US-Wes-Ari-Pho-85023,US-2021-114230,SC-2021-12-114230,0.0,0.0,0.2,3.9808,28-11-2021
GG-14650,TEC-AC-10001266,US-Cen-Ill-Chi-60623,CA-2021-129686,SC-2021-11-129686,0.0,0.0,0.2,19.5,28-11-2021
CC-12670,TEC-PH-10002483,US-Wes-Ari-Sco-85254,CA-2021-152121,SC-2021-11-152121,0.0,0.0,0.2,23.7993,28-11-2021
CB-12025,OFF-PA-10000100,US-Eas-New-Eas-7017,CA-2021-117583,FC-2021-12-117583,0.0,0.0,0.0,100.4255,28-11-2021
CB-12025,OFF-AR-10000658,US-Eas-New-Eas-7017,CA-2021-117583,FC-2021-12-117583,0.0,0.0,0.0,9.702,28-11-2021
CB-12025,OFF-PA-10001246,US-Eas-New-Eas-7017,CA-2021-117583,FC-2021-12-117583,0.0,0.0,0.0,12.4416,28-11-2021
GG-14650,OFF-ST-10004337,US-Cen-Ill-Chi-60623,CA-2021-129686,SC-2021-11-129686,0.0,0.0,0.2,-24.496,28-11-2021
RF-19345,FUR-CH-10004477,US-Sou-Geo-Mar-30062,CA-2021-163167,SC-2021-12-163167,0.0,0.0,0.0,52.9743,29-11-2021
RF-19345,TEC-AC-10003441,US-Sou-Geo-Mar-30062,CA-2021-163167,SC-2021-12-163167,0.0,0.0,0.0,6.102,29-11-2021
DS-13180,FUR-CH-10002647,US-Eas-Pen-Phi-19140,CA-2021-127243,SC-2021-12-127243,0.0,0.0,0.3,-24.843,29-11-2021
RF-19345,OFF-ST-10004459,US-Sou-Geo-Mar-30062,CA-2021-163167,SC-2021-12-163167,0.0,0.0,0.0,56.301,29-11-2021
DS-13180,OFF-FA-10004076,US-Eas-Pen-Phi-19140,CA-2021-127243,SC-2021-12-127243,0.0,0.0,0.2,2.6928,29-11-2021
DS-13180,TEC-PH-10004539,US-Eas-Pen-Phi-19140,CA-2021-127243,SC-2021-12-127243,0.0,0.0,0.4,-73.7061,29-11-2021
RF-19345,OFF-ST-10003805,US-Sou-Geo-Mar-30062,CA-2021-163167,SC-2021-12-163167,0.0,0.0,0.0,315.825,29-11-2021
SK-19990,OFF-BI-10001890,US-Eas-Con-Fai-6824,CA-2021-105018,SC-2021-12-105018,0.0,0.0,0.0,3.4368,29-11-2021
DS-13180,OFF-ST-10002301,US-Eas-Pen-Phi-19140,CA-2021-127243,SC-2021-12-127243,0.0,0.0,0.2,-7.7292,29-11-2021
AJ-10780,OFF-BI-10002976,US-Sou-Flo-Pal-32137,CA-2021-123617,SC-2021-12-123617,0.0,0.0,0.7,-5.6994,29-11-2021
DS-13180,OFF-BI-10003166,US-Eas-Pen-Phi-19140,CA-2021-127243,SC-2021-12-127243,0.0,0.0,0.7,-5.0512,29-11-2021
DR-12940,FUR-FU-10003806,US-Cen-Ill-Aur-60505,CA-2021-160241,SC-2021-12-160241,0.0,0.0,0.6,-302.72,30-11-2021
NC-18535,TEC-AC-10004864,US-Cen-Tex-Dal-75217,US-2021-131674,SC-2021-12-131674,0.0,0.0,0.2,16.7946,30-11-2021
BS-11755,FUR-CH-10000513,US-Cen-Mic-Det-48227,CA-2021-156748,SC-2021-12-156748,0.0,0.0,0.0,35.0973,01-12-2021
BS-11755,OFF-ST-10001370,US-Cen-Mic-Det-48227,CA-2021-156748,SC-2021-12-156748,0.0,0.0,0.0,24.843,01-12-2021
DB-13210,TEC-PH-10002890,US-Sou-Nor-Hic-28601,US-2021-134761,SC-2021-12-134761,0.0,0.0,0.2,2.7144,01-12-2021
BS-11755,OFF-PA-10002713,US-Cen-Mic-Det-48227,CA-2021-156748,SC-2021-12-156748,0.0,0.0,0.0,6.3296,01-12-2021
BS-11755,OFF-PA-10000380,US-Cen-Mic-Det-48227,CA-2021-156748,SC-2021-12-156748,0.0,0.0,0.0,16.68,01-12-2021
LB-16795,OFF-ST-10002292,US-Wes-Cal-Oxn-93030,US-2021-155768,SC-2021-12-155768,0.0,0.0,0.0,222.588,02-12-2021
GZ-14470,OFF-PA-10004040,US-Cen-Min-Roc-55901,CA-2021-129903,SC-2021-12-129903,0.0,0.0,0.0,11.7208,02-12-2021
LB-16795,OFF-EN-10001219,US-Wes-Cal-Oxn-93030,US-2021-155768,SC-2021-12-155768,0.0,0.0,0.0,11.2308,02-12-2021
FH-14365,OFF-AR-10001149,US-Wes-Cal-Los-90004,CA-2021-104689,SC-2021-12-104689,0.0,0.0,0.0,6.912,02-12-2021
CL-11890,FUR-FU-10003724,US-Wes-Cal-San-94122,US-2021-150035,SC-2021-12-150035,0.0,0.0,0.0,4.3524,02-12-2021
RD-19480,FUR-FU-10001196,US-Cen-Ind-Ric-47374,CA-2021-136434,SC-2021-12-136434,0.0,0.0,0.0,5.193,02-12-2021
SJ-20500,FUR-CH-10004997,US-Eas-Con-Fai-6824,CA-2021-157336,SC-2021-12-157336,0.0,0.0,0.0,150.384,02-12-2021
LB-16795,OFF-PA-10001357,US-Wes-Cal-Oxn-93030,US-2021-155768,SC-2021-12-155768,0.0,0.0,0.0,22.992,02-12-2021
JE-15745,TEC-PH-10003931,US-Eas-Mar-Roc-20852,CA-2021-113621,SC-2021-12-113621,0.0,0.0,0.0,44.9925,02-12-2021
EJ-14155,OFF-AP-10002945,US-Eas-Mas-Fra-2038,CA-2021-142594,SC-2021-12-142594,0.0,0.0,0.0,297.6435,02-12-2021
AG-10390,OFF-AR-10000940,US-Sou-Ten-Kno-37918,CA-2021-136483,SC-2021-12-136483,0.0,0.0,0.2,0.4116,02-12-2021
JM-15865,FUR-CH-10002647,US-Cen-Tex-San-76903,CA-2021-130393,SC-2021-12-130393,0.0,0.0,0.3,-17.745,02-12-2021
LB-16795,FUR-FU-10000448,US-Wes-Cal-Oxn-93030,US-2021-155768,SC-2021-12-155768,0.0,0.0,0.0,1.598,02-12-2021
JM-15865,OFF-AP-10004859,US-Cen-Tex-San-76903,CA-2021-130393,SC-2021-12-130393,0.0,0.0,0.8,-30.8672,02-12-2021
MV-18190,TEC-PH-10003811,US-Sou-Nor-Ral-27604,CA-2021-127698,SC-2021-12-127698,0.0,0.0,0.2,86.3928,02-12-2021
JE-15745,FUR-CH-10001270,US-Eas-Mar-Roc-20852,CA-2021-113621,SC-2021-12-113621,0.0,0.0,0.0,51.75,02-12-2021
EJ-14155,FUR-TA-10001095,US-Eas-Mas-Fra-2038,CA-2021-142594,SC-2021-12-142594,0.0,0.0,0.3,-47.0583,02-12-2021
JD-15895,OFF-AP-10002945,US-Sou-Vir-Ric-23223,CA-2021-143805,SC-2021-12-143805,0.0,0.0,0.0,694.5015,02-12-2021
JD-15895,OFF-SU-10004664,US-Sou-Vir-Ric-23223,CA-2021-143805,SC-2021-12-143805,0.0,0.0,0.0,11.803,02-12-2021
SJ-20500,OFF-BI-10004236,US-Eas-Con-Fai-6824,CA-2021-157336,SC-2021-12-157336,0.0,0.0,0.0,40.5168,02-12-2021
EJ-14155,FUR-FU-10002045,US-Eas-Mas-Fra-2038,CA-2021-142594,SC-2021-12-142594,0.0,0.0,0.0,48.906,02-12-2021
EJ-14155,TEC-PH-10000193,US-Eas-Mas-Fra-2038,CA-2021-142594,SC-2021-12-142594,0.0,0.0,0.0,35.8644,02-12-2021
JM-15865,FUR-CH-10004477,US-Cen-Tex-San-76903,CA-2021-130393,SC-2021-12-130393,0.0,0.0,0.3,-1.2178,02-12-2021
PW-19030,OFF-BI-10001107,US-Cen-Iow-Mar-52302,CA-2021-105354,SC-2021-12-105354,0.0,0.0,0.0,54.4448,03-12-2021
MY-18295,OFF-PA-10003893,US-Cen-Tex-Hou-77036,CA-2021-164770,SC-2021-12-164770,0.0,0.0,0.2,9.63,03-12-2021
MY-18295,FUR-BO-10003893,US-Cen-Tex-Hou-77036,CA-2021-164770,SC-2021-12-164770,0.0,0.0,0.32,-137.976,03-12-2021
DB-13270,FUR-FU-20004864,US-Eas-Rho-Pro-2908,CA-2021-163804,SC-2021-12-163804,0.0,0.0,0.0,23.8986,03-12-2021
MK-18160,OFF-PA-10002262,US-Wes-Cal-San-94122,US-2021-108455,SC-2021-12-108455,0.0,0.0,0.0,12.4416,03-12-2021
MK-18160,OFF-PA-10002464,US-Wes-Cal-San-94122,US-2021-108455,SC-2021-12-108455,0.0,0.0,0.0,19.8254,03-12-2021
DB-13270,OFF-ST-10000142,US-Eas-Rho-Pro-2908,CA-2021-163804,SC-2021-12-163804,0.0,0.0,0.0,582.232,03-12-2021
DB-13270,TEC-PH-10000441,US-Eas-Rho-Pro-2908,CA-2021-163804,SC-2021-12-163804,0.0,0.0,0.0,176.386,03-12-2021
MK-18160,OFF-ST-10002214,US-Wes-Cal-San-94122,US-2021-108455,SC-2021-12-108455,0.0,0.0,0.0,8.8062,03-12-2021
AS-10225,TEC-AC-10002942,US-Wes-Col-Lon-80501,CA-2021-143154,SC-2021-12-143154,0.0,0.0,0.2,-6.21,03-12-2021
JF-15190,OFF-PA-10000062,US-Eas-New-New-10024,US-2021-155103,SC-2021-12-155103,0.0,0.0,0.0,26.9304,03-12-2021
KD-16495,OFF-BI-10002353,US-Wes-Cal-San-95123,US-2021-113985,SC-2021-12-113985,0.0,0.0,0.2,9.264,03-12-2021
KD-16495,OFF-AP-10001303,US-Wes-Cal-San-95123,US-2021-113985,SC-2021-12-113985,0.0,0.0,0.0,26.865,03-12-2021
JF-15190,OFF-BI-10004236,US-Eas-New-New-10024,US-2021-155103,SC-2021-12-155103,0.0,0.0,0.2,11.4504,03-12-2021
KD-16495,FUR-FU-10003026,US-Wes-Cal-San-95123,US-2021-113985,SC-2021-12-113985,0.0,0.0,0.0,5.6628,03-12-2021
JF-15190,OFF-BI-10004318,US-Eas-New-New-10024,US-2021-155103,SC-2021-12-155103,0.0,0.0,0.2,134.9322,03-12-2021
KD-16495,OFF-BI-10000632,US-Wes-Cal-San-95123,US-2021-113985,SC-2021-12-113985,0.0,0.0,0.2,33.8598,03-12-2021
CJ-12010,OFF-BI-10001072,US-Eas-Pen-Phi-19134,US-2021-161683,SC-2021-12-161683,0.0,0.0,0.7,-14.5536,04-12-2021
CJ-12010,OFF-AP-10000179,US-Eas-Pen-Phi-19134,US-2021-161683,SC-2021-12-161683,0.0,0.0,0.2,93.7688,04-12-2021
NM-18520,TEC-AC-10003870,US-Wes-Cal-Los-90045,CA-2021-153598,FC-2021-12-153598,0.0,0.0,0.0,659.98,04-12-2021
NM-18520,FUR-FU-10001085,US-Wes-Cal-Los-90045,CA-2021-153598,FC-2021-12-153598,0.0,0.0,0.0,51.474,04-12-2021
EG-13900,OFF-PA-10001954,US-Eas-New-Oce-11572,US-2021-150861,FC-2021-12-150861,0.0,0.0,0.0,84.0512,04-12-2021
EG-13900,FUR-TA-10002228,US-Eas-New-Oce-11572,US-2021-150861,FC-2021-12-150861,0.0,0.0,0.4,-153.3456,04-12-2021
EG-13900,OFF-ST-10004634,US-Eas-New-Oce-11572,US-2021-150861,FC-2021-12-150861,0.0,0.0,0.0,10.089,04-12-2021
EG-13900,FUR-CH-10002965,US-Eas-New-Oce-11572,US-2021-150861,FC-2021-12-150861,0.0,0.0,0.1,102.4998,04-12-2021
EG-13900,OFF-LA-10001317,US-Eas-New-Oce-11572,US-2021-150861,FC-2021-12-150861,0.0,0.0,0.0,3.024,04-12-2021
MM-17920,FUR-TA-10004575,US-Cen-Ind-Ric-47374,CA-2021-122063,SC-2021-12-122063,0.0,0.0,0.0,104.7528,04-12-2021
MM-17920,FUR-CH-10004754,US-Cen-Ind-Ric-47374,CA-2021-122063,SC-2021-12-122063,0.0,0.0,0.0,8.0946,04-12-2021
RD-19720,OFF-AR-10001662,US-Wes-Cal-Mor-95037,CA-2021-149762,SC-2021-12-149762,0.0,0.0,0.0,5.9184,04-12-2021
RD-19720,FUR-TA-10004147,US-Wes-Cal-Mor-95037,CA-2021-149762,SC-2021-12-149762,0.0,0.0,0.2,6.7176,04-12-2021
RD-19720,FUR-BO-10001337,US-Wes-Cal-Mor-95037,CA-2021-149762,SC-2021-12-149762,0.0,0.0,0.15,-12.098,04-12-2021
GM-14440,OFF-ST-10001932,US-Wes-Cal-Los-90049,CA-2021-161025,SC-2021-12-161025,0.0,0.0,0.0,108.1752,04-12-2021
RD-19720,OFF-ST-10001558,US-Wes-Cal-Mor-95037,CA-2021-149762,SC-2021-12-149762,0.0,0.0,0.0,7.308,04-12-2021
BM-11140,OFF-ST-10001418,US-Eas-New-New-10024,CA-2021-126004,FC-2021-12-126004,0.0,0.0,0.0,3.6588,05-12-2021
BM-11140,OFF-PA-10001685,US-Eas-New-New-10024,CA-2021-126004,FC-2021-12-126004,0.0,0.0,0.0,19.8744,05-12-2021
BM-11140,OFF-BI-10004656,US-Eas-New-New-10024,CA-2021-126004,FC-2021-12-126004,0.0,0.0,0.2,0.6048,05-12-2021
BM-11140,TEC-AC-10001432,US-Eas-New-New-10024,CA-2021-126004,FC-2021-12-126004,0.0,0.0,0.0,34.386,05-12-2021
BM-11140,FUR-FU-10001602,US-Eas-New-New-10024,CA-2021-126004,FC-2021-12-126004,0.0,0.0,0.0,20.4822,05-12-2021
BM-11140,OFF-ST-10000676,US-Eas-New-New-10024,CA-2021-126004,FC-2021-12-126004,0.0,0.0,0.0,11.6316,05-12-2021
KT-16465,OFF-PA-10000994,US-Wes-Cal-San-94109,CA-2021-112060,SC-2021-12-112060,0.0,0.0,0.0,50.328,05-12-2021
EB-13840,OFF-ST-10003324,US-Eas-New-New-10035,CA-2021-139885,SC-2021-12-139885,0.0,0.0,0.0,0.0,05-12-2021
LM-17065,OFF-BI-10000301,US-Eas-New-Aub-13021,CA-2021-105277,SC-2021-12-105277,0.0,0.0,0.2,5.823,05-12-2021
AG-10300,FUR-BO-10002853,US-Eas-Mas-Fra-2038,CA-2021-143749,FC-2021-12-143749,0.0,0.0,0.0,20.485,06-12-2021
JE-16165,FUR-CH-10000454,US-Cen-Wis-Fra-53132,CA-2021-114489,SC-2021-12-114489,0.0,0.0,0.0,585.552,06-12-2021
MP-18175,OFF-AR-10001547,US-Cen-Ill-Chi-60623,CA-2021-163636,SC-2021-12-163636,0.0,0.0,0.2,0.3094,06-12-2021
HE-14800,OFF-EN-10004483,US-Eas-Del-New-19711,CA-2021-146374,SC-2021-12-146374,0.0,0.0,0.0,51.5543,06-12-2021
JE-16165,OFF-BI-10002735,US-Cen-Wis-Fra-53132,CA-2021-114489,SC-2021-12-114489,0.0,0.0,0.0,80.6285,06-12-2021
RF-19345,OFF-LA-10004853,US-Cen-Ill-Chi-60610,CA-2021-145009,SC-2021-12-145009,0.0,0.0,0.2,3.8844,06-12-2021
HE-14800,FUR-FU-10002671,US-Eas-Del-New-19711,CA-2021-146374,SC-2021-12-146374,0.0,0.0,0.0,6.432,06-12-2021
HE-14800,OFF-PA-10000349,US-Eas-Del-New-19711,CA-2021-146374,SC-2021-12-146374,0.0,0.0,0.0,2.3406,06-12-2021
TP-21130,OFF-ST-10000060,US-Sou-Ken-Geo-40324,CA-2021-109722,SC-2021-12-109722,0.0,0.0,0.0,70.1784,06-12-2021
TP-21130,TEC-PH-10000560,US-Sou-Ken-Geo-40324,CA-2021-109722,SC-2021-12-109722,0.0,0.0,0.0,195.9944,06-12-2021
JE-16165,TEC-PH-10000215,US-Cen-Wis-Fra-53132,CA-2021-114489,SC-2021-12-114489,0.0,0.0,0.0,103.8015,06-12-2021
JE-16165,TEC-PH-10001448,US-Cen-Wis-Fra-53132,CA-2021-114489,SC-2021-12-114489,0.0,0.0,0.0,5.9988,06-12-2021
TC-21475,OFF-AR-10000034,US-Eas-Dis-Was-20016,CA-2021-140564,SC-2021-12-140564,0.0,0.0,0.0,13.2288,06-12-2021
IM-15070,OFF-BI-10003656,US-Wes-Was-Sea-98103,CA-2021-161389,SC-2021-12-161389,0.0,0.0,0.2,132.5922,06-12-2021
JG-15160,OFF-ST-10002615,US-Eas-New-New-10024,CA-2021-108434,SC-2021-12-108434,0.0,0.0,0.0,120.9468,06-12-2021
JG-15160,FUR-FU-10004748,US-Sou-Ken-Mur-42071,CA-2021-124772,FC-2021-12-124772,0.0,0.0,0.0,74.8098,06-12-2021
AP-10720,OFF-AR-10004752,US-Wes-Cal-Los-90032,US-2021-103674,SC-2021-12-103674,0.0,0.0,0.0,5.2332,07-12-2021
AP-10720,TEC-PH-10004080,US-Wes-Cal-Los-90032,US-2021-103674,SC-2021-12-103674,0.0,0.0,0.2,27.196,07-12-2021
GT-14710,OFF-BI-10001658,US-Wes-Was-Sea-98105,US-2021-169040,SC-2021-12-169040,0.0,0.0,0.2,19.4376,07-12-2021
GT-14710,OFF-PA-10000482,US-Wes-Was-Sea-98105,US-2021-169040,SC-2021-12-169040,0.0,0.0,0.0,89.159,07-12-2021
AP-10720,OFF-PA-10000743,US-Wes-Cal-Los-90032,US-2021-103674,SC-2021-12-103674,0.0,0.0,0.0,6.4128,07-12-2021
GT-14710,TEC-PH-10002310,US-Wes-Was-Sea-98105,US-2021-169040,SC-2021-12-169040,0.0,0.0,0.2,13.7193,07-12-2021
GT-14710,OFF-BI-10001636,US-Wes-Was-Sea-98105,US-2021-169040,SC-2021-12-169040,0.0,0.0,0.2,15.3426,07-12-2021
GT-14710,OFF-EN-10000927,US-Wes-Was-Sea-98105,US-2021-169040,SC-2021-12-169040,0.0,0.0,0.0,16.1505,07-12-2021
AP-10720,TEC-PH-10002496,US-Wes-Cal-Los-90032,US-2021-103674,SC-2021-12-103674,0.0,0.0,0.2,31.198,07-12-2021
GT-14710,TEC-PH-10002834,US-Wes-Was-Sea-98105,US-2021-169040,SC-2021-12-169040,0.0,0.0,0.2,26.9985,07-12-2021
AP-10720,OFF-FA-10003467,US-Wes-Cal-Los-90032,US-2021-103674,SC-2021-12-103674,0.0,0.0,0.0,0.0,07-12-2021
AP-10720,OFF-BI-10003727,US-Wes-Cal-Los-90032,US-2021-103674,SC-2021-12-103674,0.0,0.0,0.2,4.6816,07-12-2021
DP-13105,TEC-CO-10004202,US-Eas-New-Hem-11550,CA-2021-162390,SC-2021-12-162390,0.0,0.0,0.2,89.997,07-12-2021
DP-13105,OFF-BI-10001721,US-Eas-New-Hem-11550,CA-2021-162390,SC-2021-12-162390,0.0,0.0,0.2,77.8232,07-12-2021
DP-13105,OFF-BI-10004318,US-Eas-New-Hem-11550,CA-2021-162390,SC-2021-12-162390,0.0,0.0,0.2,314.8418,07-12-2021
GG-14650,OFF-PA-10004100,US-Wes-Cal-Ant-94509,US-2021-114776,FC-2021-12-114776,0.0,0.0,0.0,9.3312,07-12-2021
GT-14710,OFF-PA-10001736,US-Wes-Was-Sea-98105,US-2021-169040,SC-2021-12-169040,0.0,0.0,0.0,116.5976,07-12-2021
AP-10720,OFF-BI-20002026,US-Wes-Cal-Los-90032,US-2021-103674,SC-2021-12-103674,0.0,0.0,0.2,153.1152,07-12-2021
DB-13615,OFF-ST-10000615,US-Wes-Cal-San-94110,CA-2021-115224,SC-2021-12-115224,0.0,0.0,0.0,9.534,09-12-2021
DB-13615,OFF-ST-10003816,US-Wes-Cal-San-94110,CA-2021-115224,SC-2021-12-115224,0.0,0.0,0.0,81.0474,09-12-2021
GH-14485,FUR-FU-10003664,US-Cen-Tex-Ric-75080,CA-2021-117590,FC-2021-12-117590,0.0,0.0,0.6,-147.963,09-12-2021
GH-14485,TEC-PH-10004977,US-Cen-Tex-Ric-75080,CA-2021-117590,FC-2021-12-117590,0.0,0.0,0.2,123.4737,09-12-2021
SP-20620,OFF-PA-10003363,US-Wes-Cal-San-94110,CA-2021-131289,SC-2021-12-131289,0.0,0.0,0.0,21.7728,09-12-2021
JP-16135,OFF-BI-10001267,US-Eas-Ohi-Col-43229,CA-2021-124562,SC-2021-12-124562,0.0,0.0,0.7,-9.5018,09-12-2021
LH-16900,TEC-PH-10002496,US-Sou-Nor-Gre-27834,CA-2021-113733,SC-2021-12-113733,0.0,0.0,0.2,31.198,09-12-2021
AG-10900,FUR-CH-10002335,US-Cen-Wis-Eau-54703,CA-2021-160108,SC-2021-12-160108,0.0,0.0,0.0,176.8026,09-12-2021
SP-20620,OFF-AR-10003056,US-Wes-Cal-San-94110,CA-2021-131289,SC-2021-12-131289,0.0,0.0,0.0,2.4824,09-12-2021
AG-10900,FUR-BO-10003450,US-Cen-Wis-Eau-54703,CA-2021-160108,SC-2021-12-160108,0.0,0.0,0.0,32.4688,09-12-2021
SP-20620,FUR-TA-10003954,US-Wes-Cal-San-94110,CA-2021-131289,SC-2021-12-131289,0.0,0.0,0.2,-195.4788,09-12-2021
JB-16045,OFF-PA-10002615,US-Eas-Ohi-Col-43229,CA-2021-158302,SC-2021-12-158302,0.0,0.0,0.2,3.4398,09-12-2021
QJ-19255,TEC-PH-10003555,US-Cen-Min-Sai-55106,CA-2021-134425,SC-2021-12-134425,0.0,0.0,0.0,2.299,09-12-2021
LH-16900,TEC-AC-10004877,US-Sou-Nor-Gre-27834,CA-2021-113733,SC-2021-12-113733,0.0,0.0,0.2,-2.484,09-12-2021
LH-16900,TEC-AC-10002473,US-Sou-Nor-Gre-27834,CA-2021-113733,SC-2021-12-113733,0.0,0.0,0.2,17.8794,09-12-2021
RW-19630,OFF-SU-10001664,US-Cen-Ill-Chi-60610,US-2021-131114,SC-2021-12-131114,0.0,0.0,0.2,1.5426,10-12-2021
KB-16585,OFF-AR-10000246,US-Cen-Neb-Fre-68025,CA-2021-137330,SC-2021-12-137330,0.0,0.0,0.0,5.0596,10-12-2021
KB-16585,OFF-AP-10001492,US-Cen-Neb-Fre-68025,CA-2021-137330,SC-2021-12-137330,0.0,0.0,0.0,15.6884,10-12-2021
SP-20650,OFF-BI-10002133,US-Wes-Cal-Sto-95207,CA-2021-149503,FC-2021-12-149503,0.0,0.0,0.2,99.296,10-12-2021
RW-19630,TEC-AC-10000199,US-Cen-Ill-Chi-60610,US-2021-131114,SC-2021-12-131114,0.0,0.0,0.2,-1.428,10-12-2021
FM-14380,OFF-LA-10001404,US-Eas-Mas-Law-1841,CA-2021-141082,SC-2021-12-141082,0.0,0.0,0.0,1.7343,10-12-2021
FM-14380,OFF-LA-10001474,US-Eas-Mas-Law-1841,CA-2021-141082,SC-2021-12-141082,0.0,0.0,0.0,56.1752,10-12-2021
LH-17155,OFF-AP-10002311,US-Cen-Mic-Jac-49201,CA-2021-133340,SC-2021-12-133340,0.0,0.0,0.1,23.3954,10-12-2021
LH-17155,TEC-AC-10001109,US-Cen-Mic-Jac-49201,CA-2021-133340,SC-2021-12-133340,0.0,0.0,0.0,25.1916,10-12-2021
GB-14530,OFF-AR-10000475,US-Cen-Tex-For-76106,CA-2021-128923,SC-2021-12-128923,0.0,0.0,0.2,0.8162,10-12-2021
GB-14530,OFF-PA-10002250,US-Cen-Tex-For-76106,CA-2021-128923,SC-2021-12-128923,0.0,0.0,0.2,3.2872,10-12-2021
LH-17155,TEC-PH-10003988,US-Cen-Mic-Jac-49201,CA-2021-133340,SC-2021-12-133340,0.0,0.0,0.0,3.052,10-12-2021
RW-19630,OFF-AP-10003971,US-Cen-Ill-Chi-60610,US-2021-131114,SC-2021-12-131114,0.0,0.0,0.8,-11.7612,10-12-2021
DK-12835,OFF-BI-10003712,US-Sou-Ten-Fra-37064,US-2021-161844,SC-2021-12-161844,0.0,0.0,0.7,-2.0622,10-12-2021
DK-12835,FUR-TA-10001676,US-Sou-Ten-Fra-37064,US-2021-161844,SC-2021-12-161844,0.0,0.0,0.4,-29.3238,10-12-2021
EB-13870,TEC-PH-10000169,US-Sou-Ten-Fra-37064,CA-2021-159989,SC-2021-12-159989,0.0,0.0,0.2,-9.153,10-12-2021
PM-18940,FUR-TA-10002530,US-Sou-Vir-Spr-22153,CA-2021-102092,FC-2021-12-102092,0.0,0.0,0.0,158.529,10-12-2021
AP-10915,OFF-PA-10001125,US-Wes-Was-Sea-98105,CA-2021-128412,SC-2021-12-128412,0.0,0.0,0.0,55.764,11-12-2021
CM-12235,OFF-BI-10003656,US-Eas-New-Wat-13601,CA-2021-144309,SC-2021-12-144309,0.0,0.0,0.2,220.987,11-12-2021
SL-20155,OFF-PA-10004609,US-Eas-New-New-10024,CA-2021-100587,SC-2021-12-100587,0.0,0.0,0.0,3.1104,11-12-2021
LH-17155,FUR-CH-10002965,US-Wes-Cal-San-94109,CA-2021-154739,SC-2021-12-154739,0.0,0.0,0.2,28.1372,11-12-2021
AP-10915,OFF-AP-10000252,US-Wes-Was-Sea-98105,CA-2021-128412,SC-2021-12-128412,0.0,0.0,0.0,12.285,11-12-2021
AP-10915,OFF-BI-10001718,US-Wes-Was-Sea-98105,CA-2021-128412,SC-2021-12-128412,0.0,0.0,0.2,51.8238,11-12-2021
MH-17455,FUR-CH-10003379,US-Cen-Ind-Gre-46142,US-2021-143448,SC-2021-12-143448,0.0,0.0,0.0,356.225,11-12-2021
CM-12235,OFF-PA-10001776,US-Eas-New-Wat-13601,CA-2021-144309,SC-2021-12-144309,0.0,0.0,0.0,8.7138,11-12-2021
AP-10915,TEC-AC-10003038,US-Wes-Was-Sea-98105,CA-2021-128412,SC-2021-12-128412,0.0,0.0,0.0,8.5025,11-12-2021
SJ-20125,OFF-PA-10000575,US-Wes-Cal-Lon-90805,CA-2021-147123,FC-2021-12-147123,0.0,0.0,0.0,36.9288,11-12-2021
AP-10915,OFF-AP-10002082,US-Wes-Was-Sea-98105,CA-2021-128412,SC-2021-12-128412,0.0,0.0,0.0,22.869,11-12-2021
DL-13315,OFF-ST-10001228,US-Eas-New-New-10024,CA-2021-146941,FC-2021-12-146941,0.0,0.0,0.0,22.5624,11-12-2021
DL-13315,OFF-EN-10003296,US-Eas-New-New-10024,CA-2021-146941,FC-2021-12-146941,0.0,0.0,0.0,162.864,11-12-2021
BW-11110,OFF-PA-10000659,US-Eas-New-New-10024,CA-2021-127194,SC-2021-12-127194,0.0,0.0,0.0,29.5254,11-12-2021
SC-20695,OFF-AP-10002892,US-Eas-Ohi-Spr-45503,US-2021-151260,FC-2021-12-151260,0.0,0.0,0.2,9.192,12-12-2021
JM-15265,OFF-FA-10000304,US-Eas-New-New-10024,CA-2021-105816,SC-2021-12-105816,0.0,0.0,0.0,6.2566,12-12-2021
JM-15265,TEC-PH-10002447,US-Eas-New-New-10024,CA-2021-105816,SC-2021-12-105816,0.0,0.0,0.0,298.6855,12-12-2021
WB-21850,FUR-CH-10003774,US-Wes-Cal-Ana-92804,CA-2021-165330,SC-2021-12-165330,0.0,0.0,0.2,-31.843,12-12-2021
NS-18640,OFF-AP-20000576,US-Eas-Ohi-Col-43229,CA-2021-162187,SC-2021-12-162187,0.0,0.0,0.2,24.196,12-12-2021
NS-18640,OFF-ST-10001558,US-Eas-Ohi-Col-43229,CA-2021-162187,SC-2021-12-162187,0.0,0.0,0.2,-4.06,12-12-2021
FM-14380,OFF-ST-10001963,US-Wes-Col-Aur-80013,US-2021-135720,SC-2021-12-135720,0.0,0.0,0.2,-51.7191,12-12-2021
FM-14380,TEC-AC-10001267,US-Wes-Col-Aur-80013,US-2021-135720,SC-2021-12-135720,0.0,0.0,0.2,29.95,12-12-2021
FM-14380,TEC-PH-10002103,US-Wes-Col-Aur-80013,US-2021-135720,SC-2021-12-135720,0.0,0.0,0.2,30.0768,12-12-2021
AR-10825,FUR-FU-10001935,US-Wes-Was-Van-98661,CA-2021-160745,SC-2021-12-160745,0.0,0.0,0.0,6.068,12-12-2021
AR-10825,TEC-PH-10003273,US-Wes-Was-Van-98661,CA-2021-160745,SC-2021-12-160745,0.0,0.0,0.2,22.6782,12-12-2021
CA-12775,OFF-AR-10003251,US-Sou-Ten-Smy-37167,US-2021-132857,SC-2021-12-132857,0.0,0.0,0.2,1.668,12-12-2021
NS-18640,FUR-CH-10003298,US-Eas-Ohi-Col-43229,CA-2021-162187,SC-2021-12-162187,0.0,0.0,0.3,-137.529,12-12-2021
AR-10825,TEC-AC-10001142,US-Wes-Was-Van-98661,CA-2021-160745,SC-2021-12-160745,0.0,0.0,0.0,31.6,12-12-2021
WB-21850,OFF-AP-10001469,US-Wes-Cal-Ana-92804,CA-2021-165330,SC-2021-12-165330,0.0,0.0,0.0,24.1918,12-12-2021
WB-21850,OFF-BI-10004001,US-Wes-Cal-Ana-92804,CA-2021-165330,SC-2021-12-165330,0.0,0.0,0.2,39.8736,12-12-2021
NS-18640,OFF-SU-10004782,US-Eas-Ohi-Col-43229,CA-2021-162187,SC-2021-12-162187,0.0,0.0,0.2,1.69,12-12-2021
LR-16915,OFF-ST-10001476,US-Sou-Flo-Hom-33030,US-2021-148803,SC-2021-12-148803,0.0,0.0,0.2,7.4571,12-12-2021
WB-21850,OFF-BI-10002824,US-Wes-Cal-Ana-92804,CA-2021-165330,SC-2021-12-165330,0.0,0.0,0.2,11.19,12-12-2021
WB-21850,OFF-ST-10000636,US-Wes-Cal-Ana-92804,CA-2021-165330,SC-2021-12-165330,0.0,0.0,0.0,2.0088,12-12-2021
NS-18640,FUR-TA-10003008,US-Eas-Ohi-Col-43229,CA-2021-162187,SC-2021-12-162187,0.0,0.0,0.4,-147.8655,12-12-2021
WB-21850,FUR-TA-10004619,US-Wes-Cal-Ana-92804,CA-2021-165330,SC-2021-12-165330,0.0,0.0,0.2,111.517,12-12-2021
WB-21850,OFF-BI-10002897,US-Wes-Cal-Ana-92804,CA-2021-165330,SC-2021-12-165330,0.0,0.0,0.2,2.1286,12-12-2021
WB-21850,OFF-PA-10000241,US-Wes-Cal-Ana-92804,CA-2021-165330,SC-2021-12-165330,0.0,0.0,0.0,13.941,12-12-2021
WB-21850,TEC-AC-10000057,US-Wes-Cal-Ana-92804,CA-2021-165330,SC-2021-12-165330,0.0,0.0,0.0,25.1916,12-12-2021
WB-21850,OFF-AR-10000914,US-Wes-Cal-Ana-92804,CA-2021-165330,SC-2021-12-165330,0.0,0.0,0.0,6.0632,12-12-2021
WB-21850,OFF-BI-10004593,US-Wes-Cal-Ana-92804,CA-2021-165330,SC-2021-12-165330,0.0,0.0,0.2,68.12,12-12-2021
DB-13270,FUR-CH-10004218,US-Wes-Ore-Por-97206,CA-2021-143609,FC-2021-12-143609,0.0,0.0,0.2,25.245,12-12-2021
MG-17650,TEC-PH-10002103,US-Cen-Mic-Jac-49201,CA-2021-139395,SC-2021-12-139395,0.0,0.0,0.0,184.2204,13-12-2021
RF-19840,OFF-AP-10002350,US-Wes-Cal-Pas-91104,CA-2021-136686,SC-2021-12-136686,0.0,0.0,0.0,15.8256,13-12-2021
EC-14050,OFF-PA-10004438,US-Sou-Geo-Col-31907,US-2021-169369,SC-2021-12-169369,0.0,0.0,0.0,23.0864,13-12-2021
NS-18640,FUR-FU-20004864,US-Eas-New-New-10009,CA-2021-169824,SC-2021-12-169824,0.0,0.0,0.0,19.9155,13-12-2021
JM-15655,OFF-BI-10003982,US-Eas-Ohi-Lor-44052,US-2021-108777,SC-2021-12-108777,0.0,0.0,0.7,-14.3313,13-12-2021
EC-14050,TEC-AC-10001314,US-Sou-Geo-Col-31907,US-2021-169369,SC-2021-12-169369,0.0,0.0,0.0,19.996,13-12-2021
JM-15655,TEC-AC-10002567,US-Eas-Ohi-Lor-44052,US-2021-108777,SC-2021-12-108777,0.0,0.0,0.2,76.7904,13-12-2021
MG-17650,FUR-FU-10003724,US-Cen-Mic-Jac-49201,CA-2021-139395,SC-2021-12-139395,0.0,0.0,0.0,8.7048,13-12-2021
MG-17650,OFF-AR-10003732,US-Cen-Mic-Jac-49201,CA-2021-139395,SC-2021-12-139395,0.0,0.0,0.0,3.614,13-12-2021
NS-18640,OFF-SU-10000952,US-Eas-New-New-10009,CA-2021-169824,SC-2021-12-169824,0.0,0.0,0.0,9.9456,13-12-2021
RF-19840,FUR-FU-10004864,US-Wes-Cal-Pas-91104,CA-2021-136686,SC-2021-12-136686,0.0,0.0,0.0,122.7648,13-12-2021
MG-17650,OFF-ST-10000885,US-Cen-Mic-Jac-49201,CA-2021-139395,SC-2021-12-139395,0.0,0.0,0.0,6.715,13-12-2021
NS-18640,OFF-AR-10000462,US-Eas-New-New-10009,CA-2021-169824,SC-2021-12-169824,0.0,0.0,0.0,4.816,13-12-2021
JC-15340,OFF-AR-10004757,US-Wes-Cal-Riv-92503,CA-2021-102792,SC-2021-12-102792,0.0,0.0,0.0,3.2472,14-12-2021
RW-19630,OFF-BI-10001759,US-Wes-Cal-Tor-90503,CA-2021-142958,SC-2021-12-142958,0.0,0.0,0.2,2.2098,14-12-2021
RW-19630,FUR-TA-10000577,US-Wes-Cal-Tor-90503,CA-2021-142958,SC-2021-12-142958,0.0,0.0,0.2,41.7852,14-12-2021
KH-16630,TEC-AC-10001772,US-Cen-Okl-Nor-73071,CA-2021-100153,SC-2021-12-100153,0.0,0.0,0.0,24.9132,14-12-2021
MC-17845,FUR-FU-10002045,US-Sou-Mis-Jac-39212,CA-2021-146143,SC-2021-12-146143,0.0,0.0,0.0,58.6872,15-12-2021
DS-13180,OFF-ST-10001590,US-Wes-Cal-San-92037,CA-2021-146325,FC-2021-12-146325,0.0,0.0,0.0,35.048,15-12-2021
PK-19075,OFF-BI-10000279,US-Eas-New-New-10011,CA-2021-129126,SC-2021-12-129126,0.0,0.0,0.2,7.803,15-12-2021
PK-19075,OFF-ST-10004507,US-Eas-New-New-10011,CA-2021-129126,SC-2021-12-129126,0.0,0.0,0.0,4.6305,15-12-2021
PK-19075,FUR-FU-10002937,US-Eas-New-New-10011,CA-2021-129126,SC-2021-12-129126,0.0,0.0,0.0,198.46,15-12-2021
PK-19075,OFF-FA-10000621,US-Eas-New-New-10011,CA-2021-129126,SC-2021-12-129126,0.0,0.0,0.0,10.5252,15-12-2021
PK-19075,OFF-PA-10001471,US-Eas-New-New-10011,CA-2021-129126,SC-2021-12-129126,0.0,0.0,0.0,6.7252,15-12-2021
PK-19075,OFF-LA-10003190,US-Eas-New-New-10011,CA-2021-129126,SC-2021-12-129126,0.0,0.0,0.0,2.8224,15-12-2021
MP-18175,OFF-AP-10001205,US-Wes-Ore-Spr-97477,US-2021-127334,SC-2021-12-127334,0.0,0.0,0.2,8.7168,16-12-2021
MP-18175,FUR-TA-10003473,US-Wes-Ore-Spr-97477,US-2021-127334,SC-2021-12-127334,0.0,0.0,0.5,-304.6653,16-12-2021
MP-17965,OFF-ST-10000036,US-Cen-Mic-Det-48205,CA-2021-142335,SC-2021-12-142335,0.0,0.0,0.0,80.0199,16-12-2021
TC-21475,OFF-PA-10002552,US-Sou-Ark-Fay-72701,CA-2021-100307,SC-2021-12-100307,0.0,0.0,0.0,9.3312,16-12-2021
SH-20395,OFF-BI-10000201,US-Eas-Ohi-Cuy-44221,CA-2021-113600,SC-2021-12-113600,0.0,0.0,0.7,-1.476,16-12-2021
BP-11230,FUR-FU-10002364,US-Wes-Cal-Los-90004,US-2021-116442,SC-2021-12-116442,0.0,0.0,0.0,4.2804,16-12-2021
MP-17965,FUR-TA-10000198,US-Cen-Mic-Det-48205,CA-2021-142335,SC-2021-12-142335,0.0,0.0,0.0,231.4116,16-12-2021
PK-19075,FUR-CH-10001708,US-Wes-Cal-App-92307,CA-2021-118332,SC-2021-12-118332,0.0,0.0,0.2,7.049,17-12-2021
SF-20065,OFF-AP-10004859,US-Sou-Nor-Gol-27534,CA-2021-130442,FC-2021-12-130442,0.0,0.0,0.2,3.0576,17-12-2021
CC-12670,OFF-BI-10002194,US-Cen-Ill-Chi-60610,US-2021-100419,SC-2021-12-100419,0.0,0.0,0.8,-7.9002,17-12-2021
KD-16495,OFF-FA-10001754,US-Eas-New-New-10009,US-2021-104794,FC-2021-12-104794,0.0,0.0,0.0,1.8032,17-12-2021
TN-21040,TEC-AC-10001445,US-Wes-Cal-San-92024,CA-2021-155446,SC-2021-12-155446,0.0,0.0,0.0,4.4541,17-12-2021
SC-20680,OFF-ST-10001328,US-Wes-Was-Sea-98115,CA-2021-155383,SC-2021-12-155383,0.0,0.0,0.0,13.0284,18-12-2021
CM-12160,FUR-TA-10004256,US-Wes-Cal-San-94122,CA-2021-155530,SC-2021-12-155530,0.0,0.0,0.2,-325.572,18-12-2021
NS-18640,OFF-BI-10000948,US-Wes-New-Car-88220,CA-2021-131639,SC-2021-12-131639,0.0,0.0,0.2,3.8529,18-12-2021
AH-10075,TEC-AC-10002942,US-Cen-Tex-Arl-76017,CA-2021-147109,SC-2021-12-147109,0.0,0.0,0.2,-6.21,18-12-2021
NS-18640,OFF-BI-10001636,US-Wes-New-Car-88220,CA-2021-131639,SC-2021-12-131639,0.0,0.0,0.2,4.3836,18-12-2021
AB-10105,OFF-BI-10000545,US-Cen-Mic-Det-48205,CA-2021-117121,SC-2021-12-117121,0.0,0.0,0.0,4946.37,18-12-2021
AH-10075,OFF-PA-10001972,US-Cen-Tex-Arl-76017,CA-2021-147109,SC-2021-12-147109,0.0,0.0,0.2,18.144,18-12-2021
JE-15475,TEC-AC-10001465,US-Wes-Cal-San-92037,CA-2021-133795,SC-2021-12-133795,0.0,0.0,0.0,21.792,19-12-2021
JD-16150,FUR-FU-10000732,US-Cen-Min-Min-55407,CA-2021-147067,SC-2021-12-147067,0.0,0.0,0.0,6.0288,19-12-2021
AH-10120,TEC-PH-10004833,US-Wes-Ore-Sal-97301,CA-2021-145261,FC-2021-12-145261,0.0,0.0,0.2,-7.17,19-12-2021
JE-15475,FUR-FU-10003731,US-Wes-Cal-San-92037,CA-2021-133795,SC-2021-12-133795,0.0,0.0,0.0,11.1776,19-12-2021
AH-10120,OFF-BI-10001670,US-Wes-Ore-Sal-97301,CA-2021-145261,FC-2021-12-145261,0.0,0.0,0.7,-30.16,19-12-2021
AH-10195,OFF-SU-10000646,US-Sou-Flo-Tam-33319,CA-2021-112697,SC-2021-12-112697,0.0,0.0,0.2,-204.3145,19-12-2021
AH-10120,OFF-AR-10004078,US-Wes-Ore-Sal-97301,CA-2021-145261,FC-2021-12-145261,0.0,0.0,0.2,2.336,19-12-2021
AY-10555,TEC-PH-10001552,US-Wes-Cal-San-94110,CA-2021-139934,FC-2021-12-139934,0.0,0.0,0.2,6.6976,19-12-2021
JK-16120,OFF-ST-10003716,US-Eas-New-New-10009,CA-2021-150945,SC-2021-12-150945,0.0,0.0,0.0,117.0104,19-12-2021
AH-10120,OFF-LA-10000407,US-Wes-Ore-Sal-97301,CA-2021-145261,FC-2021-12-145261,0.0,0.0,0.2,5.1792,19-12-2021
AH-10195,OFF-AP-10002684,US-Sou-Flo-Tam-33319,CA-2021-112697,SC-2021-12-112697,0.0,0.0,0.2,24.316,19-12-2021
AH-10195,OFF-BI-10000778,US-Sou-Flo-Tam-33319,CA-2021-112697,SC-2021-12-112697,0.0,0.0,0.7,-169.372,19-12-2021
PN-18775,FUR-CH-10004997,US-Cen-Neb-Oma-68104,CA-2021-138597,FC-2021-12-138597,0.0,0.0,0.0,112.788,19-12-2021
HG-14965,FUR-FU-10004960,US-Wes-Cal-Los-90032,CA-2021-145919,SC-2021-12-145919,0.0,0.0,0.0,62.5056,19-12-2021
HG-14965,OFF-PA-10003072,US-Wes-Cal-Los-90032,CA-2021-145919,SC-2021-12-145919,0.0,0.0,0.0,18.6624,19-12-2021
AH-10120,TEC-AC-10000991,US-Wes-Ore-Sal-97301,CA-2021-145261,FC-2021-12-145261,0.0,0.0,0.2,-8.4582,19-12-2021
AH-10120,OFF-PA-10003036,US-Wes-Ore-Sal-97301,CA-2021-145261,FC-2021-12-145261,0.0,0.0,0.2,3.7856,19-12-2021
JE-15475,TEC-AC-10003832,US-Wes-Cal-San-92037,CA-2021-133795,SC-2021-12-133795,0.0,0.0,0.0,146.7693,19-12-2021
GK-14620,OFF-BI-10001359,US-Eas-New-Mor-7960,CA-2021-101546,SC-2021-12-101546,0.0,0.0,0.0,843.1706,19-12-2021
HG-14965,OFF-SU-10003505,US-Wes-Cal-Los-90032,CA-2021-145919,SC-2021-12-145919,0.0,0.0,0.0,28.965,19-12-2021
AH-10120,FUR-TA-10002530,US-Wes-Ore-Sal-97301,CA-2021-145261,FC-2021-12-145261,0.0,0.0,0.5,-264.215,19-12-2021
ES-14080,OFF-BI-10002103,US-Wes-Ari-Tuc-85705,CA-2021-134936,SC-2021-12-134936,0.0,0.0,0.7,-4.1712,20-12-2021
ES-14080,FUR-TA-10001086,US-Wes-Ari-Tuc-85705,CA-2021-134936,SC-2021-12-134936,0.0,0.0,0.5,-218.8656,20-12-2021
BP-11050,OFF-BI-10002012,US-Cen-Ill-Chi-60623,CA-2021-108364,SC-2021-12-108364,0.0,0.0,0.8,-2.88,20-12-2021
ES-14080,OFF-BI-10000174,US-Wes-Ari-Tuc-85705,CA-2021-134936,SC-2021-12-134936,0.0,0.0,0.7,-7.656,20-12-2021
MH-17440,OFF-BI-10000948,US-Eas-New-New-10035,CA-2021-141523,SC-2021-12-141523,0.0,0.0,0.2,11.5587,20-12-2021
CL-12565,FUR-FU-10004904,US-Eas-Pen-Rea-19601,CA-2021-118129,SC-2021-12-118129,0.0,0.0,0.2,-30.392,20-12-2021
MH-17440,OFF-AR-10001545,US-Eas-New-New-10035,CA-2021-141523,SC-2021-12-141523,0.0,0.0,0.0,1.0208,20-12-2021
SC-20800,TEC-AC-10002323,US-Sou-Mis-Jac-39212,CA-2021-168536,SC-2021-12-168536,0.0,0.0,0.0,8.619,21-12-2021
MC-17575,OFF-PA-10003673,US-Cen-Neb-Fre-68025,US-2021-157840,SC-2021-12-157840,0.0,0.0,0.0,15.594,21-12-2021
AB-10255,FUR-FU-10001918,US-Sou-Mis-Jac-39212,CA-2021-151155,SC-2021-12-151155,0.0,0.0,0.0,7.3788,21-12-2021
AB-10255,OFF-BI-10003910,US-Sou-Mis-Jac-39212,CA-2021-151155,SC-2021-12-151155,0.0,0.0,0.0,6.939,21-12-2021
ED-13885,OFF-BI-10004002,US-Wes-Was-Sea-98115,CA-2021-149916,SC-2021-12-149916,0.0,0.0,0.2,19.376,23-12-2021
ED-13885,TEC-MA-10000752,US-Wes-Was-Sea-98115,CA-2021-149916,SC-2021-12-149916,0.0,0.0,0.2,3.757,23-12-2021
DN-13690,FUR-FU-10000277,US-Wes-Cal-Mor-92553,CA-2021-114860,SC-2021-12-114860,0.0,0.0,0.0,202.2528,23-12-2021
SA-20830,FUR-FU-10001935,US-Wes-Ore-Red-97756,CA-2021-167507,SC-2021-12-167507,0.0,0.0,0.2,3.108,23-12-2021
LC-16885,OFF-BI-10004233,US-Eas-New-New-10035,CA-2021-103359,SC-2021-12-103359,0.0,0.0,0.2,8.9544,23-12-2021
SA-20830,FUR-FU-10002878,US-Wes-Ore-Red-97756,CA-2021-167507,SC-2021-12-167507,0.0,0.0,0.2,4.8416,23-12-2021
SA-20830,OFF-BI-10003694,US-Wes-Ore-Red-97756,CA-2021-167507,SC-2021-12-167507,0.0,0.0,0.7,-25.056,23-12-2021
DN-13690,FUR-FU-10001934,US-Wes-Cal-Mor-92553,CA-2021-114860,SC-2021-12-114860,0.0,0.0,0.0,10.9096,23-12-2021
LC-17140,FUR-FU-10003664,US-Sou-Vir-Spr-22153,CA-2021-137043,SC-2021-12-137043,0.0,0.0,0.0,166.1004,24-12-2021
LA-16780,TEC-PH-10004912,US-Cen-Tex-Hou-77041,CA-2021-132829,SC-2021-12-132829,0.0,0.0,0.2,14.8365,24-12-2021
EH-13765,OFF-ST-10003470,US-Wes-Was-Sea-98103,CA-2021-135776,SC-2021-12-135776,0.0,0.0,0.0,55.896,24-12-2021
EH-13765,OFF-EN-10004773,US-Wes-Was-Sea-98103,CA-2021-135776,SC-2021-12-135776,0.0,0.0,0.0,30.3604,24-12-2021
EH-13765,OFF-PA-10004327,US-Wes-Was-Sea-98103,CA-2021-135776,SC-2021-12-135776,0.0,0.0,0.0,22.992,24-12-2021
LC-17140,FUR-FU-10003664,US-Sou-Vir-Spr-22153,CA-2021-137043,SC-2021-12-137043,0.0,0.0,0.0,83.0502,24-12-2021
EH-13765,OFF-AR-10001231,US-Wes-Was-Sea-98103,CA-2021-135776,SC-2021-12-135776,0.0,0.0,0.0,1.176,24-12-2021
BP-11185,FUR-BO-10003441,US-Cen-Ill-Chi-60623,CA-2021-115574,FC-2021-12-115574,0.0,0.0,0.3,-14.1372,24-12-2021
LA-16780,OFF-LA-10002945,US-Cen-Tex-Hou-77041,CA-2021-132829,SC-2021-12-132829,0.0,0.0,0.2,14.742,24-12-2021
EH-13765,OFF-PA-10001295,US-Wes-Was-Sea-98103,CA-2021-135776,SC-2021-12-135776,0.0,0.0,0.0,18.2112,24-12-2021
LA-16780,TEC-PH-10004539,US-Cen-Tex-Hou-77041,CA-2021-132829,SC-2021-12-132829,0.0,0.0,0.2,39.6879,24-12-2021
EH-13765,OFF-AR-10001246,US-Wes-Was-Sea-98103,CA-2021-135776,SC-2021-12-135776,0.0,0.0,0.0,2.5578,24-12-2021
LA-16780,TEC-PH-10004345,US-Cen-Tex-Hou-77041,CA-2021-132829,SC-2021-12-132829,0.0,0.0,0.2,35.985,24-12-2021
EH-13765,OFF-ST-10002743,US-Wes-Was-Sea-98103,CA-2021-135776,SC-2021-12-135776,0.0,0.0,0.0,2.2728,24-12-2021
MC-17590,OFF-FA-10000992,US-Cen-Mic-Gra-49505,CA-2021-157868,SC-2021-12-157868,0.0,0.0,0.0,11.6795,24-12-2021
FM-14290,TEC-PH-10002645,US-Eas-Pen-Phi-19143,CA-2021-114867,SC-2021-12-114867,0.0,0.0,0.4,-374.9925,24-12-2021
CA-11965,TEC-CO-10002095,US-Eas-Rho-War-2886,CA-2021-157791,SC-2021-12-157791,0.0,0.0,0.0,899.982,24-12-2021
LA-16780,FUR-FU-10000206,US-Cen-Tex-Hou-77041,CA-2021-132829,SC-2021-12-132829,0.0,0.0,0.6,-0.7566,24-12-2021
FM-14290,OFF-PA-20000477,US-Eas-Pen-Phi-19143,CA-2021-114867,SC-2021-12-114867,0.0,0.0,0.2,2.6892,24-12-2021
NM-18520,OFF-BI-10001267,US-Eas-Ohi-Bow-43402,CA-2021-136049,SC-2021-12-136049,0.0,0.0,0.7,-4.0722,24-12-2021
RB-19795,OFF-ST-10003716,US-Sou-Nor-Cha-28205,US-2021-168620,SC-2021-12-168620,0.0,0.0,0.2,-47.2542,25-12-2021
RB-19795,OFF-BI-10001575,US-Sou-Nor-Cha-28205,US-2021-168620,SC-2021-12-168620,0.0,0.0,0.7,-20.4468,25-12-2021
JM-15535,FUR-FU-10003192,US-Eas-New-New-10035,CA-2021-157259,SC-2021-12-157259,0.0,0.0,0.0,207.8856,25-12-2021
RB-19795,TEC-AC-10004469,US-Sou-Nor-Cha-28205,US-2021-168620,SC-2021-12-168620,0.0,0.0,0.2,76.704,25-12-2021
PW-19030,TEC-PH-10001750,US-Eas-New-New-10009,CA-2021-140438,SC-2021-12-140438,0.0,0.0,0.0,53.4519,25-12-2021
SC-20305,OFF-EN-10001990,US-Wes-Cal-San-95123,CA-2021-101651,SC-2021-12-101651,0.0,0.0,0.0,18.6872,25-12-2021
SC-20305,FUR-FU-10000771,US-Wes-Cal-San-95123,CA-2021-101651,SC-2021-12-101651,0.0,0.0,0.0,18.4632,25-12-2021
BV-11245,OFF-PA-10002986,US-Wes-Was-Sea-98103,CA-2021-123526,FC-2021-12-123526,0.0,0.0,0.0,16.032,25-12-2021
LW-16825,FUR-CH-10004754,US-Wes-Ari-Pho-85023,CA-2021-109827,SC-2022-01-109827,0.0,0.0,0.2,4.1972,26-12-2021
TS-21655,TEC-AC-10001838,US-Sou-Ark-Fay-72701,CA-2021-148684,SC-2021-12-148684,0.0,0.0,0.0,171.9914,26-12-2021
TS-21655,OFF-AR-10003811,US-Sou-Ark-Fay-72701,CA-2021-148684,SC-2021-12-148684,0.0,0.0,0.0,5.3703,26-12-2021
LW-16825,TEC-MA-10003356,US-Wes-Ari-Pho-85023,CA-2021-109827,SC-2022-01-109827,0.0,0.0,0.7,-386.957,26-12-2021
LW-16825,FUR-TA-10002607,US-Wes-Ari-Pho-85023,CA-2021-109827,SC-2022-01-109827,0.0,0.0,0.5,-24.1026,26-12-2021
JE-15715,FUR-TA-10001307,US-Wes-Was-Sea-98115,CA-2021-105081,SC-2021-12-105081,0.0,0.0,0.0,629.01,26-12-2021
JE-15715,FUR-CH-10000847,US-Wes-Was-Sea-98115,CA-2021-105081,SC-2021-12-105081,0.0,0.0,0.2,52.3764,26-12-2021
BD-11620,OFF-BI-10001524,US-Eas-New-New-10035,CA-2021-111941,SC-2021-12-111941,0.0,0.0,0.2,11.7488,26-12-2021
LW-16825,TEC-AC-10004353,US-Wes-Ari-Pho-85023,CA-2021-109827,SC-2022-01-109827,0.0,0.0,0.2,21.42,26-12-2021
TS-21655,FUR-FU-10003553,US-Sou-Ark-Fay-72701,CA-2021-148684,SC-2021-12-148684,0.0,0.0,0.0,137.54,26-12-2021
DB-12970,FUR-CH-10003746,US-Eas-New-New-10024,CA-2021-110975,SC-2021-12-110975,0.0,0.0,0.1,173.3292,26-12-2021
SS-20140,FUR-FU-10003142,US-Eas-New-Nas-3060,CA-2021-101168,SC-2022-01-101168,0.0,0.0,0.0,6.5472,26-12-2021
GK-14620,TEC-PH-10002200,US-Wes-Cal-Los-90049,US-2021-116729,FC-2021-12-116729,0.0,0.0,0.2,257.5944,26-12-2021
GK-14620,OFF-PA-10002005,US-Wes-Cal-Los-90049,US-2021-116729,FC-2021-12-116729,0.0,0.0,0.0,21.7728,26-12-2021
JE-15715,FUR-CH-10002331,US-Eas-New-New-10009,CA-2021-169670,SC-2022-01-169670,0.0,0.0,0.1,313.2624,26-12-2021
TS-21655,OFF-PA-10003302,US-Sou-Ark-Fay-72701,CA-2021-148684,SC-2021-12-148684,0.0,0.0,0.0,49.9704,26-12-2021
GK-14620,TEC-AC-10001465,US-Wes-Cal-Los-90049,US-2021-116729,FC-2021-12-116729,0.0,0.0,0.0,76.272,26-12-2021
DB-12970,FUR-TA-10002958,US-Eas-New-New-10024,CA-2021-110975,SC-2021-12-110975,0.0,0.0,0.4,-120.0508,26-12-2021
LW-16825,TEC-AC-10002217,US-Wes-Ari-Pho-85023,CA-2021-109827,SC-2022-01-109827,0.0,0.0,0.2,-7.896,26-12-2021
BB-11545,FUR-CH-10003968,US-Eas-New-Vin-8360,CA-2021-155166,SC-2022-01-155166,0.0,0.0,0.0,25.5528,27-12-2021
AR-10510,TEC-AC-10003280,US-Eas-New-New-10024,CA-2021-147536,SC-2022-01-147536,0.0,0.0,0.0,18.8937,27-12-2021
BB-11545,OFF-AP-10002765,US-Eas-New-Vin-8360,CA-2021-155166,SC-2022-01-155166,0.0,0.0,0.0,7.4172,27-12-2021
RC-19825,OFF-AR-10002445,US-Wes-Col-Col-80906,CA-2021-114538,FC-2021-12-114538,0.0,0.0,0.2,2.5488,27-12-2021
AJ-10795,OFF-BI-10004967,US-Eas-New-New-10024,CA-2021-123015,SC-2021-12-123015,0.0,0.0,0.2,1.6848,27-12-2021
FP-14320,OFF-PA-10003673,US-Wes-Was-Sea-98105,US-2021-153129,SC-2021-12-153129,0.0,0.0,0.0,15.594,27-12-2021
MC-18130,FUR-TA-10003473,US-Wes-Cal-Los-90004,CA-2021-129868,SC-2022-01-129868,0.0,0.0,0.2,33.8517,27-12-2021
MC-18130,OFF-AR-10001897,US-Wes-Cal-Los-90004,CA-2021-129868,SC-2022-01-129868,0.0,0.0,0.0,15.1116,27-12-2021
MC-18130,FUR-CH-10003535,US-Wes-Cal-Los-90004,CA-2021-129868,SC-2022-01-129868,0.0,0.0,0.2,-5.4882,27-12-2021
MC-18130,OFF-SU-10000952,US-Wes-Cal-Los-90004,CA-2021-129868,SC-2022-01-129868,0.0,0.0,0.0,4.9728,27-12-2021
MC-18130,OFF-AP-10004052,US-Wes-Cal-Los-90004,CA-2021-129868,SC-2022-01-129868,0.0,0.0,0.0,2.054,27-12-2021
SH-19975,OFF-AP-10000252,US-Wes-Col-Den-80219,CA-2021-151512,SC-2022-01-151512,0.0,0.0,0.2,3.51,27-12-2021
MC-18130,TEC-PH-10002275,US-Wes-Cal-Los-90004,CA-2021-129868,SC-2022-01-129868,0.0,0.0,0.2,30.2384,27-12-2021
RD-19810,OFF-FA-10000621,US-Eas-Ohi-Akr-44312,CA-2021-102596,FC-2021-12-102596,0.0,0.0,0.2,6.2292,28-12-2021
JW-15955,OFF-LA-10002368,US-Sou-Ken-Lou-40214,CA-2021-111605,SC-2022-01-111605,0.0,0.0,0.0,1.2006,28-12-2021
EM-14140,OFF-LA-10001613,US-Wes-Cal-San-92704,US-2021-131058,SC-2022-01-131058,0.0,0.0,0.0,9.8784,28-12-2021
MT-17815,OFF-PA-10001972,US-Cen-Tex-Por-77642,CA-2021-162726,SC-2022-01-162726,0.0,0.0,0.2,3.6288,28-12-2021
BG-11695,FUR-CH-10004853,US-Cen-Ill-Woo-60098,US-2021-162852,SC-2022-01-162852,0.0,0.0,0.3,-12.0784,28-12-2021
MW-18220,TEC-AC-10003063,US-Eas-Ohi-Lan-43130,CA-2021-138667,SC-2021-12-138667,0.0,0.0,0.2,0.5,28-12-2021
MT-17815,OFF-PA-10004041,US-Cen-Tex-Por-77642,CA-2021-162726,SC-2022-01-162726,0.0,0.0,0.2,7.4,28-12-2021
MH-17290,OFF-PA-10000143,US-Sou-Flo-Mia-33178,US-2021-135209,SC-2022-01-135209,0.0,0.0,0.2,8.8704,30-12-2021
FO-14305,OFF-ST-10003722,US-Wes-Cal-Sac-95823,CA-2021-112578,SC-2022-01-112578,0.0,0.0,0.0,4.0687,30-12-2021
KA-16525,OFF-PA-10001289,US-Cen-Ill-Aur-60505,CA-2021-124051,FC-2021-12-124051,0.0,0.0,0.2,67.4424,30-12-2021
PF-19225,OFF-BI-10000138,US-Wes-Cal-Los-90045,US-2021-163258,SC-2022-01-163258,0.0,0.0,0.2,3.9312,30-12-2021
FO-14305,OFF-SU-10002557,US-Wes-Cal-Sac-95823,CA-2021-112578,SC-2022-01-112578,0.0,0.0,0.0,7.2696,30-12-2021
MH-17290,OFF-PA-10002986,US-Sou-Flo-Mia-33178,US-2021-135209,SC-2022-01-135209,0.0,0.0,0.2,13.0928,30-12-2021
CD-11920,FUR-FU-10000672,US-Cen-Kan-Wic-67212,CA-2021-122014,SC-2022-01-122014,0.0,0.0,0.0,23.9904,30-12-2021
CD-11920,OFF-AP-10001293,US-Cen-Kan-Wic-67212,CA-2021-122014,SC-2022-01-122014,0.0,0.0,0.0,22.9488,30-12-2021
KL-16645,OFF-EN-10002592,US-Wes-Ore-Spr-97477,CA-2021-157742,SC-2022-01-157742,0.0,0.0,0.2,10.422,30-12-2021
MP-17965,OFF-BI-10004781,US-Sou-Ten-Bri-37620,CA-2021-139689,SC-2022-01-139689,0.0,0.0,0.7,-27.9312,30-12-2021
MP-17965,OFF-BI-10000145,US-Sou-Ten-Bri-37620,CA-2021-139689,SC-2022-01-139689,0.0,0.0,0.7,-1.9656,30-12-2021
TB-21595,FUR-CH-10001714,US-Cen-Wis-Mil-53209,CA-2021-156300,SC-2022-01-156300,0.0,0.0,0.0,60.356,30-12-2021
KD-16495,OFF-BI-10004654,US-Cen-Tex-Dee-77536,CA-2021-117226,FC-2022-01-117226,0.0,0.0,0.8,-10.386,31-12-2021
JP-16135,OFF-BI-10002194,US-Wes-Cal-Los-90032,US-2021-111528,SC-2021-12-111528,0.0,0.0,0.2,2.1546,31-12-2021
BD-11605,FUR-CH-10000454,US-Eas-Pen-Lan-17602,CA-2021-105746,FC-2022-01-105746,0.0,0.0,0.3,0.0,31-12-2021
CJ-11875,OFF-AR-10004269,US-Eas-Pen-Phi-19140,CA-2021-163951,FC-2022-01-163951,0.0,0.0,0.2,1.652,31-12-2021
EH-14185,OFF-PA-10002421,US-Sou-Flo-Wes-33407,CA-2021-160486,SC-2022-01-160486,0.0,0.0,0.2,25.2784,31-12-2021
JP-16135,OFF-ST-10001526,US-Wes-Cal-Los-90032,US-2021-111528,SC-2021-12-111528,0.0,0.0,0.0,125.1432,31-12-2021
BM-11785,OFF-SU-10001664,US-Eas-Ohi-Col-43229,CA-2021-117660,SC-2022-01-117660,0.0,0.0,0.2,1.0284,31-12-2021
BM-11785,OFF-LA-10003720,US-Eas-Ohi-Col-43229,CA-2021-117660,SC-2022-01-117660,0.0,0.0,0.2,1.9926,31-12-2021
DB-12910,TEC-PH-10000526,US-Sou-Ken-Hen-42420,US-2022-159205,SC-2022-04-159205,0.0,0.0,0.0,188.1404,01-04-2022
JE-15610,TEC-CO-10001449,US-Sou-Geo-Atl-30318,CA-2022-133263,SC-2022-04-133263,0.0,0.0,0.0,1439.976,01-04-2022
JE-15610,OFF-BI-10001153,US-Sou-Geo-Atl-30318,CA-2022-133263,SC-2022-04-133263,0.0,0.0,0.0,17.27,01-04-2022
SC-20260,OFF-AP-10003040,US-Cen-Tex-Arl-76017,CA-2022-144680,FC-2022-04-144680,0.0,0.0,0.8,-90.774,01-04-2022
HG-14965,OFF-SU-10004231,US-Wes-Cal-Los-90004,US-2022-160143,SC-2022-04-160143,0.0,0.0,0.0,8.019,01-04-2022
EG-13900,OFF-BI-10002799,US-Cen-Ill-Chi-60623,CA-2022-114524,SC-2022-04-114524,0.0,0.0,0.8,-22.8956,01-04-2022
JE-15610,OFF-BI-10000474,US-Sou-Geo-Atl-30318,CA-2022-133263,SC-2022-04-133263,0.0,0.0,0.0,30.7776,01-04-2022
DB-12910,FUR-FU-10001591,US-Sou-Ken-Hen-42420,US-2022-159205,SC-2022-04-159205,0.0,0.0,0.0,25.62,01-04-2022
DO-13435,TEC-PH-10001536,US-Eas-New-New-10035,CA-2022-102771,SC-2022-04-102771,0.0,0.0,0.0,22.087,01-04-2022
CM-12115,FUR-FU-10004018,US-Eas-New-New-10011,CA-2022-100524,SC-2022-04-100524,0.0,0.0,0.0,8.0406,01-04-2022
CM-12115,OFF-PA-10004911,US-Eas-New-New-10011,CA-2022-100524,SC-2022-04-100524,0.0,0.0,0.0,36.0192,01-04-2022
DS-13180,FUR-BO-10002824,US-Cen-Tex-Ama-79109,CA-2022-154907,SC-2022-04-154907,0.0,0.0,0.32,-36.2352,01-04-2022
CM-12115,TEC-PH-10002549,US-Eas-New-New-10011,CA-2022-100524,SC-2022-04-100524,0.0,0.0,0.0,176.1708,01-04-2022
BF-11020,OFF-AP-10002222,US-Sou-Flo-Jac-32216,CA-2022-134495,SC-2022-04-134495,0.0,0.0,0.2,1.8207,02-04-2022
GB-14530,FUR-FU-10004006,US-Sou-Sou-Flo-29501,CA-2022-129028,FC-2022-04-129028,0.0,0.0,0.0,21.7515,02-04-2022
BF-11020,FUR-CH-10003774,US-Sou-Flo-Jac-32216,CA-2022-134495,SC-2022-04-134495,0.0,0.0,0.2,-19.1058,02-04-2022
MS-17365,OFF-BI-10001294,US-Wes-Cal-San-94110,CA-2022-147942,SC-2022-04-147942,0.0,0.0,0.2,38.025,02-04-2022
BF-11020,TEC-PH-10004897,US-Sou-Flo-Jac-32216,CA-2022-134495,SC-2022-04-134495,0.0,0.0,0.2,-5.6943,02-04-2022
AS-10090,OFF-ST-10000649,US-Cen-Mis-Spr-65807,CA-2022-145877,SC-2022-04-145877,0.0,0.0,0.0,23.55,02-04-2022
MS-17365,OFF-LA-10003663,US-Wes-Cal-San-94110,CA-2022-147942,SC-2022-04-147942,0.0,0.0,0.0,2.7166,02-04-2022
JC-15775,OFF-PA-10000791,US-Eas-New-New-10011,CA-2022-118360,SC-2022-04-118360,0.0,0.0,0.0,19.3185,02-04-2022
BF-11020,OFF-LA-10000262,US-Sou-Flo-Jac-32216,CA-2022-134495,SC-2022-04-134495,0.0,0.0,0.2,2.0358,02-04-2022
NC-18535,TEC-MA-10000418,US-Wes-Cal-San-94110,CA-2022-149881,FC-2022-04-149881,0.0,0.0,0.2,359.9988,02-04-2022
NC-18535,FUR-BO-10003894,US-Wes-Cal-San-94110,CA-2022-149881,FC-2022-04-149881,0.0,0.0,0.15,85.176,02-04-2022
AS-10090,OFF-EN-10001990,US-Cen-Mis-Spr-65807,CA-2022-145877,SC-2022-04-145877,0.0,0.0,0.0,13.348,02-04-2022
AH-10465,OFF-LA-10001569,US-Sou-Ala-Dec-35601,CA-2022-145275,SC-2022-04-145275,0.0,0.0,0.0,6.8724,03-04-2022
TC-21475,FUR-TA-10004534,US-Sou-Geo-Col-31907,CA-2022-121419,FC-2022-04-121419,0.0,0.0,0.0,70.006,03-04-2022
TC-21475,TEC-AC-10000892,US-Sou-Geo-Col-31907,CA-2022-121419,FC-2022-04-121419,0.0,0.0,0.0,129.6,03-04-2022
AT-10435,OFF-AR-10000246,US-Eas-Con-Mer-6450,CA-2022-106355,FC-2022-04-106355,0.0,0.0,0.0,2.8912,03-04-2022
JF-15190,FUR-FU-10003724,US-Wes-Cal-Los-90008,US-2022-123281,SC-2022-04-123281,0.0,0.0,0.0,6.5286,03-04-2022
KH-16360,FUR-FU-10001940,US-Eas-Pen-Phi-19143,CA-2022-131156,SC-2022-04-131156,0.0,0.0,0.2,7.6416,04-04-2022
SA-20830,OFF-AR-10003045,US-Cen-Ill-Chi-60653,CA-2022-127264,FC-2022-04-127264,0.0,0.0,0.2,2.205,04-04-2022
AM-10705,TEC-PH-10004345,US-Cen-Ill-Des-60016,CA-2022-157903,SC-2022-04-157903,0.0,0.0,0.2,47.98,05-04-2022
DS-13030,TEC-PH-10004006,US-Eas-New-New-10009,CA-2022-144848,FC-2022-04-144848,0.0,0.0,0.0,11.1294,05-04-2022
DS-13030,OFF-SU-10000646,US-Eas-New-New-10009,CA-2022-144848,FC-2022-04-144848,0.0,0.0,0.0,7.2111,05-04-2022
DS-13030,TEC-PH-10002262,US-Eas-New-New-10009,CA-2022-144848,FC-2022-04-144848,0.0,0.0,0.0,33.3256,05-04-2022
TA-21385,OFF-AR-10001545,US-Eas-New-New-10035,CA-2022-140536,FC-2022-04-140536,0.0,0.0,0.0,2.0416,05-04-2022
PS-19045,OFF-EN-10001532,US-Eas-New-New-10011,CA-2022-109211,SC-2022-04-109211,0.0,0.0,0.0,8.49,05-04-2022
ML-17755,OFF-PA-10000474,US-Cen-Iow-Mar-52302,CA-2022-107265,SC-2022-04-107265,0.0,0.0,0.0,49.9704,07-04-2022
CS-12175,OFF-BI-10003669,US-Sou-Ten-Cha-37421,CA-2022-161592,SC-2022-04-161592,0.0,0.0,0.7,-5.94,07-04-2022
CS-12400,TEC-AC-10003832,US-Sou-Flo-Tam-33614,US-2022-100930,SC-2022-04-100930,0.0,0.0,0.2,-7.7247,08-04-2022
CS-12400,FUR-TA-10001705,US-Sou-Flo-Tam-33614,US-2022-100930,SC-2022-04-100930,0.0,0.0,0.45,-102.048,08-04-2022
CS-12400,FUR-TA-10003473,US-Sou-Flo-Tam-33614,US-2022-100930,SC-2022-04-100930,0.0,0.0,0.45,-248.2458,08-04-2022
CS-12400,OFF-BI-10001679,US-Sou-Flo-Tam-33614,US-2022-100930,SC-2022-04-100930,0.0,0.0,0.7,-3.552,08-04-2022
HR-14770,TEC-PH-10000576,US-Sou-Flo-Jac-32216,CA-2022-165904,SC-2022-04-165904,0.0,0.0,0.2,19.1786,08-04-2022
HR-14770,OFF-AR-10003156,US-Sou-Flo-Jac-32216,CA-2022-165904,SC-2022-04-165904,0.0,0.0,0.2,1.2192,08-04-2022
NH-18610,FUR-FU-10004665,US-Cen-Mic-Oak-48237,US-2022-136721,SC-2022-04-136721,0.0,0.0,0.0,71.2296,09-04-2022
DM-13345,OFF-BI-10001359,US-Sou-Geo-Ros-30076,CA-2022-157854,SC-2022-04-157854,0.0,0.0,0.0,1264.7559,09-04-2022
NH-18610,FUR-FU-10004188,US-Cen-Mic-Oak-48237,US-2022-136721,SC-2022-04-136721,0.0,0.0,0.0,79.794,09-04-2022
AH-10120,OFF-PA-10002923,US-Wes-Cal-San-94110,CA-2022-150987,SC-2022-04-150987,0.0,0.0,0.0,97.88,09-04-2022
AH-10120,OFF-PA-10001878,US-Wes-Cal-San-94110,CA-2022-150987,SC-2022-04-150987,0.0,0.0,0.0,114.9385,09-04-2022
DM-13345,FUR-FU-10003832,US-Sou-Geo-Ros-30076,CA-2022-157854,SC-2022-04-157854,0.0,0.0,0.0,15.7584,09-04-2022
KF-16285,OFF-ST-10001780,US-Eas-New-Pla-7060,CA-2022-112333,SC-2022-04-112333,0.0,0.0,0.0,621.9744,09-04-2022
KF-16285,OFF-AP-10001962,US-Eas-New-Pla-7060,CA-2022-112333,SC-2022-04-112333,0.0,0.0,0.0,10.4875,09-04-2022
NC-18625,OFF-PA-10001033,US-Eas-Pen-Yor-17403,CA-2022-169404,SC-2022-04-169404,0.0,0.0,0.2,23.7742,10-04-2022
SA-20830,OFF-PA-10000994,US-Sou-Flo-Jac-32216,CA-2022-122154,FC-2022-04-122154,0.0,0.0,0.2,88.074,10-04-2022
NC-18625,OFF-BI-10004492,US-Eas-Pen-Yor-17403,CA-2022-169404,SC-2022-04-169404,0.0,0.0,0.7,-29.0536,10-04-2022
BS-11800,OFF-PA-10001281,US-Eas-New-New-10011,CA-2022-135279,FC-2022-04-135279,0.0,0.0,0.0,91.968,10-04-2022
BS-11800,OFF-ST-10001097,US-Eas-New-New-10011,CA-2022-135279,FC-2022-04-135279,0.0,0.0,0.0,0.0,10-04-2022
BS-11800,OFF-PA-10004621,US-Eas-New-New-10011,CA-2022-135279,FC-2022-04-135279,0.0,0.0,0.0,6.2208,10-04-2022
SA-20830,OFF-BI-10002026,US-Sou-Flo-Jac-32216,CA-2022-122154,FC-2022-04-122154,0.0,0.0,0.7,-13.363,10-04-2022
BS-11800,OFF-AR-10004344,US-Eas-New-New-10011,CA-2022-135279,FC-2022-04-135279,0.0,0.0,0.0,9.7119,10-04-2022
BS-11800,OFF-LA-10001613,US-Eas-New-New-10011,CA-2022-135279,FC-2022-04-135279,0.0,0.0,0.0,4.2336,10-04-2022
BS-11800,OFF-LA-10004055,US-Eas-New-New-10011,CA-2022-135279,FC-2022-04-135279,0.0,0.0,0.0,4.8118,10-04-2022
KL-16645,OFF-BI-10002867,US-Cen-Mic-Det-48205,CA-2022-112900,SC-2022-04-112900,0.0,0.0,0.0,219.9904,10-04-2022
SA-20830,OFF-LA-10000121,US-Sou-Flo-Jac-32216,CA-2022-122154,FC-2022-04-122154,0.0,0.0,0.2,4.914,10-04-2022
MG-18205,OFF-BI-10003712,US-Sou-Flo-Jac-32216,CA-2022-115070,SC-2022-04-115070,0.0,0.0,0.7,-3.0933,11-04-2022
SJ-20125,OFF-FA-10000624,US-Eas-New-New-8901,CA-2022-161984,SC-2022-04-161984,0.0,0.0,0.0,3.58,11-04-2022
SJ-20125,OFF-PA-10004569,US-Eas-New-New-8901,CA-2022-161984,SC-2022-04-161984,0.0,0.0,0.0,3.5767,11-04-2022
BS-11755,FUR-FU-10003878,US-Eas-Pen-Phi-19143,CA-2022-135069,SC-2022-04-135069,0.0,0.0,0.2,6.4176,11-04-2022
MG-18205,FUR-FU-10003829,US-Sou-Flo-Jac-32216,CA-2022-115070,SC-2022-04-115070,0.0,0.0,0.2,1.848,11-04-2022
BS-11755,OFF-AP-10000026,US-Eas-Pen-Phi-19143,CA-2022-135069,SC-2022-04-135069,0.0,0.0,0.2,21.9492,11-04-2022
DB-13360,TEC-AC-10004571,US-Eas-Con-Wat-6708,CA-2022-150623,SC-2022-04-150623,0.0,0.0,0.0,41.9958,11-04-2022
DB-13360,OFF-ST-10003692,US-Eas-Con-Wat-6708,CA-2022-150623,SC-2022-04-150623,0.0,0.0,0.0,71.5375,11-04-2022
RD-19930,OFF-PA-10004101,US-Cen-Tex-Aus-78745,CA-2022-125115,SC-2022-04-125115,0.0,0.0,0.2,3.6288,11-04-2022
RD-19930,TEC-AC-10001714,US-Cen-Tex-Aus-78745,CA-2022-125115,SC-2022-04-125115,0.0,0.0,0.2,20.3439,11-04-2022
JL-15130,OFF-ST-10001325,US-Eas-Ohi-Lan-43130,US-2022-100482,SC-2022-04-100482,0.0,0.0,0.2,1.4672,12-04-2022
JL-15130,TEC-AC-10003441,US-Eas-Ohi-Lan-43130,US-2022-100482,SC-2022-04-100482,0.0,0.0,0.2,-4.746,12-04-2022
LW-17215,TEC-AC-10001767,US-Wes-Cal-Pas-91104,CA-2022-166128,SC-2022-04-166128,0.0,0.0,0.0,21.9945,12-04-2022
HM-14980,OFF-AR-10000127,US-Sou-Nor-Bur-27217,CA-2022-130904,SC-2022-04-130904,0.0,0.0,0.2,2.3616,12-04-2022
LW-17215,OFF-AR-10001221,US-Wes-Cal-Pas-91104,CA-2022-166128,SC-2022-04-166128,0.0,0.0,0.0,14.2324,12-04-2022
SC-20050,OFF-BI-10004738,US-Cen-Tex-Lub-79424,US-2022-143028,SC-2022-04-143028,0.0,0.0,0.8,-17.046,12-04-2022
HM-14980,OFF-AR-10000422,US-Sou-Nor-Bur-27217,CA-2022-130904,SC-2022-04-130904,0.0,0.0,0.2,0.1533,12-04-2022
BD-11320,OFF-PA-10001712,US-Eas-Rho-Pro-2908,CA-2022-122735,SC-2022-04-122735,0.0,0.0,0.0,17.982,13-04-2022
BD-11320,OFF-BI-10004364,US-Eas-Rho-Pro-2908,CA-2022-122735,SC-2022-04-122735,0.0,0.0,0.0,13.365,13-04-2022
RW-19630,OFF-PA-10002479,US-Wes-Was-Sea-98105,CA-2022-155460,FC-2022-04-155460,0.0,0.0,0.0,2.376,14-04-2022
YS-21880,FUR-CH-10003774,US-Wes-Cal-Hes-92345,CA-2022-135076,SC-2022-04-135076,0.0,0.0,0.2,-38.2116,14-04-2022
RW-19630,OFF-BI-10003091,US-Wes-Was-Sea-98105,CA-2022-155460,FC-2022-04-155460,0.0,0.0,0.2,302.373,14-04-2022
DP-13105,OFF-FA-10004076,US-Eas-Pen-Phi-19134,CA-2022-141663,SC-2022-04-141663,0.0,0.0,0.2,1.683,14-04-2022
CS-12355,FUR-BO-10003441,US-Eas-New-New-10024,CA-2022-131233,SC-2022-04-131233,0.0,0.0,0.2,9.0882,15-04-2022
CS-12355,OFF-BI-10000829,US-Eas-New-New-10024,CA-2022-131233,SC-2022-04-131233,0.0,0.0,0.2,3.5022,15-04-2022
AB-10165,OFF-AR-10003560,US-Eas-Ohi-Tol-43615,CA-2022-144932,FC-2022-04-144932,0.0,0.0,0.2,2.5536,15-04-2022
AB-10165,OFF-PA-10004971,US-Eas-Ohi-Tol-43615,CA-2022-144932,FC-2022-04-144932,0.0,0.0,0.2,5.0286,15-04-2022
AB-10165,OFF-AR-10001468,US-Eas-Ohi-Tol-43615,CA-2022-144932,FC-2022-04-144932,0.0,0.0,0.2,21.3408,15-04-2022
DW-13585,FUR-BO-10003433,US-Sou-Nor-Fay-28314,US-2022-126060,SC-2022-04-126060,0.0,0.0,0.2,-32.2192,15-04-2022
HM-14860,FUR-FU-10004018,US-Eas-New-Mor-7960,CA-2022-127117,SC-2022-04-127117,0.0,0.0,0.0,20.1015,15-04-2022
CL-12700,OFF-BI-10003460,US-Cen-Mis-Spr-65807,CA-2022-159604,FC-2022-04-159604,0.0,0.0,0.0,4.2048,15-04-2022
SH-20395,OFF-AR-10002804,US-Sou-Vir-Arl-22204,CA-2022-126774,FC-2022-04-126774,0.0,0.0,0.0,2.0049,16-04-2022
BP-11095,OFF-BI-20004654,US-Sou-Flo-Mia-33180,CA-2022-161851,FC-2022-04-161851,0.0,0.0,0.7,-11.937,16-04-2022
AH-10075,FUR-FU-10004460,US-Wes-Nev-Hen-89015,CA-2022-118857,FC-2022-04-118857,0.0,0.0,0.0,70.722,16-04-2022
NS-18640,OFF-PA-10002254,US-Wes-Cal-Los-90049,CA-2022-134635,SC-2022-04-134635,0.0,0.0,0.0,36.4044,16-04-2022
AA-10480,OFF-PA-10002365,US-Sou-Nor-Con-28027,CA-2022-114412,SC-2022-04-114412,0.0,0.0,0.2,5.4432,16-04-2022
SD-20485,OFF-PA-10001826,US-Cen-Tex-Hou-77041,US-2022-141698,SC-2022-04-141698,0.0,0.0,0.2,7.2576,16-04-2022
RF-19840,OFF-BI-10001553,US-Eas-Ohi-Col-43229,CA-2022-136497,SC-2022-04-136497,0.0,0.0,0.7,-10.054,17-04-2022
JO-15550,OFF-AP-10000027,US-Wes-Cal-San-94109,US-2022-138086,SC-2022-04-138086,0.0,0.0,0.0,12.222,17-04-2022
EB-13750,OFF-SU-10000157,US-Sou-Ala-Hoo-35244,CA-2022-122707,FC-2022-04-122707,0.0,0.0,0.0,9.5448,17-04-2022
EB-13750,TEC-AC-10004227,US-Sou-Ala-Hoo-35244,CA-2022-122707,FC-2022-04-122707,0.0,0.0,0.0,1.5588,17-04-2022
ND-18370,OFF-BI-10001107,US-Cen-Tex-Hou-77095,US-2022-156356,SC-2022-04-156356,0.0,0.0,0.8,-4.7784,17-04-2022
JE-15745,FUR-BO-10001337,US-Wes-Cal-San-95123,CA-2022-108070,SC-2022-04-108070,0.0,0.0,0.15,-6.049,17-04-2022
ND-18370,OFF-ST-10002301,US-Cen-Tex-Hou-77095,US-2022-156356,SC-2022-04-156356,0.0,0.0,0.2,-7.7292,17-04-2022
JE-15745,OFF-ST-10004804,US-Wes-Cal-San-95123,CA-2022-108070,SC-2022-04-108070,0.0,0.0,0.0,2.0592,17-04-2022
ND-18370,OFF-BI-10000632,US-Cen-Tex-Hou-77095,US-2022-156356,SC-2022-04-156356,0.0,0.0,0.8,-44.2782,17-04-2022
PL-18925,OFF-AR-10001419,US-Cen-Ill-Chi-60610,CA-2022-109946,SC-2022-04-109946,0.0,0.0,0.2,2.065,17-04-2022
PS-18760,OFF-PA-10004911,US-Wes-Cal-Los-90008,CA-2022-128965,SC-2022-04-128965,0.0,0.0,0.0,13.5072,18-04-2022
PS-18760,OFF-LA-10001404,US-Wes-Cal-Los-90008,CA-2022-128965,SC-2022-04-128965,0.0,0.0,0.0,3.4686,18-04-2022
PS-18760,OFF-LA-10003190,US-Wes-Cal-Los-90008,CA-2022-128965,SC-2022-04-128965,0.0,0.0,0.0,11.2896,18-04-2022
SR-20425,OFF-BI-10003355,US-Wes-Col-Lou-80027,CA-2022-134845,SC-2022-04-134845,0.0,0.0,0.7,-6.5736,18-04-2022
PS-18760,OFF-FA-10001561,US-Wes-Cal-Los-90008,CA-2022-128965,SC-2022-04-128965,0.0,0.0,0.0,3.597,18-04-2022
SR-20425,OFF-BI-10001543,US-Wes-Col-Lou-80027,CA-2022-134845,SC-2022-04-134845,0.0,0.0,0.7,-15.8356,18-04-2022
PS-18760,FUR-CH-10003774,US-Wes-Cal-Los-90008,CA-2022-128965,SC-2022-04-128965,0.0,0.0,0.2,-19.1058,18-04-2022
PS-18760,TEC-AC-10001383,US-Wes-Cal-Los-90008,CA-2022-128965,SC-2022-04-128965,0.0,0.0,0.0,46.7313,18-04-2022
BM-11575,OFF-ST-10001418,US-Cen-Ill-Chi-60653,US-2022-129203,SC-2022-04-129203,0.0,0.0,0.2,-43.9056,18-04-2022
SR-20425,TEC-MA-10000822,US-Wes-Col-Lou-80027,CA-2022-134845,SC-2022-04-134845,0.0,0.0,0.7,-3399.98,18-04-2022
SR-20425,OFF-BI-10000773,US-Wes-Col-Lou-80027,CA-2022-134845,SC-2022-04-134845,0.0,0.0,0.7,-9.223,18-04-2022
SR-20425,OFF-PA-10002005,US-Wes-Col-Lou-80027,CA-2022-134845,SC-2022-04-134845,0.0,0.0,0.2,7.2576,18-04-2022
CV-12295,OFF-BI-10001989,US-Cen-Mic-Det-48234,CA-2022-119655,SC-2022-04-119655,0.0,0.0,0.0,70.4928,21-04-2022
CV-12805,FUR-FU-10004671,US-Eas-Pen-Phi-19120,CA-2022-151484,FC-2022-04-151484,0.0,0.0,0.2,9.5418,21-04-2022
CV-12805,OFF-ST-10000142,US-Eas-Pen-Phi-19120,CA-2022-151484,FC-2022-04-151484,0.0,0.0,0.2,33.2704,21-04-2022
CV-12295,OFF-BI-10001036,US-Cen-Mic-Det-48234,CA-2022-119655,SC-2022-04-119655,0.0,0.0,0.0,18.28,21-04-2022
CV-12805,OFF-ST-10002370,US-Eas-Pen-Phi-19120,CA-2022-151484,FC-2022-04-151484,0.0,0.0,0.2,5.7753,21-04-2022
CV-12805,FUR-FU-10001876,US-Eas-Pen-Phi-19120,CA-2022-151484,FC-2022-04-151484,0.0,0.0,0.2,10.3936,21-04-2022
SJ-20125,FUR-FU-10004597,US-Cen-Ill-Chi-60610,CA-2022-166849,SC-2022-04-166849,0.0,0.0,0.6,-52.17,21-04-2022
SJ-20215,FUR-FU-10002456,US-Cen-Ill-Chi-60653,CA-2022-100615,SC-2022-04-100615,0.0,0.0,0.6,-6.188,21-04-2022
BE-11455,TEC-PH-10004080,US-Eas-Ohi-Cle-44105,US-2022-166324,FC-2022-04-166324,0.0,0.0,0.4,-24.4764,21-04-2022
SJ-20215,OFF-AR-10001683,US-Cen-Ill-Chi-60653,CA-2022-100615,SC-2022-04-100615,0.0,0.0,0.2,3.546,21-04-2022
BE-11455,OFF-BI-10000174,US-Eas-Ohi-Cle-44105,US-2022-166324,FC-2022-04-166324,0.0,0.0,0.7,-6.38,21-04-2022
BE-11455,OFF-ST-10000078,US-Eas-Ohi-Cle-44105,US-2022-166324,FC-2022-04-166324,0.0,0.0,0.2,-21.2136,21-04-2022
SJ-20215,FUR-CH-10002602,US-Cen-Ill-Chi-60653,CA-2022-100615,SC-2022-04-100615,0.0,0.0,0.3,-18.1176,21-04-2022
RP-19390,OFF-BI-10004140,US-Cen-Tex-Hou-77041,US-2022-145863,SC-2022-04-145863,0.0,0.0,0.8,-4.7145,22-04-2022
SJ-20500,OFF-AP-10002684,US-Cen-Tex-Hou-77036,US-2022-152366,SC-2022-04-152366,0.0,0.0,0.8,-243.16,22-04-2022
JW-15955,FUR-FU-10004622,US-Wes-Was-Sea-98103,CA-2022-166198,FC-2022-04-166198,0.0,0.0,0.0,34.146,22-04-2022
JM-15250,FUR-CH-10004218,US-Eas-Mar-Bal-21215,CA-2022-128853,FC-2022-04-128853,0.0,0.0,0.0,227.205,22-04-2022
KN-16390,TEC-AC-10001998,US-Cen-Tex-Hou-77070,CA-2022-140802,FC-2022-04-140802,0.0,0.0,0.2,8.3958,22-04-2022
KN-16390,OFF-PA-10001534,US-Cen-Tex-Hou-77070,CA-2022-140802,FC-2022-04-140802,0.0,0.0,0.2,7.2576,22-04-2022
JW-15955,TEC-AC-10000521,US-Wes-Was-Sea-98103,CA-2022-166198,FC-2022-04-166198,0.0,0.0,0.0,3.462,22-04-2022
RP-19390,OFF-BI-10002049,US-Cen-Tex-Hou-77041,US-2022-145863,SC-2022-04-145863,0.0,0.0,0.8,-4.9878,22-04-2022
MO-17800,FUR-FU-10001488,US-Eas-Pen-Phi-19140,CA-2022-169054,SC-2022-04-169054,0.0,0.0,0.2,0.0,23-04-2022
GM-14440,FUR-FU-10000794,US-Wes-Cal-San-94122,CA-2022-135783,FC-2022-04-135783,0.0,0.0,0.0,6.2152,23-04-2022
BD-11725,OFF-ST-10003716,US-Sou-Geo-Col-31907,CA-2022-146192,SC-2022-04-146192,0.0,0.0,0.0,87.7578,23-04-2022
PN-18775,FUR-FU-10000193,US-Sou-Ten-Cla-37042,US-2022-132031,SC-2022-04-132031,0.0,0.0,0.2,-11.6928,24-04-2022
PN-18775,OFF-LA-10000081,US-Sou-Ten-Cla-37042,US-2022-132031,SC-2022-04-132031,0.0,0.0,0.2,1.05,24-04-2022
PN-18775,TEC-AC-10002473,US-Sou-Ten-Cla-37042,US-2022-132031,SC-2022-04-132031,0.0,0.0,0.2,11.9196,24-04-2022
PN-18775,FUR-BO-10001972,US-Sou-Ten-Cla-37042,US-2022-132031,SC-2022-04-132031,0.0,0.0,0.2,-14.5176,24-04-2022
TD-20995,OFF-SU-10001218,US-Eas-New-New-10011,CA-2022-104010,FC-2022-04-104010,0.0,0.0,0.0,15.372,24-04-2022
SC-20305,TEC-AC-10003590,US-Cen-Ind-Law-46226,CA-2022-146360,SC-2022-04-146360,0.0,0.0,0.0,55.9224,24-04-2022
GG-14650,OFF-BI-10000285,US-Eas-Ohi-Col-43229,CA-2022-157112,FC-2022-04-157112,0.0,0.0,0.7,-7.84,24-04-2022
GG-14650,OFF-PA-10001804,US-Eas-Ohi-Col-43229,CA-2022-157112,FC-2022-04-157112,0.0,0.0,0.2,1.8704,24-04-2022
SK-19990,OFF-AP-10000026,US-Eas-New-New-10024,CA-2022-108553,SC-2022-04-108553,0.0,0.0,0.0,35.3626,24-04-2022
JF-15355,FUR-FU-20004864,US-Wes-Cal-Pas-91104,CA-2022-136651,SC-2022-04-136651,0.0,0.0,0.0,7.9662,24-04-2022
JF-15355,FUR-FU-10002445,US-Wes-Cal-Pas-91104,CA-2022-136651,SC-2022-04-136651,0.0,0.0,0.0,26.544,24-04-2022
SK-19990,OFF-SU-10002573,US-Eas-New-New-10024,CA-2022-108553,SC-2022-04-108553,0.0,0.0,0.0,36.813,24-04-2022
JF-15355,OFF-BI-10003638,US-Wes-Cal-Pas-91104,CA-2022-136651,SC-2022-04-136651,0.0,0.0,0.2,30.186,24-04-2022
SO-20335,OFF-EN-10003134,US-Wes-Col-Gre-80634,CA-2022-101700,FC-2022-04-101700,0.0,0.0,0.2,7.008,24-04-2022
SO-20335,FUR-FU-10001025,US-Wes-Col-Gre-80634,CA-2022-101700,FC-2022-04-101700,0.0,0.0,0.2,3.3534,24-04-2022
DK-12835,OFF-BI-10002414,US-Eas-Pen-Phi-19143,CA-2022-149489,FC-2022-04-149489,0.0,0.0,0.7,-5.7638,25-04-2022
CP-12340,OFF-ST-10001370,US-Sou-Flo-Jac-32216,CA-2022-168102,SC-2022-05-168102,0.0,0.0,0.2,-21.294,25-04-2022
SV-20935,TEC-PH-10004614,US-Wes-Ari-Mes-85204,CA-2022-116953,FC-2022-04-116953,0.0,0.0,0.2,34.5,25-04-2022
AF-10870,OFF-ST-10004123,US-Cen-Ill-Chi-60610,CA-2022-125269,SC-2022-05-125269,0.0,0.0,0.2,-18.196,25-04-2022
DK-12835,OFF-AP-10002495,US-Eas-Pen-Phi-19143,CA-2022-149489,FC-2022-04-149489,0.0,0.0,0.2,12.41,25-04-2022
LS-16945,TEC-AC-10004855,US-Eas-Rho-Pro-2908,US-2022-128832,FC-2022-04-128832,0.0,0.0,0.0,4.8986,25-04-2022
AF-10870,OFF-BI-10001628,US-Cen-Ill-Chi-60610,CA-2022-125269,SC-2022-05-125269,0.0,0.0,0.8,-18.2525,25-04-2022
MG-17890,OFF-FA-10002676,US-Wes-Cal-San-93101,CA-2022-166933,SC-2022-04-166933,0.0,0.0,0.0,0.6516,25-04-2022
DK-12835,OFF-BI-10002813,US-Eas-Pen-Phi-19143,CA-2022-149489,FC-2022-04-149489,0.0,0.0,0.7,-0.99,25-04-2022
SG-20605,TEC-AC-10000158,US-Wes-Cal-San-94109,CA-2022-125381,SC-2022-04-125381,0.0,0.0,0.0,22.6737,26-04-2022
LL-16840,OFF-BI-10000666,US-Wes-Cal-Los-90032,CA-2022-120222,SC-2022-05-120222,0.0,0.0,0.2,27.504,26-04-2022
LH-16750,OFF-AR-10000246,US-Wes-Ari-Cha-85224,CA-2022-129707,SC-2022-04-129707,0.0,0.0,0.2,0.6672,26-04-2022
PN-18775,OFF-AR-10001958,US-Sou-Ten-Nas-37211,CA-2022-132213,FC-2022-04-132213,0.0,0.0,0.2,6.792,26-04-2022
PN-18775,OFF-AR-10004078,US-Sou-Ten-Nas-37211,CA-2022-132213,FC-2022-04-132213,0.0,0.0,0.2,5.256,26-04-2022
LL-16840,OFF-PA-10004675,US-Wes-Cal-Los-90032,CA-2022-120222,SC-2022-05-120222,0.0,0.0,0.0,8.763,26-04-2022
MB-18085,OFF-BI-10002103,US-Wes-Cal-Los-90049,CA-2022-151071,SC-2022-04-151071,0.0,0.0,0.2,4.5188,26-04-2022
RL-19615,FUR-BO-10004709,US-Wes-Cal-Los-90008,CA-2022-159226,SC-2022-04-159226,0.0,0.0,0.15,28.4102,26-04-2022
PO-19180,OFF-PA-10003673,US-Wes-Was-Sea-98115,CA-2022-143665,SC-2022-05-143665,0.0,0.0,0.0,9.3564,27-04-2022
PO-19180,OFF-LA-10002034,US-Wes-Was-Sea-98115,CA-2022-143665,SC-2022-05-143665,0.0,0.0,0.0,19.2472,27-04-2022
LB-16735,FUR-FU-10000010,US-Cen-Tex-For-76106,CA-2022-160045,FC-2022-04-160045,0.0,0.0,0.6,-1.4413,27-04-2022
CV-12805,FUR-BO-10002268,US-Cen-Tex-For-76106,CA-2022-135692,SC-2022-05-135692,0.0,0.0,0.32,-42.1096,28-04-2022
CV-12805,OFF-LA-10001158,US-Cen-Tex-For-76106,CA-2022-135692,SC-2022-05-135692,0.0,0.0,0.2,11.592,28-04-2022
HM-14980,FUR-FU-10000397,US-Wes-Was-Sea-98105,CA-2022-151281,SC-2022-05-151281,0.0,0.0,0.0,39.0824,28-04-2022
AP-10915,OFF-AR-10003373,US-Wes-Cal-Los-90045,CA-2022-168228,FC-2022-04-168228,0.0,0.0,0.0,33.4584,28-04-2022
AP-10915,OFF-AR-10000390,US-Wes-Cal-Los-90045,CA-2022-168228,FC-2022-04-168228,0.0,0.0,0.0,5.6994,28-04-2022
AP-10915,OFF-AR-10001725,US-Wes-Cal-Los-90045,CA-2022-168228,FC-2022-04-168228,0.0,0.0,0.0,12.298,28-04-2022
MC-17605,OFF-ST-10001325,US-Eas-Pen-Phi-19143,CA-2022-160962,SC-2022-05-160962,0.0,0.0,0.2,0.7336,29-04-2022
MC-17605,OFF-AR-10003056,US-Eas-Pen-Phi-19143,CA-2022-160962,SC-2022-05-160962,0.0,0.0,0.2,0.7704,29-04-2022
JL-15130,OFF-AP-10000252,US-Sou-Nor-Wil-28403,CA-2022-120894,SC-2022-05-120894,0.0,0.0,0.2,5.265,29-04-2022
JL-15235,TEC-PH-10002624,US-Sou-Flo-Kis-34741,CA-2022-137631,SC-2022-05-137631,0.0,0.0,0.2,84.5982,29-04-2022
FM-14215,FUR-TA-10001307,US-Eas-Ohi-Dub-43017,US-2022-164056,SC-2022-05-164056,0.0,0.0,0.4,-69.89,30-04-2022
KT-16480,OFF-LA-10004055,US-Eas-New-Ora-7050,CA-2022-126718,SC-2022-05-126718,0.0,0.0,0.0,2.4059,30-04-2022
JC-15775,FUR-BO-10003966,US-Wes-Cal-Los-90032,CA-2022-109393,SC-2022-07-109393,0.0,0.0,0.15,5.1294,01-07-2022
VP-21730,OFF-BI-10004492,US-Wes-Nev-Las-89115,CA-2022-102946,SC-2022-07-102946,0.0,0.0,0.2,25.5798,01-07-2022
DV-13045,FUR-FU-10001591,US-Sou-Ten-Mem-38109,CA-2022-125745,SC-2022-07-125745,0.0,0.0,0.2,5.368,01-07-2022
TT-21220,OFF-PA-10000675,US-Wes-Cal-Los-90045,US-2022-113201,SC-2022-07-113201,0.0,0.0,0.0,100.4255,01-07-2022
GH-14410,FUR-CH-10000229,US-Cen-Ill-Chi-60653,CA-2022-163006,SC-2022-07-163006,0.0,0.0,0.3,-178.8468,01-07-2022
SG-20470,FUR-TA-10000577,US-Eas-New-New-10011,US-2022-102890,SC-2022-07-102890,0.0,0.0,0.4,-295.9785,01-07-2022
GH-14410,FUR-FU-10003799,US-Cen-Ill-Chi-60653,CA-2022-163006,SC-2022-07-163006,0.0,0.0,0.6,-10.3124,01-07-2022
RA-19285,OFF-ST-10001476,US-Eas-New-New-10024,CA-2022-131695,SC-2022-07-131695,0.0,0.0,0.0,67.1139,01-07-2022
GH-14410,TEC-PH-10002584,US-Cen-Ill-Chi-60653,CA-2022-163006,SC-2022-07-163006,0.0,0.0,0.2,125.198,01-07-2022
ND-18460,OFF-ST-10002615,US-Eas-New-Mou-10550,CA-2022-164112,SC-2022-07-164112,0.0,0.0,0.0,282.2092,01-07-2022
RA-19285,FUR-FU-10002045,US-Eas-New-New-10024,CA-2022-131695,SC-2022-07-131695,0.0,0.0,0.0,9.7812,01-07-2022
KF-16285,OFF-PA-10003441,US-Cen-Ind-Ind-46203,US-2022-148362,SC-2022-07-148362,0.0,0.0,0.0,12.4416,02-07-2022
KF-16285,OFF-BI-10003656,US-Cen-Ind-Ind-46203,US-2022-148362,SC-2022-07-148362,0.0,0.0,0.0,78.1954,02-07-2022
KF-16285,OFF-ST-10001128,US-Cen-Ind-Ind-46203,US-2022-148362,SC-2022-07-148362,0.0,0.0,0.0,13.3176,02-07-2022
AH-10120,OFF-PA-20000357,US-Cen-Tex-Hou-77036,CA-2022-107958,FC-2022-07-107958,0.0,0.0,0.2,59.4355,03-07-2022
AH-10120,OFF-BI-10001787,US-Cen-Tex-Hou-77036,CA-2022-107958,FC-2022-07-107958,0.0,0.0,0.8,-8.1096,03-07-2022
RD-19585,OFF-ST-10002485,US-Wes-Cal-Los-90004,CA-2022-139437,SC-2022-07-139437,0.0,0.0,0.0,0.8792,04-07-2022
CA-12265,FUR-FU-10003708,US-Wes-New-Far-87401,CA-2022-140053,SC-2022-07-140053,0.0,0.0,0.0,114.6285,04-07-2022
FM-14290,OFF-PA-10001970,US-Eas-Mas-Qui-2169,US-2022-129777,SC-2022-07-129777,0.0,0.0,0.0,11.5432,04-07-2022
FM-14290,TEC-AC-10003590,US-Eas-Mas-Qui-2169,US-2022-129777,SC-2022-07-129777,0.0,0.0,0.0,93.204,04-07-2022
CS-12460,TEC-PH-10001557,US-Sou-Geo-Col-31907,US-2022-126179,SC-2022-07-126179,0.0,0.0,0.0,77.7519,04-07-2022
CS-12460,FUR-FU-10002554,US-Sou-Geo-Col-31907,US-2022-126179,SC-2022-07-126179,0.0,0.0,0.0,5.5177,04-07-2022
RD-19585,TEC-PH-10002726,US-Cen-Tex-Pla-75023,CA-2022-111647,SC-2022-07-111647,0.0,0.0,0.2,62.988,04-07-2022
JK-15640,TEC-PH-10000702,US-Wes-Was-Sea-98105,CA-2022-168109,SC-2022-07-168109,0.0,0.0,0.2,2.6973,04-07-2022
FH-14275,TEC-MA-10003674,US-Cen-Tex-Hou-77041,CA-2022-121503,SC-2022-07-121503,0.0,0.0,0.4,49.761,04-07-2022
YS-21880,OFF-AR-10003514,US-Sou-Nor-Bur-27217,CA-2022-124828,FC-2022-07-124828,0.0,0.0,0.2,1.5522,04-07-2022
MB-17305,FUR-FU-10001215,US-Wes-Cal-Cit-95610,CA-2022-169124,SC-2022-07-169124,0.0,0.0,0.0,54.3438,04-07-2022
SZ-20035,OFF-PA-10000174,US-Eas-Ohi-Lan-43130,US-2022-111024,SC-2022-07-111024,0.0,0.0,0.2,11.1024,04-07-2022
JK-15640,TEC-AC-10002049,US-Wes-Was-Sea-98105,CA-2022-168109,SC-2022-07-168109,0.0,0.0,0.0,742.632,04-07-2022
JK-15640,TEC-MA-20001148,US-Wes-Was-Sea-98105,CA-2022-168109,SC-2022-07-168109,0.0,0.0,0.2,209.58,04-07-2022
JK-15640,TEC-AC-10003628,US-Wes-Was-Sea-98105,CA-2022-168109,SC-2022-07-168109,0.0,0.0,0.0,26.3912,04-07-2022
SZ-20035,FUR-TA-10002041,US-Eas-Ohi-Lan-43130,US-2022-111024,SC-2022-07-111024,0.0,0.0,0.4,-103.9882,04-07-2022
SZ-20035,OFF-PA-10002246,US-Eas-Ohi-Lan-43130,US-2022-111024,SC-2022-07-111024,0.0,0.0,0.2,11.223,04-07-2022
MO-17950,TEC-AC-10002167,US-Sou-Nor-Jac-28540,US-2022-166233,SC-2022-07-166233,0.0,0.0,0.2,-2.7,04-07-2022
TS-21505,FUR-FU-10004188,US-Eas-New-Con-3301,CA-2022-106747,FC-2022-07-106747,0.0,0.0,0.0,26.598,04-07-2022
FH-14275,OFF-PA-10001878,US-Cen-Tex-Hou-77041,CA-2022-121503,SC-2022-07-121503,0.0,0.0,0.2,92.4399,04-07-2022
LS-16945,OFF-BI-10003429,US-Cen-Tex-Dal-75220,CA-2022-100223,SC-2022-07-100223,0.0,0.0,0.8,-17.6607,06-07-2022
LS-16945,FUR-FU-10003601,US-Cen-Tex-Dal-75220,CA-2022-100223,SC-2022-07-100223,0.0,0.0,0.6,-348.6294,06-07-2022
LS-16945,OFF-BI-10004492,US-Cen-Tex-Dal-75220,CA-2022-100223,SC-2022-07-100223,0.0,0.0,0.8,-10.4214,06-07-2022
DK-12835,TEC-PH-10002293,US-Cen-Neb-Fre-68025,CA-2022-104388,FC-2022-07-104388,0.0,0.0,0.0,22.3888,06-07-2022
LS-16945,OFF-PA-10000232,US-Cen-Tex-Dal-75220,CA-2022-100223,SC-2022-07-100223,0.0,0.0,0.2,5.6376,06-07-2022
LS-16945,OFF-PA-10002195,US-Cen-Tex-Dal-75220,CA-2022-100223,SC-2022-07-100223,0.0,0.0,0.2,11.2752,06-07-2022
AH-10585,FUR-CH-10000155,US-Sou-Flo-Mia-33142,US-2022-152492,SC-2022-07-152492,0.0,0.0,0.2,23.924,07-07-2022
FH-14365,OFF-BI-10000343,US-Eas-Pen-Phi-19120,US-2022-124303,SC-2022-07-124303,0.0,0.0,0.7,-2.2586,07-07-2022
FH-14365,OFF-PA-10002749,US-Eas-Pen-Phi-19120,US-2022-124303,SC-2022-07-124303,0.0,0.0,0.2,5.8203,07-07-2022
RL-19615,FUR-BO-10001519,US-Eas-Pen-Phi-19120,US-2022-169551,FC-2022-07-169551,0.0,0.0,0.5,-45.3492,08-07-2022
MP-17965,TEC-AC-10004353,US-Eas-Rho-War-2886,CA-2022-155152,SC-2022-07-155152,0.0,0.0,0.0,93.24,08-07-2022
RL-19615,TEC-AC-10003033,US-Eas-Pen-Phi-19120,US-2022-169551,FC-2022-07-169551,0.0,0.0,0.2,85.787,08-07-2022
RL-19615,TEC-AC-10002018,US-Eas-Pen-Phi-19120,US-2022-169551,FC-2022-07-169551,0.0,0.0,0.2,4.8231,08-07-2022
CS-12355,OFF-BI-10001634,US-Eas-New-Lon-11561,CA-2022-105053,SC-2022-07-105053,0.0,0.0,0.2,6.3336,08-07-2022
AT-10735,OFF-FA-10001135,US-Wes-Cal-Los-90049,CA-2022-106824,SC-2022-07-106824,0.0,0.0,0.0,0.1188,08-07-2022
RL-19615,OFF-ST-10004835,US-Eas-Pen-Phi-19120,US-2022-169551,FC-2022-07-169551,0.0,0.0,0.2,1.0044,08-07-2022
RL-19615,OFF-PA-10004100,US-Eas-Pen-Phi-19120,US-2022-169551,FC-2022-07-169551,0.0,0.0,0.2,5.4432,08-07-2022
RL-19615,TEC-PH-10001363,US-Eas-Pen-Phi-19120,US-2022-169551,FC-2022-07-169551,0.0,0.0,0.4,-113.998,08-07-2022
VF-21715,OFF-AR-10003560,US-Wes-Was-Sea-98115,CA-2022-138464,SC-2022-07-138464,0.0,0.0,0.0,6.2016,09-07-2022
VG-21790,OFF-LA-10002762,US-Wes-Cal-San-94403,CA-2022-150189,FC-2022-07-150189,0.0,0.0,0.0,35.3346,09-07-2022
TD-20995,OFF-AR-10004027,US-Eas-Mas-Low-1852,CA-2022-134306,SC-2022-07-134306,0.0,0.0,0.0,3.0996,09-07-2022
TD-20995,OFF-PA-10000249,US-Eas-Mas-Low-1852,CA-2022-134306,SC-2022-07-134306,0.0,0.0,0.0,11.5432,09-07-2022
TD-20995,OFF-AR-10001374,US-Eas-Mas-Low-1852,CA-2022-134306,SC-2022-07-134306,0.0,0.0,0.0,4.1472,09-07-2022
JC-15385,TEC-AC-10003063,US-Wes-Was-Ken-98031,CA-2022-108560,SC-2022-07-108560,0.0,0.0,0.0,10.5,09-07-2022
JC-15385,OFF-BI-10001107,US-Wes-Was-Ken-98031,CA-2022-108560,SC-2022-07-108560,0.0,0.0,0.2,7.8192,09-07-2022
JC-15385,OFF-LA-10003930,US-Wes-Was-Ken-98031,CA-2022-108560,SC-2022-07-108560,0.0,0.0,0.0,385.3752,09-07-2022
JC-15385,FUR-FU-10002937,US-Wes-Was-Ken-98031,CA-2022-108560,SC-2022-07-108560,0.0,0.0,0.0,99.23,09-07-2022
HE-14800,OFF-AR-10004010,US-Eas-Del-New-19711,CA-2022-140480,SC-2022-07-140480,0.0,0.0,0.0,45.487,09-07-2022
VF-21715,OFF-AR-10004757,US-Wes-Was-Sea-98115,CA-2022-138464,SC-2022-07-138464,0.0,0.0,0.0,4.3296,09-07-2022
HE-14800,OFF-AR-10001419,US-Eas-Del-New-19711,CA-2022-140480,SC-2022-07-140480,0.0,0.0,0.0,8.673,09-07-2022
HE-14800,FUR-FU-10001057,US-Eas-Del-New-19711,CA-2022-140480,SC-2022-07-140480,0.0,0.0,0.0,9.1954,09-07-2022
SZ-20035,FUR-FU-10001588,US-Wes-Cal-Pic-90660,CA-2022-133249,FC-2022-07-133249,0.0,0.0,0.0,62.737,09-07-2022
MR-17545,OFF-PA-10003127,US-Wes-Was-Sea-98103,CA-2022-111759,SC-2022-07-111759,0.0,0.0,0.0,24.2696,09-07-2022
VF-21715,FUR-FU-10003142,US-Wes-Was-Sea-98115,CA-2022-138464,SC-2022-07-138464,0.0,0.0,0.0,4.9104,09-07-2022
VF-21715,OFF-BI-10001543,US-Wes-Was-Sea-98115,CA-2022-138464,SC-2022-07-138464,0.0,0.0,0.2,30.2316,09-07-2022
HE-14800,TEC-AC-10002473,US-Eas-Del-New-19711,CA-2022-140480,SC-2022-07-140480,0.0,0.0,0.0,58.179,09-07-2022
HE-14800,FUR-FU-10003247,US-Eas-Del-New-19711,CA-2022-140480,SC-2022-07-140480,0.0,0.0,0.0,5.8744,09-07-2022
JF-15190,OFF-PA-10001497,US-Eas-Con-Man-6040,CA-2022-121083,SC-2022-07-121083,0.0,0.0,0.0,134.652,10-07-2022
JF-15190,TEC-PH-10001336,US-Eas-Con-Man-6040,CA-2022-121083,SC-2022-07-121083,0.0,0.0,0.0,74.8142,10-07-2022
JF-15190,OFF-ST-10002554,US-Eas-Con-Man-6040,CA-2022-121083,SC-2022-07-121083,0.0,0.0,0.0,3.9128,10-07-2022
NS-18640,OFF-AR-10001130,US-Cen-Ill-Chi-60610,CA-2022-115651,FC-2022-07-115651,0.0,0.0,0.2,2.9835,10-07-2022
TD-20995,OFF-BI-10002012,US-Wes-Ore-Por-97206,US-2022-100209,SC-2022-07-100209,0.0,0.0,0.7,-0.792,10-07-2022
NS-18640,OFF-AP-10000055,US-Cen-Ill-Chi-60610,CA-2022-115651,FC-2022-07-115651,0.0,0.0,0.8,-146.16,10-07-2022
SM-20320,FUR-FU-10000293,US-Cen-Ind-Laf-47905,CA-2022-145128,SC-2022-07-145128,0.0,0.0,0.0,31.587,10-07-2022
JH-15820,OFF-ST-10003692,US-Cen-Ill-Chi-60610,CA-2022-132122,SC-2022-07-132122,0.0,0.0,0.2,14.3075,10-07-2022
JF-15190,OFF-AR-10002987,US-Eas-Con-Man-6040,CA-2022-121083,SC-2022-07-121083,0.0,0.0,0.0,48.8064,10-07-2022
BF-11275,OFF-AP-10003278,US-Sou-Geo-Col-31907,CA-2022-169012,SC-2022-07-169012,0.0,0.0,0.0,10.8966,11-07-2022
BP-11155,FUR-FU-10000771,US-Sou-Geo-Col-31907,CA-2022-128629,SC-2022-07-128629,0.0,0.0,0.0,7.9128,11-07-2022
FG-14260,OFF-ST-10004340,US-Cen-Ill-Aur-60505,CA-2022-127460,SC-2022-07-127460,0.0,0.0,0.2,26.1156,11-07-2022
KB-16240,TEC-AC-10003832,US-Wes-Cal-Los-90049,CA-2022-162012,SC-2022-07-162012,0.0,0.0,0.0,244.6155,12-07-2022
KN-16390,OFF-LA-10004272,US-Wes-Cal-Los-90004,CA-2022-164959,SC-2022-07-164959,0.0,0.0,0.0,4.0749,12-07-2022
KB-16240,OFF-AP-10003040,US-Wes-Cal-Los-90049,CA-2022-162012,SC-2022-07-162012,0.0,0.0,0.0,43.706,12-07-2022
TS-21430,TEC-PH-10000004,US-Wes-Cal-San-92105,CA-2022-136623,SC-2022-07-136623,0.0,0.0,0.2,5.3964,12-07-2022
JD-16015,TEC-AC-10002323,US-Eas-New-New-10009,CA-2022-156818,SC-2022-07-156818,0.0,0.0,0.0,17.238,12-07-2022
TS-21430,OFF-BI-10003708,US-Wes-Cal-San-92105,CA-2022-136623,SC-2022-07-136623,0.0,0.0,0.2,9.3125,12-07-2022
NW-18400,OFF-AR-10001166,US-Cen-Iow-Wat-50701,CA-2022-127656,SC-2022-07-127656,0.0,0.0,0.0,11.8248,12-07-2022
CS-11860,OFF-PA-10000791,US-Eas-Ohi-Fai-45014,CA-2022-106047,SC-2022-07-106047,0.0,0.0,0.2,1.1925,13-07-2022
RR-19525,OFF-PA-10003673,US-Cen-Kan-Ove-66212,CA-2022-102155,SC-2022-07-102155,0.0,0.0,0.0,6.2376,14-07-2022
MH-17455,FUR-FU-10002501,US-Eas-Pen-Phi-19140,CA-2022-136364,SC-2022-07-136364,0.0,0.0,0.2,19.3392,14-07-2022
MH-17455,TEC-PH-10003885,US-Eas-Pen-Phi-19140,CA-2022-136364,SC-2022-07-136364,0.0,0.0,0.4,-7.2589,14-07-2022
RR-19525,OFF-ST-10001496,US-Cen-Kan-Ove-66212,CA-2022-102155,SC-2022-07-102155,0.0,0.0,0.0,93.6988,14-07-2022
JL-15835,FUR-FU-10002937,US-Eas-Ohi-Col-43229,US-2022-161935,SC-2022-07-161935,0.0,0.0,0.2,148.845,15-07-2022
JL-15835,OFF-ST-10003455,US-Eas-Ohi-Col-43229,US-2022-161935,SC-2022-07-161935,0.0,0.0,0.2,4.653,15-07-2022
TC-21295,OFF-AR-10004042,US-Wes-Cal-Wes-92683,CA-2022-121048,SC-2022-07-121048,0.0,0.0,0.0,20.8568,15-07-2022
TC-21295,FUR-FU-10003601,US-Wes-Cal-Wes-92683,CA-2022-121048,SC-2022-07-121048,0.0,0.0,0.0,49.8042,15-07-2022
TC-21295,OFF-BI-10004022,US-Wes-Cal-Wes-92683,CA-2022-121048,SC-2022-07-121048,0.0,0.0,0.2,1.4456,15-07-2022
TC-21295,FUR-FU-10002960,US-Wes-Cal-Wes-92683,CA-2022-121048,SC-2022-07-121048,0.0,0.0,0.0,7.9128,15-07-2022
JL-15835,TEC-PH-10000560,US-Eas-Ohi-Col-43229,US-2022-161935,SC-2022-07-161935,0.0,0.0,0.4,-377.9892,15-07-2022
TC-21295,TEC-AC-10000991,US-Wes-Cal-Wes-92683,CA-2022-121048,SC-2022-07-121048,0.0,0.0,0.0,19.7358,15-07-2022
TC-21295,OFF-FA-10000490,US-Wes-Cal-Wes-92683,CA-2022-121048,SC-2022-07-121048,0.0,0.0,0.0,2.3312,15-07-2022
JL-15835,OFF-PA-10000605,US-Eas-Ohi-Col-43229,US-2022-161935,SC-2022-07-161935,0.0,0.0,0.2,3.3524,15-07-2022
JL-15835,OFF-ST-10001837,US-Eas-Ohi-Col-43229,US-2022-161935,SC-2022-07-161935,0.0,0.0,0.2,17.9592,15-07-2022
TC-21295,TEC-PH-10004977,US-Wes-Cal-Wes-92683,CA-2022-121048,SC-2022-07-121048,0.0,0.0,0.2,52.9173,15-07-2022
JL-15835,OFF-AR-10004757,US-Eas-Ohi-Col-43229,US-2022-161935,SC-2022-07-161935,0.0,0.0,0.2,2.132,15-07-2022
MM-17260,OFF-BI-10004094,US-Eas-Del-Wil-19805,CA-2022-166142,SC-2022-07-166142,0.0,0.0,0.0,13.0095,16-07-2022
MM-17260,FUR-TA-10004607,US-Eas-Del-Wil-19805,CA-2022-166142,SC-2022-07-166142,0.0,0.0,0.3,-48.7839,16-07-2022
RS-19420,FUR-TA-10004575,US-Sou-Vir-Suf-23434,US-2022-128951,FC-2022-07-128951,0.0,0.0,0.0,157.1292,16-07-2022
MM-18055,OFF-AR-10001177,US-Eas-New-New-10024,CA-2022-164378,SC-2022-07-164378,0.0,0.0,0.0,1.9024,16-07-2022
MM-18055,OFF-PA-10004519,US-Eas-New-New-10024,CA-2022-164378,SC-2022-07-164378,0.0,0.0,0.0,4.3904,16-07-2022
MM-18055,FUR-CH-10002084,US-Eas-New-New-10024,CA-2022-164378,SC-2022-07-164378,0.0,0.0,0.1,88.5528,16-07-2022
RS-19420,OFF-AP-10002191,US-Sou-Vir-Suf-23434,US-2022-128951,FC-2022-07-128951,0.0,0.0,0.0,50.3832,16-07-2022
RS-19420,OFF-PA-10003177,US-Sou-Vir-Suf-23434,US-2022-128951,FC-2022-07-128951,0.0,0.0,0.0,6.2208,16-07-2022
MM-18055,OFF-LA-10000634,US-Eas-New-New-10024,CA-2022-164378,SC-2022-07-164378,0.0,0.0,0.0,3.6018,16-07-2022
MM-18055,TEC-AC-10004708,US-Eas-New-New-10024,CA-2022-164378,SC-2022-07-164378,0.0,0.0,0.0,8.799,16-07-2022
VM-21685,OFF-AR-10003759,US-Cen-Ill-Woo-60098,CA-2022-109778,SC-2022-07-109778,0.0,0.0,0.2,0.91,17-07-2022
SF-20065,FUR-CH-10002774,US-Eas-Pen-Phi-19140,US-2022-156909,SC-2022-07-156909,0.0,0.0,0.3,-1.0196,17-07-2022
NF-18385,FUR-CH-10004218,US-Sou-Nor-Cha-28205,US-2022-152842,SC-2022-07-152842,0.0,0.0,0.2,15.147,17-07-2022
BE-11335,OFF-PA-10004353,US-Eas-New-Rom-13440,US-2022-105046,SC-2022-07-105046,0.0,0.0,0.0,47.952,18-07-2022
BE-11335,TEC-PH-10004536,US-Eas-New-Rom-13440,US-2022-105046,SC-2022-07-105046,0.0,0.0,0.0,67.495,18-07-2022
AB-10255,TEC-CO-10004202,US-Wes-Cal-Los-90036,CA-2022-126662,SC-2022-07-126662,0.0,0.0,0.2,89.997,18-07-2022
AJ-10795,OFF-PA-10004609,US-Wes-Cal-App-92307,CA-2022-142342,SC-2022-07-142342,0.0,0.0,0.0,15.552,18-07-2022
AJ-10795,OFF-EN-10002592,US-Wes-Cal-App-92307,CA-2022-142342,SC-2022-07-142342,0.0,0.0,0.0,28.95,18-07-2022
SW-20455,FUR-FU-10002597,US-Sou-Flo-Tam-33614,CA-2022-139948,SC-2022-07-139948,0.0,0.0,0.2,2.1736,18-07-2022
AJ-10795,OFF-ST-10002957,US-Wes-Cal-App-92307,CA-2022-142342,SC-2022-07-142342,0.0,0.0,0.0,0.0,18-07-2022
AJ-10795,FUR-BO-10002613,US-Wes-Cal-App-92307,CA-2022-142342,SC-2022-07-142342,0.0,0.0,0.15,210.735,18-07-2022
BE-11335,FUR-FU-10004848,US-Eas-New-Rom-13440,US-2022-105046,SC-2022-07-105046,0.0,0.0,0.0,14.4596,18-07-2022
ML-17410,OFF-BI-10003350,US-Wes-Ari-Pho-85023,US-2022-142573,SC-2022-07-142573,0.0,0.0,0.7,-6.1248,19-07-2022
ML-17410,OFF-PA-10000246,US-Wes-Ari-Pho-85023,US-2022-142573,SC-2022-07-142573,0.0,0.0,0.2,5.2312,19-07-2022
SV-20365,OFF-SU-10004768,US-Eas-Pen-Phi-19134,US-2022-165358,SC-2022-07-165358,0.0,0.0,0.2,1.148,19-07-2022
ML-17410,FUR-CH-10000513,US-Wes-Ari-Pho-85023,US-2022-142573,SC-2022-07-142573,0.0,0.0,0.2,-42.8967,19-07-2022
SV-20365,FUR-CH-10002647,US-Eas-Pen-Phi-19134,US-2022-165358,SC-2022-07-165358,0.0,0.0,0.3,-14.196,19-07-2022
ML-17410,FUR-TA-10001932,US-Wes-Ari-Pho-85023,US-2022-142573,SC-2022-07-142573,0.0,0.0,0.5,-448.896,19-07-2022
ML-17410,FUR-CH-10004218,US-Wes-Ari-Pho-85023,US-2022-142573,SC-2022-07-142573,0.0,0.0,0.2,10.098,19-07-2022
SV-20365,TEC-CO-10001943,US-Eas-Pen-Phi-19134,US-2022-165358,SC-2022-07-165358,0.0,0.0,0.4,69.9965,19-07-2022
SM-20950,OFF-BI-10004600,US-Cen-Min-Map-55369,CA-2022-150497,SC-2022-07-150497,0.0,0.0,0.0,331.191,21-07-2022
EM-13825,TEC-AC-10003095,US-Cen-Sou-Sio-57103,CA-2022-122035,SC-2022-07-122035,0.0,0.0,0.0,132.5898,21-07-2022
CS-11950,OFF-ST-10002974,US-Cen-Ill-Chi-60610,CA-2022-118640,SC-2022-07-118640,0.0,0.0,0.2,8.714,21-07-2022
CS-11950,FUR-FU-10001475,US-Cen-Ill-Chi-60610,CA-2022-118640,SC-2022-07-118640,0.0,0.0,0.6,-5.7148,21-07-2022
EM-13825,OFF-LA-10004093,US-Cen-Sou-Sio-57103,CA-2022-122035,SC-2022-07-122035,0.0,0.0,0.0,6.8714,21-07-2022
EM-13825,OFF-BI-10002072,US-Cen-Sou-Sio-57103,CA-2022-122035,SC-2022-07-122035,0.0,0.0,0.0,30.415,21-07-2022
EM-13825,FUR-CH-10003833,US-Cen-Sou-Sio-57103,CA-2022-122035,SC-2022-07-122035,0.0,0.0,0.0,27.441,21-07-2022
EM-13825,OFF-AP-10002118,US-Cen-Sou-Sio-57103,CA-2022-122035,SC-2022-07-122035,0.0,0.0,0.0,112.4064,21-07-2022
EM-13825,OFF-BI-10000404,US-Cen-Sou-Sio-57103,CA-2022-122035,SC-2022-07-122035,0.0,0.0,0.0,20.21,21-07-2022
AR-10825,FUR-FU-10000747,US-Eas-New-New-10009,US-2022-108343,SC-2022-07-108343,0.0,0.0,0.0,31.2664,21-07-2022
AR-10825,FUR-CH-10002780,US-Eas-New-New-10009,US-2022-108343,SC-2022-07-108343,0.0,0.0,0.1,25.4744,21-07-2022
AR-10825,OFF-PA-10000743,US-Eas-New-New-10009,US-2022-108343,SC-2022-07-108343,0.0,0.0,0.0,6.4128,21-07-2022
KL-16555,OFF-BI-10001890,US-Cen-Ill-Aur-60505,CA-2022-103478,SC-2022-07-103478,0.0,0.0,0.8,-4.5824,22-07-2022
KL-16555,OFF-BI-10004224,US-Cen-Ill-Aur-60505,CA-2022-103478,SC-2022-07-103478,0.0,0.0,0.8,-164.836,22-07-2022
SF-20200,OFF-AR-10001044,US-Wes-Uta-Mur-84107,US-2022-158505,SC-2022-07-158505,0.0,0.0,0.0,7.5371,22-07-2022
SW-20455,OFF-PA-10003205,US-Wes-Cal-San-92024,CA-2022-145429,SC-2022-07-145429,0.0,0.0,0.0,7.6798,22-07-2022
SW-20455,FUR-CH-10000988,US-Wes-Cal-San-92024,CA-2022-145429,SC-2022-07-145429,0.0,0.0,0.2,22.5296,22-07-2022
AR-10825,TEC-PH-10002549,US-Wes-Cal-Con-94521,CA-2022-118724,SC-2022-07-118724,0.0,0.0,0.2,121.9644,22-07-2022
AM-10705,OFF-BI-10003355,US-Sou-Vir-Sal-24153,CA-2022-104731,SC-2022-07-104731,0.0,0.0,0.0,7.1712,22-07-2022
AM-10705,OFF-AR-10003727,US-Sou-Vir-Sal-24153,CA-2022-104731,SC-2022-07-104731,0.0,0.0,0.0,29.5626,22-07-2022
AM-10705,TEC-PH-10002660,US-Sou-Vir-Sal-24153,CA-2022-104731,SC-2022-07-104731,0.0,0.0,0.0,67.99,22-07-2022
AM-10705,OFF-SU-10003505,US-Sou-Vir-Sal-24153,CA-2022-104731,SC-2022-07-104731,0.0,0.0,0.0,11.586,22-07-2022
AM-10705,FUR-FU-10003274,US-Sou-Vir-Sal-24153,CA-2022-104731,SC-2022-07-104731,0.0,0.0,0.0,3.872,22-07-2022
AM-10705,OFF-AR-10003829,US-Sou-Vir-Sal-24153,CA-2022-104731,SC-2022-07-104731,0.0,0.0,0.0,5.7072,22-07-2022
AM-10705,FUR-BO-10003441,US-Sou-Vir-Sal-24153,CA-2022-104731,SC-2022-07-104731,0.0,0.0,0.0,69.6762,22-07-2022
SW-20455,OFF-BI-10001524,US-Wes-Cal-San-92024,CA-2022-145429,SC-2022-07-145429,0.0,0.0,0.2,17.6232,22-07-2022
AR-10825,OFF-AR-10003469,US-Wes-Cal-Con-94521,CA-2022-118724,SC-2022-07-118724,0.0,0.0,0.0,1.6896,22-07-2022
SF-20200,TEC-PH-10004071,US-Wes-Uta-Mur-84107,US-2022-158505,SC-2022-07-158505,0.0,0.0,0.2,6.2937,22-07-2022
TW-21025,OFF-PA-10001934,US-Eas-New-Pla-7060,US-2022-127719,SC-2022-07-127719,0.0,0.0,0.0,3.1752,22-07-2022
GM-14500,FUR-TA-10001676,US-Cen-Tex-Pha-78577,US-2022-123834,SC-2022-07-123834,0.0,0.0,0.3,-21.3264,22-07-2022
PT-19090,OFF-BI-10001116,US-Cen-Ill-Chi-60623,CA-2022-145093,SC-2022-07-145093,0.0,0.0,0.8,-3.3792,22-07-2022
SW-20350,TEC-PH-10004522,US-Eas-Ohi-Cle-44105,US-2022-160465,SC-2022-07-160465,0.0,0.0,0.4,-52.641,22-07-2022
SW-20350,OFF-ST-10000136,US-Eas-Ohi-Cle-44105,US-2022-160465,SC-2022-07-160465,0.0,0.0,0.2,25.011,22-07-2022
SW-20350,OFF-BI-10001670,US-Eas-Ohi-Cle-44105,US-2022-160465,SC-2022-07-160465,0.0,0.0,0.7,-22.62,22-07-2022
CS-11860,OFF-AP-10002287,US-Eas-New-New-10024,US-2022-123204,SC-2022-07-123204,0.0,0.0,0.0,4.5448,22-07-2022
EB-13930,FUR-CH-10004997,US-Cen-Ill-Chi-60653,US-2022-106551,SC-2022-07-106551,0.0,0.0,0.3,-75.192,23-07-2022
FH-14365,TEC-PH-10000702,US-Eas-New-New-10009,CA-2022-109750,SC-2022-07-109750,0.0,0.0,0.0,14.0859,23-07-2022
MY-17380,OFF-PA-10003641,US-Cen-Ill-Chi-60623,US-2022-101721,SC-2022-07-101721,0.0,0.0,0.2,20.5764,24-07-2022
CP-12340,OFF-BI-10000848,US-Eas-New-New-10009,CA-2022-117240,SC-2022-07-117240,0.0,0.0,0.2,4.2666,24-07-2022
TB-21520,OFF-BI-10003429,US-Wes-Cal-Los-90045,CA-2022-133718,FC-2022-07-133718,0.0,0.0,0.2,5.5071,24-07-2022
TB-21520,OFF-PA-10002689,US-Wes-Cal-Los-90045,CA-2022-133718,FC-2022-07-133718,0.0,0.0,0.0,27.9936,24-07-2022
NM-18445,OFF-BI-10002412,US-Eas-New-New-10011,CA-2022-125367,SC-2022-07-125367,0.0,0.0,0.2,4.35,24-07-2022
LR-17035,OFF-LA-10001158,US-Eas-New-Lon-11561,CA-2022-103506,SC-2022-07-103506,0.0,0.0,0.0,19.872,24-07-2022
LH-16900,OFF-AR-10003602,US-Cen-Ind-Elk-46514,US-2022-169320,SC-2022-07-169320,0.0,0.0,0.0,5.4896,24-07-2022
LH-16900,TEC-AC-10002550,US-Cen-Ind-Elk-46514,US-2022-169320,SC-2022-07-169320,0.0,0.0,0.0,11.1825,24-07-2022
AZ-10750,OFF-AR-10000380,US-Cen-Ill-Whe-60090,CA-2022-110940,SC-2022-07-110940,0.0,0.0,0.2,15.192,24-07-2022
PO-19180,TEC-AC-10000736,US-Cen-Wis-Ken-53142,CA-2022-118346,FC-2022-07-118346,0.0,0.0,0.0,143.982,24-07-2022
HR-14830,TEC-CO-10001449,US-Wes-Cal-Hun-92646,US-2022-135013,SC-2022-07-135013,0.0,0.0,0.2,839.986,25-07-2022
JC-15775,OFF-ST-10000060,US-Eas-Pen-Phi-19143,CA-2022-121293,SC-2022-07-121293,0.0,0.0,0.2,-25.992,26-07-2022
DD-13570,OFF-LA-10004178,US-Eas-Pen-Phi-19134,CA-2022-125640,SC-2022-07-125640,0.0,0.0,0.2,1.0738,26-07-2022
RB-19360,OFF-LA-10003663,US-Cen-Sou-Sio-57103,CA-2022-169810,SC-2022-08-169810,0.0,0.0,0.0,9.5081,26-07-2022
JC-15775,OFF-SU-10004884,US-Eas-Pen-Phi-19143,CA-2022-121293,SC-2022-07-121293,0.0,0.0,0.2,4.2471,26-07-2022
JC-15775,FUR-TA-10001771,US-Eas-Pen-Phi-19143,CA-2022-121293,SC-2022-07-121293,0.0,0.0,0.4,-34.647,26-07-2022
JC-15775,OFF-PA-10004100,US-Eas-Pen-Phi-19143,CA-2022-121293,SC-2022-07-121293,0.0,0.0,0.2,7.2576,26-07-2022
JC-15775,FUR-FU-10000732,US-Eas-Pen-Phi-19143,CA-2022-121293,SC-2022-07-121293,0.0,0.0,0.2,3.0144,26-07-2022
EM-14200,FUR-TA-10004767,US-Cen-Tex-Dal-75217,CA-2022-167549,FC-2022-07-167549,0.0,0.0,0.3,-4.2588,26-07-2022
GZ-14545,TEC-AC-10003870,US-Wes-Cal-Los-90036,US-2022-167318,SC-2022-08-167318,0.0,0.0,0.0,659.98,27-07-2022
GZ-14545,FUR-CH-10000665,US-Wes-Cal-Los-90036,US-2022-167318,SC-2022-08-167318,0.0,0.0,0.2,45.294,27-07-2022
TM-21490,TEC-PH-10002660,US-Eas-New-Yon-10701,CA-2022-108791,SC-2022-08-108791,0.0,0.0,0.0,135.98,28-07-2022
MG-18145,FUR-FU-10001602,US-Sou-Flo-Jac-32216,CA-2022-123239,SC-2022-08-123239,0.0,0.0,0.2,-2.2758,28-07-2022
DK-13375,TEC-AC-10000991,US-Wes-Was-Sea-98115,CA-2022-133046,SC-2022-08-133046,0.0,0.0,0.0,32.893,28-07-2022
DK-13375,OFF-PA-10002787,US-Wes-Was-Sea-98115,CA-2022-133046,SC-2022-08-133046,0.0,0.0,0.0,6.2208,28-07-2022
TM-21490,FUR-FU-10004018,US-Eas-New-Yon-10701,CA-2022-108791,SC-2022-08-108791,0.0,0.0,0.0,4.0203,28-07-2022
DK-13375,OFF-PA-10003883,US-Wes-Was-Sea-98115,CA-2022-133046,SC-2022-08-133046,0.0,0.0,0.0,12.052,28-07-2022
DK-13375,FUR-FU-10001940,US-Wes-Was-Sea-98115,CA-2022-133046,SC-2022-08-133046,0.0,0.0,0.0,10.5072,28-07-2022
MH-17620,OFF-ST-10001580,US-Wes-Cal-San-94110,CA-2022-130841,SC-2022-08-130841,0.0,0.0,0.0,4.1944,29-07-2022
MH-17620,OFF-BI-10000145,US-Wes-Cal-San-94110,CA-2022-130841,SC-2022-08-130841,0.0,0.0,0.2,3.6192,29-07-2022
MH-17620,TEC-PH-10001817,US-Wes-Cal-San-94110,CA-2022-130841,SC-2022-08-130841,0.0,0.0,0.2,100.24,29-07-2022
RF-19735,OFF-AP-10002311,US-Cen-Okl-Okl-73120,US-2022-130953,SC-2022-08-130953,0.0,0.0,0.0,60.5528,30-07-2022
RF-19735,OFF-BI-10004828,US-Cen-Okl-Okl-73120,US-2022-130953,SC-2022-08-130953,0.0,0.0,0.0,16.4052,30-07-2022
GM-14440,OFF-AR-10002656,US-Eas-New-Tro-12180,CA-2022-146031,SC-2022-08-146031,0.0,0.0,0.0,22.2444,30-07-2022
VG-21790,FUR-BO-10004709,US-Wes-Was-Sea-98103,US-2022-115301,SC-2022-08-115301,0.0,0.0,0.0,25.5112,30-07-2022
LA-16780,OFF-FA-10003059,US-Cen-Tex-Aus-78745,CA-2022-130771,SC-2022-08-130771,0.0,0.0,0.2,0.4706,30-07-2022
AG-10675,OFF-AR-10002833,US-Sou-Nor-Jac-28540,CA-2022-101483,SC-2022-08-101483,0.0,0.0,0.2,0.3822,30-07-2022
GW-14605,TEC-AC-10003027,US-Wes-Was-Sea-98115,US-2022-113852,SC-2022-08-113852,0.0,0.0,0.0,11.7741,30-07-2022
AG-10675,TEC-PH-10003442,US-Sou-Nor-Jac-28540,CA-2022-101483,SC-2022-08-101483,0.0,0.0,0.2,1.375,30-07-2022
AG-10675,OFF-AP-10002082,US-Sou-Nor-Jac-28540,CA-2022-101483,SC-2022-08-101483,0.0,0.0,0.2,6.534,30-07-2022
LA-16780,TEC-PH-10002496,US-Cen-Tex-Aus-78745,CA-2022-130771,SC-2022-08-130771,0.0,0.0,0.2,15.599,30-07-2022
RF-19735,FUR-CH-10004626,US-Cen-Okl-Okl-73120,US-2022-130953,SC-2022-08-130953,0.0,0.0,0.0,72.6408,30-07-2022
RF-19735,TEC-PH-10003012,US-Cen-Okl-Okl-73120,US-2022-130953,SC-2022-08-130953,0.0,0.0,0.0,133.9713,30-07-2022
TC-21475,OFF-BI-10001071,US-Eas-Ohi-Lak-44107,CA-2022-155740,FC-2022-08-155740,0.0,0.0,0.7,-53.7432,31-07-2022
JF-15355,TEC-PH-10003589,US-Eas-Mar-Bal-21215,CA-2022-141103,SC-2022-08-141103,0.0,0.0,0.0,43.176,31-07-2022
JL-15835,OFF-LA-10002787,US-Wes-Cal-Mis-92691,CA-2022-167913,SC-2022-08-167913,0.0,0.0,0.0,12.6,31-07-2022
JL-15835,OFF-ST-10000585,US-Wes-Cal-Mis-92691,CA-2022-167913,SC-2022-08-167913,0.0,0.0,0.0,85.904,31-07-2022
LS-17200,OFF-AP-10002472,US-Cen-Wis-Mil-53209,US-2022-165869,SC-2022-08-165869,0.0,0.0,0.0,54.558,01-08-2022
LS-17200,OFF-BI-10003460,US-Cen-Wis-Mil-53209,US-2022-165869,SC-2022-08-165869,0.0,0.0,0.0,8.4096,01-08-2022
EH-14125,TEC-AC-10003590,US-Sou-Flo-For-33311,CA-2022-125752,SC-2022-08-125752,0.0,0.0,0.2,8.2848,01-08-2022
LB-16795,OFF-PA-10003256,US-Eas-Del-Wil-19805,CA-2022-147032,SC-2022-08-147032,0.0,0.0,0.0,5.5392,01-08-2022
LB-16795,OFF-BI-10003656,US-Eas-Del-Wil-19805,CA-2022-147032,SC-2022-08-147032,0.0,0.0,0.0,390.977,01-08-2022
LB-16795,OFF-BI-10002897,US-Eas-Del-Wil-19805,CA-2022-147032,SC-2022-08-147032,0.0,0.0,0.0,5.3949,01-08-2022
KW-16435,TEC-PH-10003092,US-Cen-Ill-Chi-60653,CA-2022-115805,SC-2022-08-115805,0.0,0.0,0.2,4.1391,01-08-2022
EA-14035,OFF-PA-10003790,US-Eas-Pen-Phi-19134,CA-2022-121909,SC-2022-08-121909,0.0,0.0,0.2,17.8152,01-08-2022
EC-14050,FUR-FU-10003142,US-Wes-Cal-San-94110,CA-2022-161102,FC-2022-08-161102,0.0,0.0,0.0,11.4576,01-08-2022
EC-14050,OFF-ST-10003442,US-Wes-Cal-San-94110,CA-2022-161102,FC-2022-08-161102,0.0,0.0,0.0,15.2712,01-08-2022
GM-14680,TEC-PH-10001079,US-Eas-Pen-Phi-19134,CA-2022-126144,SC-2022-08-126144,0.0,0.0,0.4,-57.1152,01-08-2022
AS-10045,TEC-MA-10000488,US-Cen-Tex-Aus-78745,CA-2022-162691,SC-2022-08-162691,0.0,0.0,0.4,-263.9967,02-08-2022
AT-10735,TEC-PH-10003931,US-Cen-Ill-Chi-60653,CA-2022-135034,FC-2022-08-135034,0.0,0.0,0.2,5.999,02-08-2022
LH-16750,TEC-PH-10002660,US-Sou-Nor-Cha-28205,CA-2022-133235,FC-2022-08-133235,0.0,0.0,0.2,16.9975,02-08-2022
HK-14890,OFF-BI-10002735,US-Wes-Cal-Sal-93905,CA-2022-124576,SC-2022-08-124576,0.0,0.0,0.2,18.5274,02-08-2022
AS-10045,OFF-PA-10003729,US-Cen-Tex-Aus-78745,CA-2022-162691,SC-2022-08-162691,0.0,0.0,0.2,12.7008,02-08-2022
EM-13960,OFF-ST-10004340,US-Wes-Cal-San-94109,CA-2022-168942,SC-2022-08-168942,0.0,0.0,0.0,50.3658,02-08-2022
CM-12190,FUR-BO-10003034,US-Cen-Ill-Chi-60623,CA-2022-165386,FC-2022-08-165386,0.0,0.0,0.3,-36.6744,04-08-2022
BD-11725,FUR-FU-10000723,US-Wes-Cal-San-94122,CA-2022-168396,SC-2022-08-168396,0.0,0.0,0.0,11.1564,04-08-2022
BD-11725,OFF-LA-10001297,US-Wes-Cal-San-94122,CA-2022-168396,SC-2022-08-168396,0.0,0.0,0.0,24.84,04-08-2022
SC-20230,OFF-ST-10003996,US-Wes-Was-Sea-98105,CA-2022-141747,SC-2022-08-141747,0.0,0.0,0.0,4.1756,04-08-2022
AB-10105,TEC-AC-10000682,US-Cen-Ill-Blo-61701,CA-2022-140781,SC-2022-08-140781,0.0,0.0,0.2,7.4655,04-08-2022
GA-14515,OFF-ST-10003123,US-Wes-Cal-Los-90004,US-2022-143175,SC-2022-08-143175,0.0,0.0,0.0,23.9688,04-08-2022
TB-21055,OFF-LA-10004484,US-Eas-Ohi-Fai-45014,CA-2022-163566,FC-2022-08-163566,0.0,0.0,0.2,5.369,04-08-2022
HM-14860,OFF-BI-10002827,US-Cen-Tex-Car-75007,CA-2022-146367,SC-2022-08-146367,0.0,0.0,0.8,-5.6406,05-08-2022
HM-14860,OFF-PA-10001752,US-Wes-Col-Lov-80538,CA-2022-132738,FC-2022-08-132738,0.0,0.0,0.2,2.8884,05-08-2022
HM-14860,OFF-EN-10001141,US-Wes-Col-Lov-80538,CA-2022-132738,FC-2022-08-132738,0.0,0.0,0.2,3.1842,05-08-2022
NZ-18565,OFF-ST-10001172,US-Cen-Tex-Hou-77070,CA-2022-154676,FC-2022-08-154676,0.0,0.0,0.2,7.5528,06-08-2022
PW-19030,OFF-PA-10002713,US-Sou-Ken-Ric-40475,CA-2022-117695,FC-2022-08-117695,0.0,0.0,0.0,6.3296,06-08-2022
PO-18865,TEC-AC-10001714,US-Cen-Ind-Ind-46203,CA-2022-128328,SC-2022-08-128328,0.0,0.0,0.0,29.5186,06-08-2022
PO-18865,OFF-LA-10003498,US-Cen-Ind-Ind-46203,CA-2022-128328,SC-2022-08-128328,0.0,0.0,0.0,66.6,06-08-2022
PO-18865,OFF-BI-10001989,US-Cen-Ind-Ind-46203,CA-2022-128328,SC-2022-08-128328,0.0,0.0,0.0,60.4224,06-08-2022
GM-14455,OFF-AR-10000380,US-Eas-New-Con-3301,CA-2022-151981,SC-2022-08-151981,0.0,0.0,0.0,68.364,07-08-2022
SV-20365,FUR-FU-10001706,US-Sou-Lou-Laf-70506,CA-2022-161200,SC-2022-08-161200,0.0,0.0,0.0,7.392,07-08-2022
GM-14455,TEC-PH-10003601,US-Eas-New-Con-3301,CA-2022-151981,SC-2022-08-151981,0.0,0.0,0.0,247.485,07-08-2022
TB-21355,OFF-PA-10004381,US-Cen-Tex-Ced-75104,CA-2022-136609,SC-2022-08-136609,0.0,0.0,0.2,40.3536,07-08-2022
GM-14455,OFF-LA-10002195,US-Eas-New-Con-3301,CA-2022-151981,SC-2022-08-151981,0.0,0.0,0.0,11.8272,07-08-2022
SH-20395,OFF-SU-10002573,US-Eas-New-New-10011,CA-2022-168172,SC-2022-08-168172,0.0,0.0,0.0,21.036,07-08-2022
SV-20365,FUR-BO-10000468,US-Sou-Lou-Laf-70506,CA-2022-161200,SC-2022-08-161200,0.0,0.0,0.0,23.3184,07-08-2022
JL-15505,OFF-PA-10001970,US-Wes-Cal-Wes-92683,CA-2022-156776,SC-2022-08-156776,0.0,0.0,0.0,11.5432,08-08-2022
JK-15370,TEC-PH-10000439,US-Wes-Cal-San-92105,US-2022-155999,SC-2022-08-155999,0.0,0.0,0.2,17.9955,08-08-2022
JL-15505,FUR-FU-20004848,US-Wes-Cal-Wes-92683,CA-2022-156776,SC-2022-08-156776,0.0,0.0,0.0,15.525,08-08-2022
MC-17575,OFF-PA-10001878,US-Wes-Cal-San-95123,CA-2022-115175,SC-2022-08-115175,0.0,0.0,0.0,114.9385,08-08-2022
JL-15505,OFF-BI-10003355,US-Wes-Cal-Wes-92683,CA-2022-156776,SC-2022-08-156776,0.0,0.0,0.2,4.1832,08-08-2022
JL-15505,OFF-BI-10000216,US-Wes-Cal-Wes-92683,CA-2022-156776,SC-2022-08-156776,0.0,0.0,0.2,11.673,08-08-2022
JK-15370,OFF-BI-10000404,US-Wes-Cal-San-92105,US-2022-155999,SC-2022-08-155999,0.0,0.0,0.2,4.644,08-08-2022
JL-15505,TEC-AC-10004803,US-Wes-Cal-Wes-92683,CA-2022-156776,SC-2022-08-156776,0.0,0.0,0.0,7.8064,08-08-2022
JL-15505,OFF-AP-10002534,US-Wes-Cal-Wes-92683,CA-2022-156776,SC-2022-08-156776,0.0,0.0,0.0,412.468,08-08-2022
JL-15505,FUR-CH-10002317,US-Wes-Cal-Wes-92683,CA-2022-156776,SC-2022-08-156776,0.0,0.0,0.2,25.898,08-08-2022
JL-15505,TEC-PH-10002415,US-Wes-Cal-Wes-92683,CA-2022-156776,SC-2022-08-156776,0.0,0.0,0.2,44.2425,08-08-2022
JW-15955,OFF-AR-10003602,US-Eas-New-Lon-11561,CA-2022-117023,SC-2022-08-117023,0.0,0.0,0.0,5.4896,08-08-2022
CK-12205,TEC-AC-10001552,US-Cen-Tex-Dal-75081,CA-2022-110821,FC-2022-08-110821,0.0,0.0,0.2,-13.4379,08-08-2022
CC-12475,TEC-AC-10002006,US-Cen-Min-Moo-56560,CA-2022-158344,SC-2022-08-158344,0.0,0.0,0.0,19.8276,08-08-2022
FM-14380,TEC-AC-10004571,US-Sou-Nor-Jac-28540,CA-2022-163321,SC-2022-08-163321,0.0,0.0,0.2,21.9978,08-08-2022
CK-12205,OFF-ST-10002790,US-Cen-Tex-Dal-75081,CA-2022-110821,FC-2022-08-110821,0.0,0.0,0.2,-25.109,08-08-2022
JW-15955,OFF-AR-10004062,US-Eas-New-Lon-11561,CA-2022-117023,SC-2022-08-117023,0.0,0.0,0.0,26.2,08-08-2022
IL-15100,TEC-PH-10003645,US-Cen-Ind-Col-47201,CA-2022-143063,SC-2022-08-143063,0.0,0.0,0.0,378.1674,11-08-2022
SC-20695,OFF-PA-10003302,US-Cen-Ind-Ric-47374,CA-2022-145443,SC-2022-08-145443,0.0,0.0,0.0,83.284,11-08-2022
IL-15100,FUR-FU-10003708,US-Cen-Ind-Col-47201,CA-2022-143063,SC-2022-08-143063,0.0,0.0,0.0,25.473,11-08-2022
IL-15100,OFF-EN-10003134,US-Cen-Ind-Col-47201,CA-2022-143063,SC-2022-08-143063,0.0,0.0,0.0,35.04,11-08-2022
SF-20965,OFF-BI-10004209,US-Cen-Tex-Bed-76021,CA-2022-139311,FC-2022-08-139311,0.0,0.0,0.8,-22.512,12-08-2022
SF-20965,TEC-PH-10001557,US-Cen-Tex-Bed-76021,CA-2022-139311,FC-2022-08-139311,0.0,0.0,0.2,13.4386,12-08-2022
SF-20965,OFF-AR-10004582,US-Cen-Tex-Bed-76021,CA-2022-139311,FC-2022-08-139311,0.0,0.0,0.2,2.87,12-08-2022
SF-20965,OFF-PA-10001776,US-Cen-Tex-Bed-76021,CA-2022-139311,FC-2022-08-139311,0.0,0.0,0.2,10.0116,12-08-2022
DR-12940,OFF-BI-10000632,US-Sou-Lou-Lak-70601,CA-2022-160899,SC-2022-08-160899,0.0,0.0,0.0,219.6546,12-08-2022
SJ-20125,OFF-PA-10003441,US-Eas-New-New-10009,CA-2022-100433,SC-2022-08-100433,0.0,0.0,0.0,12.4416,12-08-2022
DK-12895,TEC-PH-10002538,US-Wes-Was-Sea-98103,CA-2022-152310,SC-2022-08-152310,0.0,0.0,0.2,27.2952,13-08-2022
DK-12895,TEC-CO-10000971,US-Wes-Was-Sea-98103,CA-2022-152310,SC-2022-08-152310,0.0,0.0,0.0,89.997,13-08-2022
DK-12895,OFF-ST-20001228,US-Wes-Was-Sea-98103,CA-2022-152310,SC-2022-08-152310,0.0,0.0,0.0,11.685,13-08-2022
DK-12895,OFF-PA-10003134,US-Wes-Was-Sea-98103,CA-2022-152310,SC-2022-08-152310,0.0,0.0,0.0,92.2368,13-08-2022
DK-12895,OFF-BI-10004308,US-Wes-Was-Sea-98103,CA-2022-152310,SC-2022-08-152310,0.0,0.0,0.2,37.764,13-08-2022
JM-16195,OFF-AP-10000828,US-Wes-Cal-Lak-92630,CA-2022-158169,FC-2022-08-158169,0.0,0.0,0.0,152.0232,13-08-2022
BB-11545,OFF-AR-10004078,US-Eas-Mar-Col-21044,US-2022-118941,SC-2022-08-118941,0.0,0.0,0.0,5.256,13-08-2022
BB-11545,FUR-CH-10002331,US-Eas-Mar-Col-21044,US-2022-118941,SC-2022-08-118941,0.0,0.0,0.0,373.779,13-08-2022
BB-11545,OFF-AR-10001953,US-Eas-Mar-Col-21044,US-2022-118941,SC-2022-08-118941,0.0,0.0,0.0,59.373,13-08-2022
RH-19495,OFF-PA-10000223,US-Sou-Flo-Orl-32839,CA-2022-106537,SC-2022-08-106537,0.0,0.0,0.2,7.2576,13-08-2022
DK-12895,TEC-AC-10000397,US-Wes-Was-Sea-98103,CA-2022-152310,SC-2022-08-152310,0.0,0.0,0.0,12.2465,13-08-2022
DC-12850,FUR-CH-10002073,US-Sou-Ten-Mem-38109,CA-2022-128363,SC-2022-08-128363,0.0,0.0,0.2,47.6604,14-08-2022
JK-15370,OFF-SU-10000946,US-Wes-Cal-San-94122,US-2022-103828,SC-2022-08-103828,0.0,0.0,0.0,9.2568,14-08-2022
DC-12850,OFF-EN-10003845,US-Sou-Ten-Mem-38109,CA-2022-128363,SC-2022-08-128363,0.0,0.0,0.2,4.797,14-08-2022
DC-12850,FUR-FU-10003268,US-Sou-Ten-Mem-38109,CA-2022-128363,SC-2022-08-128363,0.0,0.0,0.2,0.0,14-08-2022
JK-15370,OFF-AR-10000588,US-Wes-Cal-San-94122,US-2022-103828,SC-2022-08-103828,0.0,0.0,0.0,15.4752,14-08-2022
MK-17905,OFF-BI-10000069,US-Wes-Cal-San-92037,CA-2022-100580,SC-2022-08-100580,0.0,0.0,0.2,11.7078,14-08-2022
JK-15370,OFF-AP-10004249,US-Wes-Cal-San-94122,US-2022-103828,SC-2022-08-103828,0.0,0.0,0.0,22.6233,14-08-2022
JK-15370,OFF-ST-10001325,US-Wes-Cal-San-94122,US-2022-103828,SC-2022-08-103828,0.0,0.0,0.0,8.4888,14-08-2022
DC-12850,OFF-AP-10001563,US-Sou-Ten-Mem-38109,CA-2022-128363,SC-2022-08-128363,0.0,0.0,0.2,30.6054,14-08-2022
DC-12850,OFF-BI-10001359,US-Sou-Ten-Mem-38109,CA-2022-128363,SC-2022-08-128363,0.0,0.0,0.7,-1237.8462,14-08-2022
DC-12850,OFF-FA-10003495,US-Sou-Ten-Mem-38109,CA-2022-128363,SC-2022-08-128363,0.0,0.0,0.2,9.12,14-08-2022
DC-12850,TEC-AC-10003709,US-Sou-Ten-Mem-38109,CA-2022-128363,SC-2022-08-128363,0.0,0.0,0.2,0.4752,14-08-2022
KD-16495,OFF-LA-10004093,US-Eas-Pen-Phi-19120,CA-2022-167542,SC-2022-08-167542,0.0,0.0,0.2,5.9211,14-08-2022
NP-18700,OFF-AR-10000246,US-Wes-Cal-San-94109,CA-2022-169264,SC-2022-08-169264,0.0,0.0,0.0,4.3368,15-08-2022
NP-18700,OFF-LA-10001613,US-Wes-Cal-San-94109,CA-2022-169264,SC-2022-08-169264,0.0,0.0,0.0,2.8224,15-08-2022
JM-15250,FUR-TA-10001095,US-Wes-Cal-Los-90032,CA-2022-105921,SC-2022-08-105921,0.0,0.0,0.2,5.2287,15-08-2022
DL-13495,OFF-ST-10004459,US-Eas-Pen-Phi-19120,US-2022-117723,SC-2022-08-117723,0.0,0.0,0.2,-337.806,16-08-2022
BO-11350,OFF-LA-10000305,US-Cen-Min-Ros-55113,CA-2022-144883,SC-2022-08-144883,0.0,0.0,0.0,23.184,16-08-2022
JG-15160,OFF-AP-10002578,US-Eas-New-Pla-7060,CA-2022-138548,SC-2022-08-138548,0.0,0.0,0.0,25.4384,16-08-2022
SJ-20215,OFF-ST-20004950,US-Sou-Ten-Col-38401,CA-2022-122987,SC-2022-08-122987,0.0,0.0,0.2,-0.8392,17-08-2022
SJ-20215,OFF-BI-10002824,US-Sou-Ten-Col-38401,CA-2022-122987,SC-2022-08-122987,0.0,0.0,0.7,-11.19,17-08-2022
EH-13765,OFF-BI-10003091,US-Eas-New-Wat-13601,US-2022-111423,FC-2022-08-111423,0.0,0.0,0.2,302.373,18-08-2022
RW-19540,OFF-BI-10004230,US-Wes-Cal-Bre-94513,CA-2022-166093,SC-2022-08-166093,0.0,0.0,0.2,77.3696,18-08-2022
EH-13765,FUR-CH-10003981,US-Eas-New-Wat-13601,US-2022-111423,FC-2022-08-111423,0.0,0.0,0.1,97.6524,18-08-2022
ED-13885,OFF-SU-10000432,US-Cen-Tex-Hou-77095,CA-2022-133102,SC-2022-08-133102,0.0,0.0,0.2,-1.041,18-08-2022
ED-13885,FUR-FU-10003247,US-Cen-Tex-Hou-77095,CA-2022-133102,SC-2022-08-133102,0.0,0.0,0.6,-22.2388,18-08-2022
ED-13885,FUR-CH-10002017,US-Cen-Tex-Hou-77095,CA-2022-133102,SC-2022-08-133102,0.0,0.0,0.3,-2.1312,18-08-2022
ED-13885,OFF-AR-10003183,US-Cen-Tex-Hou-77095,CA-2022-133102,SC-2022-08-133102,0.0,0.0,0.2,1.002,18-08-2022
RW-19540,OFF-EN-10003134,US-Wes-Cal-Bre-94513,CA-2022-166093,SC-2022-08-166093,0.0,0.0,0.0,11.68,18-08-2022
ED-13885,OFF-AP-10001563,US-Cen-Tex-Hou-77095,CA-2022-133102,SC-2022-08-133102,0.0,0.0,0.8,-99.1032,18-08-2022
RW-19540,OFF-ST-10001496,US-Wes-Cal-Bre-94513,CA-2022-166093,SC-2022-08-166093,0.0,0.0,0.0,140.5482,18-08-2022
AH-10120,TEC-AC-10004510,US-Sou-Ken-Lou-40214,CA-2022-151211,SC-2022-08-151211,0.0,0.0,0.0,9.816,18-08-2022
RW-19540,TEC-PH-10002564,US-Wes-Cal-Bre-94513,CA-2022-166093,SC-2022-08-166093,0.0,0.0,0.2,8.997,18-08-2022
AH-10120,OFF-BI-10002735,US-Sou-Ken-Lou-40214,CA-2022-151211,SC-2022-08-151211,0.0,0.0,0.0,48.3771,18-08-2022
RW-19540,OFF-PA-10003893,US-Wes-Cal-Bre-94513,CA-2022-166093,SC-2022-08-166093,0.0,0.0,0.0,3.852,18-08-2022
TP-21415,FUR-CH-10002024,US-Eas-Pen-Phi-19134,CA-2022-118892,SC-2022-08-118892,0.0,0.0,0.3,-630.882,18-08-2022
RW-19540,OFF-BI-10000174,US-Wes-Cal-Bre-94513,CA-2022-166093,SC-2022-08-166093,0.0,0.0,0.2,4.872,18-08-2022
RW-19540,OFF-AP-10001058,US-Wes-Cal-Bre-94513,CA-2022-166093,SC-2022-08-166093,0.0,0.0,0.0,654.7554,18-08-2022
NF-18595,OFF-ST-10000046,US-Wes-Was-Sea-98105,CA-2022-151358,SC-2022-08-151358,0.0,0.0,0.0,61.389,19-08-2022
HW-14935,TEC-AC-10002253,US-Wes-Was-Sea-98105,CA-2022-121027,SC-2022-08-121027,0.0,0.0,0.0,224.424,19-08-2022
NG-18355,TEC-PH-10002538,US-Eas-New-New-10011,CA-2022-117947,SC-2022-08-117947,0.0,0.0,0.0,10.9939,19-08-2022
RA-19915,OFF-ST-10002276,US-Cen-Tex-Dal-75220,CA-2022-112809,SC-2022-08-112809,0.0,0.0,0.2,12.504,19-08-2022
NG-18355,FUR-FU-10000521,US-Eas-New-New-10011,CA-2022-117947,SC-2022-08-117947,0.0,0.0,0.0,27.2862,19-08-2022
RA-19915,OFF-BI-10001098,US-Cen-Tex-Dal-75220,CA-2022-112809,SC-2022-08-112809,0.0,0.0,0.8,-33.139,19-08-2022
HW-14935,TEC-AC-10002049,US-Wes-Was-Sea-98105,CA-2022-121027,SC-2022-08-121027,0.0,0.0,0.0,371.316,19-08-2022
NG-18355,OFF-BI-10002824,US-Eas-New-New-10011,CA-2022-117947,SC-2022-08-117947,0.0,0.0,0.2,33.57,19-08-2022
CM-12160,TEC-AC-10003614,US-Eas-Mas-New-2740,CA-2022-162936,SC-2022-08-162936,0.0,0.0,0.0,7.6494,19-08-2022
CK-12205,OFF-BI-10004817,US-Eas-Ohi-Lak-44107,CA-2022-122028,SC-2022-08-122028,0.0,0.0,0.7,-7.9068,19-08-2022
YS-21880,OFF-BI-10003925,US-Wes-Was-Sea-98103,CA-2022-119809,SC-2022-08-119809,0.0,0.0,0.2,942.8157,19-08-2022
RA-19915,OFF-BI-10001636,US-Cen-Tex-Dal-75220,CA-2022-112809,SC-2022-08-112809,0.0,0.0,0.8,-11.4648,19-08-2022
YS-21880,FUR-FU-10001475,US-Wes-Was-Sea-98103,CA-2022-119809,SC-2022-08-119809,0.0,0.0,0.0,22.4196,19-08-2022
YS-21880,OFF-ST-10003306,US-Wes-Was-Sea-98103,CA-2022-119809,SC-2022-08-119809,0.0,0.0,0.0,290.0058,19-08-2022
NG-18355,FUR-FU-10003849,US-Eas-New-New-10011,CA-2022-117947,SC-2022-08-117947,0.0,0.0,0.0,15.7872,19-08-2022
PJ-19015,OFF-AR-10001419,US-Eas-Ohi-Col-43229,CA-2022-163069,SC-2022-08-163069,0.0,0.0,0.2,1.239,19-08-2022
NG-18355,FUR-FU-10000010,US-Eas-New-New-10011,CA-2022-117947,SC-2022-08-117947,0.0,0.0,0.0,3.0814,19-08-2022
DO-13435,OFF-BI-10002133,US-Wes-Uta-Sal-84106,US-2022-100398,SC-2022-08-100398,0.0,0.0,0.2,37.236,20-08-2022
JB-15400,OFF-BI-10003925,US-Eas-Mas-Law-1841,CA-2022-132339,SC-2022-08-132339,0.0,0.0,0.0,182.3553,20-08-2022
DO-13645,OFF-PA-10000552,US-Eas-Mas-Law-1841,CA-2022-115777,SC-2022-08-115777,0.0,0.0,0.0,9.3312,20-08-2022
SC-20575,OFF-BI-10002393,US-Cen-Ill-Chi-60653,CA-2022-101728,SC-2022-08-101728,0.0,0.0,0.8,-3.9032,20-08-2022
TT-21460,TEC-PH-10003171,US-Sou-Nor-Cha-28205,US-2022-114356,SC-2022-08-114356,0.0,0.0,0.2,3.596,21-08-2022
KT-16480,OFF-PA-10001639,US-Wes-Cal-Los-90036,CA-2022-105326,SC-2022-08-105326,0.0,0.0,0.0,12.4416,21-08-2022
EM-13810,OFF-ST-10000344,US-Eas-Mas-Fra-2038,CA-2022-137344,SC-2022-08-137344,0.0,0.0,0.0,10.4754,21-08-2022
LR-17035,TEC-PH-10003171,US-Wes-Cal-San-94109,CA-2022-119011,SC-2022-08-119011,0.0,0.0,0.2,10.788,21-08-2022
LR-17035,OFF-ST-10000777,US-Wes-Cal-San-94109,CA-2022-119011,SC-2022-08-119011,0.0,0.0,0.0,63.4368,21-08-2022
GM-14500,OFF-BI-10002867,US-Wes-Cal-Fre-93727,US-2022-111241,SC-2022-08-111241,0.0,0.0,0.2,77.714,21-08-2022
LR-17035,OFF-SU-10004768,US-Wes-Cal-San-94109,CA-2022-119011,SC-2022-08-119011,0.0,0.0,0.0,5.166,21-08-2022
SC-20845,OFF-ST-10000036,US-Wes-Col-Lou-80027,CA-2022-117646,SC-2022-08-117646,0.0,0.0,0.2,20.7459,22-08-2022
DL-13495,OFF-PA-10003395,US-Wes-Ari-Cha-85224,CA-2022-144750,SC-2022-08-144750,0.0,0.0,0.2,29.358,22-08-2022
TH-21550,OFF-PA-10000357,US-Eas-Mar-Col-21044,CA-2022-112956,SC-2022-08-112956,0.0,0.0,0.0,133.152,22-08-2022
TH-21550,FUR-FU-10003976,US-Eas-Mar-Col-21044,CA-2022-112956,SC-2022-08-112956,0.0,0.0,0.0,8.5544,22-08-2022
SC-20845,OFF-PA-10001950,US-Wes-Col-Lou-80027,CA-2022-117646,SC-2022-08-117646,0.0,0.0,0.2,2.085,22-08-2022
PR-18880,FUR-FU-10000193,US-Wes-Cal-Oak-94601,US-2022-109253,FC-2022-08-109253,0.0,0.0,0.0,10.3936,22-08-2022
PR-18880,OFF-LA-10001158,US-Wes-Cal-Oak-94601,US-2022-109253,FC-2022-08-109253,0.0,0.0,0.0,24.84,22-08-2022
PK-19075,OFF-BI-10001359,US-Eas-New-New-10035,US-2022-102183,SC-2022-08-102183,0.0,0.0,0.2,1453.1238,22-08-2022
PK-19075,OFF-BI-10003476,US-Eas-New-New-10035,US-2022-102183,SC-2022-08-102183,0.0,0.0,0.2,11.2308,22-08-2022
PR-18880,OFF-AP-10002867,US-Wes-Cal-Oak-94601,US-2022-109253,FC-2022-08-109253,0.0,0.0,0.0,54.9504,22-08-2022
PR-18880,OFF-BI-10000962,US-Wes-Cal-Oak-94601,US-2022-109253,FC-2022-08-109253,0.0,0.0,0.2,42.4647,22-08-2022
PR-18880,TEC-PH-10004667,US-Wes-Cal-Oak-94601,US-2022-109253,FC-2022-08-109253,0.0,0.0,0.2,37.7972,22-08-2022
PR-18880,FUR-TA-10001539,US-Wes-Cal-Oak-94601,US-2022-109253,FC-2022-08-109253,0.0,0.0,0.2,28.4364,22-08-2022
NF-18385,FUR-CH-10000015,US-Sou-Mis-Jac-39212,CA-2022-155705,SC-2022-08-155705,0.0,0.0,0.0,225.264,22-08-2022
SC-20845,FUR-FU-10001037,US-Wes-Col-Lou-80027,CA-2022-117646,SC-2022-08-117646,0.0,0.0,0.2,7.11,22-08-2022
PR-18880,OFF-AR-10000203,US-Wes-Cal-Oak-94601,US-2022-109253,FC-2022-08-109253,0.0,0.0,0.0,4.9648,22-08-2022
TH-21550,FUR-FU-10004960,US-Eas-Mar-Col-21044,CA-2022-112956,SC-2022-08-112956,0.0,0.0,0.0,31.2528,22-08-2022
CM-11815,TEC-AC-10000682,US-Wes-Was-Sea-98115,CA-2022-121489,SC-2022-08-121489,0.0,0.0,0.0,11.613,22-08-2022
GT-14710,OFF-EN-10004459,US-Cen-Min-Lak-55044,CA-2022-126956,SC-2022-08-126956,0.0,0.0,0.0,7.4872,22-08-2022
GT-14710,OFF-SU-10000381,US-Cen-Min-Lak-55044,CA-2022-126956,SC-2022-08-126956,0.0,0.0,0.0,10.7996,22-08-2022
GT-14710,OFF-FA-10002280,US-Cen-Min-Lak-55044,CA-2022-126956,SC-2022-08-126956,0.0,0.0,0.0,16.8,22-08-2022
CM-11815,OFF-ST-10000025,US-Wes-Was-Sea-98115,CA-2022-121489,SC-2022-08-121489,0.0,0.0,0.0,34.3548,22-08-2022
CM-11815,FUR-CH-10004698,US-Wes-Was-Sea-98115,CA-2022-121489,SC-2022-08-121489,0.0,0.0,0.2,38.8704,22-08-2022
Dp-13240,FUR-TA-10002356,US-Eas-Pen-Phi-19143,US-2022-132381,FC-2022-08-132381,0.0,0.0,0.4,-83.8752,23-08-2022
TM-21490,FUR-TA-10001768,US-Wes-Cal-San-94110,CA-2022-131037,FC-2022-08-131037,0.0,0.0,0.2,2.6251,23-08-2022
PO-18850,TEC-PH-10001459,US-Sou-Flo-Tal-32303,CA-2022-129021,SC-2022-08-129021,0.0,0.0,0.2,327.5922,24-08-2022
PO-18850,FUR-FU-10001852,US-Sou-Flo-Tal-32303,CA-2022-129021,SC-2022-08-129021,0.0,0.0,0.2,0.4176,24-08-2022
PO-18850,OFF-PA-10000141,US-Sou-Flo-Tal-32303,CA-2022-129021,SC-2022-08-129021,0.0,0.0,0.2,2.943,24-08-2022
PO-18850,OFF-PA-10000241,US-Sou-Flo-Tal-32303,CA-2022-129021,SC-2022-08-129021,0.0,0.0,0.2,15.49,24-08-2022
PO-18850,OFF-AP-10003040,US-Sou-Flo-Tal-32303,CA-2022-129021,SC-2022-08-129021,0.0,0.0,0.2,12.1032,24-08-2022
AH-10195,OFF-BI-10000138,US-Eas-New-New-10024,CA-2022-123043,SC-2022-08-123043,0.0,0.0,0.2,1.3104,25-08-2022
DM-13015,OFF-PA-10002195,US-Eas-Ohi-Lan-43130,CA-2022-139717,SC-2022-08-139717,0.0,0.0,0.2,3.7584,25-08-2022
AH-10195,OFF-BI-10003910,US-Eas-New-New-10024,CA-2022-123043,SC-2022-08-123043,0.0,0.0,0.2,7.71,25-08-2022
DM-13015,OFF-AP-10000938,US-Eas-Ohi-Lan-43130,CA-2022-139717,SC-2022-08-139717,0.0,0.0,0.2,64.6272,25-08-2022
GA-14725,OFF-PA-10001790,US-Sou-Nor-Cha-28205,CA-2022-114636,SC-2022-08-114636,0.0,0.0,0.2,67.256,26-08-2022
DW-13540,OFF-AR-10003560,US-Sou-Ten-Jac-38301,CA-2022-101210,SC-2022-08-101210,0.0,0.0,0.2,1.7024,26-08-2022
JE-15715,OFF-ST-10003996,US-Eas-Ohi-Cle-44105,US-2022-105697,FC-2022-08-105697,0.0,0.0,0.2,1.9272,26-08-2022
DW-13540,OFF-PA-10000130,US-Sou-Ten-Jac-38301,CA-2022-101210,SC-2022-08-101210,0.0,0.0,0.2,1.07,26-08-2022
SV-20365,FUR-BO-10001798,US-Eas-Pen-Phi-19140,CA-2022-159793,SC-2022-08-159793,0.0,0.0,0.5,-89.0664,26-08-2022
HJ-14875,OFF-ST-10000344,US-Cen-Mic-Det-48234,CA-2022-132584,FC-2022-08-132584,0.0,0.0,0.0,13.9672,27-08-2022
SC-20680,TEC-AC-10000158,US-Sou-Geo-Col-31907,CA-2022-128475,SC-2022-09-128475,0.0,0.0,0.0,15.1158,27-08-2022
DP-13000,FUR-FU-10000222,US-Cen-Ill-Chi-60610,CA-2022-157350,SC-2022-09-157350,0.0,0.0,0.6,-43.848,27-08-2022
DR-12880,OFF-ST-10001370,US-Wes-Cal-Ing-90301,CA-2022-161956,SC-2022-08-161956,0.0,0.0,0.0,17.745,28-08-2022
MR-17545,OFF-ST-10002352,US-Eas-New-New-10024,US-2022-139465,FC-2022-08-139465,0.0,0.0,0.0,16.5984,28-08-2022
BP-11185,OFF-PA-10000528,US-Eas-Pen-Phi-19120,CA-2022-130036,SC-2022-08-130036,0.0,0.0,0.2,3.96,28-08-2022
BP-11185,TEC-AC-10001908,US-Eas-Pen-Phi-19120,CA-2022-130036,SC-2022-08-130036,0.0,0.0,0.2,209.979,28-08-2022
SE-20110,OFF-AR-10003338,US-Cen-Tex-Dal-75220,CA-2022-155047,FC-2022-08-155047,0.0,0.0,0.2,0.372,28-08-2022
MR-17545,TEC-PH-10000455,US-Eas-New-New-10024,US-2022-139465,FC-2022-08-139465,0.0,0.0,0.0,100.9113,28-08-2022
DR-12880,OFF-PA-10001289,US-Wes-Cal-Ing-90301,CA-2022-161956,SC-2022-08-161956,0.0,0.0,0.0,56.9772,28-08-2022
SF-20200,FUR-FU-10004973,US-Wes-Ari-Mes-85204,CA-2022-163097,SC-2022-09-163097,0.0,0.0,0.2,33.1584,28-08-2022
DR-12880,FUR-CH-10004886,US-Wes-Cal-Ing-90301,CA-2022-161956,SC-2022-08-161956,0.0,0.0,0.2,23.028,28-08-2022
AR-10405,FUR-TA-10004915,US-Eas-Mas-Fra-2038,US-2022-134481,SC-2022-09-134481,0.0,0.0,0.3,-297.6848,28-08-2022
SP-20620,OFF-EN-10004030,US-Sou-Flo-Tam-33614,US-2022-162208,FC-2022-08-162208,0.0,0.0,0.2,0.9774,28-08-2022
ST-20530,OFF-AP-10000804,US-Sou-Flo-Por-34952,CA-2022-101273,SC-2022-08-101273,0.0,0.0,0.2,0.896,28-08-2022
DR-12880,OFF-SU-10002503,US-Wes-Cal-Ing-90301,CA-2022-161956,SC-2022-08-161956,0.0,0.0,0.0,8.236,28-08-2022
DR-12880,TEC-CO-10001571,US-Wes-Cal-Ing-90301,CA-2022-161956,SC-2022-08-161956,0.0,0.0,0.2,329.994,28-08-2022
DR-12880,OFF-AP-10001242,US-Wes-Cal-Ing-90301,CA-2022-161956,SC-2022-08-161956,0.0,0.0,0.0,96.576,28-08-2022
DK-12895,OFF-PA-10004888,US-Sou-Ten-Fra-37064,CA-2022-133501,SC-2022-09-133501,0.0,0.0,0.2,1.8144,28-08-2022
DR-12880,FUR-FU-10002937,US-Wes-Cal-Ing-90301,CA-2022-161956,SC-2022-08-161956,0.0,0.0,0.0,99.23,28-08-2022
DR-12880,OFF-BI-10003650,US-Wes-Cal-Ing-90301,CA-2022-161956,SC-2022-08-161956,0.0,0.0,0.2,294.5488,28-08-2022
MR-17545,OFF-BI-10003910,US-Eas-New-New-10024,US-2022-139465,FC-2022-08-139465,0.0,0.0,0.2,11.565,28-08-2022
MG-17650,OFF-AP-10001947,US-Cen-Wis-Mil-53209,US-2022-169502,SC-2022-09-169502,0.0,0.0,0.0,26.564,29-08-2022
MG-17650,OFF-SU-10004115,US-Cen-Wis-Mil-53209,US-2022-169502,SC-2022-09-169502,0.0,0.0,0.0,5.8887,29-08-2022
KN-16705,OFF-AR-10003856,US-Wes-Was-Sea-98105,CA-2022-126067,SC-2022-09-126067,0.0,0.0,0.0,1.4456,29-08-2022
SC-20305,OFF-PA-10001461,US-Cen-Ill-Chi-60623,CA-2022-146920,SC-2022-09-146920,0.0,0.0,0.2,9.352,29-08-2022
KN-16705,FUR-TA-10000617,US-Wes-Was-Sea-98105,CA-2022-126067,SC-2022-09-126067,0.0,0.0,0.0,250.305,29-08-2022
SC-20305,OFF-PA-10002479,US-Cen-Ill-Chi-60623,CA-2022-146920,SC-2022-09-146920,0.0,0.0,0.2,7.92,29-08-2022
KN-16705,OFF-BI-10001658,US-Wes-Was-Sea-98105,CA-2022-126067,SC-2022-09-126067,0.0,0.0,0.2,32.396,29-08-2022
KN-16705,TEC-PH-10000912,US-Wes-Was-Sea-98105,CA-2022-126067,SC-2022-09-126067,0.0,0.0,0.2,11.4296,29-08-2022
RW-19540,FUR-FU-10003374,US-Wes-Cal-Los-90049,CA-2022-101014,SC-2022-09-101014,0.0,0.0,0.0,41.4456,30-08-2022
CP-12085,OFF-LA-10004544,US-Cen-Ill-Qui-62301,CA-2022-144064,FC-2022-09-144064,0.0,0.0,0.2,17.76,30-08-2022
CP-12085,OFF-ST-10004507,US-Cen-Ill-Qui-62301,CA-2022-144064,FC-2022-09-144064,0.0,0.0,0.2,2.401,30-08-2022
CP-12085,OFF-BI-10002012,US-Cen-Ill-Qui-62301,CA-2022-144064,FC-2022-09-144064,0.0,0.0,0.8,-5.184,30-08-2022
MD-17860,OFF-AR-10001972,US-Eas-Pen-Phi-19134,CA-2022-104024,SC-2022-09-104024,0.0,0.0,0.2,0.7056,30-08-2022
AW-10930,TEC-PH-20002200,US-Wes-Cal-San-94110,CA-2022-107321,SC-2022-09-107321,0.0,0.0,0.2,77.5584,01-09-2022
AJ-10945,OFF-AP-10002439,US-Cen-Ind-Law-46226,CA-2022-133004,SC-2022-09-133004,0.0,0.0,0.0,166.0698,01-09-2022
RL-19615,OFF-PA-10000100,US-Sou-Nor-Fay-28314,US-2022-135062,SC-2022-09-135062,0.0,0.0,0.2,83.2097,01-09-2022
MS-17770,OFF-ST-10001511,US-Wes-Cal-San-94109,CA-2022-132619,SC-2022-09-132619,0.0,0.0,0.0,9.6975,01-09-2022
MG-17890,OFF-SU-10002522,US-Wes-Ore-Sal-97301,CA-2022-127712,SC-2022-09-127712,0.0,0.0,0.2,0.6984,01-09-2022
AW-10930,OFF-BI-10004022,US-Wes-Cal-San-94110,CA-2022-107321,SC-2022-09-107321,0.0,0.0,0.2,2.1684,01-09-2022
JF-15490,OFF-ST-10000344,US-Wes-Ari-Tem-85281,CA-2022-159884,SC-2022-09-159884,0.0,0.0,0.2,0.8058,01-09-2022
BW-11110,FUR-CH-10002331,US-Wes-Was-Spo-99207,CA-2022-154074,SC-2022-09-154074,0.0,0.0,0.2,7.1196,01-09-2022
JF-15490,OFF-FA-10000585,US-Wes-Ari-Tem-85281,CA-2022-159884,SC-2022-09-159884,0.0,0.0,0.2,2.7222,01-09-2022
BG-11035,TEC-AC-10003033,US-Sou-Lou-Mon-71203,CA-2022-117198,SC-2022-09-117198,0.0,0.0,0.0,217.767,01-09-2022
BW-11110,OFF-ST-10002370,US-Wes-Was-Spo-99207,CA-2022-154074,SC-2022-09-154074,0.0,0.0,0.0,43.4217,01-09-2022
CK-12325,OFF-AR-10001166,US-Wes-Was-Sea-98103,US-2022-135230,SC-2022-09-135230,0.0,0.0,0.0,2.9562,02-09-2022
RW-19540,FUR-TA-10002607,US-Wes-Was-Sea-98103,CA-2022-128041,SC-2022-09-128041,0.0,0.0,0.0,45.3696,02-09-2022
CA-12775,FUR-CH-10004875,US-Cen-Mic-Det-48205,CA-2022-145653,SC-2022-09-145653,0.0,0.0,0.0,134.5302,02-09-2022
BN-11515,FUR-FU-10004960,US-Eas-New-New-10009,CA-2022-131625,SC-2022-09-131625,0.0,0.0,0.0,39.066,02-09-2022
SS-20875,OFF-BI-10003476,US-Wes-Was-Red-98052,CA-2022-107909,SC-2022-09-107909,0.0,0.0,0.2,8.022,02-09-2022
SS-20875,TEC-AC-10001998,US-Wes-Was-Red-98052,CA-2022-107909,SC-2022-09-107909,0.0,0.0,0.0,6.7966,02-09-2022
RW-19540,OFF-AP-10001005,US-Wes-Was-Sea-98103,CA-2022-128041,SC-2022-09-128041,0.0,0.0,0.0,103.818,02-09-2022
AW-10840,OFF-LA-10004544,US-Wes-Cal-Bak-93309,CA-2022-123001,SC-2022-09-123001,0.0,0.0,0.0,37.0,03-09-2022
AW-10840,TEC-PH-10003484,US-Wes-Cal-Bak-93309,CA-2022-123001,SC-2022-09-123001,0.0,0.0,0.2,12.599,03-09-2022
JL-15235,OFF-BI-10000138,US-Wes-Cal-Los-90049,US-2022-163657,SC-2022-09-163657,0.0,0.0,0.2,6.552,03-09-2022
TB-21055,OFF-ST-10000918,US-Eas-Con-Mer-6450,CA-2022-145037,SC-2022-09-145037,0.0,0.0,0.0,2.834,03-09-2022
RK-19300,OFF-PA-20002195,US-Eas-Pen-Phi-19140,CA-2022-114216,SC-2022-09-114216,0.0,0.0,0.2,4.1148,03-09-2022
MH-17290,OFF-AP-10001492,US-Wes-Cal-Los-90008,CA-2022-169327,SC-2022-09-169327,0.0,0.0,0.0,11.206,03-09-2022
MH-17290,OFF-BI-10004330,US-Wes-Cal-Los-90008,CA-2022-169327,SC-2022-09-169327,0.0,0.0,0.2,46.225,03-09-2022
PF-19225,OFF-AR-10000422,US-Wes-Cal-San-94122,CA-2022-110380,SC-2022-09-110380,0.0,0.0,0.0,1.7739,03-09-2022
JL-15235,FUR-TA-10004607,US-Wes-Cal-Los-90049,US-2022-163657,SC-2022-09-163657,0.0,0.0,0.2,-2.9566,03-09-2022
MH-17290,FUR-FU-10004188,US-Wes-Cal-Los-90008,CA-2022-169327,SC-2022-09-169327,0.0,0.0,0.0,132.99,03-09-2022
BE-11335,TEC-PH-10001494,US-Cen-Mic-Jac-49201,CA-2022-137596,SC-2022-09-137596,0.0,0.0,0.0,323.946,03-09-2022
BE-11335,OFF-ST-10003816,US-Cen-Mic-Jac-49201,CA-2022-137596,SC-2022-09-137596,0.0,0.0,0.0,81.0474,03-09-2022
AC-10615,FUR-CH-10003379,US-Eas-New-New-10009,CA-2022-157987,SC-2022-09-157987,0.0,0.0,0.1,213.735,03-09-2022
AH-10210,OFF-BI-10003650,US-Sou-Ken-Hen-42420,CA-2022-146983,SC-2022-09-146983,0.0,0.0,0.0,757.4112,03-09-2022
AC-10615,OFF-LA-10001641,US-Eas-New-New-10009,CA-2022-157987,SC-2022-09-157987,0.0,0.0,0.0,9.072,03-09-2022
AC-10615,TEC-PH-10003885,US-Eas-New-New-10009,CA-2022-157987,SC-2022-09-157987,0.0,0.0,0.0,57.4113,03-09-2022
AC-10615,OFF-BI-10004970,US-Eas-New-New-10009,CA-2022-157987,SC-2022-09-157987,0.0,0.0,0.2,8.9208,03-09-2022
AC-10615,OFF-AP-10000358,US-Eas-New-New-10009,CA-2022-157987,SC-2022-09-157987,0.0,0.0,0.0,3.7642,03-09-2022
AC-10615,FUR-TA-10001889,US-Eas-New-New-10009,CA-2022-157987,SC-2022-09-157987,0.0,0.0,0.4,-93.3262,03-09-2022
LW-17215,OFF-LA-10002475,US-Wes-Col-For-80525,CA-2022-102218,SC-2022-09-102218,0.0,0.0,0.2,3.9474,03-09-2022
AC-10615,FUR-FU-10001196,US-Eas-New-New-10009,CA-2022-157987,SC-2022-09-157987,0.0,0.0,0.0,3.462,03-09-2022
AC-10615,OFF-AR-10004582,US-Eas-New-New-10009,CA-2022-157987,SC-2022-09-157987,0.0,0.0,0.0,2.214,03-09-2022
AC-10615,TEC-AC-10002842,US-Eas-New-New-10009,CA-2022-157987,SC-2022-09-157987,0.0,0.0,0.0,38.08,03-09-2022
MC-18100,TEC-AC-10003441,US-Cen-Ill-Chi-60623,CA-2022-113075,SC-2022-09-113075,0.0,0.0,0.2,-7.119,03-09-2022
AC-10615,TEC-AC-10000109,US-Eas-New-New-10009,CA-2022-157987,SC-2022-09-157987,0.0,0.0,0.0,40.3128,03-09-2022
SU-20665,FUR-CH-10003061,US-Wes-Was-Sea-98103,CA-2022-111388,SC-2022-09-111388,0.0,0.0,0.2,-2.6997,03-09-2022
AC-10615,OFF-AR-10000658,US-Eas-New-New-10009,CA-2022-157987,SC-2022-09-157987,0.0,0.0,0.0,6.468,03-09-2022
JS-15595,OFF-ST-10003994,US-Cen-Ill-Chi-60653,CA-2022-111220,SC-2022-09-111220,0.0,0.0,0.2,-44.235,03-09-2022
Dl-13600,FUR-FU-10002960,US-Eas-Ohi-Cle-44105,CA-2022-114552,SC-2022-09-114552,0.0,0.0,0.2,4.1448,03-09-2022
JS-15595,OFF-AP-10003278,US-Cen-Ill-Chi-60653,CA-2022-111220,SC-2022-09-111220,0.0,0.0,0.8,-15.0876,03-09-2022
JS-15595,OFF-FA-10002280,US-Cen-Ill-Chi-60653,CA-2022-111220,SC-2022-09-111220,0.0,0.0,0.2,5.6,03-09-2022
AW-10840,OFF-AR-10001919,US-Wes-Cal-Bak-93309,CA-2022-123001,SC-2022-09-123001,0.0,0.0,0.0,2.726,03-09-2022
BE-11335,TEC-AC-10004666,US-Cen-Mic-Jac-49201,CA-2022-137596,SC-2022-09-137596,0.0,0.0,0.0,829.3754,03-09-2022
TB-21055,OFF-PA-10002499,US-Eas-Con-Mer-6450,CA-2022-145037,SC-2022-09-145037,0.0,0.0,0.0,73.41,03-09-2022
TB-21055,OFF-PA-10000157,US-Eas-Con-Mer-6450,CA-2022-145037,SC-2022-09-145037,0.0,0.0,0.0,37.5624,03-09-2022
AC-10615,OFF-PA-10003893,US-Eas-New-New-10009,CA-2022-157987,SC-2022-09-157987,0.0,0.0,0.0,7.704,03-09-2022
JK-15730,FUR-BO-10004218,US-Wes-Cal-Con-94521,US-2022-153255,SC-2022-09-153255,0.0,0.0,0.15,14.098,04-09-2022
KB-16405,OFF-AR-10003251,US-Eas-New-New-10035,CA-2022-161067,SC-2022-09-161067,0.0,0.0,0.0,2.224,04-09-2022
EP-13915,OFF-BI-10002429,US-Cen-Ill-Chi-60653,US-2022-122637,SC-2022-09-122637,0.0,0.0,0.8,-68.1856,04-09-2022
SC-20050,TEC-AC-10000474,US-Wes-Cal-La -91941,CA-2022-123022,SC-2022-09-123022,0.0,0.0,0.0,85.491,04-09-2022
KB-16405,FUR-CH-10004860,US-Eas-New-New-10035,CA-2022-161067,SC-2022-09-161067,0.0,0.0,0.1,-8.0784,04-09-2022
SC-20050,OFF-BI-10002225,US-Wes-Cal-La -91941,CA-2022-123022,SC-2022-09-123022,0.0,0.0,0.2,28.896,04-09-2022
MY-18295,OFF-PA-10003424,US-Cen-Ill-Chi-60623,CA-2022-167626,SC-2022-09-167626,0.0,0.0,0.2,3.339,04-09-2022
MY-18295,TEC-AC-10004353,US-Cen-Ill-Chi-60623,CA-2022-167626,SC-2022-09-167626,0.0,0.0,0.2,21.42,04-09-2022
AG-10900,FUR-FU-10004622,US-Cen-Tex-Dal-75217,CA-2022-161557,SC-2022-09-161557,0.0,0.0,0.6,-105.69,04-09-2022
KB-16405,OFF-PA-10000418,US-Eas-New-New-10035,CA-2022-161067,SC-2022-09-161067,0.0,0.0,0.0,201.312,04-09-2022
AP-10915,OFF-EN-10001219,US-Sou-Flo-Pal-32137,CA-2022-146136,SC-2022-09-146136,0.0,0.0,0.2,8.8624,04-09-2022
KB-16405,FUR-CH-10004626,US-Eas-New-New-10035,CA-2022-161067,SC-2022-09-161067,0.0,0.0,0.1,14.1246,04-09-2022
AG-10300,OFF-AR-10002053,US-Wes-Cal-San-94122,CA-2022-161823,SC-2022-09-161823,0.0,0.0,0.0,1.6688,04-09-2022
EJ-14155,OFF-ST-10003805,US-Wes-Cal-San-92704,CA-2022-147410,SC-2022-09-147410,0.0,0.0,0.0,105.275,05-09-2022
KB-16405,OFF-PA-10001800,US-Wes-Cal-App-92307,CA-2022-101182,FC-2022-09-101182,0.0,0.0,0.0,6.2208,05-09-2022
KB-16405,TEC-PH-10003589,US-Wes-Cal-App-92307,CA-2022-101182,FC-2022-09-101182,0.0,0.0,0.2,15.1116,05-09-2022
DO-13645,FUR-CH-10003817,US-Sou-Flo-Boy-33437,US-2022-117450,SC-2022-09-117450,0.0,0.0,0.2,6.074,05-09-2022
HW-14935,OFF-AR-10001149,US-Cen-Ill-Chi-60653,CA-2022-140326,FC-2022-09-140326,0.0,0.0,0.2,0.864,05-09-2022
HW-14935,OFF-PA-10004041,US-Cen-Ill-Chi-60653,CA-2022-140326,FC-2022-09-140326,0.0,0.0,0.2,5.55,05-09-2022
TH-21235,OFF-ST-10000419,US-Wes-Cal-Los-90032,CA-2022-117261,SC-2022-09-117261,0.0,0.0,0.0,0.5432,05-09-2022
GM-14695,FUR-TA-10000198,US-Wes-Cal-Los-90036,CA-2022-102750,SC-2022-09-102750,0.0,0.0,0.2,-99.1764,05-09-2022
JD-15790,OFF-AR-10001940,US-Cen-Tex-Cop-75019,CA-2022-152485,SC-2022-09-152485,0.0,0.0,0.2,3.772,05-09-2022
HW-14935,FUR-BO-10000112,US-Cen-Ill-Chi-60653,CA-2022-140326,FC-2022-09-140326,0.0,0.0,0.3,-117.882,05-09-2022
JD-15790,OFF-ST-20004950,US-Cen-Tex-Cop-75019,CA-2022-152485,SC-2022-09-152485,0.0,0.0,0.2,-0.2098,05-09-2022
DO-13645,OFF-PA-10000289,US-Sou-Flo-Boy-33437,US-2022-117450,SC-2022-09-117450,0.0,0.0,0.2,3.6288,05-09-2022
JD-15790,OFF-AR-10003759,US-Cen-Tex-Cop-75019,CA-2022-152485,SC-2022-09-152485,0.0,0.0,0.2,3.185,05-09-2022
JK-16120,OFF-AR-10000380,US-Cen-Tex-Gar-75043,CA-2022-100783,SC-2022-09-100783,0.0,0.0,0.2,3.798,05-09-2022
MM-17920,TEC-AC-10000199,US-Eas-Pen-Phi-19120,CA-2022-117394,SC-2022-09-117394,0.0,0.0,0.2,-1.428,05-09-2022
RA-19285,OFF-BI-20004632,US-Wes-Cal-Los-90004,CA-2022-141929,SC-2022-09-141929,0.0,0.0,0.2,152.495,05-09-2022
RA-19285,TEC-PH-10002185,US-Wes-Cal-Los-90004,CA-2022-141929,SC-2022-09-141929,0.0,0.0,0.2,1.7375,05-09-2022
MD-17350,OFF-BI-10004001,US-Eas-Ohi-Akr-44312,CA-2022-109757,SC-2022-09-109757,0.0,0.0,0.7,-20.448,05-09-2022
CV-12805,OFF-BI-10001757,US-Wes-Cal-Oak-94601,CA-2022-137582,SC-2022-09-137582,0.0,0.0,0.2,4.1328,05-09-2022
MD-17350,OFF-BI-10001634,US-Eas-Ohi-Akr-44312,CA-2022-109757,SC-2022-09-109757,0.0,0.0,0.7,-3.0576,05-09-2022
AB-10150,TEC-AC-10000171,US-Eas-New-Lon-11561,CA-2022-120761,SC-2022-09-120761,0.0,0.0,0.0,39.5428,05-09-2022
AS-10045,OFF-BI-10002931,US-Wes-Ore-Red-97756,US-2022-147655,FC-2022-09-147655,0.0,0.0,0.7,-58.716,05-09-2022
MD-17350,OFF-PA-10000007,US-Eas-Ohi-Akr-44312,CA-2022-109757,SC-2022-09-109757,0.0,0.0,0.2,3.744,05-09-2022
RA-19285,OFF-ST-10002974,US-Wes-Cal-Los-90004,CA-2022-141929,SC-2022-09-141929,0.0,0.0,0.0,65.355,05-09-2022
VM-21835,OFF-FA-10001843,US-Eas-New-Nas-3060,US-2022-166394,SC-2022-09-166394,0.0,0.0,0.0,6.9654,05-09-2022
PK-19075,FUR-TA-10001771,US-Wes-Cal-San-94122,CA-2022-116680,SC-2022-09-116680,0.0,0.0,0.2,92.392,05-09-2022
PK-19075,OFF-BI-10004022,US-Wes-Cal-San-94122,CA-2022-116680,SC-2022-09-116680,0.0,0.0,0.2,4.3368,05-09-2022
MD-17350,OFF-AR-10002335,US-Eas-Ohi-Akr-44312,CA-2022-109757,SC-2022-09-109757,0.0,0.0,0.2,0.6192,05-09-2022
MG-17875,OFF-ST-10001522,US-Sou-Flo-For-33311,CA-2022-120705,SC-2022-09-120705,0.0,0.0,0.2,-29.4368,06-09-2022
CS-12400,OFF-AR-10003732,US-Wes-Was-Sea-98115,CA-2022-107293,FC-2022-09-107293,0.0,0.0,0.0,0.7228,06-09-2022
LP-17095,TEC-AC-10004568,US-Sou-Ten-Kno-37918,CA-2022-102736,SC-2022-09-102736,0.0,0.0,0.2,-1.1196,06-09-2022
LP-17095,OFF-AR-10001897,US-Sou-Ten-Kno-37918,CA-2022-102736,SC-2022-09-102736,0.0,0.0,0.2,7.196,06-09-2022
LP-17095,OFF-PA-10001800,US-Sou-Ten-Kno-37918,CA-2022-102736,SC-2022-09-102736,0.0,0.0,0.2,5.4432,06-09-2022
SP-20620,OFF-ST-10003282,US-Eas-New-New-10011,CA-2022-148929,SC-2022-09-148929,0.0,0.0,0.0,133.8624,08-09-2022
JM-16195,TEC-PH-10002807,US-Wes-Uta-Dra-84020,CA-2022-151008,FC-2022-09-151008,0.0,0.0,0.2,47.46,08-09-2022
AA-10375,OFF-PA-10002659,US-Eas-Rho-Pro-2908,US-2022-169488,FC-2022-09-169488,0.0,0.0,0.0,7.774,08-09-2022
JM-16195,FUR-FU-10002396,US-Wes-Uta-Dra-84020,CA-2022-151008,FC-2022-09-151008,0.0,0.0,0.0,10.5672,08-09-2022
NF-18595,OFF-PA-10001685,US-Cen-Ill-Chi-60610,CA-2022-100335,SC-2022-09-100335,0.0,0.0,0.2,26.4654,08-09-2022
AA-10375,OFF-PA-10000157,US-Eas-Rho-Pro-2908,US-2022-169488,FC-2022-09-169488,0.0,0.0,0.0,18.7812,08-09-2022
RD-19660,OFF-BI-10003650,US-Cen-Mis-Ind-64055,CA-2022-103877,SC-2022-09-103877,0.0,0.0,0.0,757.4112,08-09-2022
AG-10390,FUR-FU-10002597,US-Wes-Cal-Los-90004,CA-2022-107244,SC-2022-09-107244,0.0,0.0,0.0,8.2992,08-09-2022
RD-19900,OFF-ST-10000649,US-Wes-Ore-Por-97206,CA-2022-124401,SC-2022-09-124401,0.0,0.0,0.2,2.355,08-09-2022
CB-12025,OFF-LA-10002475,US-Eas-Pen-Phi-19134,CA-2022-100160,SC-2022-09-100160,0.0,0.0,0.2,9.8685,08-09-2022
RD-19900,TEC-AC-10002926,US-Wes-Ore-Por-97206,CA-2022-124401,SC-2022-09-124401,0.0,0.0,0.2,80.4839,08-09-2022
TG-21640,FUR-FU-10003623,US-Cen-Mis-Sai-63301,CA-2022-128783,SC-2022-09-128783,0.0,0.0,0.0,37.884,08-09-2022
PF-19225,OFF-AR-10004260,US-Wes-Was-Edm-98026,US-2022-130687,FC-2022-09-130687,0.0,0.0,0.0,7.2744,08-09-2022
Dp-13240,OFF-BI-10003291,US-Wes-Ari-Pho-85023,CA-2022-163692,FC-2022-09-163692,0.0,0.0,0.7,-6.0237,08-09-2022
PF-19225,TEC-PH-10002033,US-Wes-Was-Edm-98026,US-2022-130687,FC-2022-09-130687,0.0,0.0,0.2,34.1784,08-09-2022
CB-12025,OFF-PA-10003072,US-Eas-Pen-Phi-19134,CA-2022-100160,SC-2022-09-100160,0.0,0.0,0.2,5.4432,08-09-2022
CB-12025,OFF-EN-10001509,US-Eas-Pen-Phi-19134,CA-2022-100160,SC-2022-09-100160,0.0,0.0,0.2,1.6524,08-09-2022
PF-19225,FUR-FU-10004053,US-Wes-Was-Edm-98026,US-2022-130687,FC-2022-09-130687,0.0,0.0,0.0,34.8128,08-09-2022
JC-15340,FUR-FU-10000448,US-Wes-Cal-Los-90032,US-2022-129441,SC-2022-09-129441,0.0,0.0,0.0,2.397,08-09-2022
DM-12955,OFF-AP-10001271,US-Sou-Ten-Nas-37211,CA-2022-128769,SC-2022-09-128769,0.0,0.0,0.2,7.1372,08-09-2022
TG-21640,TEC-AC-10002473,US-Cen-Mis-Sai-63301,CA-2022-128783,SC-2022-09-128783,0.0,0.0,0.0,46.5432,08-09-2022
JA-15970,FUR-CH-10004860,US-Wes-Cal-Mod-95351,US-2022-150070,SC-2022-09-150070,0.0,0.0,0.2,-28.2744,08-09-2022
AG-10675,TEC-AC-10002134,US-Cen-Wis-Mil-53209,US-2022-104094,SC-2022-09-104094,0.0,0.0,0.0,1.8872,08-09-2022
BF-11020,OFF-BI-10002429,US-Cen-Tex-Arl-76017,US-2022-124779,FC-2022-09-124779,0.0,0.0,0.8,-68.1856,09-09-2022
BF-11020,OFF-FA-10004854,US-Cen-Tex-Arl-76017,US-2022-124779,FC-2022-09-124779,0.0,0.0,0.2,15.498,09-09-2022
BF-11020,FUR-FU-10001095,US-Cen-Tex-Arl-76017,US-2022-124779,FC-2022-09-124779,0.0,0.0,0.6,-11.6512,09-09-2022
BF-11020,OFF-PA-10000061,US-Cen-Tex-Arl-76017,US-2022-124779,FC-2022-09-124779,0.0,0.0,0.2,7.2576,09-09-2022
RS-19765,TEC-AC-10004864,US-Eas-Ohi-Mar-43302,CA-2022-152856,SC-2022-09-152856,0.0,0.0,0.2,33.5892,09-09-2022
EB-14110,TEC-PH-20002200,US-Eas-Pen-Phi-19134,CA-2022-149895,SC-2022-09-149895,0.0,0.0,0.4,-47.3968,09-09-2022
BF-11020,FUR-CH-10003535,US-Cen-Tex-Arl-76017,US-2022-124779,FC-2022-09-124779,0.0,0.0,0.3,-39.637,09-09-2022
BF-11020,TEC-CO-10001943,US-Cen-Tex-Arl-76017,US-2022-124779,FC-2022-09-124779,0.0,0.0,0.2,107.9946,09-09-2022
EM-14095,OFF-ST-10001031,US-Eas-New-New-10024,CA-2022-132437,SC-2022-09-132437,0.0,0.0,0.0,16.9312,09-09-2022
DB-13555,TEC-AC-10002558,US-Eas-Ohi-Dub-43017,CA-2022-158036,SC-2022-09-158036,0.0,0.0,0.2,1.7055,09-09-2022
FC-14245,OFF-ST-10001321,US-Sou-Flo-Hia-33012,CA-2022-144456,FC-2022-09-144456,0.0,0.0,0.2,5.397,09-09-2022
MM-18055,FUR-TA-10004289,US-Cen-Ill-Chi-60610,US-2022-124968,SC-2022-09-124968,0.0,0.0,0.5,-566.5625,09-09-2022
AR-10345,TEC-AC-10003116,US-Cen-Tex-Hou-77070,CA-2022-126396,SC-2022-09-126396,0.0,0.0,0.2,20.235,09-09-2022
FC-14245,TEC-PH-10001750,US-Sou-Flo-Hia-33012,CA-2022-144456,FC-2022-09-144456,0.0,0.0,0.2,13.8579,09-09-2022
JB-16000,OFF-EN-10000461,US-Cen-Mic-Ros-48066,US-2022-159562,SC-2022-09-159562,0.0,0.0,0.0,8.2156,10-09-2022
JD-16015,OFF-BI-10001628,US-Eas-Ohi-Tol-43615,CA-2022-152198,FC-2022-09-152198,0.0,0.0,0.7,-5.215,10-09-2022
AI-10855,OFF-PA-10000859,US-Wes-Ari-Gle-85301,CA-2022-155929,SC-2022-09-155929,0.0,0.0,0.2,2.388,10-09-2022
SP-20620,FUR-CH-10004860,US-Eas-Pen-Phi-19134,US-2022-118087,SC-2022-09-118087,0.0,0.0,0.3,-48.4704,10-09-2022
SO-20335,FUR-FU-10000023,US-Sou-Ten-Col-38401,CA-2022-147228,SC-2022-09-147228,0.0,0.0,0.2,4.2408,10-09-2022
SO-20335,OFF-ST-10000046,US-Sou-Ten-Col-38401,CA-2022-147228,SC-2022-09-147228,0.0,0.0,0.2,-3.231,10-09-2022
JD-16015,OFF-LA-10000443,US-Eas-Ohi-Tol-43615,CA-2022-152198,FC-2022-09-152198,0.0,0.0,0.2,5.9778,10-09-2022
SO-20335,OFF-PA-10000357,US-Sou-Ten-Col-38401,CA-2022-147228,SC-2022-09-147228,0.0,0.0,0.2,62.1376,10-09-2022
KD-16495,OFF-ST-10003123,US-Wes-Cal-Los-90036,CA-2022-100825,SC-2022-09-100825,0.0,0.0,0.0,23.9688,10-09-2022
LC-17050,FUR-CH-10003833,US-Wes-Cal-Los-90004,CA-2022-137498,SC-2022-09-137498,0.0,0.0,0.2,-15.245,10-09-2022
SO-20335,OFF-SU-10001225,US-Sou-Ten-Col-38401,CA-2022-147228,SC-2022-09-147228,0.0,0.0,0.2,-1.9872,10-09-2022
SP-20620,TEC-PH-10002200,US-Eas-Pen-Phi-19134,US-2022-118087,SC-2022-09-118087,0.0,0.0,0.4,-386.3916,10-09-2022
SP-20620,TEC-AC-10003174,US-Eas-Pen-Phi-19134,US-2022-118087,SC-2022-09-118087,0.0,0.0,0.2,64.674,10-09-2022
LC-17140,FUR-FU-10000723,US-Eas-Ohi-Cle-44105,CA-2022-169439,SC-2022-09-169439,0.0,0.0,0.2,-9.0904,10-09-2022
LC-17050,OFF-AR-10003829,US-Wes-Cal-Los-90004,CA-2022-137498,SC-2022-09-137498,0.0,0.0,0.0,1.9024,10-09-2022
LC-17140,OFF-AR-10001374,US-Eas-Ohi-Cle-44105,CA-2022-169439,SC-2022-09-169439,0.0,0.0,0.2,3.888,10-09-2022
JD-16015,OFF-BI-10003669,US-Eas-Ohi-Tol-43615,CA-2022-152198,FC-2022-09-152198,0.0,0.0,0.7,-3.564,10-09-2022
SB-20290,OFF-ST-10001809,US-Sou-Sou-Flo-29501,CA-2022-147361,SC-2022-09-147361,0.0,0.0,0.0,12.5762,10-09-2022
GK-14620,OFF-LA-10000134,US-Cen-Tex-Pla-75023,CA-2022-139444,SC-2022-09-139444,0.0,0.0,0.2,3.4496,10-09-2022
LC-17050,OFF-PA-10000143,US-Wes-Cal-Los-90004,CA-2022-137498,SC-2022-09-137498,0.0,0.0,0.0,22.8096,10-09-2022
SP-20620,TEC-AC-10004469,US-Eas-Pen-Phi-19134,US-2022-118087,SC-2022-09-118087,0.0,0.0,0.2,28.764,10-09-2022
SP-20620,FUR-FU-10001867,US-Eas-Pen-Phi-19134,US-2022-118087,SC-2022-09-118087,0.0,0.0,0.2,1.7024,10-09-2022
SP-20620,OFF-AR-10003602,US-Eas-Pen-Phi-19134,US-2022-118087,SC-2022-09-118087,0.0,0.0,0.2,1.5768,10-09-2022
SP-20620,OFF-BI-10002432,US-Eas-Pen-Phi-19134,US-2022-118087,SC-2022-09-118087,0.0,0.0,0.7,-2.3276,10-09-2022
MC-17605,TEC-AC-10001114,US-Wes-Cal-Los-90032,US-2022-146213,SC-2022-09-146213,0.0,0.0,0.0,51.1872,10-09-2022
SP-20620,OFF-BI-10000069,US-Eas-Pen-Phi-19134,US-2022-118087,SC-2022-09-118087,0.0,0.0,0.7,-3.6024,10-09-2022
DK-12835,OFF-PA-10002036,US-Wes-Ore-Por-97206,CA-2022-168403,SC-2022-09-168403,0.0,0.0,0.2,11.2752,10-09-2022
SB-20290,OFF-ST-10002214,US-Sou-Sou-Flo-29501,CA-2022-147361,SC-2022-09-147361,0.0,0.0,0.0,14.677,10-09-2022
DK-12835,OFF-AP-10003278,US-Wes-Ore-Por-97206,CA-2022-168403,SC-2022-09-168403,0.0,0.0,0.2,0.8382,10-09-2022
AR-10345,OFF-AR-10003338,US-Eas-Mas-Law-1841,CA-2022-126438,FC-2022-09-126438,0.0,0.0,0.0,3.72,11-09-2022
RW-19690,TEC-AC-10003023,US-Cen-Mis-Spr-65807,CA-2022-110905,SC-2022-09-110905,0.0,0.0,0.0,53.433,11-09-2022
RW-19690,TEC-AC-10002217,US-Cen-Mis-Spr-65807,CA-2022-110905,SC-2022-09-110905,0.0,0.0,0.0,6.768,11-09-2022
RW-19690,OFF-AP-10004785,US-Cen-Mis-Spr-65807,CA-2022-110905,SC-2022-09-110905,0.0,0.0,0.0,14.6157,11-09-2022
FH-14275,FUR-CH-10002602,US-Wes-Cal-Los-90004,CA-2022-128370,SC-2022-09-128370,0.0,0.0,0.2,27.1764,11-09-2022
FH-14275,OFF-BI-10004140,US-Wes-Cal-Los-90004,CA-2022-128370,SC-2022-09-128370,0.0,0.0,0.2,2.245,11-09-2022
RW-19690,OFF-BI-10002954,US-Cen-Mis-Spr-65807,CA-2022-110905,SC-2022-09-110905,0.0,0.0,0.0,6.5808,11-09-2022
SS-20410,OFF-BI-10004876,US-Sou-Geo-Atl-30318,CA-2022-159954,SC-2022-09-159954,0.0,0.0,0.0,1.3622,11-09-2022
RW-19690,OFF-PA-10002586,US-Cen-Mis-Spr-65807,CA-2022-110905,SC-2022-09-110905,0.0,0.0,0.0,11.703,11-09-2022
SH-20395,OFF-PA-10004911,US-Eas-New-New-10024,CA-2022-122280,SC-2022-09-122280,0.0,0.0,0.0,9.0048,11-09-2022
RW-19690,OFF-BI-10003669,US-Cen-Mis-Spr-65807,CA-2022-110905,SC-2022-09-110905,0.0,0.0,0.0,7.776,11-09-2022
RW-19690,OFF-AP-10003281,US-Cen-Mis-Spr-65807,CA-2022-110905,SC-2022-09-110905,0.0,0.0,0.0,7.254,11-09-2022
RW-19690,OFF-ST-10000025,US-Cen-Mis-Spr-65807,CA-2022-110905,SC-2022-09-110905,0.0,0.0,0.0,17.1774,11-09-2022
LC-16930,TEC-PH-10004093,US-Cen-Ill-Nap-60540,CA-2022-120999,SC-2022-09-120999,0.0,0.0,0.2,16.5564,11-09-2022
HA-14905,TEC-PH-10003580,US-Eas-Ohi-Spr-45503,CA-2022-123036,SC-2022-09-123036,0.0,0.0,0.4,-56.3108,11-09-2022
HA-14905,TEC-AC-10003499,US-Eas-Ohi-Spr-45503,CA-2022-123036,SC-2022-09-123036,0.0,0.0,0.2,8.8008,11-09-2022
KH-16630,OFF-PA-10003302,US-Eas-Ohi-Akr-44312,CA-2022-147403,FC-2022-09-147403,0.0,0.0,0.2,28.7064,11-09-2022
SN-20560,OFF-BI-10003527,US-Cen-Ill-Chi-60653,CA-2022-152093,SC-2022-09-152093,0.0,0.0,0.8,-1143.891,11-09-2022
CB-12025,OFF-AP-10000027,US-Sou-Vir-Ric-23223,US-2022-152898,SC-2022-09-152898,0.0,0.0,0.0,20.37,12-09-2022
JF-15415,TEC-PH-10000127,US-Wes-Was-Sea-98105,US-2022-142188,SC-2022-09-142188,0.0,0.0,0.2,-17.991,12-09-2022
JF-15415,OFF-PA-10004101,US-Wes-Was-Sea-98105,US-2022-142188,SC-2022-09-142188,0.0,0.0,0.0,34.2144,12-09-2022
KH-16630,TEC-PH-10002564,US-Wes-Cal-San-92704,CA-2022-166898,SC-2022-09-166898,0.0,0.0,0.2,17.994,12-09-2022
KH-16630,OFF-PA-10002262,US-Wes-Cal-San-92704,CA-2022-166898,SC-2022-09-166898,0.0,0.0,0.0,9.3312,12-09-2022
JF-15415,OFF-PA-10002005,US-Wes-Was-Sea-98105,US-2022-142188,SC-2022-09-142188,0.0,0.0,0.0,9.3312,12-09-2022
JF-15415,FUR-CH-10003199,US-Wes-Was-Sea-98105,US-2022-142188,SC-2022-09-142188,0.0,0.0,0.2,8.8784,12-09-2022
KF-16285,OFF-PA-10003172,US-Wes-Cal-Lon-90805,CA-2022-149559,SC-2022-09-149559,0.0,0.0,0.0,6.2208,12-09-2022
SS-20410,OFF-FA-10000992,US-Sou-Ken-Geo-40324,CA-2022-127726,SC-2022-09-127726,0.0,0.0,0.0,6.674,12-09-2022
RC-19960,FUR-FU-10003039,US-Sou-Flo-Jac-32216,CA-2022-112774,FC-2022-09-112774,0.0,0.0,0.2,6.0382,12-09-2022
CC-12475,OFF-AP-10001626,US-Cen-Tex-Hou-77070,US-2022-160836,SC-2022-09-160836,0.0,0.0,0.8,-4.2012,12-09-2022
CC-12475,FUR-TA-10002855,US-Cen-Tex-Hou-77070,US-2022-160836,SC-2022-09-160836,0.0,0.0,0.3,-65.853,12-09-2022
SS-20410,OFF-AP-10002578,US-Sou-Ken-Geo-40324,CA-2022-127726,SC-2022-09-127726,0.0,0.0,0.0,50.8768,12-09-2022
HA-14920,OFF-FA-10000936,US-Cen-Ill-Chi-60623,CA-2022-117044,SC-2022-09-117044,0.0,0.0,0.2,3.29,12-09-2022
HA-14920,OFF-PA-10003657,US-Cen-Ill-Chi-60623,CA-2022-117044,SC-2022-09-117044,0.0,0.0,0.2,6.42,12-09-2022
KF-16285,OFF-EN-10002312,US-Wes-Cal-Lon-90805,CA-2022-149559,SC-2022-09-149559,0.0,0.0,0.0,10.8682,12-09-2022
DB-12910,OFF-PA-10003656,US-Sou-Geo-Col-31907,CA-2022-124898,SC-2022-09-124898,0.0,0.0,0.0,84.9436,12-09-2022
CC-12475,OFF-PA-10004239,US-Cen-Tex-Hou-77070,US-2022-160836,SC-2022-09-160836,0.0,0.0,0.2,3.21,12-09-2022
CB-12025,FUR-FU-10000260,US-Wes-Cal-San-94110,CA-2022-144484,SC-2022-09-144484,0.0,0.0,0.0,11.6496,12-09-2022
CB-12025,OFF-AP-10004487,US-Wes-Cal-San-94110,CA-2022-144484,SC-2022-09-144484,0.0,0.0,0.0,113.848,12-09-2022
KF-16285,FUR-CH-10002320,US-Wes-Cal-Lon-90805,CA-2022-149559,SC-2022-09-149559,0.0,0.0,0.2,256.784,12-09-2022
JF-15415,OFF-BI-10004600,US-Wes-Was-Sea-98105,US-2022-142188,SC-2022-09-142188,0.0,0.0,0.2,459.9875,12-09-2022
BF-11080,OFF-PA-10004243,US-Eas-Mar-Bal-21215,CA-2022-140676,FC-2022-09-140676,0.0,0.0,0.0,45.528,13-09-2022
BF-11080,OFF-AP-10000358,US-Eas-Mar-Bal-21215,CA-2022-140676,FC-2022-09-140676,0.0,0.0,0.0,26.3494,13-09-2022
BF-11080,OFF-PA-10004082,US-Eas-Mar-Bal-21215,CA-2022-140676,FC-2022-09-140676,0.0,0.0,0.0,19.95,13-09-2022
DJ-13510,OFF-PA-10003797,US-Eas-Rho-Woo-2895,CA-2022-108749,FC-2022-09-108749,0.0,0.0,0.0,21.7728,13-09-2022
DJ-13510,OFF-BI-10003707,US-Eas-Rho-Woo-2895,CA-2022-108749,FC-2022-09-108749,0.0,0.0,0.0,22.89,13-09-2022
JM-15865,OFF-PA-10004071,US-Wes-Cal-Los-90036,US-2022-109582,SC-2022-09-109582,0.0,0.0,0.0,79.8912,13-09-2022
JM-15535,FUR-FU-10004270,US-Wes-Cal-Los-90036,CA-2022-103611,FC-2022-09-103611,0.0,0.0,0.0,3.0096,13-09-2022
SG-20605,OFF-AR-10003158,US-Sou-Nor-Ash-28806,CA-2022-139493,SC-2022-09-139493,0.0,0.0,0.2,2.786,14-09-2022
RB-19705,TEC-PH-10004586,US-Eas-New-New-10035,CA-2022-152975,FC-2022-09-152975,0.0,0.0,0.0,323.955,15-09-2022
LT-17110,OFF-AR-10001725,US-Eas-New-Ora-7050,CA-2022-147725,SC-2022-09-147725,0.0,0.0,0.0,18.447,15-09-2022
JB-16000,OFF-LA-10000121,US-Wes-Cal-Los-90045,US-2022-157224,SC-2022-09-157224,0.0,0.0,0.0,26.082,15-09-2022
CY-12745,TEC-AC-10002001,US-Eas-Ohi-Spr-45503,CA-2022-130302,SC-2022-09-130302,0.0,0.0,0.2,190.3881,15-09-2022
RB-19705,FUR-CH-10003298,US-Eas-New-New-10035,CA-2022-152975,FC-2022-09-152975,0.0,0.0,0.1,-6.549,15-09-2022
RB-19705,OFF-AR-10001988,US-Eas-New-New-10035,CA-2022-152975,FC-2022-09-152975,0.0,0.0,0.0,8.6855,15-09-2022
PS-18760,TEC-MA-10001681,US-Eas-Pen-Phi-19140,CA-2022-156237,FC-2022-09-156237,0.0,0.0,0.7,-168.819,15-09-2022
HZ-14950,OFF-PA-10003845,US-Eas-New-New-10024,CA-2022-108931,SC-2022-09-108931,0.0,0.0,0.0,5.6644,15-09-2022
PS-18760,FUR-FU-10001057,US-Eas-Pen-Phi-19140,CA-2022-156237,FC-2022-09-156237,0.0,0.0,0.2,4.7976,15-09-2022
PS-18760,TEC-MA-10002930,US-Eas-Pen-Phi-19140,CA-2022-156237,FC-2022-09-156237,0.0,0.0,0.7,-18.0385,15-09-2022
TB-21520,OFF-PA-10004675,US-Cen-Mic-Jac-49201,CA-2022-114440,SC-2022-09-114440,0.0,0.0,0.0,8.763,15-09-2022
PS-18760,FUR-CH-10002372,US-Eas-Pen-Phi-19140,CA-2022-156237,FC-2022-09-156237,0.0,0.0,0.3,-29.1528,15-09-2022
DB-13555,OFF-AP-10002534,US-Sou-Nor-Ral-27604,CA-2022-115882,FC-2022-09-115882,0.0,0.0,0.2,94.2784,15-09-2022
HZ-14950,OFF-PA-10002741,US-Eas-New-New-10024,CA-2022-108931,SC-2022-09-108931,0.0,0.0,0.0,3.852,15-09-2022
PS-18760,OFF-BI-10003707,US-Eas-Pen-Phi-19140,CA-2022-156237,FC-2022-09-156237,0.0,0.0,0.7,-12.208,15-09-2022
RB-19705,OFF-ST-10001370,US-Eas-New-New-10035,CA-2022-152975,FC-2022-09-152975,0.0,0.0,0.0,3.549,15-09-2022
PS-18760,OFF-BI-10000301,US-Eas-Pen-Phi-19140,CA-2022-156237,FC-2022-09-156237,0.0,0.0,0.7,-2.588,15-09-2022
DB-13555,OFF-PA-10001125,US-Sou-Nor-Ral-27604,CA-2022-115882,FC-2022-09-115882,0.0,0.0,0.2,23.235,15-09-2022
DO-13645,OFF-BI-10002794,US-Wes-Uta-Sal-84106,CA-2022-165008,SC-2022-09-165008,0.0,0.0,0.2,106.9578,16-09-2022
TC-21145,FUR-CH-10003606,US-Eas-New-Lak-8701,CA-2022-124205,SC-2022-09-124205,0.0,0.0,0.0,143.6288,16-09-2022
ES-14020,TEC-PH-10001700,US-Wes-Cal-Los-90049,US-2022-163300,SC-2022-09-163300,0.0,0.0,0.2,32.3351,16-09-2022
RD-19480,FUR-CH-10002961,US-Wes-Cal-San-94122,US-2022-116652,SC-2022-09-116652,0.0,0.0,0.2,0.0,16-09-2022
BB-11545,OFF-PA-10002230,US-Cen-Tex-Hou-77070,CA-2022-130043,SC-2022-09-130043,0.0,0.0,0.2,11.5536,16-09-2022
RD-19480,OFF-AR-10001915,US-Wes-Cal-San-94122,US-2022-116652,SC-2022-09-116652,0.0,0.0,0.0,41.706,16-09-2022
RD-19480,OFF-AP-10001205,US-Wes-Cal-San-94122,US-2022-116652,SC-2022-09-116652,0.0,0.0,0.0,30.5088,16-09-2022
ES-14020,OFF-BI-10004390,US-Wes-Cal-Los-90049,US-2022-163300,SC-2022-09-163300,0.0,0.0,0.2,884.058,16-09-2022
RD-19480,OFF-BI-10004528,US-Wes-Cal-San-94122,US-2022-116652,SC-2022-09-116652,0.0,0.0,0.2,0.84,16-09-2022
Dp-13240,TEC-AC-10001090,US-Eas-Con-Wat-6708,CA-2022-139822,SC-2022-09-139822,0.0,0.0,0.0,10.7964,16-09-2022
RD-19480,FUR-FU-10001488,US-Wes-Cal-San-94122,US-2022-116652,SC-2022-09-116652,0.0,0.0,0.0,105.98,16-09-2022
TC-21145,TEC-PH-10002115,US-Eas-New-Lak-8701,CA-2022-124205,SC-2022-09-124205,0.0,0.0,0.0,102.9444,16-09-2022
TC-21145,OFF-ST-10000934,US-Eas-New-Lak-8701,CA-2022-124205,SC-2022-09-124205,0.0,0.0,0.0,0.0,16-09-2022
AB-10165,OFF-PA-10001033,US-Sou-Ten-Leb-37087,CA-2022-145737,SC-2022-09-145737,0.0,0.0,0.2,59.4355,16-09-2022
CL-11890,FUR-BO-10002545,US-Eas-Mas-Eve-2149,CA-2022-121888,SC-2022-09-121888,0.0,0.0,0.0,203.5644,16-09-2022
DB-13060,TEC-PH-10004536,US-Cen-Ill-Chi-60653,CA-2022-132353,FC-2022-09-132353,0.0,0.0,0.2,20.2485,16-09-2022
CS-12400,FUR-TA-10003473,US-Wes-Cal-San-94109,CA-2022-127096,SC-2022-09-127096,0.0,0.0,0.2,11.2839,16-09-2022
GM-14500,OFF-AR-10004441,US-Wes-Was-Sea-98103,CA-2022-134418,SC-2022-09-134418,0.0,0.0,0.0,5.2164,16-09-2022
CL-11890,OFF-AR-10003478,US-Eas-Mas-Eve-2149,CA-2022-121888,SC-2022-09-121888,0.0,0.0,0.0,6.512,16-09-2022
CL-11890,TEC-PH-10000439,US-Eas-Mas-Eve-2149,CA-2022-121888,SC-2022-09-121888,0.0,0.0,0.0,11.5971,16-09-2022
ES-14020,FUR-CH-10003396,US-Wes-Cal-Los-90049,US-2022-163300,SC-2022-09-163300,0.0,0.0,0.2,-20.7846,16-09-2022
CC-12145,OFF-AR-10002987,US-Cen-Tex-Hou-77095,CA-2022-146185,SC-2022-09-146185,0.0,0.0,0.2,8.3328,16-09-2022
Dp-13240,OFF-ST-10000943,US-Eas-Con-Wat-6708,CA-2022-139822,SC-2022-09-139822,0.0,0.0,0.0,10.8136,16-09-2022
TC-21145,FUR-FU-10002445,US-Eas-New-Lak-8701,CA-2022-124205,SC-2022-09-124205,0.0,0.0,0.0,18.96,16-09-2022
CL-11890,OFF-BI-10001765,US-Eas-Mas-Eve-2149,CA-2022-121888,SC-2022-09-121888,0.0,0.0,0.0,116.3904,16-09-2022
MO-17800,FUR-FU-10000221,US-Eas-New-New-10009,CA-2022-163020,SC-2022-09-163020,0.0,0.0,0.0,12.0904,16-09-2022
EH-14185,OFF-PA-10003657,US-Eas-Pen-Phi-19143,CA-2022-112984,SC-2022-09-112984,0.0,0.0,0.2,6.42,17-09-2022
CL-12700,TEC-AC-10002305,US-Sou-Ken-Flo-41042,CA-2022-141446,SC-2022-09-141446,0.0,0.0,0.0,3.24,17-09-2022
BB-10990,OFF-AR-10001427,US-Wes-Cal-Ing-90301,CA-2022-118136,FC-2022-09-118136,0.0,0.0,0.0,1.5548,17-09-2022
AS-10090,FUR-FU-10003832,US-Eas-Pen-Phi-19143,CA-2022-136448,FC-2022-09-136448,0.0,0.0,0.2,2.2512,17-09-2022
AS-10090,OFF-BI-10002393,US-Eas-Pen-Phi-19143,CA-2022-136448,FC-2022-09-136448,0.0,0.0,0.7,-2.7552,17-09-2022
AS-10090,OFF-BI-10001359,US-Eas-Pen-Phi-19143,CA-2022-136448,FC-2022-09-136448,0.0,0.0,0.7,-412.6154,17-09-2022
AS-10090,TEC-AC-10003628,US-Eas-Pen-Phi-19143,CA-2022-136448,FC-2022-09-136448,0.0,0.0,0.2,14.3952,17-09-2022
BB-10990,OFF-PA-10002615,US-Wes-Cal-Ing-90301,CA-2022-118136,FC-2022-09-118136,0.0,0.0,0.0,4.0572,17-09-2022
CY-12745,OFF-FA-10000621,US-Wes-Cal-San-94110,CA-2022-130715,SC-2022-09-130715,0.0,0.0,0.0,8.771,17-09-2022
AB-10060,OFF-PA-10004355,US-Eas-Pen-Phi-19143,CA-2022-134173,SC-2022-09-134173,0.0,0.0,0.2,7.2576,17-09-2022
JF-15355,TEC-PH-10002170,US-Cen-Tex-Aus-78745,CA-2022-144113,SC-2022-09-144113,0.0,0.0,0.2,5.5992,17-09-2022
AS-10090,TEC-AC-10001109,US-Eas-Pen-Phi-19143,CA-2022-136448,FC-2022-09-136448,0.0,0.0,0.2,19.7934,17-09-2022
JF-15355,OFF-EN-10001141,US-Cen-Tex-Aus-78745,CA-2022-144113,SC-2022-09-144113,0.0,0.0,0.2,6.3684,17-09-2022
SC-20380,TEC-AC-10001109,US-Wes-Ida-Boi-83704,CA-2022-142293,FC-2022-09-142293,0.0,0.0,0.0,37.7874,18-09-2022
TP-21415,OFF-PA-10002001,US-Wes-Was-Sea-98115,CA-2022-137470,SC-2022-09-137470,0.0,0.0,0.0,6.3504,18-09-2022
GZ-14470,TEC-MA-10004626,US-Eas-New-Mor-7960,CA-2022-126928,SC-2022-09-126928,0.0,0.0,0.0,225.6,18-09-2022
MO-17800,OFF-PA-10000474,US-Sou-Geo-Ros-30076,CA-2022-157931,SC-2022-09-157931,0.0,0.0,0.0,49.9704,18-09-2022
MO-17800,FUR-CH-10000785,US-Sou-Geo-Ros-30076,CA-2022-157931,SC-2022-09-157931,0.0,0.0,0.0,188.2192,18-09-2022
AS-10225,OFF-LA-10001175,US-Wes-Uta-Pro-84604,CA-2022-112515,SC-2022-09-112515,0.0,0.0,0.0,7.056,18-09-2022
AS-10225,OFF-ST-10001272,US-Wes-Uta-Pro-84604,CA-2022-112515,SC-2022-09-112515,0.0,0.0,0.0,65.435,18-09-2022
AS-10225,OFF-BI-10004233,US-Wes-Uta-Pro-84604,CA-2022-112515,SC-2022-09-112515,0.0,0.0,0.2,8.9544,18-09-2022
AS-10225,OFF-PA-10000062,US-Wes-Uta-Pro-84604,CA-2022-112515,SC-2022-09-112515,0.0,0.0,0.0,80.7912,18-09-2022
AS-10225,OFF-BI-10003712,US-Wes-Uta-Pro-84604,CA-2022-112515,SC-2022-09-112515,0.0,0.0,0.2,4.2717,18-09-2022
GZ-14470,OFF-ST-10000615,US-Eas-New-Mor-7960,CA-2022-126928,SC-2022-09-126928,0.0,0.0,0.0,9.534,18-09-2022
AS-10225,OFF-BI-10000829,US-Wes-Uta-Pro-84604,CA-2022-112515,SC-2022-09-112515,0.0,0.0,0.2,3.5022,18-09-2022
AS-10225,FUR-BO-10003404,US-Wes-Uta-Pro-84604,CA-2022-112515,SC-2022-09-112515,0.0,0.0,0.0,77.5764,18-09-2022
SJ-20125,TEC-PH-10002415,US-Cen-Tex-Hou-77036,CA-2022-105669,SC-2022-09-105669,0.0,0.0,0.2,88.485,18-09-2022
SJ-20125,OFF-BI-10002412,US-Cen-Tex-Hou-77036,CA-2022-105669,SC-2022-09-105669,0.0,0.0,0.8,-10.15,18-09-2022
SJ-20125,FUR-CH-10003774,US-Cen-Tex-Hou-77036,CA-2022-105669,SC-2022-09-105669,0.0,0.0,0.3,-77.333,18-09-2022
SJ-20125,OFF-AR-10000390,US-Cen-Tex-Hou-77036,CA-2022-105669,SC-2022-09-105669,0.0,0.0,0.2,3.2214,18-09-2022
SS-20140,OFF-SU-10004261,US-Sou-Geo-Col-31907,CA-2022-164756,SC-2022-09-164756,0.0,0.0,0.0,9.9992,19-09-2022
SS-20140,TEC-PH-10001552,US-Sou-Geo-Col-31907,CA-2022-164756,SC-2022-09-164756,0.0,0.0,0.0,26.7904,19-09-2022
SS-20140,OFF-AR-10000380,US-Sou-Geo-Col-31907,CA-2022-164756,SC-2022-09-164756,0.0,0.0,0.0,34.182,19-09-2022
SS-20140,OFF-PA-10003228,US-Sou-Geo-Col-31907,CA-2022-164756,SC-2022-09-164756,0.0,0.0,0.0,114.9385,19-09-2022
SS-20140,TEC-PH-10002447,US-Sou-Geo-Col-31907,CA-2022-164756,SC-2022-09-164756,0.0,0.0,0.0,119.4742,19-09-2022
DC-12850,OFF-AR-10000122,US-Cen-Tex-Arl-76017,CA-2022-131016,FC-2022-09-131016,0.0,0.0,0.2,0.558,19-09-2022
DC-12850,OFF-ST-10000352,US-Cen-Tex-Arl-76017,CA-2022-131016,FC-2022-09-131016,0.0,0.0,0.2,-2.974,19-09-2022
TS-21505,OFF-BI-10002012,US-Wes-New-Clo-88101,CA-2022-166856,SC-2022-09-166856,0.0,0.0,0.2,3.528,19-09-2022
SS-20140,OFF-PA-10003848,US-Sou-Geo-Col-31907,CA-2022-164756,SC-2022-09-164756,0.0,0.0,0.0,12.4416,19-09-2022
TS-21505,TEC-AC-10004992,US-Wes-New-Clo-88101,CA-2022-166856,SC-2022-09-166856,0.0,0.0,0.0,8.1072,19-09-2022
TM-21010,OFF-PA-10004082,US-Cen-Neb-Gra-68801,CA-2022-134439,SC-2022-09-134439,0.0,0.0,0.0,7.98,19-09-2022
BF-11020,OFF-PA-20002377,US-Cen-Wis-Gre-54302,CA-2022-133333,SC-2022-09-133333,0.0,0.0,0.0,10.224,19-09-2022
SS-20140,FUR-FU-10002963,US-Sou-Geo-Col-31907,CA-2022-164756,SC-2022-09-164756,0.0,0.0,0.0,6.9088,19-09-2022
MM-18280,OFF-PA-10001639,US-Eas-New-New-10035,CA-2022-148068,SC-2022-09-148068,0.0,0.0,0.0,9.3312,19-09-2022
SS-20140,OFF-PA-10000673,US-Sou-Geo-Col-31907,CA-2022-164756,SC-2022-09-164756,0.0,0.0,0.0,24.4608,19-09-2022
PA-19060,OFF-EN-10000927,US-Cen-Tex-Dal-75220,CA-2022-140508,FC-2022-09-140508,0.0,0.0,0.2,35.89,19-09-2022
SH-19975,OFF-AR-10000940,US-Wes-Cal-San-94122,CA-2022-106180,SC-2022-09-106180,0.0,0.0,0.0,2.3814,19-09-2022
SH-19975,OFF-EN-10004030,US-Wes-Cal-San-94122,CA-2022-106180,SC-2022-09-106180,0.0,0.0,0.0,5.1042,19-09-2022
SH-19975,OFF-PA-10004327,US-Wes-Cal-San-94122,CA-2022-106180,SC-2022-09-106180,0.0,0.0,0.0,68.976,19-09-2022
MM-18280,FUR-FU-10002268,US-Eas-New-New-10035,CA-2022-148068,SC-2022-09-148068,0.0,0.0,0.0,3.2406,19-09-2022
JP-16135,OFF-AR-10002445,US-Sou-Geo-Col-31907,CA-2022-139787,SC-2022-09-139787,0.0,0.0,0.0,13.452,20-09-2022
AB-10105,OFF-ST-10000321,US-Wes-Ari-Pho-85023,CA-2022-153822,SC-2022-09-153822,0.0,0.0,0.2,-2.5248,20-09-2022
FG-14260,OFF-BI-10001132,US-Eas-Pen-Phi-19120,CA-2022-160801,SC-2022-09-160801,0.0,0.0,0.7,-3.3894,20-09-2022
DP-13105,OFF-AR-10004956,US-Wes-Cal-Los-90032,CA-2022-102974,SC-2022-09-102974,0.0,0.0,0.0,4.8546,20-09-2022
JR-16210,OFF-AR-10001915,US-Wes-Ore-Spr-97477,CA-2022-143378,SC-2022-09-143378,0.0,0.0,0.2,6.5538,20-09-2022
ES-14080,OFF-ST-10003282,US-Sou-Flo-Mel-32935,CA-2022-139619,SC-2022-09-139619,0.0,0.0,0.2,9.5616,20-09-2022
AB-10105,OFF-BI-10001460,US-Wes-Ari-Pho-85023,CA-2022-153822,SC-2022-09-153822,0.0,0.0,0.7,-13.938,20-09-2022
JR-16210,FUR-FU-10004864,US-Wes-Ore-Spr-97477,CA-2022-143378,SC-2022-09-143378,0.0,0.0,0.2,61.3824,20-09-2022
DP-13105,TEC-AC-10000057,US-Wes-Cal-Los-90032,CA-2022-102974,SC-2022-09-102974,0.0,0.0,0.0,31.4895,20-09-2022
AB-10105,TEC-AC-10000109,US-Wes-Ari-Pho-85023,CA-2022-153822,SC-2022-09-153822,0.0,0.0,0.2,4.4792,20-09-2022
DP-13105,OFF-AR-10000914,US-Wes-Cal-Los-90032,CA-2022-102974,SC-2022-09-102974,0.0,0.0,0.0,6.0632,20-09-2022
JR-16210,FUR-BO-10001972,US-Wes-Ore-Spr-97477,CA-2022-143378,SC-2022-09-143378,0.0,0.0,0.7,-128.2388,20-09-2022
AB-10105,TEC-PH-10002415,US-Wes-Ari-Pho-85023,CA-2022-153822,SC-2022-09-153822,0.0,0.0,0.2,29.495,20-09-2022
JR-16210,TEC-PH-10001425,US-Wes-Ore-Spr-97477,CA-2022-143378,SC-2022-09-143378,0.0,0.0,0.2,19.1976,20-09-2022
JM-15535,OFF-PA-10004782,US-Eas-New-New-10011,US-2022-148866,SC-2022-09-148866,0.0,0.0,0.0,15.552,20-09-2022
SV-20365,FUR-CH-10001215,US-Eas-New-New-10035,CA-2022-100111,SC-2022-09-100111,0.0,0.0,0.1,375.735,21-09-2022
SV-20365,OFF-BI-10000343,US-Eas-New-New-10035,CA-2022-100111,SC-2022-09-100111,0.0,0.0,0.2,3.9771,21-09-2022
SV-20365,TEC-PH-10002885,US-Eas-New-New-10035,CA-2022-100111,SC-2022-09-100111,0.0,0.0,0.0,350.9082,21-09-2022
SV-20365,FUR-CH-10003061,US-Eas-New-New-10035,CA-2022-100111,SC-2022-09-100111,0.0,0.0,0.1,8.0991,21-09-2022
SV-20365,OFF-PA-10002713,US-Eas-New-New-10035,CA-2022-100111,SC-2022-09-100111,0.0,0.0,0.0,6.3296,21-09-2022
SV-20365,OFF-ST-10000615,US-Eas-New-New-10035,CA-2022-100111,SC-2022-09-100111,0.0,0.0,0.0,12.712,21-09-2022
SV-20365,TEC-AC-10002647,US-Eas-New-New-10035,CA-2022-100111,SC-2022-09-100111,0.0,0.0,0.0,95.76,21-09-2022
SV-20365,FUR-CH-10003846,US-Eas-New-New-10035,CA-2022-100111,SC-2022-09-100111,0.0,0.0,0.1,18.1764,21-09-2022
SV-20365,FUR-CH-10004086,US-Eas-New-New-10035,CA-2022-100111,SC-2022-09-100111,0.0,0.0,0.1,609.7157,21-09-2022
SV-20365,OFF-FA-10000304,US-Eas-New-New-10035,CA-2022-100111,SC-2022-09-100111,0.0,0.0,0.0,1.7876,21-09-2022
SV-20365,TEC-AC-10001465,US-Eas-New-New-10035,CA-2022-100111,SC-2022-09-100111,0.0,0.0,0.0,21.792,21-09-2022
SV-20365,TEC-PH-10000215,US-Eas-New-New-10035,CA-2022-100111,SC-2022-09-100111,0.0,0.0,0.0,28.3095,21-09-2022
SV-20365,OFF-PA-10000807,US-Eas-New-New-10035,CA-2022-100111,SC-2022-09-100111,0.0,0.0,0.0,18.1044,21-09-2022
SV-20365,TEC-AC-10001998,US-Eas-New-New-10035,CA-2022-100111,SC-2022-09-100111,0.0,0.0,0.0,20.3898,21-09-2022
DB-13615,OFF-PA-10004082,US-Wes-Cal-San-94109,CA-2022-133074,SC-2022-09-133074,0.0,0.0,0.0,27.93,22-09-2022
EB-13870,OFF-BI-10004141,US-Eas-Pen-Phi-19143,CA-2022-169817,SC-2022-09-169817,0.0,0.0,0.7,-1.5264,22-09-2022
BM-11575,OFF-ST-10004950,US-Wes-Cal-Los-90045,CA-2022-165155,FC-2022-09-165155,0.0,0.0,0.0,3.8775,22-09-2022
ML-18265,TEC-AC-10000158,US-Wes-Was-Sea-98103,CA-2022-132262,FC-2022-09-132262,0.0,0.0,0.0,15.1158,22-09-2022
ML-18265,TEC-AC-10000303,US-Wes-Was-Sea-98103,CA-2022-132262,FC-2022-09-132262,0.0,0.0,0.0,26.3934,22-09-2022
RH-19495,OFF-BI-10000546,US-Cen-Min-Roc-55901,CA-2022-151428,SC-2022-09-151428,0.0,0.0,0.0,9.8784,22-09-2022
DL-12865,OFF-BI-10002794,US-Sou-Flo-Mia-33142,US-2022-146878,SC-2022-09-146878,0.0,0.0,0.7,-8.6058,22-09-2022
KT-16480,OFF-AP-10001242,US-Sou-Geo-Col-31907,CA-2022-123351,SC-2022-09-123351,0.0,0.0,0.0,24.144,22-09-2022
JE-15610,OFF-BI-10002976,US-Cen-Wis-Mil-53209,CA-2022-166317,SC-2022-09-166317,0.0,0.0,0.0,15.5288,23-09-2022
MG-17890,OFF-ST-10001590,US-Eas-New-Con-3301,CA-2022-102967,SC-2022-09-102967,0.0,0.0,0.0,17.524,23-09-2022
BK-11260,OFF-SU-10001218,US-Wes-Cal-San-92704,CA-2022-117009,SC-2022-09-117009,0.0,0.0,0.0,6.1488,23-09-2022
DW-13195,OFF-PA-10002666,US-Wes-New-Alb-87105,US-2022-103226,SC-2022-09-103226,0.0,0.0,0.0,12.231,23-09-2022
JE-15610,TEC-PH-10001615,US-Cen-Wis-Mil-53209,CA-2022-166317,SC-2022-09-166317,0.0,0.0,0.0,25.2213,23-09-2022
JA-15970,OFF-BI-10002498,US-Eas-Pen-Phi-19134,CA-2022-158379,SC-2022-09-158379,0.0,0.0,0.7,-4.2987,23-09-2022
LC-17140,TEC-AC-10002842,US-Eas-New-New-10035,CA-2022-162789,SC-2022-09-162789,0.0,0.0,0.0,171.36,23-09-2022
PB-19105,OFF-AR-10003896,US-Sou-Geo-Smy-30080,CA-2022-161970,SC-2022-09-161970,0.0,0.0,0.0,6.4584,23-09-2022
JE-15610,TEC-AC-10004510,US-Cen-Wis-Mil-53209,CA-2022-166317,SC-2022-09-166317,0.0,0.0,0.0,9.816,23-09-2022
JE-15610,OFF-PA-10004475,US-Cen-Wis-Mil-53209,CA-2022-166317,SC-2022-09-166317,0.0,0.0,0.0,107.7216,23-09-2022
JA-15970,OFF-SU-10002881,US-Eas-Pen-Phi-19134,CA-2022-158379,SC-2022-09-158379,0.0,0.0,0.2,-1049.3406,23-09-2022
LC-17140,FUR-FU-20004864,US-Eas-New-New-10035,CA-2022-162789,SC-2022-09-162789,0.0,0.0,0.0,3.9831,23-09-2022
EH-14005,FUR-BO-10001972,US-Cen-Mic-Lan-48911,CA-2022-167381,SC-2022-09-167381,0.0,0.0,0.0,41.1332,23-09-2022
EH-14005,OFF-LA-10000134,US-Cen-Mic-Lan-48911,CA-2022-167381,SC-2022-09-167381,0.0,0.0,0.0,13.3056,23-09-2022
SH-19975,OFF-EN-10001415,US-Cen-Tex-Pea-77581,US-2022-108245,SC-2022-09-108245,0.0,0.0,0.2,5.022,23-09-2022
SH-19975,OFF-BI-10000773,US-Cen-Tex-Pea-77581,US-2022-108245,SC-2022-09-108245,0.0,0.0,0.8,-18.5262,23-09-2022
PB-19105,OFF-PA-10004255,US-Sou-Geo-Smy-30080,CA-2022-161970,SC-2022-09-161970,0.0,0.0,0.0,6.2208,23-09-2022
JA-15970,TEC-AC-10002926,US-Eas-Pen-Phi-19134,CA-2022-158379,SC-2022-09-158379,0.0,0.0,0.2,22.9954,23-09-2022
CA-12265,TEC-PH-10004977,US-Eas-Del-Wil-19805,CA-2022-122196,FC-2022-09-122196,0.0,0.0,0.0,113.6742,23-09-2022
JE-15745,OFF-BI-10004318,US-Sou-Ark-Fay-72701,CA-2022-161053,FC-2022-09-161053,0.0,0.0,0.0,318.3016,23-09-2022
JE-15745,TEC-AC-10004633,US-Sou-Ark-Fay-72701,CA-2022-161053,FC-2022-09-161053,0.0,0.0,0.0,15.378,23-09-2022
SC-20440,OFF-BI-10004828,US-Eas-New-New-10009,CA-2022-136000,SC-2022-09-136000,0.0,0.0,0.2,14.5638,23-09-2022
MH-17785,OFF-PA-10001846,US-Cen-Tex-Lub-79424,CA-2022-103520,FC-2022-09-103520,0.0,0.0,0.2,3.3524,24-09-2022
DB-13660,OFF-PA-10003641,US-Wes-Cal-Los-90036,CA-2022-121853,SC-2022-09-121853,0.0,0.0,0.0,97.0784,24-09-2022
DO-13645,TEC-AC-10001114,US-Sou-Ark-Pin-71603,CA-2022-102309,SC-2022-09-102309,0.0,0.0,0.0,63.984,24-09-2022
DO-13645,OFF-PA-10002005,US-Sou-Ark-Pin-71603,CA-2022-102309,SC-2022-09-102309,0.0,0.0,0.0,6.2208,24-09-2022
BG-11695,FUR-FU-10000246,US-Wes-Col-Lou-80027,CA-2022-121412,SC-2022-09-121412,0.0,0.0,0.2,3.666,24-09-2022
BD-11320,TEC-AC-10004659,US-Cen-Okl-Tul-74133,CA-2022-117485,SC-2022-09-117485,0.0,0.0,0.0,102.186,24-09-2022
DB-13660,FUR-CH-10003973,US-Wes-Cal-Los-90036,CA-2022-121853,SC-2022-09-121853,0.0,0.0,0.2,59.4816,24-09-2022
AP-10915,FUR-BO-10001811,US-Wes-Col-For-80525,US-2022-132059,SC-2022-09-132059,0.0,0.0,0.7,-240.784,24-09-2022
DB-13660,OFF-BI-10000977,US-Wes-Cal-Los-90036,CA-2022-121853,SC-2022-09-121853,0.0,0.0,0.2,23.712,24-09-2022
BS-11755,OFF-BI-10000822,US-Wes-Cal-San-94122,CA-2022-123778,SC-2022-10-123778,0.0,0.0,0.2,9.0384,24-09-2022
AP-10915,TEC-AC-10003280,US-Wes-Col-For-80525,US-2022-132059,SC-2022-09-132059,0.0,0.0,0.2,0.5998,24-09-2022
BS-11755,OFF-AP-10001242,US-Wes-Cal-San-94122,CA-2022-123778,SC-2022-10-123778,0.0,0.0,0.0,48.288,24-09-2022
DW-13540,OFF-AP-10002191,US-Wes-Was-Sea-98105,CA-2022-132521,SC-2022-09-132521,0.0,0.0,0.0,33.5888,24-09-2022
DW-13540,OFF-ST-10001325,US-Wes-Was-Sea-98105,CA-2022-132521,SC-2022-09-132521,0.0,0.0,0.0,8.4888,24-09-2022
DW-13540,OFF-BI-10000404,US-Wes-Was-Sea-98105,CA-2022-132521,SC-2022-09-132521,0.0,0.0,0.2,2.322,24-09-2022
LC-16870,TEC-PH-10004188,US-Cen-Ill-Chi-60653,US-2022-125647,SC-2022-09-125647,0.0,0.0,0.2,-8.9964,24-09-2022
BE-11410,OFF-PA-10003395,US-Sou-Flo-Mia-33178,CA-2022-121314,FC-2022-09-121314,0.0,0.0,0.2,88.074,24-09-2022
KN-16705,OFF-EN-10004147,US-Wes-Col-For-80525,CA-2022-138422,FC-2022-09-138422,0.0,0.0,0.2,5.2026,24-09-2022
LC-16870,OFF-PA-10004888,US-Cen-Ill-Chi-60653,US-2022-125647,SC-2022-09-125647,0.0,0.0,0.2,7.2576,24-09-2022
LC-16870,OFF-AP-10000390,US-Cen-Ill-Chi-60653,US-2022-125647,SC-2022-09-125647,0.0,0.0,0.8,-197.5752,24-09-2022
FA-14230,TEC-PH-10001817,US-Wes-Cal-Los-90008,CA-2022-122364,SC-2022-09-122364,0.0,0.0,0.2,75.18,25-09-2022
KC-16540,FUR-FU-10002253,US-Eas-Ohi-New-43055,CA-2022-108910,SC-2022-09-108910,0.0,0.0,0.2,24.4758,25-09-2022
AG-10675,OFF-ST-10000885,US-Sou-Geo-Col-31907,CA-2022-163335,FC-2022-09-163335,0.0,0.0,0.0,10.0725,25-09-2022
NK-18490,OFF-PA-10000551,US-Wes-Cal-San-94110,CA-2022-130148,SC-2022-09-130148,0.0,0.0,0.0,15.2292,25-09-2022
FA-14230,TEC-MA-10001031,US-Wes-Cal-Los-90008,CA-2022-122364,SC-2022-09-122364,0.0,0.0,0.2,177.198,25-09-2022
RO-19780,OFF-PA-10002109,US-Cen-Ill-Chi-60623,CA-2022-148411,FC-2022-09-148411,0.0,0.0,0.2,3.7128,25-09-2022
RO-19780,FUR-CH-10003973,US-Cen-Ill-Chi-60623,CA-2022-148411,FC-2022-09-148411,0.0,0.0,0.3,-14.8704,25-09-2022
MH-18115,TEC-PH-10002885,US-Eas-Ohi-Lan-43130,CA-2022-121839,SC-2022-09-121839,0.0,0.0,0.4,-253.4337,25-09-2022
PP-18955,OFF-BI-10004002,US-Sou-Flo-Hol-33021,CA-2022-134096,SC-2022-09-134096,0.0,0.0,0.7,-11.418,25-09-2022
NK-18490,OFF-SU-10001574,US-Wes-Cal-San-94110,CA-2022-130148,SC-2022-09-130148,0.0,0.0,0.0,2.19,25-09-2022
AG-10675,OFF-BI-10002827,US-Sou-Geo-Col-31907,CA-2022-163335,FC-2022-09-163335,0.0,0.0,0.0,17.8066,25-09-2022
PP-18955,TEC-PH-10000526,US-Sou-Flo-Hol-33021,CA-2022-134096,SC-2022-09-134096,0.0,0.0,0.2,38.396,25-09-2022
BD-11605,TEC-AC-10002857,US-Sou-Flo-Mia-33180,CA-2022-144694,SC-2022-09-144694,0.0,0.0,0.2,2.4585,25-09-2022
BD-11605,OFF-LA-10003930,US-Sou-Flo-Mia-33180,CA-2022-144694,SC-2022-09-144694,0.0,0.0,0.2,85.5297,25-09-2022
KB-16240,TEC-AC-10000990,US-Cen-Min-Sai-56301,CA-2022-142034,SC-2022-09-142034,0.0,0.0,0.0,275.478,25-09-2022
KF-16285,OFF-AR-10000614,US-Sou-Geo-San-30328,US-2022-132675,SC-2022-09-132675,0.0,0.0,0.0,3.7128,25-09-2022
KF-16285,OFF-ST-10004950,US-Sou-Geo-San-30328,US-2022-132675,SC-2022-09-132675,0.0,0.0,0.0,3.8775,25-09-2022
BP-11095,TEC-PH-10000984,US-Eas-Mas-Law-1841,CA-2022-160325,SC-2022-09-160325,0.0,0.0,0.0,109.7544,25-09-2022
KF-16285,TEC-PH-10003171,US-Sou-Geo-San-30328,US-2022-132675,SC-2022-09-132675,0.0,0.0,0.0,25.172,25-09-2022
BP-11095,TEC-PH-10001944,US-Eas-Mas-Law-1841,CA-2022-160325,SC-2022-09-160325,0.0,0.0,0.0,131.355,25-09-2022
KB-16240,FUR-CH-10000665,US-Cen-Min-Sai-56301,CA-2022-142034,SC-2022-09-142034,0.0,0.0,0.0,181.176,25-09-2022
KB-16240,TEC-AC-10002305,US-Cen-Min-Sai-56301,CA-2022-142034,SC-2022-09-142034,0.0,0.0,0.0,12.96,25-09-2022
KF-16285,OFF-AR-10000034,US-Sou-Geo-San-30328,US-2022-132675,SC-2022-09-132675,0.0,0.0,0.0,4.9608,25-09-2022
KF-16285,OFF-LA-10003766,US-Sou-Geo-San-30328,US-2022-132675,SC-2022-09-132675,0.0,0.0,0.0,7.56,25-09-2022
PB-19150,FUR-FU-10002759,US-Wes-Was-Sea-98115,CA-2022-142391,SC-2022-09-142391,0.0,0.0,0.0,71.928,25-09-2022
KW-16435,FUR-CH-10000785,US-Eas-New-New-10009,CA-2022-144904,SC-2022-10-144904,0.0,0.0,0.1,86.8704,26-09-2022
LS-17200,OFF-ST-10002352,US-Wes-Mon-Hel-59601,CA-2022-169929,FC-2022-09-169929,0.0,0.0,0.0,10.374,26-09-2022
CA-11965,OFF-EN-10004459,US-Eas-Ohi-Lak-44107,CA-2022-122112,SC-2022-09-122112,0.0,0.0,0.2,8.8624,26-09-2022
AH-10075,OFF-SU-10000157,US-Eas-Pen-Che-19013,CA-2022-112004,FC-2022-09-112004,0.0,0.0,0.2,-42.9516,26-09-2022
RB-19360,OFF-AR-10001547,US-Eas-Ohi-Cin-45231,CA-2022-162572,SC-2022-09-162572,0.0,0.0,0.2,0.9282,26-09-2022
KW-16435,FUR-FU-10000023,US-Eas-New-New-10009,CA-2022-144904,SC-2022-10-144904,0.0,0.0,0.0,20.7328,26-09-2022
KW-16435,OFF-AR-10003732,US-Eas-New-New-10009,CA-2022-144904,SC-2022-10-144904,0.0,0.0,0.0,1.4456,26-09-2022
RB-19360,TEC-AC-10003628,US-Eas-Ohi-Cin-45231,CA-2022-162572,SC-2022-09-162572,0.0,0.0,0.2,35.988,26-09-2022
AG-10900,OFF-ST-10001476,US-Sou-Vir-Ric-23223,CA-2022-116939,SC-2022-09-116939,0.0,0.0,0.0,47.9385,26-09-2022
CT-11995,OFF-BI-10002976,US-Cen-Min-Roc-55901,CA-2022-162481,SC-2022-09-162481,0.0,0.0,0.0,3.8822,26-09-2022
CT-11995,FUR-CH-10003061,US-Cen-Min-Roc-55901,CA-2022-162481,SC-2022-09-162481,0.0,0.0,0.0,51.2943,26-09-2022
KW-16435,OFF-LA-10001158,US-Eas-New-New-10009,CA-2022-144904,SC-2022-10-144904,0.0,0.0,0.0,9.936,26-09-2022
AH-10075,OFF-BI-10003476,US-Eas-Pen-Che-19013,CA-2022-112004,FC-2022-09-112004,0.0,0.0,0.7,-6.303,26-09-2022
SL-20155,OFF-AR-10003251,US-Wes-Ore-Sal-97301,CA-2022-156391,FC-2022-09-156391,0.0,0.0,0.2,0.556,27-09-2022
RA-19885,OFF-BI-10003925,US-Wes-Cal-San-94109,US-2022-106145,SC-2022-09-106145,0.0,0.0,0.2,314.2719,27-09-2022
RA-19885,OFF-BI-10002215,US-Wes-Cal-San-94109,US-2022-106145,SC-2022-09-106145,0.0,0.0,0.2,5.538,27-09-2022
RA-19885,OFF-EN-10001028,US-Wes-Cal-San-94109,US-2022-106145,SC-2022-09-106145,0.0,0.0,0.0,33.0648,27-09-2022
SJ-20125,FUR-CH-10003298,US-Sou-Flo-Mir-33023,CA-2022-129490,SC-2022-10-129490,0.0,0.0,0.2,-57.6312,27-09-2022
RA-19885,FUR-FU-10003829,US-Wes-Cal-San-94109,US-2022-106145,SC-2022-09-106145,0.0,0.0,0.0,2.9568,27-09-2022
RA-19885,OFF-PA-10002245,US-Wes-Cal-San-94109,US-2022-106145,SC-2022-09-106145,0.0,0.0,0.0,16.146,27-09-2022
SP-20860,OFF-PA-10001800,US-Sou-Flo-Jac-32216,CA-2022-160017,SC-2022-10-160017,0.0,0.0,0.2,3.6288,29-09-2022
CM-12160,OFF-SU-10001935,US-Cen-Tex-Bro-78521,US-2022-139955,SC-2022-10-139955,0.0,0.0,0.2,-0.3488,29-09-2022
SF-20965,OFF-BI-10004094,US-Eas-Pen-Phi-19134,CA-2022-152205,SC-2022-10-152205,0.0,0.0,0.7,-1.8585,29-09-2022
BD-11725,FUR-FU-10001706,US-Wes-Cal-Los-90032,CA-2022-101574,SC-2022-10-101574,0.0,0.0,0.0,4.4352,29-09-2022
DS-13030,FUR-FU-10001979,US-Wes-Col-Aur-80013,US-2022-125717,FC-2022-10-125717,0.0,0.0,0.2,3.2776,29-09-2022
DS-13030,TEC-AC-10003657,US-Wes-Col-Aur-80013,US-2022-125717,FC-2022-10-125717,0.0,0.0,0.2,1.3596,29-09-2022
DS-13030,OFF-BI-10001718,US-Wes-Col-Aur-80013,US-2022-125717,FC-2022-10-125717,0.0,0.0,0.7,-58.8616,29-09-2022
DS-13030,OFF-PA-10003022,US-Wes-Col-Aur-80013,US-2022-125717,FC-2022-10-125717,0.0,0.0,0.2,5.2026,29-09-2022
DS-13030,OFF-ST-10001522,US-Wes-Col-Aur-80013,US-2022-125717,FC-2022-10-125717,0.0,0.0,0.2,-29.4368,29-09-2022
DS-13030,OFF-AP-10000891,US-Wes-Col-Aur-80013,US-2022-125717,FC-2022-10-125717,0.0,0.0,0.2,26.224,29-09-2022
MG-17680,FUR-CH-10003774,US-Eas-Ohi-Men-44060,CA-2022-121300,SC-2022-09-121300,0.0,0.0,0.3,-15.4666,30-09-2022
JK-15730,OFF-SU-10000898,US-Wes-Cal-Lod-95240,CA-2022-137918,SC-2022-10-137918,0.0,0.0,0.0,28.217,30-09-2022
MG-17680,TEC-AC-10004571,US-Eas-Ohi-Men-44060,CA-2022-121300,SC-2022-09-121300,0.0,0.0,0.2,65.9934,30-09-2022
MG-17680,FUR-TA-10004442,US-Eas-Ohi-Men-44060,CA-2022-121300,SC-2022-09-121300,0.0,0.0,0.4,-189.321,30-09-2022
PG-18820,OFF-FA-10002280,US-Wes-Cal-Bak-93309,CA-2022-140186,FC-2022-10-140186,0.0,0.0,0.0,16.8,30-09-2022
MG-17680,OFF-PA-10002787,US-Eas-Ohi-Men-44060,CA-2022-121300,SC-2022-09-121300,0.0,0.0,0.2,5.4432,30-09-2022
MG-17680,FUR-FU-10004586,US-Eas-Ohi-Men-44060,CA-2022-121300,SC-2022-09-121300,0.0,0.0,0.2,7.4368,30-09-2022
MG-17680,OFF-PA-10002606,US-Eas-Ohi-Men-44060,CA-2022-121300,SC-2022-09-121300,0.0,0.0,0.2,2.64,30-09-2022
SC-20575,OFF-AR-10002067,US-Wes-Cal-Los-90036,US-2022-141509,FC-2022-10-141509,0.0,0.0,0.0,25.792,30-09-2022
AS-10630,OFF-EN-10000461,US-Cen-Tex-Pas-77506,CA-2022-100314,SC-2022-10-100314,0.0,0.0,0.2,9.4392,30-09-2022
AS-10630,OFF-LA-10001569,US-Cen-Tex-Pas-77506,CA-2022-100314,SC-2022-10-100314,0.0,0.0,0.2,2.5896,30-09-2022
JO-15280,OFF-ST-10001418,US-Sou-Ten-Mem-38109,CA-2022-118402,SC-2022-10-118402,0.0,0.0,0.2,-54.882,30-09-2022
FH-14365,OFF-EN-10004846,US-Eas-New-Hem-11550,CA-2022-126676,FC-2022-10-126676,0.0,0.0,0.0,3.9102,30-09-2022
PG-18820,OFF-AP-10002578,US-Wes-Cal-Bak-93309,CA-2022-140186,FC-2022-10-140186,0.0,0.0,0.0,25.4384,30-09-2022
AS-10630,TEC-MA-10003066,US-Cen-Tex-Pas-77506,CA-2022-100314,SC-2022-10-100314,0.0,0.0,0.4,44.868,30-09-2022
PG-18820,FUR-FU-20004848,US-Wes-Cal-Bak-93309,CA-2022-140186,FC-2022-10-140186,0.0,0.0,0.0,15.525,30-09-2022
JA-15970,OFF-PA-10004996,US-Eas-New-Mou-10550,CA-2022-128335,SC-2022-10-128335,0.0,0.0,0.0,24.2285,30-09-2022
PG-18820,OFF-BI-10003364,US-Wes-Cal-Bak-93309,CA-2022-140186,FC-2022-10-140186,0.0,0.0,0.2,16.3352,30-09-2022
JA-15970,OFF-EN-10001539,US-Eas-New-Mou-10550,CA-2022-128335,SC-2022-10-128335,0.0,0.0,0.0,10.9698,30-09-2022
PG-18820,FUR-CH-10002961,US-Wes-Cal-Bak-93309,CA-2022-140186,FC-2022-10-140186,0.0,0.0,0.2,0.0,30-09-2022
ME-18010,OFF-ST-10000563,US-Eas-Ohi-Mar-43302,CA-2022-148138,SC-2022-10-148138,0.0,0.0,0.2,-6.396,30-09-2022
AH-10120,OFF-AR-10003651,US-Cen-Tex-Dal-75217,CA-2022-131632,SC-2022-11-131632,0.0,0.0,0.2,0.5904,01-11-2022
CY-12745,OFF-EN-10001137,US-Cen-Ill-Chi-60610,CA-2022-117114,SC-2022-11-117114,0.0,0.0,0.2,3.2214,01-11-2022
CY-12745,TEC-PH-10004042,US-Cen-Ill-Chi-60610,CA-2022-117114,SC-2022-11-117114,0.0,0.0,0.2,38.1576,01-11-2022
SF-20065,OFF-PA-10001033,US-Eas-Mas-Eve-2149,CA-2022-104136,SC-2022-11-104136,0.0,0.0,0.0,20.0851,02-11-2022
SF-20200,OFF-BI-10001308,US-Wes-Was-Bel-98226,CA-2022-123967,SC-2022-11-123967,0.0,0.0,0.2,7.85,02-11-2022
SF-20200,FUR-TA-10003954,US-Wes-Was-Bel-98226,CA-2022-123967,SC-2022-11-123967,0.0,0.0,0.0,239.9058,02-11-2022
SF-20065,OFF-PA-10004243,US-Eas-Mas-Eve-2149,CA-2022-104136,SC-2022-11-104136,0.0,0.0,0.0,91.056,02-11-2022
TH-21115,FUR-FU-10001847,US-Eas-Pen-Phi-19140,CA-2022-127782,SC-2022-11-127782,0.0,0.0,0.2,0.6624,03-11-2022
TB-21175,OFF-EN-10004846,US-Sou-Ken-Hen-42420,CA-2022-143567,SC-2022-11-143567,0.0,0.0,0.0,2.6068,03-11-2022
GG-14650,OFF-AR-10001958,US-Cen-Ill-Blo-61701,US-2022-145597,FC-2022-11-145597,0.0,0.0,0.2,5.4336,03-11-2022
KM-16225,OFF-FA-10003495,US-Cen-Kan-Ove-66212,CA-2022-116358,SC-2022-11-116358,0.0,0.0,0.0,9.12,03-11-2022
KM-16225,OFF-AR-10004685,US-Cen-Kan-Ove-66212,CA-2022-116358,SC-2022-11-116358,0.0,0.0,0.0,9.1674,03-11-2022
CS-12505,OFF-AP-10003040,US-Wes-Cal-Los-90036,US-2022-115609,SC-2022-11-115609,0.0,0.0,0.0,43.706,03-11-2022
TH-21115,OFF-AP-10001962,US-Eas-Pen-Phi-19140,CA-2022-127782,SC-2022-11-127782,0.0,0.0,0.2,1.2585,03-11-2022
KH-16630,OFF-PA-10000791,US-Wes-Was-Sea-98105,CA-2022-164049,SC-2022-11-164049,0.0,0.0,0.0,10.7325,03-11-2022
BG-11035,OFF-AR-10000246,US-Sou-Vir-Spr-22153,CA-2022-169005,SC-2022-11-169005,0.0,0.0,0.0,1.4456,03-11-2022
NP-18670,OFF-AP-10001962,US-Cen-Mis-Sai-63116,CA-2022-167227,FC-2022-11-167227,0.0,0.0,0.0,20.975,03-11-2022
SR-20425,FUR-CH-10001973,US-Eas-Ohi-Spr-45503,CA-2022-120061,SC-2022-11-120061,0.0,0.0,0.3,-35.5136,03-11-2022
AR-10825,OFF-SU-10000646,US-Eas-Ohi-Col-43229,CA-2022-141425,SC-2022-11-141425,0.0,0.0,0.2,-81.7258,03-11-2022
JB-16000,OFF-PA-10001800,US-Wes-Uta-Sal-84106,CA-2022-168179,SC-2022-11-168179,0.0,0.0,0.0,9.3312,03-11-2022
NL-18310,OFF-EN-10001335,US-Wes-Cal-Dan-94526,US-2022-163790,SC-2022-11-163790,0.0,0.0,0.0,38.29,03-11-2022
NL-18310,OFF-AR-10003469,US-Wes-Cal-Dan-94526,US-2022-163790,SC-2022-11-163790,0.0,0.0,0.0,4.224,03-11-2022
TB-21175,TEC-AC-10004145,US-Sou-Ken-Hen-42420,CA-2022-143567,SC-2022-11-143567,0.0,0.0,0.0,517.4793,03-11-2022
TH-21115,TEC-PH-10001817,US-Eas-Pen-Phi-19140,CA-2022-127782,SC-2022-11-127782,0.0,0.0,0.4,-186.16,03-11-2022
TB-21175,OFF-ST-10001580,US-Sou-Ken-Hen-42420,CA-2022-143567,SC-2022-11-143567,0.0,0.0,0.0,16.7776,03-11-2022
NL-18310,OFF-BI-10003718,US-Wes-Cal-Dan-94526,US-2022-163790,SC-2022-11-163790,0.0,0.0,0.2,206.6232,03-11-2022
NL-18310,OFF-FA-10004838,US-Wes-Cal-Dan-94526,US-2022-163790,SC-2022-11-163790,0.0,0.0,0.0,0.1674,03-11-2022
NL-18310,FUR-FU-10002508,US-Wes-Cal-Dan-94526,US-2022-163790,SC-2022-11-163790,0.0,0.0,0.0,10.5084,03-11-2022
NL-18310,OFF-ST-10001511,US-Wes-Cal-Dan-94526,US-2022-163790,SC-2022-11-163790,0.0,0.0,0.0,22.6275,03-11-2022
NP-18670,OFF-PA-10001838,US-Cen-Mis-Sai-63116,CA-2022-167227,FC-2022-11-167227,0.0,0.0,0.0,5.7624,03-11-2022
TH-21115,OFF-EN-10003845,US-Eas-Pen-Phi-19140,CA-2022-127782,SC-2022-11-127782,0.0,0.0,0.2,2.8782,03-11-2022
TB-21175,FUR-CH-10000454,US-Sou-Ken-Hen-42420,CA-2022-143567,SC-2022-11-143567,0.0,0.0,0.0,292.776,03-11-2022
JO-15145,OFF-BI-10002393,US-Wes-Was-Sea-98103,US-2022-168802,SC-2022-11-168802,0.0,0.0,0.2,5.9696,04-11-2022
BG-11740,FUR-TA-10001086,US-Wes-Cal-Bak-93309,CA-2022-135419,SC-2022-11-135419,0.0,0.0,0.2,36.4776,04-11-2022
JC-16105,OFF-LA-10004484,US-Sou-Geo-Atl-30318,CA-2022-126046,SC-2022-11-126046,0.0,0.0,0.0,5.6994,04-11-2022
EJ-14155,TEC-AC-10002345,US-Wes-Was-Sea-98105,US-2022-110989,SC-2022-11-110989,0.0,0.0,0.0,10.875,04-11-2022
CR-12580,FUR-TA-10001095,US-Wes-Cal-San-92037,US-2022-105998,FC-2022-11-105998,0.0,0.0,0.2,20.9148,04-11-2022
JM-16195,OFF-PA-10003673,US-Sou-Nor-Wil-28403,CA-2022-130834,SC-2022-11-130834,0.0,0.0,0.2,5.2884,04-11-2022
CR-12580,TEC-AC-10004469,US-Wes-Cal-San-92037,US-2022-105998,FC-2022-11-105998,0.0,0.0,0.0,87.89,04-11-2022
DM-13015,OFF-BI-10000216,US-Eas-Pen-Phi-19143,CA-2022-110429,SC-2022-11-110429,0.0,0.0,0.7,-7.782,04-11-2022
DK-13090,OFF-AR-10004010,US-Sou-Flo-Orl-32839,CA-2022-100622,SC-2022-11-100622,0.0,0.0,0.2,4.1988,04-11-2022
DK-13090,OFF-BI-10002982,US-Sou-Flo-Orl-32839,CA-2022-100622,SC-2022-11-100622,0.0,0.0,0.7,-2.9964,04-11-2022
DK-13090,TEC-CO-10003236,US-Sou-Flo-Orl-32839,CA-2022-100622,SC-2022-11-100622,0.0,0.0,0.2,311.9948,04-11-2022
DL-12925,OFF-PA-10000327,US-Cen-Min-Eag-55122,CA-2022-121615,SC-2022-11-121615,0.0,0.0,0.0,3.852,04-11-2022
DL-12925,OFF-ST-10001325,US-Cen-Min-Eag-55122,CA-2022-121615,SC-2022-11-121615,0.0,0.0,0.0,14.148,04-11-2022
DL-12925,OFF-LA-10001771,US-Cen-Min-Eag-55122,CA-2022-121615,SC-2022-11-121615,0.0,0.0,0.0,6.8724,04-11-2022
DL-13330,FUR-FU-10000629,US-Wes-New-Las-88001,CA-2022-143329,SC-2022-11-143329,0.0,0.0,0.0,17.3754,04-11-2022
PJ-18835,OFF-PA-10001215,US-Sou-Ken-Ric-40475,CA-2022-103009,SC-2022-11-103009,0.0,0.0,0.0,11.88,04-11-2022
DJ-13510,FUR-FU-10001967,US-Sou-Ten-Mur-37130,CA-2022-153339,SC-2022-11-153339,0.0,0.0,0.2,0.9995,04-11-2022
PG-18895,OFF-PA-10003022,US-Wes-Cal-San-94109,CA-2022-148320,SC-2022-11-148320,0.0,0.0,0.0,17.5812,04-11-2022
PB-19105,TEC-AC-10001553,US-Eas-Pen-Phi-19140,US-2022-101518,SC-2022-11-101518,0.0,0.0,0.2,0.5097,04-11-2022
BF-11275,TEC-PH-10002549,US-Sou-Flo-Mia-33178,CA-2022-161130,SC-2022-11-161130,0.0,0.0,0.2,27.1032,04-11-2022
KC-16675,OFF-PA-10000157,US-Wes-Was-Sea-98105,CA-2022-142636,SC-2022-11-142636,0.0,0.0,0.0,65.7342,04-11-2022
KC-16675,FUR-CH-10001891,US-Wes-Was-Sea-98105,CA-2022-142636,SC-2022-11-142636,0.0,0.0,0.2,26.8744,04-11-2022
DK-13090,OFF-PA-10002947,US-Sou-Flo-Orl-32839,CA-2022-100622,SC-2022-11-100622,0.0,0.0,0.2,3.7408,04-11-2022
HG-14965,TEC-AC-10002323,US-Eas-Ohi-Lan-43130,US-2022-122672,SC-2022-11-122672,0.0,0.0,0.2,-6.188,05-11-2022
KL-16555,FUR-TA-10004575,US-Sou-Nor-Gre-27405,CA-2022-147760,FC-2022-11-147760,0.0,0.0,0.4,-192.0468,05-11-2022
GT-14635,TEC-MA-10004125,US-Sou-Nor-Bur-27217,US-2022-168116,SC-2022-11-168116,0.0,0.0,0.5,-3839.9904,05-11-2022
HG-14965,OFF-ST-10002344,US-Eas-Ohi-Lan-43130,US-2022-122672,SC-2022-11-122672,0.0,0.0,0.2,-43.7292,05-11-2022
KL-16555,TEC-PH-10002483,US-Sou-Nor-Gre-27405,CA-2022-147760,FC-2022-11-147760,0.0,0.0,0.2,118.9965,05-11-2022
KM-16375,OFF-AR-10000657,US-Sou-Ark-Spr-72762,CA-2022-159135,SC-2022-11-159135,0.0,0.0,0.0,1.419,05-11-2022
SZ-20035,OFF-LA-10003923,US-Cen-Tex-Gra-75051,CA-2022-105144,SC-2022-11-105144,0.0,0.0,0.2,8.88,05-11-2022
JL-15175,OFF-PA-10001560,US-Sou-Ten-Col-38401,US-2022-156083,SC-2022-11-156083,0.0,0.0,0.2,3.2616,05-11-2022
GT-14635,OFF-AP-10002457,US-Sou-Nor-Bur-27217,US-2022-168116,SC-2022-11-168116,0.0,0.0,0.2,14.651,05-11-2022
CA-12265,OFF-BI-10004364,US-Sou-Ten-Cha-37421,CA-2022-102610,SC-2022-11-102610,0.0,0.0,0.7,-2.97,05-11-2022
FM-14290,OFF-ST-10002485,US-Cen-Tex-Bry-77803,CA-2022-121160,SC-2022-11-121160,0.0,0.0,0.2,-12.5286,05-11-2022
CA-12265,OFF-LA-10002195,US-Sou-Ten-Cha-37421,CA-2022-102610,SC-2022-11-102610,0.0,0.0,0.2,1.7248,05-11-2022
FM-14290,OFF-BI-10004040,US-Cen-Tex-Bry-77803,CA-2022-121160,SC-2022-11-121160,0.0,0.0,0.8,-6.4232,05-11-2022
FM-14290,OFF-BI-10003094,US-Cen-Tex-Bry-77803,CA-2022-121160,SC-2022-11-121160,0.0,0.0,0.8,-2.3232,05-11-2022
FM-14290,OFF-BI-10001308,US-Cen-Tex-Bry-77803,CA-2022-121160,SC-2022-11-121160,0.0,0.0,0.8,-13.188,05-11-2022
CA-12265,TEC-AC-10000303,US-Sou-Ten-Cha-37421,CA-2022-102610,SC-2022-11-102610,0.0,0.0,0.2,15.5961,05-11-2022
CA-12265,TEC-PH-10000127,US-Sou-Ten-Cha-37421,CA-2022-102610,SC-2022-11-102610,0.0,0.0,0.2,-32.3838,05-11-2022
CD-12280,FUR-TA-10003469,US-Eas-New-New-10024,CA-2022-102925,SC-2022-11-102925,0.0,0.0,0.4,-66.6,06-11-2022
CD-12280,TEC-PH-10001448,US-Eas-New-New-10024,CA-2022-102925,SC-2022-11-102925,0.0,0.0,0.0,3.9992,06-11-2022
AB-10060,OFF-PA-10003673,US-Cen-Ind-Gre-46142,CA-2022-118213,FC-2022-11-118213,0.0,0.0,0.0,31.188,06-11-2022
AH-10195,OFF-BI-10000474,US-Cen-Ill-Chi-60623,CA-2022-154732,FC-2022-11-154732,0.0,0.0,0.8,-25.648,06-11-2022
CD-12280,OFF-PA-10004071,US-Eas-New-New-10024,CA-2022-102925,SC-2022-11-102925,0.0,0.0,0.0,53.2608,06-11-2022
TS-21610,OFF-BI-10003274,US-Wes-Ari-Pho-85023,US-2022-107272,SC-2022-11-107272,0.0,0.0,0.7,-1.8308,06-11-2022
CD-12280,OFF-BI-10002735,US-Eas-New-New-10024,CA-2022-102925,SC-2022-11-102925,0.0,0.0,0.2,55.5822,06-11-2022
CD-12280,FUR-CH-10004875,US-Eas-New-New-10024,CA-2022-102925,SC-2022-11-102925,0.0,0.0,0.1,24.2012,06-11-2022
CD-12280,OFF-BI-10002706,US-Eas-New-New-10024,CA-2022-102925,SC-2022-11-102925,0.0,0.0,0.2,3.7128,06-11-2022
CD-12280,OFF-PA-10001870,US-Eas-New-New-10024,CA-2022-102925,SC-2022-11-102925,0.0,0.0,0.0,6.2208,06-11-2022
AA-10645,OFF-PA-10003172,US-Wes-Cal-San-92105,CA-2022-157196,SC-2022-11-157196,0.0,0.0,0.0,6.2208,06-11-2022
EM-13825,TEC-PH-10003012,US-Cen-Tex-Dal-75081,CA-2022-114258,SC-2022-11-114258,0.0,0.0,0.2,55.4364,06-11-2022
SV-20935,TEC-AC-10001432,US-Eas-New-New-10009,CA-2022-116225,SC-2022-11-116225,0.0,0.0,0.0,171.93,06-11-2022
TS-21610,OFF-ST-10002974,US-Wes-Ari-Pho-85023,US-2022-107272,SC-2022-11-107272,0.0,0.0,0.2,30.499,06-11-2022
AB-10060,OFF-PA-10002615,US-Cen-Ind-Gre-46142,CA-2022-118213,FC-2022-11-118213,0.0,0.0,0.0,2.0286,06-11-2022
AB-10060,OFF-PA-10000565,US-Cen-Ind-Gre-46142,CA-2022-118213,FC-2022-11-118213,0.0,0.0,0.0,82.2906,06-11-2022
CD-12280,FUR-FU-10004245,US-Eas-New-New-10024,CA-2022-102925,SC-2022-11-102925,0.0,0.0,0.0,38.532,06-11-2022
RA-19885,TEC-AC-10003911,US-Wes-New-Far-87401,US-2022-111745,FC-2022-11-111745,0.0,0.0,0.0,54.3966,06-11-2022
CD-11980,OFF-PA-10003302,US-Eas-New-New-10011,CA-2022-144596,SC-2022-11-144596,0.0,0.0,0.0,149.9112,07-11-2022
JF-15565,OFF-PA-10001800,US-Sou-Nor-Fay-28314,CA-2022-167941,SC-2022-11-167941,0.0,0.0,0.2,10.8864,07-11-2022
JF-15565,OFF-BI-10002827,US-Sou-Nor-Fay-28314,CA-2022-167941,SC-2022-11-167941,0.0,0.0,0.7,-10.6176,07-11-2022
CC-12370,OFF-BI-10000145,US-Cen-Tex-Hou-77070,CA-2022-106691,SC-2022-11-106691,0.0,0.0,0.8,-1.9344,07-11-2022
LC-17050,FUR-FU-10003878,US-Cen-Tex-Dal-75217,US-2022-119319,SC-2022-11-119319,0.0,0.0,0.6,-19.864,07-11-2022
JF-15565,FUR-FU-10004671,US-Sou-Nor-Fay-28314,CA-2022-167941,SC-2022-11-167941,0.0,0.0,0.2,6.3612,07-11-2022
ML-17410,FUR-CH-10003774,US-Eas-Pen-Phi-19143,CA-2022-154109,SC-2022-11-154109,0.0,0.0,0.3,-30.9332,07-11-2022
FM-14290,TEC-AC-10003441,US-Wes-Cal-San-94122,US-2022-153948,SC-2022-11-153948,0.0,0.0,0.0,1.017,07-11-2022
CC-12430,OFF-PA-10003127,US-Cen-Min-Min-55407,CA-2022-125290,SC-2022-11-125290,0.0,0.0,0.0,12.1348,07-11-2022
ZC-21910,OFF-EN-10001219,US-Wes-Cal-Los-90045,CA-2022-100013,SC-2022-11-100013,0.0,0.0,0.0,7.4872,07-11-2022
VM-21685,OFF-ST-10001414,US-Eas-New-Wes-7090,CA-2022-107720,SC-2022-11-107720,0.0,0.0,0.0,12.0276,07-11-2022
ZC-21910,FUR-FU-10001424,US-Wes-Cal-Los-90045,CA-2022-100013,SC-2022-11-100013,0.0,0.0,0.0,2.9682,07-11-2022
AB-10060,FUR-TA-10004575,US-Wes-Was-Sea-98105,CA-2022-107174,SC-2022-11-107174,0.0,0.0,0.0,366.6348,07-11-2022
ML-17410,OFF-PA-10000157,US-Eas-Pen-Phi-19143,CA-2022-154109,SC-2022-11-154109,0.0,0.0,0.2,16.1838,07-11-2022
FM-14290,OFF-LA-10000414,US-Wes-Cal-San-94122,US-2022-153948,SC-2022-11-153948,0.0,0.0,0.0,19.872,07-11-2022
ZC-21910,OFF-AR-10001022,US-Wes-Cal-Los-90045,CA-2022-100013,SC-2022-11-100013,0.0,0.0,0.0,1.7608,07-11-2022
CC-12430,OFF-AR-10001216,US-Cen-Min-Min-55407,CA-2022-125290,SC-2022-11-125290,0.0,0.0,0.0,3.614,07-11-2022
JF-15565,OFF-ST-10000736,US-Sou-Nor-Fay-28314,CA-2022-167941,SC-2022-11-167941,0.0,0.0,0.2,-51.8272,07-11-2022
AB-10060,FUR-CH-10003312,US-Wes-Was-Sea-98105,CA-2022-107174,SC-2022-11-107174,0.0,0.0,0.2,-73.0548,07-11-2022
HG-14845,OFF-ST-10000615,US-Cen-Tex-Dal-75220,CA-2022-150504,SC-2022-11-150504,0.0,0.0,0.2,1.816,07-11-2022
JF-15565,OFF-AP-10002118,US-Sou-Nor-Fay-28314,CA-2022-167941,SC-2022-11-167941,0.0,0.0,0.2,43.7136,07-11-2022
VB-21745,OFF-PA-10003845,US-Sou-Ken-Ric-40475,CA-2022-154816,SC-2022-11-154816,0.0,0.0,0.0,2.8322,07-11-2022
RB-19705,OFF-BI-10004738,US-Wes-Ore-Por-97206,US-2022-109484,SC-2022-11-109484,0.0,0.0,0.7,-3.788,07-11-2022
FM-14290,OFF-PA-10000157,US-Wes-Cal-San-94122,US-2022-153948,SC-2022-11-153948,0.0,0.0,0.0,28.1718,07-11-2022
FM-14290,OFF-PA-10000143,US-Wes-Cal-San-94122,US-2022-153948,SC-2022-11-153948,0.0,0.0,0.0,12.672,07-11-2022
FM-14290,OFF-PA-10002764,US-Wes-Cal-San-94122,US-2022-153948,SC-2022-11-153948,0.0,0.0,0.0,22.2264,07-11-2022
AB-10060,TEC-AC-10001465,US-Wes-Was-Sea-98105,CA-2022-107174,SC-2022-11-107174,0.0,0.0,0.0,32.688,07-11-2022
PK-19075,OFF-AP-10000696,US-Eas-Del-New-19711,CA-2022-132346,SC-2022-11-132346,0.0,0.0,0.0,33.3102,08-11-2022
TS-21505,OFF-BI-10002982,US-Wes-Cal-San-94122,CA-2022-152737,SC-2022-11-152737,0.0,0.0,0.2,7.6272,08-11-2022
EP-13915,TEC-PH-10003811,US-Eas-Pen-Phi-19120,CA-2022-149888,SC-2022-11-149888,0.0,0.0,0.4,-71.994,08-11-2022
EC-14050,OFF-BI-10000756,US-Cen-Okl-Okl-73120,CA-2022-163188,SC-2022-11-163188,0.0,0.0,0.0,19.08,08-11-2022
TS-21505,TEC-AC-10004975,US-Wes-Cal-San-94122,CA-2022-152737,SC-2022-11-152737,0.0,0.0,0.0,145.134,08-11-2022
DB-13270,TEC-AC-10003289,US-Wes-Cal-Bre-94513,CA-2022-122504,SC-2022-11-122504,0.0,0.0,0.0,13.7931,08-11-2022
EP-13915,FUR-TA-10000849,US-Eas-Pen-Phi-19120,CA-2022-149888,SC-2022-11-149888,0.0,0.0,0.4,-140.1408,08-11-2022
FP-14320,TEC-AC-10002370,US-Eas-New-New-10024,CA-2022-113572,SC-2022-11-113572,0.0,0.0,0.0,2.5216,08-11-2022
KN-16390,FUR-CH-10000422,US-Eas-Mar-Cli-20735,CA-2022-113460,SC-2022-11-113460,0.0,0.0,0.0,43.6752,08-11-2022
DB-13270,TEC-PH-10002468,US-Wes-Cal-Bre-94513,CA-2022-122504,SC-2022-11-122504,0.0,0.0,0.2,66.6351,08-11-2022
KN-16450,FUR-FU-10003535,US-Eas-Mar-Bal-21215,CA-2022-155621,SC-2022-11-155621,0.0,0.0,0.0,112.422,09-11-2022
SR-20425,OFF-AR-10002818,US-Eas-New-New-10035,CA-2022-143658,SC-2022-11-143658,0.0,0.0,0.0,32.97,09-11-2022
BM-11650,OFF-ST-10003208,US-Eas-Mar-Col-21044,CA-2022-152912,SC-2022-11-152912,0.0,0.0,0.0,473.6106,10-11-2022
BM-11650,OFF-ST-10003208,US-Eas-Mar-Col-21044,CA-2022-152912,SC-2022-11-152912,0.0,0.0,0.0,157.8702,10-11-2022
JE-15745,FUR-FU-10000023,US-Wes-Cal-Oce-92054,US-2022-141852,SC-2022-11-141852,0.0,0.0,0.0,20.7328,10-11-2022
JB-15400,FUR-CH-10003061,US-Wes-Cal-Sun-94086,CA-2022-158246,FC-2022-11-158246,0.0,0.0,0.2,-2.6997,10-11-2022
BM-11650,TEC-AC-10004666,US-Eas-Mar-Col-21044,CA-2022-152912,SC-2022-11-152912,0.0,0.0,0.0,355.4466,10-11-2022
BM-11650,OFF-BI-10004728,US-Eas-Mar-Col-21044,CA-2022-152912,SC-2022-11-152912,0.0,0.0,0.0,4.4344,10-11-2022
PM-19135,TEC-AC-10002567,US-Sou-Flo-Jac-32216,CA-2022-159667,SC-2022-11-159667,0.0,0.0,0.2,38.3952,10-11-2022
MC-17590,TEC-AC-10004171,US-Wes-Cal-Coa-92236,CA-2022-159597,SC-2022-11-159597,0.0,0.0,0.0,43.9956,10-11-2022
MC-17590,OFF-ST-10002289,US-Wes-Cal-Coa-92236,CA-2022-159597,SC-2022-11-159597,0.0,0.0,0.0,3.178,10-11-2022
PN-18775,FUR-FU-10000629,US-Eas-New-New-10009,CA-2022-161018,SC-2022-11-161018,0.0,0.0,0.0,40.5426,10-11-2022
JE-15610,FUR-CH-10004675,US-Wes-Cal-San-92105,CA-2022-119494,SC-2022-11-119494,0.0,0.0,0.2,52.3392,10-11-2022
PM-19135,TEC-PH-10004094,US-Sou-Flo-Jac-32216,CA-2022-159667,SC-2022-11-159667,0.0,0.0,0.2,31.198,10-11-2022
MC-17845,OFF-AP-10004540,US-Wes-Was-Pas-99301,US-2022-128447,SC-2022-11-128447,0.0,0.0,0.0,112.224,11-11-2022
NC-18535,OFF-BI-10000088,US-Wes-Was-Sea-98105,CA-2022-163874,SC-2022-11-163874,0.0,0.0,0.2,9.5526,11-11-2022
ME-17320,FUR-CH-10001714,US-Wes-Cal-Los-90008,CA-2022-137624,SC-2022-11-137624,0.0,0.0,0.2,-36.2136,11-11-2022
AB-10600,OFF-BI-10001036,US-Wes-Ari-Tuc-85705,US-2022-155425,FC-2022-11-155425,0.0,0.0,0.7,-25.592,11-11-2022
GH-14425,TEC-AC-10001772,US-Wes-Cal-Mod-95351,CA-2022-141138,SC-2022-11-141138,0.0,0.0,0.0,43.5981,11-11-2022
AB-10600,TEC-MA-10003183,US-Wes-Ari-Tuc-85705,US-2022-155425,FC-2022-11-155425,0.0,0.0,0.7,-63.996,11-11-2022
DR-12940,OFF-BI-10004099,US-Sou-Flo-Hol-33021,CA-2022-142671,SC-2022-11-142671,0.0,0.0,0.7,-7.68,11-11-2022
AB-10600,TEC-PH-10002563,US-Wes-Ari-Tuc-85705,US-2022-155425,FC-2022-11-155425,0.0,0.0,0.2,15.1188,11-11-2022
AB-10600,TEC-AC-10001314,US-Wes-Ari-Tuc-85705,US-2022-155425,FC-2022-11-155425,0.0,0.0,0.2,-35.9928,11-11-2022
FH-14275,TEC-PH-20002200,US-Eas-New-New-10024,CA-2022-104640,SC-2022-11-104640,0.0,0.0,0.0,124.9552,11-11-2022
FH-14275,OFF-BI-10003925,US-Eas-New-New-10024,CA-2022-104640,SC-2022-11-104640,0.0,0.0,0.2,314.2719,11-11-2022
TB-21190,OFF-AR-10002221,US-Wes-Cal-Riv-92503,CA-2022-162096,SC-2022-11-162096,0.0,0.0,0.0,2.106,11-11-2022
MC-17845,OFF-BI-10001543,US-Wes-Was-Pas-99301,US-2022-128447,SC-2022-11-128447,0.0,0.0,0.2,10.0772,11-11-2022
EB-13750,FUR-FU-10001468,US-Cen-Tex-Rou-78664,CA-2022-161739,SC-2022-11-161739,0.0,0.0,0.6,-427.45,11-11-2022
AB-10600,FUR-CH-10003312,US-Wes-Ari-Tuc-85705,US-2022-155425,FC-2022-11-155425,0.0,0.0,0.2,-146.1096,11-11-2022
JL-15505,OFF-SU-10004661,US-Cen-Sou-Abe-57401,CA-2022-167976,SC-2022-11-167976,0.0,0.0,0.0,6.63,12-11-2022
BB-11545,OFF-AP-10002651,US-Sou-Flo-For-33311,CA-2022-158561,SC-2022-11-158561,0.0,0.0,0.2,130.2885,12-11-2022
ML-17755,OFF-PA-10004451,US-Eas-Ohi-Spr-45503,CA-2022-143455,SC-2022-11-143455,0.0,0.0,0.2,3.6288,12-11-2022
MH-18025,FUR-FU-10004090,US-Sou-Ten-Kno-37918,CA-2022-115448,FC-2022-11-115448,0.0,0.0,0.2,14.4495,12-11-2022
GA-14725,OFF-BI-10000977,US-Wes-Cal-Los-90036,CA-2022-110842,SC-2022-11-110842,0.0,0.0,0.2,39.52,12-11-2022
TD-20995,OFF-LA-10001045,US-Cen-Tex-Gar-75043,CA-2022-150959,FC-2022-11-150959,0.0,0.0,0.2,3.393,12-11-2022
GA-14725,OFF-PA-10000520,US-Wes-Cal-Los-90036,CA-2022-110842,SC-2022-11-110842,0.0,0.0,0.0,9.3312,12-11-2022
MT-17815,OFF-ST-10003324,US-Eas-New-New-10009,CA-2022-154137,SC-2022-11-154137,0.0,0.0,0.0,0.0,12-11-2022
TD-20995,OFF-BI-10001510,US-Cen-Tex-Gar-75043,CA-2022-150959,FC-2022-11-150959,0.0,0.0,0.8,-32.088,12-11-2022
PG-18820,TEC-PH-20004531,US-Cen-Tex-Dal-75081,US-2022-116491,FC-2022-11-116491,0.0,0.0,0.2,12.3144,12-11-2022
GA-14725,OFF-AP-10003971,US-Wes-Cal-Los-90036,CA-2022-110842,SC-2022-11-110842,0.0,0.0,0.0,2.8314,12-11-2022
WB-21850,OFF-FA-10004854,US-Cen-Iow-Urb-50322,CA-2022-120327,SC-2022-11-120327,0.0,0.0,0.0,21.5824,12-11-2022
EP-13915,OFF-AR-10004260,US-Cen-Mic-Det-48227,CA-2022-157483,SC-2022-11-157483,0.0,0.0,0.0,50.9208,12-11-2022
CG-12040,OFF-BI-10002949,US-Cen-Wis-Mil-53209,CA-2022-143217,SC-2022-11-143217,0.0,0.0,0.0,8.5728,12-11-2022
TB-21190,FUR-FU-10001424,US-Wes-Cal-Los-90045,CA-2022-148985,SC-2022-11-148985,0.0,0.0,0.0,11.8728,12-11-2022
LS-16975,FUR-FU-10001756,US-Cen-Tex-Dal-75081,CA-2022-164168,SC-2022-11-164168,0.0,0.0,0.6,-17.7072,13-11-2022
DK-13375,OFF-ST-10002574,US-Eas-Pen-Lan-17602,CA-2022-166835,SC-2022-11-166835,0.0,0.0,0.2,-55.256,13-11-2022
EM-14140,FUR-FU-10000305,US-Wes-Ari-Gle-85301,CA-2022-134915,SC-2022-11-134915,0.0,0.0,0.2,-5.6784,13-11-2022
SF-20965,TEC-AC-10003614,US-Eas-Ohi-Col-43229,CA-2022-122644,SC-2022-11-122644,0.0,0.0,0.2,3.0134,13-11-2022
NG-18355,TEC-PH-10002824,US-Eas-Ohi-New-43055,US-2022-116659,SC-2022-11-116659,0.0,0.0,0.4,-92.6955,13-11-2022
CS-12355,OFF-SU-10000381,US-Wes-Was-Sea-98115,CA-2022-164364,SC-2022-11-164364,0.0,0.0,0.0,8.0997,13-11-2022
CS-12355,OFF-LA-10004853,US-Wes-Was-Sea-98115,CA-2022-164364,SC-2022-11-164364,0.0,0.0,0.0,4.5816,13-11-2022
JE-15610,OFF-BI-10003460,US-Wes-Cal-Los-90036,US-2022-136707,FC-2022-11-136707,0.0,0.0,0.2,4.9056,13-11-2022
EM-14140,TEC-PH-10000347,US-Wes-Ari-Gle-85301,CA-2022-134915,SC-2022-11-134915,0.0,0.0,0.2,0.693,13-11-2022
MB-17305,OFF-AP-10004708,US-Wes-Was-Lon-98632,CA-2022-149944,SC-2022-11-149944,0.0,0.0,0.0,22.0748,13-11-2022
MB-17305,OFF-FA-10003495,US-Wes-Was-Lon-98632,CA-2022-149944,SC-2022-11-149944,0.0,0.0,0.0,9.12,13-11-2022
LB-16735,OFF-PA-10003651,US-Sou-Flo-Tal-32303,CA-2022-154088,SC-2022-11-154088,0.0,0.0,0.2,9.352,13-11-2022
EB-13705,OFF-BI-10003274,US-Eas-New-New-10024,CA-2022-134978,SC-2022-11-134978,0.0,0.0,0.2,5.373,13-11-2022
EP-13915,OFF-PA-10001846,US-Wes-Cal-Los-90032,US-2022-125808,SC-2022-11-125808,0.0,0.0,0.0,5.6644,13-11-2022
SF-20965,OFF-PA-10003673,US-Eas-Ohi-Col-43229,CA-2022-122644,SC-2022-11-122644,0.0,0.0,0.2,3.5256,13-11-2022
EM-14140,TEC-PH-10001459,US-Wes-Ari-Gle-85301,CA-2022-134915,SC-2022-11-134915,0.0,0.0,0.2,50.3988,13-11-2022
EM-14140,OFF-PA-10002160,US-Wes-Ari-Gle-85301,CA-2022-134915,SC-2022-11-134915,0.0,0.0,0.2,8.381,13-11-2022
LS-16975,OFF-BI-10000666,US-Cen-Tex-Dal-75081,CA-2022-164168,SC-2022-11-164168,0.0,0.0,0.8,-45.84,13-11-2022
LS-16975,OFF-ST-10002583,US-Cen-Tex-Dal-75081,CA-2022-164168,SC-2022-11-164168,0.0,0.0,0.2,-15.5904,13-11-2022
LS-16975,TEC-PH-10004908,US-Cen-Tex-Dal-75081,CA-2022-164168,SC-2022-11-164168,0.0,0.0,0.2,8.499,13-11-2022
LS-16975,OFF-EN-10001219,US-Cen-Tex-Dal-75081,CA-2022-164168,SC-2022-11-164168,0.0,0.0,0.2,4.4312,13-11-2022
NG-18430,OFF-ST-10003716,US-Cen-Tex-Aus-78745,CA-2022-130386,SC-2022-11-130386,0.0,0.0,0.2,-47.2542,13-11-2022
LS-16975,TEC-AC-10004568,US-Cen-Tex-Dal-75081,CA-2022-164168,SC-2022-11-164168,0.0,0.0,0.2,-0.5598,13-11-2022
EM-14140,TEC-AC-10001266,US-Wes-Ari-Gle-85301,CA-2022-134915,SC-2022-11-134915,0.0,0.0,0.2,13.0,13-11-2022
CS-12355,OFF-AR-10000315,US-Wes-Was-Sea-98115,CA-2022-164364,SC-2022-11-164364,0.0,0.0,0.0,2.3025,13-11-2022
DB-13120,OFF-PA-10002479,US-Wes-Cal-San-95051,CA-2022-160514,SC-2022-11-160514,0.0,0.0,0.0,4.752,13-11-2022
NG-18430,OFF-PA-10003823,US-Cen-Tex-Aus-78745,CA-2022-130386,SC-2022-11-130386,0.0,0.0,0.2,69.705,13-11-2022
NG-18430,OFF-PA-10002749,US-Cen-Tex-Aus-78745,CA-2022-130386,SC-2022-11-130386,0.0,0.0,0.2,5.8203,13-11-2022
EM-14140,FUR-CH-10004875,US-Wes-Ari-Gle-85301,CA-2022-134915,SC-2022-11-134915,0.0,0.0,0.2,9.9652,13-11-2022
DJ-13510,TEC-AC-10004227,US-Wes-Ari-Tem-85281,US-2022-132220,SC-2022-11-132220,0.0,0.0,0.2,-10.9116,13-11-2022
SB-20290,OFF-BI-10003196,US-Eas-Ohi-Spr-45503,US-2022-165344,FC-2022-11-165344,0.0,0.0,0.7,-7.48,14-11-2022
TC-21295,OFF-AR-10002335,US-Sou-Flo-Jup-33458,US-2022-153633,SC-2022-11-153633,0.0,0.0,0.2,0.1548,14-11-2022
KE-16420,OFF-ST-10000943,US-Cen-Tex-Dal-75220,CA-2022-113873,SC-2022-11-113873,0.0,0.0,0.2,6.1792,14-11-2022
KL-16645,TEC-PH-10003442,US-Wes-Cal-Dub-94568,US-2022-140312,SC-2022-11-140312,0.0,0.0,0.2,1.375,14-11-2022
KB-16600,TEC-PH-10004389,US-Eas-New-New-10009,CA-2022-159156,FC-2022-11-159156,0.0,0.0,0.0,163.787,14-11-2022
TT-21070,FUR-CH-10001215,US-Wes-Was-Sea-98103,CA-2022-122490,SC-2022-11-122490,0.0,0.0,0.2,150.294,14-11-2022
TT-21070,OFF-BI-10001718,US-Wes-Was-Sea-98103,CA-2022-122490,SC-2022-11-122490,0.0,0.0,0.2,190.0206,14-11-2022
TT-21070,OFF-ST-10000991,US-Wes-Was-Sea-98103,CA-2022-122490,SC-2022-11-122490,0.0,0.0,0.0,10.3473,14-11-2022
MN-17935,OFF-ST-10003716,US-Sou-Ten-Mem-38109,CA-2022-165204,SC-2022-11-165204,0.0,0.0,0.2,-63.0056,14-11-2022
ME-17320,OFF-AP-10004868,US-Cen-Tex-Hou-77095,US-2022-124926,SC-2022-11-124926,0.0,0.0,0.8,-24.7086,14-11-2022
SE-20110,TEC-AC-10000682,US-Wes-Cal-Oxn-93030,CA-2022-123624,SC-2022-11-123624,0.0,0.0,0.0,29.0325,14-11-2022
TT-21070,OFF-LA-10001613,US-Wes-Was-Sea-98103,CA-2022-122490,SC-2022-11-122490,0.0,0.0,0.0,4.2336,14-11-2022
SP-20620,TEC-PH-10003988,US-Eas-New-Buf-14215,CA-2022-112844,SC-2022-11-112844,0.0,0.0,0.0,12.208,14-11-2022
SP-20620,FUR-FU-10004845,US-Eas-New-Buf-14215,CA-2022-112844,SC-2022-11-112844,0.0,0.0,0.0,30.99,14-11-2022
SB-20290,TEC-MA-10002210,US-Eas-Ohi-Spr-45503,US-2022-165344,FC-2022-11-165344,0.0,0.0,0.7,-935.9595,14-11-2022
SB-20290,TEC-AC-10002399,US-Eas-Ohi-Spr-45503,US-2022-165344,FC-2022-11-165344,0.0,0.0,0.2,9.1296,14-11-2022
AD-10180,TEC-AC-10004114,US-Eas-New-Yon-10701,CA-2022-160416,SC-2022-11-160416,0.0,0.0,0.0,70.5028,14-11-2022
EM-14065,OFF-ST-10004634,US-Eas-New-New-10009,CA-2022-133620,SC-2022-11-133620,0.0,0.0,0.0,3.363,14-11-2022
CS-12400,OFF-ST-10003656,US-Cen-Ill-Chi-60623,US-2022-119662,FC-2022-11-119662,0.0,0.0,0.2,-48.9549,14-11-2022
CB-12025,TEC-AC-10000927,US-Sou-Ala-Dec-35601,US-2022-102904,SC-2022-11-102904,0.0,0.0,0.0,23.992,14-11-2022
KE-16420,FUR-BO-10003441,US-Cen-Tex-Dal-75220,CA-2022-113873,SC-2022-11-113873,0.0,0.0,0.32,-27.2646,14-11-2022
MN-17935,OFF-PA-10003424,US-Sou-Ten-Mem-38109,CA-2022-165204,SC-2022-11-165204,0.0,0.0,0.2,3.339,14-11-2022
PW-19030,OFF-ST-10003996,US-Eas-New-Wat-13601,CA-2022-137323,SC-2022-11-137323,0.0,0.0,0.0,25.0536,15-11-2022
XP-21865,OFF-AR-10003582,US-Cen-Tex-Pas-77506,US-2022-136679,SC-2022-11-136679,0.0,0.0,0.2,4.504,15-11-2022
AW-10930,OFF-EN-10004459,US-Cen-Min-Min-55407,US-2022-118157,FC-2022-11-118157,0.0,0.0,0.0,7.4872,15-11-2022
LW-16990,FUR-CH-10002965,US-Wes-Cal-San-94110,CA-2022-152142,SC-2022-11-152142,0.0,0.0,0.2,28.1372,15-11-2022
FO-14305,OFF-BI-10003669,US-Eas-New-New-10035,CA-2022-106943,SC-2022-11-106943,0.0,0.0,0.2,3.024,15-11-2022
XP-21865,TEC-AC-10004855,US-Cen-Tex-Pas-77506,US-2022-136679,SC-2022-11-136679,0.0,0.0,0.2,-27.2922,15-11-2022
TC-21295,OFF-BI-10003684,US-Cen-Tex-Hou-77095,CA-2022-142489,SC-2022-11-142489,0.0,0.0,0.8,-32.985,15-11-2022
CK-12595,TEC-PH-10000011,US-Eas-Ohi-Gro-43123,CA-2022-138611,SC-2022-11-138611,0.0,0.0,0.4,15.992,15-11-2022
JE-15715,OFF-AR-10003504,US-Wes-Cal-Los-90049,CA-2022-124261,SC-2022-11-124261,0.0,0.0,0.0,9.9296,15-11-2022
CK-12595,OFF-BI-10002949,US-Eas-Ohi-Gro-43123,CA-2022-138611,SC-2022-11-138611,0.0,0.0,0.7,-2.7968,15-11-2022
DK-12895,FUR-FU-10001488,US-Sou-Flo-Mir-33023,CA-2022-108112,SC-2022-11-108112,0.0,0.0,0.2,0.0,16-11-2022
DK-12895,FUR-FU-10003553,US-Sou-Flo-Mir-33023,CA-2022-108112,SC-2022-11-108112,0.0,0.0,0.2,55.016,16-11-2022
SW-20275,OFF-ST-10001963,US-Wes-Cal-San-92105,CA-2022-137022,SC-2022-11-137022,0.0,0.0,0.0,24.3384,17-11-2022
BM-11650,OFF-BI-10002949,US-Eas-Ohi-Ely-44035,CA-2022-121678,SC-2022-11-121678,0.0,0.0,0.7,-1.3984,17-11-2022
CC-12220,TEC-PH-10003171,US-Wes-Was-Sea-98103,US-2022-107888,FC-2022-11-107888,0.0,0.0,0.2,10.788,17-11-2022
CB-12415,OFF-PA-10004092,US-Eas-New-New-10009,US-2022-157896,SC-2022-11-157896,0.0,0.0,0.0,73.41,17-11-2022
BS-11380,OFF-AR-10004022,US-Eas-Ohi-Bow-43402,CA-2022-160633,SC-2022-11-160633,0.0,0.0,0.2,5.397,17-11-2022
BS-11380,TEC-CO-10002095,US-Eas-Ohi-Bow-43402,CA-2022-160633,SC-2022-11-160633,0.0,0.0,0.4,74.9985,17-11-2022
CC-12220,FUR-FU-10003394,US-Wes-Was-Sea-98103,US-2022-107888,FC-2022-11-107888,0.0,0.0,0.0,23.7864,17-11-2022
MH-18115,TEC-MA-10003173,US-Eas-New-Yon-10701,US-2022-114657,SC-2022-11-114657,0.0,0.0,0.0,24.1224,17-11-2022
JK-15370,OFF-ST-10002486,US-Wes-Cal-Fre-93727,CA-2022-100601,SC-2022-11-100601,0.0,0.0,0.0,0.9772,17-11-2022
CC-12220,OFF-ST-10003123,US-Wes-Was-Sea-98103,US-2022-107888,FC-2022-11-107888,0.0,0.0,0.0,7.9896,17-11-2022
MB-18085,FUR-FU-10001196,US-Wes-Cal-Ros-95661,CA-2022-122945,SC-2022-11-122945,0.0,0.0,0.0,5.193,17-11-2022
CM-12190,TEC-PH-10002583,US-Eas-New-Uti-13501,US-2022-118598,SC-2022-11-118598,0.0,0.0,0.0,5.997,17-11-2022
EK-13795,OFF-AR-10000255,US-Wes-Cal-Esc-92025,CA-2022-108091,SC-2022-11-108091,0.0,0.0,0.0,6.0736,17-11-2022
LC-16885,FUR-FU-10003268,US-Wes-Cal-Los-90049,CA-2022-157448,SC-2022-11-157448,0.0,0.0,0.0,23.988,17-11-2022
LC-16885,FUR-FU-10001847,US-Wes-Cal-Los-90049,CA-2022-157448,SC-2022-11-157448,0.0,0.0,0.0,4.4712,17-11-2022
CC-12220,OFF-PA-10001363,US-Wes-Was-Sea-98103,US-2022-107888,FC-2022-11-107888,0.0,0.0,0.0,34.6296,17-11-2022
MW-18235,TEC-MA-10000488,US-Wes-Cal-San-94122,CA-2022-136308,SC-2022-11-136308,0.0,0.0,0.2,215.9973,17-11-2022
BS-11380,TEC-AC-10002335,US-Eas-Ohi-Bow-43402,CA-2022-160633,SC-2022-11-160633,0.0,0.0,0.2,-1.7495,17-11-2022
GG-14650,OFF-BI-10002103,US-Wes-Was-Sea-98103,CA-2022-118122,SC-2022-11-118122,0.0,0.0,0.2,4.5188,18-11-2022
KH-16330,OFF-PA-10003205,US-Wes-Ore-Hil-97123,CA-2022-158120,SC-2022-11-158120,0.0,0.0,0.2,6.6177,18-11-2022
TB-21625,OFF-BI-10000050,US-Eas-Mar-Hag-21740,US-2022-116505,SC-2022-11-116505,0.0,0.0,0.0,20.586,18-11-2022
CK-12595,TEC-AC-10003174,US-Sou-Nor-Cha-28205,CA-2022-100902,SC-2022-11-100902,0.0,0.0,0.2,107.79,18-11-2022
XP-21865,OFF-AR-10001958,US-Eas-Mas-Eve-2149,CA-2022-138163,FC-2022-11-138163,0.0,0.0,0.0,14.2632,18-11-2022
RA-19885,TEC-AC-10001539,US-Sou-Geo-Ath-30605,CA-2022-163629,SC-2022-11-163629,0.0,0.0,0.0,28.7964,18-11-2022
RA-19885,TEC-PH-10004006,US-Sou-Geo-Ath-30605,CA-2022-163629,SC-2022-11-163629,0.0,0.0,0.0,55.647,18-11-2022
CS-12355,OFF-AP-10004036,US-Sou-Vir-Sal-24153,CA-2022-165687,SC-2022-11-165687,0.0,0.0,0.0,12.264,18-11-2022
KH-16330,OFF-BI-10002813,US-Wes-Ore-Hil-97123,CA-2022-158120,SC-2022-11-158120,0.0,0.0,0.7,-3.465,18-11-2022
CK-12595,OFF-PA-10002558,US-Sou-Nor-Cha-28205,CA-2022-100902,SC-2022-11-100902,0.0,0.0,0.2,93.884,18-11-2022
EG-13900,TEC-AC-10003610,US-Cen-Ill-Nap-60540,CA-2022-141719,SC-2022-11-141719,0.0,0.0,0.2,83.986,18-11-2022
HL-15040,TEC-CO-10004722,US-Eas-Del-New-19711,CA-2022-166709,SC-2022-11-166709,0.0,0.0,0.0,5039.9856,18-11-2022
VW-21775,OFF-ST-10000142,US-Eas-New-New-10011,CA-2022-128265,SC-2022-11-128265,0.0,0.0,0.0,349.3392,18-11-2022
CC-12370,OFF-PA-10004735,US-Eas-New-New-10011,US-2022-155866,SC-2022-11-155866,0.0,0.0,0.0,18.6624,18-11-2022
JB-16000,FUR-BO-10002202,US-Cen-Tex-Bro-78521,CA-2022-124674,SC-2022-11-124674,0.0,0.0,0.32,-14.4588,18-11-2022
RD-19930,FUR-CH-10000422,US-Cen-Ill-Chi-60623,CA-2022-160122,SC-2022-11-160122,0.0,0.0,0.3,-25.4772,19-11-2022
JS-15685,OFF-ST-10002301,US-Sou-Flo-Mir-33023,CA-2022-104864,SC-2022-11-104864,0.0,0.0,0.2,-19.323,19-11-2022
RD-19930,OFF-EN-10002592,US-Cen-Ill-Chi-60623,CA-2022-160122,SC-2022-11-160122,0.0,0.0,0.2,20.844,19-11-2022
CD-12280,OFF-ST-10003442,US-Wes-Was-Sea-98105,US-2022-132444,FC-2022-11-132444,0.0,0.0,0.0,45.8136,19-11-2022
CD-12280,TEC-AC-20003832,US-Wes-Was-Sea-98105,US-2022-132444,FC-2022-11-132444,0.0,0.0,0.0,54.3332,19-11-2022
CD-12280,OFF-FA-10000611,US-Wes-Was-Sea-98105,US-2022-132444,FC-2022-11-132444,0.0,0.0,0.0,1.4208,19-11-2022
JW-15220,OFF-AR-10001860,US-Eas-Ohi-Lak-44107,US-2022-158946,SC-2022-11-158946,0.0,0.0,0.2,7.7728,19-11-2022
CD-12280,OFF-BI-10001116,US-Wes-Was-Sea-98105,US-2022-132444,FC-2022-11-132444,0.0,0.0,0.2,2.9568,19-11-2022
NB-18655,OFF-ST-10001321,US-Cen-Wis-Mil-53209,CA-2022-107825,SC-2022-11-107825,0.0,0.0,0.0,24.9804,19-11-2022
ME-17320,FUR-FU-10002597,US-Cen-Mic-Sag-48601,CA-2022-143434,SC-2022-11-143434,0.0,0.0,0.0,8.2992,19-11-2022
NB-18655,OFF-ST-10000777,US-Cen-Wis-Mil-53209,CA-2022-107825,SC-2022-11-107825,0.0,0.0,0.0,10.5728,19-11-2022
DK-13090,TEC-PH-10000923,US-Eas-New-Lon-11561,CA-2022-104913,SC-2022-11-104913,0.0,0.0,0.0,36.7255,19-11-2022
NB-18655,FUR-FU-10000206,US-Cen-Wis-Mil-53209,CA-2022-107825,SC-2022-11-107825,0.0,0.0,0.0,2.7354,19-11-2022
CD-12280,OFF-ST-10000563,US-Wes-Was-Sea-98105,US-2022-132444,FC-2022-11-132444,0.0,0.0,0.0,9.594,19-11-2022
JS-15685,OFF-PA-10003309,US-Sou-Flo-Mir-33023,CA-2022-104864,SC-2022-11-104864,0.0,0.0,0.2,14.5152,19-11-2022
JS-15685,OFF-PA-10004609,US-Sou-Flo-Mir-33023,CA-2022-104864,SC-2022-11-104864,0.0,0.0,0.2,7.2576,19-11-2022
AF-10870,OFF-PA-10001977,US-Sou-Flo-Hom-33030,CA-2022-167871,SC-2022-11-167871,0.0,0.0,0.2,15.5344,19-11-2022
AF-10870,OFF-SU-10001225,US-Sou-Flo-Hom-33030,CA-2022-167871,SC-2022-11-167871,0.0,0.0,0.2,-0.6624,19-11-2022
JS-15685,OFF-BI-10001636,US-Sou-Flo-Mir-33023,CA-2022-104864,SC-2022-11-104864,0.0,0.0,0.7,-16.1856,19-11-2022
NB-18655,OFF-LA-10003720,US-Cen-Wis-Mil-53209,CA-2022-107825,SC-2022-11-107825,0.0,0.0,0.0,3.4686,19-11-2022
JS-15685,OFF-AP-10002684,US-Sou-Flo-Mir-33023,CA-2022-104864,SC-2022-11-104864,0.0,0.0,0.2,48.632,19-11-2022
JD-16150,OFF-AP-10003849,US-Eas-New-New-10011,CA-2022-168858,SC-2022-11-168858,0.0,0.0,0.0,626.185,20-11-2022
AP-10720,OFF-BI-10001628,US-Eas-New-New-10011,CA-2022-143021,SC-2022-11-143021,0.0,0.0,0.2,18.2525,20-11-2022
SC-20770,OFF-AR-10001915,US-Cen-Tex-San-78207,CA-2022-112529,FC-2022-11-112529,0.0,0.0,0.2,8.7384,20-11-2022
SC-20770,FUR-TA-10002622,US-Cen-Tex-San-78207,CA-2022-112529,FC-2022-11-112529,0.0,0.0,0.3,-71.8116,20-11-2022
JH-15910,FUR-TA-10002533,US-Cen-Ill-Chi-60623,US-2022-152380,SC-2022-11-152380,0.0,0.0,0.5,-131.445,20-11-2022
JD-16150,OFF-EN-10001415,US-Eas-New-New-10011,CA-2022-168858,SC-2022-11-168858,0.0,0.0,0.0,8.37,20-11-2022
AB-10150,FUR-FU-10001967,US-Cen-Tex-Car-75007,CA-2022-158876,SC-2022-11-158876,0.0,0.0,0.6,-13.993,20-11-2022
AB-10150,OFF-AR-10003373,US-Cen-Tex-Car-75007,CA-2022-158876,SC-2022-11-158876,0.0,0.0,0.2,8.6744,20-11-2022
AB-10150,OFF-SU-10001165,US-Cen-Tex-Car-75007,CA-2022-158876,SC-2022-11-158876,0.0,0.0,0.2,0.5004,20-11-2022
AB-10150,OFF-PA-10000308,US-Cen-Tex-Car-75007,CA-2022-158876,SC-2022-11-158876,0.0,0.0,0.2,5.28,20-11-2022
AP-10720,FUR-TA-10001676,US-Eas-New-New-10011,CA-2022-143021,SC-2022-11-143021,0.0,0.0,0.4,-29.3238,20-11-2022
AS-10135,OFF-BI-10000404,US-Eas-New-New-10035,CA-2022-162929,FC-2022-11-162929,0.0,0.0,0.2,13.932,20-11-2022
MC-18100,FUR-FU-10002685,US-Wes-Cal-Los-90049,CA-2022-126242,SC-2022-11-126242,0.0,0.0,0.0,7.106,20-11-2022
NC-18415,FUR-CH-10003774,US-Cen-Tex-Hou-77095,CA-2022-131254,FC-2022-11-131254,0.0,0.0,0.3,-46.3998,20-11-2022
DD-13570,OFF-FA-10000624,US-Sou-Vir-Ale-22304,CA-2022-110926,SC-2022-11-110926,0.0,0.0,0.0,12.53,20-11-2022
RB-19435,OFF-AR-10001177,US-Sou-Vir-Spr-22153,CA-2022-146458,SC-2022-11-146458,0.0,0.0,0.0,6.6584,20-11-2022
AS-10135,OFF-PA-10002986,US-Eas-New-New-10035,CA-2022-162929,FC-2022-11-162929,0.0,0.0,0.0,6.4128,20-11-2022
MC-18100,OFF-ST-10000675,US-Wes-Cal-Los-90049,CA-2022-126242,SC-2022-11-126242,0.0,0.0,0.0,76.2525,20-11-2022
KD-16345,TEC-PH-10000376,US-Wes-Cal-Wes-92683,CA-2022-121468,FC-2022-11-121468,0.0,0.0,0.2,2.3976,20-11-2022
AB-10105,FUR-FU-10004665,US-Sou-Ken-Hen-42420,CA-2022-101042,SC-2022-11-101042,0.0,0.0,0.0,213.6888,20-11-2022
AB-10105,OFF-BI-10000088,US-Sou-Ken-Hen-42420,CA-2022-101042,SC-2022-11-101042,0.0,0.0,0.0,10.7604,20-11-2022
NC-18415,OFF-AR-10003876,US-Cen-Tex-Hou-77095,CA-2022-131254,FC-2022-11-131254,0.0,0.0,0.2,3.912,20-11-2022
LC-16930,FUR-CH-10004675,US-Cen-Tex-San-76903,US-2022-137491,SC-2022-11-137491,0.0,0.0,0.3,-8.7232,20-11-2022
AF-10870,FUR-CH-10001973,US-Cen-Tex-Col-77840,US-2022-139969,SC-2022-11-139969,0.0,0.0,0.3,-53.2704,20-11-2022
NC-18415,OFF-BI-10003527,US-Cen-Tex-Hou-77095,CA-2022-131254,FC-2022-11-131254,0.0,0.0,0.8,-2287.782,20-11-2022
JH-15430,OFF-BI-10003984,US-Eas-Ohi-Cle-44105,US-2022-108014,SC-2022-11-108014,0.0,0.0,0.7,-45.9333,20-11-2022
CD-11920,FUR-BO-10003159,US-Eas-New-New-10035,CA-2022-111556,FC-2022-11-111556,0.0,0.0,0.2,-25.2956,21-11-2022
LP-17080,OFF-BI-10000069,US-Wes-Cal-San-94110,CA-2022-118731,SC-2022-11-118731,0.0,0.0,0.2,27.3182,21-11-2022
LP-17080,FUR-FU-10003347,US-Wes-Cal-San-94110,CA-2022-118731,SC-2022-11-118731,0.0,0.0,0.0,16.614,21-11-2022
CD-11920,OFF-PA-10003651,US-Eas-New-New-10035,CA-2022-111556,FC-2022-11-111556,0.0,0.0,0.0,22.4448,21-11-2022
KH-16330,FUR-FU-10000820,US-Eas-New-New-10035,CA-2022-120404,SC-2022-11-120404,0.0,0.0,0.0,9.1746,21-11-2022
KH-16330,TEC-PH-10001363,US-Eas-New-New-10035,CA-2022-120404,SC-2022-11-120404,0.0,0.0,0.0,170.997,21-11-2022
KA-16525,FUR-CH-10003956,US-Wes-Cal-Ont-91761,US-2022-110996,SC-2022-11-110996,0.0,0.0,0.2,-46.137,21-11-2022
CD-11920,OFF-AR-10004602,US-Eas-New-New-10035,CA-2022-111556,FC-2022-11-111556,0.0,0.0,0.0,19.3116,21-11-2022
ES-14020,FUR-CH-10001482,US-Sou-Ten-Jac-38301,CA-2022-103499,SC-2022-11-103499,0.0,0.0,0.2,-23.5764,21-11-2022
HG-15025,OFF-AR-10001026,US-Cen-Min-Lak-55044,CA-2022-146724,SC-2022-11-146724,0.0,0.0,0.0,9.68,21-11-2022
BT-11680,FUR-FU-10001861,US-Eas-Ohi-New-43055,US-2022-161193,SC-2022-11-161193,0.0,0.0,0.2,28.13,21-11-2022
JH-15430,OFF-AR-10000203,US-Sou-Nor-Bur-27217,CA-2022-121818,FC-2022-11-121818,0.0,0.0,0.2,2.6964,21-11-2022
JH-15430,OFF-AR-10004790,US-Sou-Nor-Bur-27217,CA-2022-121818,FC-2022-11-121818,0.0,0.0,0.2,1.7955,21-11-2022
KH-16330,TEC-AC-10003433,US-Eas-New-New-10035,CA-2022-120404,SC-2022-11-120404,0.0,0.0,0.0,1.3365,21-11-2022
CD-11920,TEC-PH-10001459,US-Eas-New-New-10035,CA-2022-111556,FC-2022-11-111556,0.0,0.0,0.0,327.5922,21-11-2022
BT-11680,FUR-FU-10000206,US-Eas-Ohi-New-43055,US-2022-161193,SC-2022-11-161193,0.0,0.0,0.2,1.5714,21-11-2022
SC-20050,FUR-FU-10000629,US-Sou-Ken-Hen-42420,CA-2022-154123,SC-2022-11-154123,0.0,0.0,0.0,11.5836,21-11-2022
CK-12205,TEC-MA-10002073,US-Wes-Was-Ren-98059,CA-2022-110443,SC-2022-11-110443,0.0,0.0,0.2,103.9992,22-11-2022
CK-12205,OFF-BI-10001670,US-Wes-Was-Ren-98059,CA-2022-110443,SC-2022-11-110443,0.0,0.0,0.2,56.55,22-11-2022
CK-12205,OFF-PA-10003797,US-Wes-Was-Ren-98059,CA-2022-110443,SC-2022-11-110443,0.0,0.0,0.0,24.8832,22-11-2022
BF-11005,TEC-PH-10004165,US-Wes-Cal-Pas-91104,CA-2022-103380,SC-2022-11-103380,0.0,0.0,0.2,49.4982,22-11-2022
HZ-14950,TEC-PH-10003555,US-Cen-Tex-Hou-77095,CA-2022-157420,SC-2022-11-157420,0.0,0.0,0.2,-12.4146,22-11-2022
BP-11230,FUR-TA-10004767,US-Wes-Was-Spo-99207,CA-2022-142888,SC-2022-11-142888,0.0,0.0,0.0,20.5842,22-11-2022
PJ-18835,OFF-BI-10001191,US-Wes-Cal-San-94122,CA-2022-105130,SC-2022-11-105130,0.0,0.0,0.2,14.7668,22-11-2022
BF-11005,OFF-AP-10001492,US-Wes-Cal-Pas-91104,CA-2022-103380,SC-2022-11-103380,0.0,0.0,0.0,2.2412,22-11-2022
SW-20275,FUR-FU-10003535,US-Eas-New-New-10035,CA-2022-107874,SC-2022-11-107874,0.0,0.0,0.0,11.2422,22-11-2022
BF-11005,OFF-FA-10004248,US-Wes-Cal-Pas-91104,CA-2022-103380,SC-2022-11-103380,0.0,0.0,0.0,3.5178,22-11-2022
BF-11005,OFF-AR-10003856,US-Wes-Cal-Pas-91104,CA-2022-103380,SC-2022-11-103380,0.0,0.0,0.0,1.4456,22-11-2022
BF-11005,OFF-ST-10003442,US-Wes-Cal-Pas-91104,CA-2022-103380,SC-2022-11-103380,0.0,0.0,0.0,15.2712,22-11-2022
CC-12475,OFF-PA-10001204,US-Eas-Pen-Phi-19143,CA-2022-100811,FC-2022-11-100811,0.0,0.0,0.2,2.64,22-11-2022
PJ-18835,OFF-AR-10003394,US-Wes-Cal-San-94122,CA-2022-105130,SC-2022-11-105130,0.0,0.0,0.0,3.1752,22-11-2022
CC-12475,OFF-ST-10002444,US-Eas-Pen-Phi-19143,CA-2022-100811,FC-2022-11-100811,0.0,0.0,0.2,3.9296,22-11-2022
FO-14305,OFF-AR-10000122,US-Cen-Tex-Hou-77070,CA-2022-144036,SC-2022-11-144036,0.0,0.0,0.2,2.232,23-11-2022
AH-10210,TEC-PH-10001305,US-Cen-Tex-Dal-75220,CA-2022-166919,SC-2022-11-166919,0.0,0.0,0.2,19.596,24-11-2022
JM-15265,OFF-BI-10001543,US-Cen-Mic-Can-48187,CA-2022-149160,SC-2022-11-149160,0.0,0.0,0.0,138.2016,24-11-2022
JP-15460,OFF-PA-10000477,US-Cen-Tex-Dal-75220,CA-2022-156622,FC-2022-11-156622,0.0,0.0,0.2,12.7008,24-11-2022
JM-15265,FUR-FU-10003347,US-Cen-Mic-Can-48187,CA-2022-149160,SC-2022-11-149160,0.0,0.0,0.0,11.076,24-11-2022
DC-12850,OFF-SU-10001935,US-Cen-Mic-Ros-48066,CA-2022-167017,FC-2022-11-167017,0.0,0.0,0.0,0.1744,24-11-2022
JM-15250,OFF-AR-10000390,US-Sou-Nor-Cha-28205,CA-2022-119004,SC-2022-11-119004,0.0,0.0,0.2,1.0738,24-11-2022
JP-15460,OFF-PA-10002923,US-Cen-Tex-Dal-75220,CA-2022-156622,FC-2022-11-156622,0.0,0.0,0.2,29.364,24-11-2022
JP-15460,FUR-TA-10003008,US-Cen-Tex-Dal-75220,CA-2022-156622,FC-2022-11-156622,0.0,0.0,0.3,-31.0335,24-11-2022
TD-20995,FUR-FU-10000320,US-Eas-Pen-Phi-19120,CA-2022-103156,FC-2022-11-103156,0.0,0.0,0.2,7.2144,24-11-2022
JP-15460,OFF-BI-10003707,US-Cen-Tex-Dal-75220,CA-2022-156622,FC-2022-11-156622,0.0,0.0,0.8,-9.156,24-11-2022
CM-12385,TEC-PH-10004447,US-Cen-Ill-Chi-60610,CA-2022-119746,SC-2022-11-119746,0.0,0.0,0.2,16.6788,24-11-2022
CM-12385,OFF-LA-10001613,US-Cen-Ill-Chi-60610,CA-2022-119746,SC-2022-11-119746,0.0,0.0,0.2,4.176,24-11-2022
CS-12250,OFF-PA-10004285,US-Cen-Ill-Chi-60623,CA-2022-148992,SC-2022-11-148992,0.0,0.0,0.2,3.7408,24-11-2022
FH-14275,OFF-BI-10001658,US-Eas-Pen-Phi-19120,CA-2022-107832,SC-2022-11-107832,0.0,0.0,0.7,-5.9808,24-11-2022
CM-12385,FUR-FU-10004909,US-Cen-Ill-Chi-60610,CA-2022-119746,SC-2022-11-119746,0.0,0.0,0.6,-4.04,24-11-2022
JM-15250,TEC-AC-10003499,US-Sou-Nor-Cha-28205,CA-2022-119004,SC-2022-11-119004,0.0,0.0,0.2,17.6016,24-11-2022
JM-15250,TEC-PH-10002844,US-Sou-Nor-Cha-28205,CA-2022-119004,SC-2022-11-119004,0.0,0.0,0.2,2.0994,24-11-2022
KA-16525,OFF-AR-10003759,US-Eas-New-New-10035,CA-2022-168641,SC-2022-12-168641,0.0,0.0,0.0,7.371,25-11-2022
GT-14710,OFF-FA-10004248,US-Cen-Tex-Hou-77070,CA-2022-101945,SC-2022-11-101945,0.0,0.0,0.2,2.5707,25-11-2022
SC-20440,TEC-PH-10003437,US-Eas-Pen-Lan-17602,CA-2022-131366,SC-2022-11-131366,0.0,0.0,0.4,-14.998,25-11-2022
SC-20440,OFF-PA-10000675,US-Eas-Pen-Lan-17602,CA-2022-131366,SC-2022-11-131366,0.0,0.0,0.2,83.2097,25-11-2022
MY-17380,OFF-BI-10000216,US-Sou-Ten-Mem-38109,US-2022-128118,SC-2022-12-128118,0.0,0.0,0.7,-7.782,25-11-2022
MV-17485,OFF-BI-10004230,US-Wes-Ari-Mes-85204,CA-2022-169894,SC-2022-11-169894,0.0,0.0,0.7,-15.1976,25-11-2022
JG-15310,OFF-AP-10002311,US-Cen-Tex-Ode-79762,CA-2022-103765,SC-2022-12-103765,0.0,0.0,0.8,-24.7716,25-11-2022
KA-16525,OFF-PA-10001972,US-Eas-New-New-10035,CA-2022-168641,SC-2022-12-168641,0.0,0.0,0.0,6.2208,25-11-2022
BP-11290,FUR-TA-10000617,US-Wes-Cal-Los-90008,CA-2022-137505,SC-2022-11-137505,0.0,0.0,0.2,9.102,25-11-2022
FM-14290,OFF-ST-10001526,US-Sou-Ken-Ric-40475,CA-2022-146535,SC-2022-12-146535,0.0,0.0,0.0,375.4296,25-11-2022
TS-21370,FUR-CH-10000785,US-Eas-New-New-10035,CA-2022-166436,SC-2022-11-166436,0.0,0.0,0.1,173.7408,25-11-2022
TS-21370,OFF-PA-10001838,US-Eas-New-New-10035,CA-2022-166436,SC-2022-11-166436,0.0,0.0,0.0,2.8812,25-11-2022
FM-14290,OFF-BI-10000546,US-Sou-Ken-Ric-40475,CA-2022-146535,SC-2022-12-146535,0.0,0.0,0.0,1.4112,25-11-2022
BP-11290,FUR-TA-10001676,US-Wes-Cal-Los-90008,CA-2022-137505,SC-2022-11-137505,0.0,0.0,0.2,-1.7772,25-11-2022
RS-19765,TEC-PH-10002807,US-Sou-Sou-Sum-29483,CA-2022-128300,SC-2022-11-128300,0.0,0.0,0.0,39.55,25-11-2022
RS-19765,OFF-BI-10001597,US-Sou-Sou-Sum-29483,CA-2022-128300,SC-2022-11-128300,0.0,0.0,0.0,157.3632,25-11-2022
MY-17380,OFF-EN-10003448,US-Sou-Ten-Mem-38109,US-2022-128118,SC-2022-12-128118,0.0,0.0,0.2,24.318,25-11-2022
BG-11695,OFF-ST-10003123,US-Cen-Kan-Gar-67846,CA-2022-105543,SC-2022-11-105543,0.0,0.0,0.0,7.9896,25-11-2022
MV-17485,OFF-ST-10000060,US-Wes-Ari-Mes-85204,CA-2022-169894,SC-2022-11-169894,0.0,0.0,0.2,-41.5872,25-11-2022
KA-16525,FUR-BO-10000780,US-Eas-New-New-10035,CA-2022-168641,SC-2022-12-168641,0.0,0.0,0.2,-16.0784,25-11-2022
KA-16525,OFF-EN-10003001,US-Eas-New-New-10035,CA-2022-168641,SC-2022-12-168641,0.0,0.0,0.0,78.9412,25-11-2022
PR-18880,OFF-PA-10002137,US-Wes-Cal-San-94109,CA-2022-162250,SC-2022-11-162250,0.0,0.0,0.0,3.501,25-11-2022
MD-17860,OFF-BI-10004465,US-Sou-Nor-Ash-28806,CA-2022-153654,SC-2022-11-153654,0.0,0.0,0.7,-12.672,25-11-2022
JL-15835,TEC-AC-10001772,US-Wes-Cal-San-94122,CA-2022-164028,SC-2022-12-164028,0.0,0.0,0.0,87.1962,25-11-2022
PG-18820,OFF-AR-10001860,US-Wes-Cal-San-94110,CA-2022-123701,FC-2022-11-123701,0.0,0.0,0.0,9.9936,25-11-2022
DL-13315,OFF-PA-10003724,US-Sou-Geo-Atl-30318,CA-2022-155159,SC-2022-11-155159,0.0,0.0,0.0,23.9463,26-11-2022
RO-19780,OFF-AP-10002867,US-Cen-Tex-Hou-77070,CA-2022-150266,SC-2022-12-150266,0.0,0.0,0.8,-179.776,26-11-2022
RO-19780,TEC-PH-10003437,US-Cen-Tex-Hou-77070,CA-2022-150266,SC-2022-12-150266,0.0,0.0,0.2,37.495,26-11-2022
TZ-21580,OFF-AR-10002335,US-Wes-Cal-San-94122,CA-2022-101665,SC-2022-12-101665,0.0,0.0,0.0,1.3416,26-11-2022
EB-13750,TEC-PH-10004071,US-Wes-Cal-Lag-92677,CA-2022-161459,SC-2022-11-161459,0.0,0.0,0.2,3.4965,26-11-2022
HZ-14950,FUR-BO-10003965,US-Sou-Flo-For-33311,CA-2022-124765,SC-2022-12-124765,0.0,0.0,0.2,-81.441,26-11-2022
EB-13750,OFF-PA-20002377,US-Wes-Cal-Lag-92677,CA-2022-161459,SC-2022-11-161459,0.0,0.0,0.0,15.336,26-11-2022
RO-19780,FUR-CH-10002126,US-Cen-Tex-Hou-77070,CA-2022-150266,SC-2022-12-150266,0.0,0.0,0.3,-24.398,26-11-2022
SZ-20035,OFF-ST-10001097,US-Cen-Mic-Can-48187,CA-2022-129000,SC-2022-11-129000,0.0,0.0,0.0,0.0,26-11-2022
BS-11590,FUR-CH-10001854,US-Sou-Ken-Lou-40214,US-2022-109610,SC-2022-12-109610,0.0,0.0,0.0,168.4704,26-11-2022
RO-19780,OFF-AR-10001761,US-Cen-Tex-Hou-77070,CA-2022-150266,SC-2022-12-150266,0.0,0.0,0.2,3.7376,26-11-2022
BD-11500,OFF-ST-10001325,US-Wes-Cal-San-94122,US-2022-133312,SC-2022-11-133312,0.0,0.0,0.0,2.8296,26-11-2022
CC-12610,OFF-AP-10004708,US-Eas-Ohi-Col-43229,CA-2022-155957,SC-2022-12-155957,0.0,0.0,0.2,23.9778,27-11-2022
TT-21460,FUR-TA-10001039,US-Cen-Ind-Ric-47374,CA-2022-141439,SC-2022-12-141439,0.0,0.0,0.0,67.0644,27-11-2022
TT-21460,TEC-PH-10001819,US-Cen-Ind-Ric-47374,CA-2022-141439,SC-2022-12-141439,0.0,0.0,0.0,43.1904,27-11-2022
TT-21460,FUR-CH-10004287,US-Cen-Ind-Ric-47374,CA-2022-141439,SC-2022-12-141439,0.0,0.0,0.0,240.294,27-11-2022
TT-21460,TEC-PH-10002624,US-Cen-Ind-Ric-47374,CA-2022-141439,SC-2022-12-141439,0.0,0.0,0.0,545.1884,27-11-2022
LS-17245,TEC-AC-10002399,US-Cen-Mis-Gla-64118,CA-2022-135307,FC-2022-11-135307,0.0,0.0,0.0,12.1728,27-11-2022
LS-17245,FUR-FU-10001290,US-Cen-Mis-Gla-64118,CA-2022-135307,FC-2022-11-135307,0.0,0.0,0.0,40.416,27-11-2022
CC-12610,OFF-AP-10002082,US-Eas-Ohi-Col-43229,CA-2022-155957,SC-2022-12-155957,0.0,0.0,0.2,9.801,27-11-2022
FG-14260,OFF-AP-10001962,US-Eas-New-New-10009,CA-2022-155607,SC-2022-12-155607,0.0,0.0,0.0,14.6825,27-11-2022
MN-17935,FUR-FU-10003623,US-Eas-New-New-10009,CA-2022-100097,SC-2022-11-100097,0.0,0.0,0.0,37.884,27-11-2022
LT-17110,TEC-PH-10003092,US-Eas-Ohi-Col-43229,CA-2022-122700,SC-2022-12-122700,0.0,0.0,0.4,-40.4712,27-11-2022
FG-14260,OFF-BI-10003364,US-Eas-New-New-10009,CA-2022-155607,SC-2022-12-155607,0.0,0.0,0.2,32.6704,27-11-2022
MN-17935,TEC-PH-10002310,US-Eas-New-New-10009,CA-2022-100097,SC-2022-11-100097,0.0,0.0,0.0,264.5865,27-11-2022
GT-14755,OFF-BI-10001524,US-Cen-Ill-Roc-61107,CA-2022-130526,FC-2022-11-130526,0.0,0.0,0.8,-53.7088,27-11-2022
AH-10075,OFF-AR-10003504,US-Sou-Geo-Atl-30318,CA-2022-165029,SC-2022-12-165029,0.0,0.0,0.0,3.7236,27-11-2022
JR-16210,OFF-BI-10004519,US-Cen-Ind-Col-47201,CA-2022-159506,SC-2022-12-159506,0.0,0.0,0.0,224.073,28-11-2022
JR-16210,OFF-PA-10003641,US-Cen-Ind-Col-47201,CA-2022-159506,SC-2022-12-159506,0.0,0.0,0.0,72.8088,28-11-2022
LW-16990,OFF-PA-10003129,US-Wes-Cal-San-94109,CA-2022-101245,SC-2022-12-101245,0.0,0.0,0.0,114.9385,28-11-2022
BD-11320,OFF-BI-10001989,US-Wes-Cal-Los-90045,CA-2022-107125,SC-2022-12-107125,0.0,0.0,0.2,41.1208,28-11-2022
LW-16990,TEC-AC-10001284,US-Wes-Cal-San-94109,CA-2022-101245,SC-2022-12-101245,0.0,0.0,0.0,59.8176,28-11-2022
RP-19390,OFF-AR-10001573,US-Eas-New-New-10011,CA-2022-103352,SC-2022-12-103352,0.0,0.0,0.0,2.0271,28-11-2022
BD-11320,FUR-FU-10000732,US-Wes-Cal-Los-90045,CA-2022-107125,SC-2022-12-107125,0.0,0.0,0.0,6.0288,28-11-2022
DB-13615,OFF-AP-10001205,US-Sou-Nor-Ash-28806,CA-2022-132185,SC-2022-12-132185,0.0,0.0,0.2,4.3584,28-11-2022
DB-13615,OFF-AR-10000422,US-Sou-Nor-Ash-28806,CA-2022-132185,SC-2022-12-132185,0.0,0.0,0.2,0.7665,28-11-2022
BM-11650,TEC-AC-10001772,US-Cen-Wis-Mil-53209,CA-2022-102519,FC-2022-11-102519,0.0,0.0,0.0,56.0547,28-11-2022
RP-19390,OFF-BI-10001196,US-Eas-New-New-10011,CA-2022-103352,SC-2022-12-103352,0.0,0.0,0.2,36.2556,28-11-2022
DO-13645,TEC-PH-10004100,US-Wes-Cal-Los-90036,CA-2022-133207,SC-2022-12-133207,0.0,0.0,0.2,5.7568,28-11-2022
LS-16975,OFF-AR-10004582,US-Eas-Mar-Bal-21215,CA-2022-117702,SC-2022-12-117702,0.0,0.0,0.0,0.738,29-11-2022
RB-19795,FUR-FU-10003601,US-Eas-Pen-Phi-19120,US-2022-110576,SC-2022-12-110576,0.0,0.0,0.2,-12.9122,29-11-2022
LS-16975,FUR-FU-10004270,US-Eas-Mar-Bal-21215,CA-2022-117702,SC-2022-12-117702,0.0,0.0,0.0,7.524,29-11-2022
RH-19495,OFF-PA-10004071,US-Wes-Col-Den-80219,CA-2022-121538,FC-2022-12-121538,0.0,0.0,0.2,31.0688,29-11-2022
RB-19795,FUR-FU-10000576,US-Eas-Pen-Phi-19120,US-2022-110576,SC-2022-12-110576,0.0,0.0,0.2,75.5424,29-11-2022
RB-19795,FUR-TA-10004154,US-Eas-Pen-Phi-19120,US-2022-110576,SC-2022-12-110576,0.0,0.0,0.4,-619.596,29-11-2022
DG-13300,TEC-PH-10002834,US-Eas-New-New-10035,CA-2022-123372,SC-2022-12-123372,0.0,0.0,0.0,494.9725,29-11-2022
RB-19795,OFF-PA-10000788,US-Eas-Pen-Phi-19120,US-2022-110576,SC-2022-12-110576,0.0,0.0,0.2,5.4432,29-11-2022
DG-13300,OFF-EN-10003055,US-Eas-New-New-10035,CA-2022-123372,SC-2022-12-123372,0.0,0.0,0.0,35.982,29-11-2022
RB-19795,OFF-PA-10002479,US-Eas-Pen-Phi-19120,US-2022-110576,SC-2022-12-110576,0.0,0.0,0.2,7.92,29-11-2022
LS-16975,FUR-FU-10000576,US-Eas-Mar-Bal-21215,CA-2022-117702,SC-2022-12-117702,0.0,0.0,0.0,272.792,29-11-2022
EP-13915,OFF-LA-10001074,US-Wes-Cal-San-92037,CA-2022-131303,SC-2022-12-131303,0.0,0.0,0.0,29.4455,29-11-2022
TT-21070,FUR-CH-10000454,US-Sou-Ten-Cha-37421,CA-2022-108035,SC-2022-12-108035,0.0,0.0,0.2,48.796,30-11-2022
