shipment_id,Order ID,Ship Date,Ship Mode
SC-2019-01-103800,CA-2019-103800,08-01-2019,Standard Class
SC-2019-01-112326,CA-2019-112326,09-01-2019,Standard Class
SC-2019-01-141817,CA-2019-141817,13-01-2019,Standard Class
SC-2019-01-167199,CA-2019-167199,11-01-2019,Standard Class
FC-2019-01-106054,CA-2019-106054,08-01-2019,First Class
SC-2019-01-130813,CA-2019-130813,09-01-2019,Second Class
SC-2019-01-105417,CA-2019-105417,13-01-2019,Standard Class
SC-2019-01-135405,CA-2019-135405,14-01-2019,Standard Class
SC-2019-01-149020,CA-2019-149020,16-01-2019,Standard Class
FC-2019-01-130092,CA-2019-130092,15-01-2019,First Class
SC-2019-01-162775,CA-2019-162775,16-01-2019,Second Class
SC-2019-01-157147,CA-2019-157147,19-01-2019,Standard Class
SC-2019-01-118192,CA-2019-118192,19-01-2019,Standard Class
SC-2019-01-109232,CA-2019-109232,17-01-2019,Second Class
FC-2019-01-149524,CA-2019-149524,16-01-2019,First Class
FC-2019-01-103366,CA-2019-103366,18-01-2019,First Class
SC-2019-01-115791,CA-2019-115791,19-01-2019,Second Class
SC-2019-01-123477,CA-2019-123477,22-01-2019,Second Class
FC-2019-01-146591,CA-2019-146591,21-01-2019,First Class
SC-2019-01-167927,CA-2019-167927,27-01-2019,Standard Class
SC-2019-01-148614,CA-2019-148614,26-01-2019,Standard Class
SC-2019-01-147774,US-2019-147774,27-01-2019,Standard Class
SC-2019-01-147627,US-2019-147627,27-01-2019,Standard Class
SC-2019-01-110422,CA-2019-110422,24-01-2019,Second Class
SC-2019-01-146997,CA-2019-146997,28-01-2019,Standard Class
SC-2019-01-102645,CA-2019-102645,29-01-2019,Standard Class
SC-2019-02-155502,US-2019-155502,01-02-2019,Standard Class
FC-2019-01-167997,CA-2019-167997,30-01-2019,First Class
SC-2019-02-117163,US-2019-117163,03-02-2019,Standard Class
SC-2019-02-100328,CA-2019-100328,04-02-2019,Standard Class
SC-2019-02-134103,CA-2019-134103,05-02-2019,Standard Class
FC-2019-02-115161,CA-2019-115161,03-02-2019,First Class
FC-2019-02-140795,CA-2019-140795,04-02-2019,First Class
SC-2019-02-123400,CA-2019-123400,10-02-2019,Standard Class
SC-2019-02-139857,CA-2019-139857,07-02-2019,Standard Class
SC-2019-02-111059,CA-2019-111059,07-02-2019,Second Class
SC-2019-02-107181,CA-2019-107181,09-02-2019,Standard Class
SC-2019-02-104808,CA-2019-104808,09-02-2019,Second Class
FC-2019-02-131905,CA-2019-131905,10-02-2019,First Class
SC-2019-02-108182,CA-2019-108182,11-02-2019,Second Class
SC-2019-02-107755,CA-2019-107755,13-02-2019,Standard Class
SC-2019-02-169390,US-2019-169390,11-02-2019,Second Class
FC-2019-02-125759,CA-2019-125759,10-02-2019,First Class
SC-2019-02-168368,CA-2019-168368,16-02-2019,Second Class
SC-2019-02-127614,CA-2019-127614,16-02-2019,Standard Class
SC-2019-02-110674,US-2019-110674,19-02-2019,Standard Class
SC-2019-02-121762,CA-2019-121762,19-02-2019,Standard Class
SC-2019-02-107706,CA-2019-107706,20-02-2019,Second Class
SC-2019-02-165568,CA-2019-165568,20-02-2019,Standard Class
SC-2019-02-122567,CA-2019-122567,22-02-2019,Standard Class
SC-2019-02-154165,CA-2019-154165,25-02-2019,Standard Class
SC-2019-02-152905,CA-2019-152905,25-02-2019,Standard Class
SC-2019-02-165589,US-2019-165589,19-02-2019,Same Day
SC-2019-02-109491,CA-2019-109491,27-02-2019,Standard Class
SC-2019-02-164903,CA-2019-164903,25-02-2019,Standard Class
SC-2019-02-165540,CA-2019-165540,26-02-2019,Standard Class
FC-2019-02-133354,CA-2019-133354,25-02-2019,First Class
SC-2019-02-103744,CA-2019-103744,28-02-2019,Standard Class
SC-2019-03-137680,US-2019-137680,02-03-2019,Standard Class
FC-2019-03-156545,CA-2019-156545,03-03-2019,First Class
SC-2019-03-113880,CA-2019-113880,05-03-2019,Standard Class
SC-2019-03-104269,CA-2019-104269,06-03-2019,Second Class
SC-2019-03-131009,CA-2019-131009,05-03-2019,Standard Class
SC-2019-03-143707,US-2019-143707,05-03-2019,Standard Class
SC-2019-03-168312,CA-2019-168312,07-03-2019,Standard Class
SC-2019-03-107524,CA-2019-107524,08-03-2019,Standard Class
SC-2019-03-111157,CA-2019-111157,06-03-2019,Standard Class
SC-2019-03-155852,CA-2019-155852,07-03-2019,Second Class
SC-2019-03-127978,US-2019-127978,08-03-2019,Standard Class
SC-2019-03-130421,CA-2019-130421,07-03-2019,Standard Class
SC-2019-03-105648,CA-2019-105648,07-03-2019,Standard Class
SC-2019-03-127964,CA-2019-127964,08-03-2019,Standard Class
SC-2019-03-117016,CA-2019-117016,09-03-2019,Standard Class
SC-2019-03-116239,CA-2019-116239,04-03-2019,Same Day
SC-2019-03-169061,CA-2019-169061,08-03-2019,Second Class
SC-2019-03-104563,CA-2019-104563,12-03-2019,Standard Class
FC-2019-03-156587,CA-2019-156587,08-03-2019,First Class
SC-2019-03-131982,US-2019-131982,11-03-2019,Second Class
SC-2019-03-140116,US-2019-140116,17-03-2019,Standard Class
SC-2019-03-100279,US-2019-100279,14-03-2019,Standard Class
SC-2019-03-103338,US-2019-103338,15-03-2019,Standard Class
SC-2019-03-114790,CA-2019-114790,13-03-2019,Second Class
SC-2019-03-166884,CA-2019-166884,16-03-2019,Second Class
SC-2019-03-158337,CA-2019-158337,14-03-2019,Second Class
SC-2019-03-125521,US-2019-125521,19-03-2019,Standard Class
SC-2019-03-157623,CA-2019-157623,18-03-2019,Standard Class
SC-2019-03-100293,CA-2019-100293,18-03-2019,Standard Class
SC-2019-03-114510,CA-2019-114510,19-03-2019,Standard Class
FC-2019-03-152618,CA-2019-152618,17-03-2019,First Class
SC-2019-03-149958,CA-2019-149958,19-03-2019,Standard Class
SC-2019-03-157609,CA-2019-157609,21-03-2019,Second Class
SC-2019-03-164763,US-2019-164763,21-03-2019,Standard Class
SC-2019-03-127859,CA-2019-127859,20-03-2019,Second Class
SC-2019-03-148838,US-2019-148838,21-03-2019,Standard Class
SC-2019-03-118339,CA-2019-118339,24-03-2019,Standard Class
SC-2019-03-158442,CA-2019-158442,17-03-2019,Same Day
SC-2019-03-145317,CA-2019-145317,23-03-2019,Standard Class
SC-2019-03-131275,US-2019-131275,24-03-2019,Standard Class
SC-2019-03-111871,CA-2019-111871,21-03-2019,Second Class
FC-2019-03-103989,CA-2019-103989,21-03-2019,First Class
SC-2019-03-163223,CA-2019-163223,25-03-2019,Standard Class
SC-2019-03-155544,US-2019-155544,25-03-2019,Standard Class
SC-2019-03-140004,CA-2019-140004,25-03-2019,Standard Class
SC-2019-03-107405,US-2019-107405,25-03-2019,Standard Class
SC-2019-03-148040,CA-2019-148040,26-03-2019,Standard Class
SC-2019-03-158057,US-2019-158057,26-03-2019,Standard Class
SC-2019-03-129609,US-2019-129609,22-03-2019,Same Day
FC-2019-03-164749,CA-2019-164749,26-03-2019,First Class
SC-2019-03-120838,CA-2019-120838,26-03-2019,Second Class
SC-2019-03-143637,CA-2019-143637,29-03-2019,Second Class
SC-2019-03-147235,CA-2019-147235,28-03-2019,Standard Class
SC-2019-04-148586,CA-2019-148586,01-04-2019,Standard Class
SC-2019-03-128237,CA-2019-128237,30-03-2019,Standard Class
SC-2019-03-100860,CA-2019-100860,30-03-2019,Second Class
SC-2019-03-138436,CA-2019-138436,30-03-2019,Standard Class
SC-2019-03-141838,CA-2019-141838,31-03-2019,Second Class
SC-2019-04-137869,US-2019-137869,02-04-2019,Standard Class
SC-2019-04-100881,CA-2019-100881,01-04-2019,Standard Class
SC-2019-04-117380,US-2019-117380,03-04-2019,Standard Class
SC-2019-04-137274,CA-2019-137274,02-04-2019,Standard Class
FC-2019-04-162089,CA-2019-162089,01-04-2019,First Class
SC-2019-04-113124,US-2019-113124,05-04-2019,Standard Class
SC-2019-04-133424,CA-2019-133424,04-04-2019,Standard Class
FC-2019-03-105151,US-2019-105151,31-03-2019,First Class
SC-2019-04-169033,CA-2019-169033,03-04-2019,Standard Class
SC-2019-04-131247,CA-2019-131247,04-04-2019,Standard Class
SC-2019-03-130428,CA-2019-130428,31-03-2019,Same Day
SC-2019-04-101770,CA-2019-101770,04-04-2019,Standard Class
SC-2019-04-104759,US-2019-104759,04-04-2019,Standard Class
SC-2019-03-112403,CA-2019-112403,31-03-2019,Same Day
SC-2019-04-128055,CA-2019-128055,05-04-2019,Standard Class
SC-2019-04-157021,US-2019-157021,06-04-2019,Second Class
SC-2019-04-138359,CA-2019-138359,06-04-2019,Standard Class
SC-2019-04-160276,CA-2019-160276,08-04-2019,Standard Class
SC-2019-04-164315,CA-2019-164315,08-04-2019,Standard Class
SC-2019-04-157847,US-2019-157847,06-04-2019,Second Class
SC-2019-04-112291,CA-2019-112291,08-04-2019,Standard Class
SC-2019-04-149538,CA-2019-149538,08-04-2019,Standard Class
SC-2019-04-133228,CA-2019-133228,09-04-2019,Standard Class
FC-2019-04-128685,US-2019-128685,05-04-2019,First Class
SC-2019-04-105172,CA-2019-105172,09-04-2019,Standard Class
FC-2019-04-151001,CA-2019-151001,07-04-2019,First Class
SC-2019-04-157231,US-2019-157231,09-04-2019,Standard Class
SC-2019-04-102988,CA-2019-102988,09-04-2019,Second Class
SC-2019-04-149104,CA-2019-149104,07-04-2019,Second Class
FC-2019-04-113887,CA-2019-113887,07-04-2019,First Class
SC-2019-04-153808,CA-2019-153808,10-04-2019,Second Class
SC-2019-04-169803,CA-2019-169803,12-04-2019,Standard Class
FC-2019-04-118486,US-2019-118486,08-04-2019,First Class
SC-2019-04-136742,CA-2019-136742,10-04-2019,Standard Class
SC-2019-04-102652,CA-2019-102652,12-04-2019,Standard Class
FC-2019-04-124023,CA-2019-124023,10-04-2019,First Class
SC-2019-04-165806,CA-2019-165806,07-04-2019,Same Day
SC-2019-04-128846,CA-2019-128846,12-04-2019,Standard Class
SC-2019-04-100363,CA-2019-100363,15-04-2019,Standard Class
SC-2019-04-121769,CA-2019-121769,12-04-2019,Standard Class
SC-2019-04-163797,US-2019-163797,13-04-2019,Standard Class
SC-2019-04-150581,CA-2019-150581,12-04-2019,Standard Class
SC-2019-04-118997,US-2019-118997,12-04-2019,Standard Class
SC-2019-04-102715,US-2019-102715,13-04-2019,Second Class
SC-2019-04-110555,CA-2019-110555,18-04-2019,Standard Class
SC-2019-04-138940,CA-2019-138940,16-04-2019,Second Class
SC-2019-04-121734,US-2019-121734,16-04-2019,Standard Class
SC-2019-04-154599,CA-2019-154599,17-04-2019,Standard Class
SC-2019-04-142979,CA-2019-142979,18-04-2019,Standard Class
SC-2019-04-158365,US-2019-158365,17-04-2019,Standard Class
SC-2019-04-167724,CA-2019-167724,18-04-2019,Standard Class
SC-2019-04-122336,CA-2019-122336,17-04-2019,Second Class
SC-2019-04-120740,US-2019-120740,15-04-2019,Same Day
SC-2019-04-155208,CA-2019-155208,20-04-2019,Standard Class
SC-2019-04-100678,CA-2019-100678,22-04-2019,Standard Class
SC-2019-04-110849,CA-2019-110849,23-04-2019,Standard Class
SC-2019-04-158470,CA-2019-158470,23-04-2019,Second Class
SC-2019-04-134572,CA-2019-134572,22-04-2019,Second Class
SC-2019-04-101462,CA-2019-101462,25-04-2019,Standard Class
SC-2019-04-136336,CA-2019-136336,26-04-2019,Standard Class
SC-2019-04-158064,CA-2019-158064,25-04-2019,Standard Class
SC-2019-04-122070,CA-2019-122070,24-04-2019,Second Class
SC-2019-04-111857,CA-2019-111857,26-04-2019,Second Class
FC-2019-04-112564,US-2019-112564,24-04-2019,First Class
SC-2019-04-150119,US-2019-150119,27-04-2019,Standard Class
SC-2019-04-157406,US-2019-157406,29-04-2019,Standard Class
SC-2019-04-166954,CA-2019-166954,30-04-2019,Standard Class
SC-2019-04-110100,CA-2019-110100,29-04-2019,Standard Class
SC-2019-04-116785,CA-2019-116785,30-04-2019,Standard Class
SC-2019-05-147298,CA-2019-147298,03-05-2019,Standard Class
SC-2019-05-140228,CA-2019-140228,03-05-2019,Standard Class
SC-2019-05-132983,CA-2019-132983,03-05-2019,Standard Class
SC-2019-05-118976,CA-2019-118976,03-05-2019,Standard Class
FC-2019-04-131387,CA-2019-131387,30-04-2019,First Class
SC-2019-05-107811,CA-2019-107811,03-05-2019,Standard Class
SC-2019-05-118304,CA-2019-118304,04-05-2019,Standard Class
SC-2019-05-134061,CA-2019-134061,04-05-2019,Standard Class
SC-2019-05-142727,CA-2019-142727,01-05-2019,Second Class
SC-2019-05-156006,CA-2019-156006,02-05-2019,Second Class
FC-2019-05-160094,CA-2019-160094,02-05-2019,First Class
SC-2019-05-115056,CA-2019-115056,02-05-2019,Same Day
SC-2019-05-124618,CA-2019-124618,04-05-2019,Second Class
FC-2019-05-130274,CA-2019-130274,05-05-2019,First Class
SC-2019-05-135755,CA-2019-135755,10-05-2019,Standard Class
FC-2019-05-111899,CA-2019-111899,05-05-2019,First Class
FC-2019-05-148194,US-2019-148194,07-05-2019,First Class
SC-2019-05-117709,CA-2019-117709,08-05-2019,Standard Class
FC-2019-05-111934,CA-2019-111934,07-05-2019,First Class
SC-2019-05-160738,CA-2019-160738,10-05-2019,Standard Class
SC-2019-05-166457,CA-2019-166457,09-05-2019,Second Class
SC-2019-05-154879,US-2019-154879,11-05-2019,Standard Class
SC-2019-05-121664,CA-2019-121664,10-05-2019,Standard Class
SC-2019-05-166086,CA-2019-166086,12-05-2019,Standard Class
FC-2019-05-116666,CA-2019-116666,10-05-2019,First Class
SC-2019-05-158771,CA-2019-158771,09-05-2019,Same Day
SC-2019-05-102071,US-2019-102071,15-05-2019,Standard Class
SC-2019-05-159709,CA-2019-159709,15-05-2019,Standard Class
SC-2019-05-103310,CA-2019-103310,15-05-2019,Standard Class
SC-2019-05-114181,CA-2019-114181,14-05-2019,Second Class
SC-2019-05-152100,CA-2019-152100,16-05-2019,Standard Class
SC-2019-05-139017,CA-2019-139017,17-05-2019,Standard Class
SC-2019-05-127523,CA-2019-127523,18-05-2019,Standard Class
SC-2019-05-119172,CA-2019-119172,15-05-2019,Standard Class
SC-2019-05-103849,CA-2019-103849,16-05-2019,Standard Class
SC-2019-05-155887,CA-2019-155887,17-05-2019,Standard Class
FC-2019-05-127159,CA-2019-127159,15-05-2019,First Class
SC-2019-05-113768,CA-2019-113768,19-05-2019,Standard Class
FC-2019-05-140165,CA-2019-140165,15-05-2019,First Class
SC-2019-05-167164,CA-2019-167164,15-05-2019,Second Class
SC-2019-05-114433,CA-2019-114433,17-05-2019,Standard Class
SC-2019-05-106810,CA-2019-106810,20-05-2019,Standard Class
SC-2019-05-163146,US-2019-163146,20-05-2019,Standard Class
SC-2019-05-125150,CA-2019-125150,23-05-2019,Standard Class
SC-2019-05-148761,CA-2019-148761,21-05-2019,Standard Class
SC-2019-05-133963,CA-2019-133963,22-05-2019,Second Class
SC-2019-05-164224,CA-2019-164224,20-05-2019,Second Class
SC-2019-05-103373,CA-2019-103373,24-05-2019,Standard Class
FC-2019-05-130155,CA-2019-130155,22-05-2019,First Class
SC-2019-05-107699,US-2019-107699,23-05-2019,Standard Class
SC-2019-05-114188,US-2019-114188,22-05-2019,Second Class
SC-2019-05-130673,CA-2019-130673,22-05-2019,Second Class
SC-2019-05-127166,CA-2019-127166,23-05-2019,Second Class
SC-2019-05-104780,CA-2019-104780,25-05-2019,Standard Class
SC-2019-05-117639,CA-2019-117639,25-05-2019,Standard Class
SC-2019-05-152443,CA-2019-152443,26-05-2019,Standard Class
SC-2019-05-143840,CA-2019-143840,29-05-2019,Standard Class
SC-2019-05-135881,US-2019-135881,27-05-2019,Standard Class
SC-2019-05-105767,US-2019-105767,27-05-2019,Standard Class
SC-2019-05-138513,CA-2019-138513,27-05-2019,Standard Class
SC-2019-05-143413,CA-2019-143413,30-05-2019,Standard Class
SC-2019-05-130379,US-2019-130379,29-05-2019,Standard Class
SC-2019-05-100391,CA-2019-100391,29-05-2019,Standard Class
SC-2019-05-144029,CA-2019-144029,31-05-2019,Standard Class
SC-2019-05-158029,CA-2019-158029,30-05-2019,Standard Class
SC-2019-05-156349,CA-2019-156349,30-05-2019,Standard Class
FC-2019-05-129574,CA-2019-129574,29-05-2019,First Class
SC-2019-05-124429,CA-2019-124429,27-05-2019,Same Day
SC-2019-06-139192,CA-2019-139192,01-06-2019,Second Class
FC-2019-05-117058,US-2019-117058,30-05-2019,First Class
SC-2019-06-135993,CA-2019-135993,02-06-2019,Standard Class
SC-2019-06-108861,CA-2019-108861,01-06-2019,Standard Class
FC-2019-06-103429,CA-2019-103429,01-06-2019,First Class
SC-2019-06-146885,CA-2019-146885,05-06-2019,Standard Class
SC-2019-06-140473,CA-2019-140473,03-06-2019,Standard Class
SC-2019-06-145800,CA-2019-145800,05-06-2019,Standard Class
SC-2019-06-105872,CA-2019-105872,06-06-2019,Standard Class
SC-2019-06-166051,CA-2019-166051,05-06-2019,Standard Class
SC-2019-06-131926,CA-2019-131926,06-06-2019,Second Class
SC-2019-06-111003,CA-2019-111003,06-06-2019,Standard Class
SC-2019-06-157070,US-2019-157070,06-06-2019,Standard Class
SC-2019-06-165659,US-2019-165659,06-06-2019,Standard Class
SC-2019-06-104472,CA-2019-104472,07-06-2019,Standard Class
SC-2019-06-100895,CA-2019-100895,06-06-2019,Standard Class
FC-2019-06-163867,CA-2019-163867,06-06-2019,First Class
SC-2019-06-135657,CA-2019-135657,07-06-2019,Second Class
SC-2019-06-141299,CA-2019-141299,07-06-2019,Second Class
SC-2019-06-147914,CA-2019-147914,09-06-2019,Standard Class
SC-2019-06-151946,CA-2019-151946,09-06-2019,Standard Class
SC-2019-06-169257,CA-2019-169257,12-06-2019,Standard Class
SC-2019-06-161305,US-2019-161305,12-06-2019,Standard Class
SC-2019-06-159520,CA-2019-159520,11-06-2019,Standard Class
SC-2019-06-151897,CA-2019-151897,10-06-2019,Standard Class
FC-2019-06-133270,CA-2019-133270,09-06-2019,First Class
SC-2019-06-106229,CA-2019-106229,11-06-2019,Second Class
SC-2019-06-134971,US-2019-134971,10-06-2019,Second Class
SC-2019-06-109162,US-2019-109162,12-06-2019,Standard Class
SC-2019-06-108147,CA-2019-108147,13-06-2019,Standard Class
SC-2019-06-141257,US-2019-141257,14-06-2019,Standard Class
SC-2019-06-115812,CA-2019-115812,14-06-2019,Standard Class
SC-2019-06-133753,CA-2019-133753,13-06-2019,Second Class
SC-2019-06-160262,CA-2019-160262,13-06-2019,Second Class
SC-2019-06-133851,CA-2019-133851,16-06-2019,Standard Class
SC-2019-06-132612,CA-2019-132612,11-06-2019,Second Class
SC-2019-06-144281,CA-2019-144281,15-06-2019,Second Class
SC-2019-06-114643,CA-2019-114643,17-06-2019,Standard Class
SC-2019-06-140487,CA-2019-140487,20-06-2019,Standard Class
SC-2019-06-126963,CA-2019-126963,15-06-2019,Same Day
SC-2019-06-141215,US-2019-141215,21-06-2019,Standard Class
SC-2019-06-113929,CA-2019-113929,21-06-2019,Standard Class
SC-2019-06-136644,CA-2019-136644,22-06-2019,Standard Class
SC-2019-06-156342,CA-2019-156342,20-06-2019,Second Class
SC-2019-06-144414,CA-2019-144414,21-06-2019,Standard Class
SC-2019-06-104402,CA-2019-104402,23-06-2019,Standard Class
SC-2019-06-123855,CA-2019-123855,23-06-2019,Standard Class
SC-2019-06-166863,CA-2019-166863,24-06-2019,Standard Class
SC-2019-06-112949,US-2019-112949,27-06-2019,Standard Class
SC-2019-06-138317,CA-2019-138317,25-06-2019,Standard Class
SC-2019-06-160780,US-2019-160780,21-06-2019,Same Day
SC-2019-06-128146,CA-2019-128146,25-06-2019,Standard Class
FC-2019-06-141278,CA-2019-141278,24-06-2019,First Class
SC-2019-06-117135,US-2019-117135,23-06-2019,Second Class
FC-2019-06-130624,CA-2019-130624,24-06-2019,First Class
SC-2019-06-141796,CA-2019-141796,21-06-2019,Same Day
SC-2019-06-133389,CA-2019-133389,22-06-2019,Same Day
FC-2019-06-124646,CA-2019-124646,24-06-2019,First Class
SC-2019-06-154963,CA-2019-154963,27-06-2019,Standard Class
FC-2019-06-142048,CA-2019-142048,25-06-2019,First Class
SC-2019-06-126032,CA-2019-126032,28-06-2019,Standard Class
FC-2019-06-130358,US-2019-130358,26-06-2019,First Class
SC-2019-06-159814,CA-2019-159814,28-06-2019,Standard Class
SC-2019-06-164469,CA-2019-164469,27-06-2019,Second Class
FC-2019-06-159338,CA-2019-159338,28-06-2019,First Class
SC-2019-07-104283,CA-2019-104283,01-07-2019,Standard Class
SC-2019-07-156993,CA-2019-156993,04-07-2019,Standard Class
SC-2019-07-140858,CA-2019-140858,02-07-2019,Standard Class
SC-2019-07-111773,CA-2019-111773,03-07-2019,Standard Class
SC-2019-07-165974,CA-2019-165974,06-07-2019,Standard Class
SC-2019-07-109218,CA-2019-109218,03-07-2019,Second Class
SC-2019-07-116757,CA-2019-116757,04-07-2019,Standard Class
SC-2019-06-152254,CA-2019-152254,30-06-2019,Same Day
SC-2019-07-121566,US-2019-121566,06-07-2019,Standard Class
FC-2019-07-123064,CA-2019-123064,02-07-2019,First Class
SC-2019-07-146640,CA-2019-146640,05-07-2019,Standard Class
SC-2019-07-160773,CA-2019-160773,05-07-2019,Standard Class
SC-2019-07-153150,CA-2019-153150,06-07-2019,Second Class
SC-2019-07-107594,CA-2019-107594,06-07-2019,Standard Class
FC-2019-07-120096,CA-2019-120096,07-07-2019,First Class
SC-2019-07-138709,CA-2019-138709,09-07-2019,Standard Class
SC-2019-07-152849,CA-2019-152849,12-07-2019,Standard Class
FC-2019-07-103317,CA-2019-103317,08-07-2019,First Class
FC-2019-07-157784,CA-2019-157784,08-07-2019,First Class
SC-2019-07-160444,US-2019-160444,05-07-2019,Same Day
SC-2019-07-107139,CA-2019-107139,11-07-2019,Standard Class
FC-2019-07-134278,CA-2019-134278,08-07-2019,First Class
SC-2019-07-147543,CA-2019-147543,12-07-2019,Standard Class
SC-2019-07-138758,US-2019-138758,11-07-2019,Standard Class
FC-2019-07-150301,CA-2019-150301,10-07-2019,First Class
SC-2019-07-100090,CA-2019-100090,12-07-2019,Standard Class
SC-2019-07-114125,CA-2019-114125,13-07-2019,Standard Class
SC-2019-07-165379,CA-2019-165379,15-07-2019,Standard Class
SC-2019-07-113271,CA-2019-113271,14-07-2019,Standard Class
SC-2019-07-163552,CA-2019-163552,15-07-2019,Standard Class
FC-2019-07-123225,CA-2019-123225,14-07-2019,First Class
SC-2019-07-133305,CA-2019-133305,15-07-2019,Standard Class
FC-2019-07-166555,CA-2019-166555,14-07-2019,First Class
SC-2019-07-124807,CA-2019-124807,15-07-2019,Second Class
SC-2019-07-129924,CA-2019-129924,17-07-2019,Standard Class
SC-2019-07-161508,CA-2019-161508,16-07-2019,Standard Class
SC-2019-07-110184,CA-2019-110184,16-07-2019,Standard Class
SC-2019-07-131310,CA-2019-131310,18-07-2019,Standard Class
SC-2019-07-165862,US-2019-165862,17-07-2019,Standard Class
SC-2019-07-164182,CA-2019-164182,18-07-2019,Standard Class
SC-2019-07-124464,CA-2019-124464,20-07-2019,Standard Class
SC-2019-07-150532,US-2019-150532,21-07-2019,Standard Class
SC-2019-07-103905,US-2019-103905,20-07-2019,Standard Class
SC-2019-07-109904,CA-2019-109904,17-07-2019,Second Class
SC-2019-07-115980,CA-2019-115980,19-07-2019,Standard Class
SC-2019-07-123295,CA-2019-123295,18-07-2019,Same Day
SC-2019-07-138198,CA-2019-138198,23-07-2019,Standard Class
SC-2019-07-150434,US-2019-150434,24-07-2019,Standard Class
SC-2019-07-168158,CA-2019-168158,24-07-2019,Standard Class
SC-2019-07-142965,CA-2019-142965,20-07-2019,Same Day
SC-2019-07-143903,CA-2019-143903,24-07-2019,Standard Class
FC-2019-07-141726,CA-2019-141726,22-07-2019,First Class
FC-2019-07-157546,CA-2019-157546,22-07-2019,First Class
FC-2019-07-127866,CA-2019-127866,23-07-2019,First Class
SC-2019-07-129189,CA-2019-129189,25-07-2019,Standard Class
SC-2019-07-116932,CA-2019-116932,25-07-2019,Standard Class
SC-2019-07-109890,CA-2019-109890,27-07-2019,Standard Class
SC-2019-07-117464,CA-2019-117464,24-07-2019,Second Class
SC-2019-07-127691,CA-2019-127691,27-07-2019,Standard Class
SC-2019-07-122679,CA-2019-122679,28-07-2019,Standard Class
SC-2019-07-164644,US-2019-164644,24-07-2019,Second Class
SC-2019-07-145254,CA-2019-145254,27-07-2019,Standard Class
FC-2019-07-103058,CA-2019-103058,24-07-2019,First Class
SC-2019-07-119137,US-2019-119137,27-07-2019,Standard Class
SC-2019-07-143917,CA-2019-143917,27-07-2019,Second Class
SC-2019-07-146528,CA-2019-146528,27-07-2019,Second Class
SC-2019-08-116190,CA-2019-116190,01-08-2019,Standard Class
SC-2019-07-169019,CA-2019-169019,30-07-2019,Standard Class
SC-2019-08-126760,CA-2019-126760,02-08-2019,Standard Class
SC-2019-07-155894,US-2019-155894,30-07-2019,Second Class
SC-2019-08-159121,CA-2019-159121,01-08-2019,Standard Class
SC-2019-08-150126,US-2019-150126,02-08-2019,Standard Class
SC-2019-07-124709,CA-2019-124709,29-07-2019,Second Class
SC-2019-07-169642,CA-2019-169642,30-07-2019,Second Class
SC-2019-07-131541,CA-2019-131541,28-07-2019,Same Day
SC-2019-08-111192,CA-2019-111192,05-08-2019,Standard Class
FC-2019-08-152296,CA-2019-152296,03-08-2019,First Class
SC-2019-08-117345,CA-2019-117345,05-08-2019,Standard Class
SC-2019-08-162684,CA-2019-162684,06-08-2019,Standard Class
SC-2019-08-106299,US-2019-106299,08-08-2019,Standard Class
SC-2019-08-125612,CA-2019-125612,08-08-2019,Standard Class
SC-2019-08-128986,CA-2019-128986,05-08-2019,Second Class
FC-2019-08-133690,CA-2019-133690,05-08-2019,First Class
SC-2019-08-134215,CA-2019-134215,08-08-2019,Standard Class
SC-2019-08-126361,CA-2019-126361,09-08-2019,Second Class
SC-2019-08-150490,CA-2019-150490,11-08-2019,Standard Class
SC-2019-08-110065,CA-2019-110065,11-08-2019,Standard Class
SC-2019-08-117968,US-2019-117968,07-08-2019,Second Class
SC-2019-08-124723,CA-2019-124723,12-08-2019,Standard Class
SC-2019-08-118962,CA-2019-118962,09-08-2019,Standard Class
SC-2019-08-115357,CA-2019-115357,11-08-2019,Second Class
SC-2019-08-137575,CA-2019-137575,11-08-2019,Standard Class
SC-2019-08-124478,CA-2019-124478,12-08-2019,Standard Class
SC-2019-08-154669,CA-2019-154669,11-08-2019,Second Class
SC-2019-08-131450,CA-2019-131450,15-08-2019,Standard Class
SC-2019-08-156790,CA-2019-156790,10-08-2019,Second Class
SC-2019-08-151708,CA-2019-151708,14-08-2019,Standard Class
SC-2019-08-167850,CA-2019-167850,16-08-2019,Standard Class
SC-2019-08-166471,CA-2019-166471,13-08-2019,Standard Class
SC-2019-08-161249,CA-2019-161249,13-08-2019,Standard Class
SC-2019-08-141901,CA-2019-141901,14-08-2019,Standard Class
SC-2019-08-169726,CA-2019-169726,13-08-2019,Standard Class
SC-2019-08-110527,CA-2019-110527,16-08-2019,Standard Class
SC-2019-08-127012,CA-2019-127012,15-08-2019,Standard Class
SC-2019-08-154641,CA-2019-154641,16-08-2019,Standard Class
SC-2019-08-109897,CA-2019-109897,16-08-2019,Standard Class
SC-2019-08-156244,CA-2019-156244,16-08-2019,Standard Class
FC-2019-08-153927,CA-2019-153927,13-08-2019,First Class
SC-2019-08-109302,CA-2019-109302,16-08-2019,Standard Class
SC-2019-08-164406,US-2019-164406,19-08-2019,Standard Class
FC-2019-08-109043,CA-2019-109043,17-08-2019,First Class
FC-2019-08-138023,CA-2019-138023,18-08-2019,First Class
FC-2019-08-141005,CA-2019-141005,18-08-2019,First Class
SC-2019-08-142839,CA-2019-142839,20-08-2019,Standard Class
SC-2019-08-111500,CA-2019-111500,21-08-2019,Standard Class
SC-2019-08-129168,CA-2019-129168,23-08-2019,Standard Class
SC-2019-08-133158,CA-2019-133158,21-08-2019,Second Class
SC-2019-08-164616,US-2019-164616,21-08-2019,Second Class
SC-2019-08-156559,US-2019-156559,26-08-2019,Standard Class
SC-2019-08-143581,US-2019-143581,23-08-2019,Standard Class
SC-2019-08-121727,CA-2019-121727,24-08-2019,Standard Class
SC-2019-08-114321,CA-2019-114321,25-08-2019,Standard Class
SC-2019-08-166716,CA-2019-166716,25-08-2019,Second Class
SC-2019-08-123253,CA-2019-123253,25-08-2019,Second Class
FC-2019-08-166828,US-2019-166828,25-08-2019,First Class
SC-2019-08-130918,CA-2019-130918,24-08-2019,Second Class
SC-2019-08-124737,CA-2019-124737,27-08-2019,Standard Class
SC-2019-08-110639,CA-2019-110639,23-08-2019,Same Day
SC-2019-08-112795,US-2019-112795,28-08-2019,Second Class
SC-2019-08-154837,CA-2019-154837,27-08-2019,Second Class
FC-2019-08-107916,CA-2019-107916,26-08-2019,First Class
SC-2019-08-106719,CA-2019-106719,24-08-2019,Same Day
SC-2019-08-120432,CA-2019-120432,26-08-2019,Second Class
SC-2019-08-103660,CA-2019-103660,30-08-2019,Standard Class
SC-2019-08-104178,CA-2019-104178,29-08-2019,Standard Class
SC-2019-08-126200,CA-2019-126200,29-08-2019,Standard Class
SC-2019-08-115259,CA-2019-115259,27-08-2019,Second Class
SC-2019-08-107398,CA-2019-107398,30-08-2019,Standard Class
SC-2019-09-115413,US-2019-115413,01-09-2019,Standard Class
SC-2019-09-103331,CA-2019-103331,01-09-2019,Standard Class
SC-2019-08-123260,CA-2019-123260,30-08-2019,Standard Class
SC-2019-08-101266,CA-2019-101266,30-08-2019,Second Class
SC-2019-09-143336,CA-2019-143336,01-09-2019,Second Class
FC-2019-08-124688,CA-2019-124688,29-08-2019,First Class
SC-2019-09-169775,CA-2019-169775,02-09-2019,Second Class
SC-2019-08-135699,CA-2019-135699,29-08-2019,Same Day
SC-2019-09-146500,CA-2019-146500,04-09-2019,Standard Class
SC-2019-09-143385,CA-2019-143385,05-09-2019,Standard Class
FC-2019-09-165428,CA-2019-165428,04-09-2019,First Class
SC-2019-09-109855,CA-2019-109855,05-09-2019,Standard Class
SC-2019-09-126522,CA-2019-126522,05-09-2019,Second Class
SC-2019-09-158281,CA-2019-158281,07-09-2019,Standard Class
FC-2019-09-127936,CA-2019-127936,04-09-2019,First Class
SC-2019-09-151792,CA-2019-151792,07-09-2019,Second Class
FC-2019-09-138828,US-2019-138828,03-09-2019,First Class
SC-2019-09-106971,CA-2019-106971,08-09-2019,Standard Class
FC-2019-09-157721,CA-2019-157721,05-09-2019,First Class
SC-2019-09-152268,CA-2019-152268,07-09-2019,Standard Class
SC-2019-09-125171,CA-2019-125171,03-09-2019,Same Day
FC-2019-09-120236,US-2019-120236,04-09-2019,First Class
FC-2019-09-136861,CA-2019-136861,07-09-2019,First Class
SC-2019-09-106572,CA-2019-106572,10-09-2019,Standard Class
FC-2019-09-130449,CA-2019-130449,09-09-2019,First Class
FC-2019-09-105165,CA-2019-105165,10-09-2019,First Class
SC-2019-09-131002,CA-2019-131002,12-09-2019,Second Class
SC-2019-09-100006,CA-2019-100006,13-09-2019,Standard Class
SC-2019-09-126193,CA-2019-126193,14-09-2019,Standard Class
SC-2019-09-117765,CA-2019-117765,13-09-2019,Standard Class
SC-2019-09-122882,CA-2019-122882,13-09-2019,Standard Class
SC-2019-09-109918,CA-2019-109918,12-09-2019,Second Class
SC-2019-09-168592,CA-2019-168592,14-09-2019,Standard Class
SC-2019-09-139892,CA-2019-139892,12-09-2019,Standard Class
SC-2019-09-107818,CA-2019-107818,14-09-2019,Standard Class
SC-2019-09-128839,CA-2019-128839,13-09-2019,Standard Class
SC-2019-09-115987,US-2019-115987,13-09-2019,Second Class
SC-2019-09-146815,CA-2019-146815,13-09-2019,Standard Class
SC-2019-09-146283,CA-2019-146283,15-09-2019,Standard Class
FC-2019-09-163293,CA-2019-163293,11-09-2019,First Class
SC-2019-09-123127,CA-2019-123127,12-09-2019,Standard Class
SC-2019-09-140032,CA-2019-140032,13-09-2019,Standard Class
SC-2019-09-132500,CA-2019-132500,12-09-2019,Standard Class
SC-2019-09-102869,CA-2019-102869,14-09-2019,Second Class
SC-2019-09-144407,CA-2019-144407,15-09-2019,Standard Class
SC-2019-09-103527,CA-2019-103527,14-09-2019,Second Class
FC-2019-09-131870,US-2019-131870,11-09-2019,First Class
SC-2019-09-126403,CA-2019-126403,12-09-2019,Second Class
SC-2019-09-115196,US-2019-115196,13-09-2019,Standard Class
FC-2019-09-113383,CA-2019-113383,13-09-2019,First Class
SC-2019-09-125731,CA-2019-125731,16-09-2019,Standard Class
SC-2019-09-138835,US-2019-138835,14-09-2019,Standard Class
SC-2019-09-112837,CA-2019-112837,16-09-2019,Standard Class
SC-2019-09-138527,CA-2019-138527,17-09-2019,Standard Class
SC-2019-09-119081,US-2019-119081,19-09-2019,Standard Class
SC-2019-09-116246,CA-2019-116246,17-09-2019,Second Class
FC-2019-09-101476,CA-2019-101476,13-09-2019,First Class
SC-2019-09-103702,CA-2019-103702,17-09-2019,Standard Class
SC-2019-09-150924,US-2019-150924,16-09-2019,Second Class
SC-2019-09-142769,CA-2019-142769,13-09-2019,Same Day
SC-2019-09-140039,CA-2019-140039,17-09-2019,Standard Class
SC-2019-09-126277,CA-2019-126277,18-09-2019,Second Class
FC-2019-09-132962,CA-2019-132962,16-09-2019,First Class
SC-2019-09-113859,CA-2019-113859,17-09-2019,Standard Class
SC-2019-09-145212,CA-2019-145212,19-09-2019,Standard Class
SC-2019-09-156216,US-2019-156216,17-09-2019,Standard Class
SC-2019-09-100853,US-2019-100853,19-09-2019,Standard Class
SC-2019-09-160766,CA-2019-160766,14-09-2019,Same Day
SC-2019-09-159184,CA-2019-159184,19-09-2019,Standard Class
SC-2019-09-127635,US-2019-127635,18-09-2019,Second Class
SC-2019-09-113362,CA-2019-113362,19-09-2019,Standard Class
SC-2019-09-145576,CA-2019-145576,18-09-2019,Second Class
SC-2019-09-149594,CA-2019-149594,19-09-2019,Standard Class
SC-2019-09-138100,CA-2019-138100,20-09-2019,Standard Class
FC-2019-09-141152,CA-2019-141152,19-09-2019,First Class
SC-2019-09-103940,CA-2019-103940,21-09-2019,Standard Class
SC-2019-09-131947,CA-2019-131947,22-09-2019,Standard Class
SC-2019-09-158638,US-2019-158638,21-09-2019,Standard Class
SC-2019-09-117170,US-2019-117170,24-09-2019,Standard Class
SC-2019-09-112851,CA-2019-112851,21-09-2019,Standard Class
SC-2019-09-132787,CA-2019-132787,23-09-2019,Standard Class
SC-2019-09-168130,CA-2019-168130,19-09-2019,Same Day
SC-2019-09-127299,CA-2019-127299,24-09-2019,Standard Class
SC-2019-09-106992,US-2019-106992,21-09-2019,Second Class
SC-2019-09-159849,CA-2019-159849,19-09-2019,Same Day
SC-2019-09-156601,CA-2019-156601,24-09-2019,Standard Class
SC-2019-09-138177,CA-2019-138177,24-09-2019,Standard Class
FC-2019-09-120411,CA-2019-120411,23-09-2019,First Class
SC-2019-09-166744,CA-2019-166744,24-09-2019,Standard Class
FC-2019-09-125997,CA-2019-125997,23-09-2019,First Class
SC-2019-09-126480,CA-2019-126480,24-09-2019,Standard Class
SC-2019-09-134614,US-2019-134614,25-09-2019,Standard Class
SC-2019-09-151953,CA-2019-151953,25-09-2019,Standard Class
SC-2019-09-156433,CA-2019-156433,26-09-2019,Standard Class
SC-2019-09-133704,CA-2019-133704,26-09-2019,Standard Class
FC-2019-09-125514,CA-2019-125514,22-09-2019,First Class
SC-2019-09-135972,US-2019-135972,23-09-2019,Second Class
SC-2019-09-153969,CA-2019-153969,25-09-2019,Standard Class
SC-2019-09-124513,CA-2019-124513,25-09-2019,Standard Class
FC-2019-09-168823,CA-2019-168823,24-09-2019,First Class
FC-2019-09-117478,CA-2019-117478,24-09-2019,First Class
FC-2019-09-166310,US-2019-166310,23-09-2019,First Class
SC-2019-09-158225,CA-2019-158225,28-09-2019,Standard Class
SC-2019-09-103191,CA-2019-103191,27-09-2019,Standard Class
SC-2019-09-156160,CA-2019-156160,29-09-2019,Standard Class
SC-2019-09-127488,CA-2019-127488,24-09-2019,Second Class
FC-2019-09-163650,CA-2019-163650,25-09-2019,First Class
SC-2019-09-116904,CA-2019-116904,28-09-2019,Standard Class
SC-2019-09-147900,CA-2019-147900,28-09-2019,Standard Class
SC-2019-09-113964,CA-2019-113964,30-09-2019,Standard Class
SC-2019-09-134733,US-2019-134733,28-09-2019,Standard Class
SC-2019-09-163559,CA-2019-163559,28-09-2019,Second Class
SC-2019-09-148369,CA-2019-148369,27-09-2019,Standard Class
SC-2019-09-123344,CA-2019-123344,29-09-2019,Standard Class
SC-2019-09-141355,CA-2019-141355,30-09-2019,Standard Class
SC-2019-09-112914,US-2019-112914,30-09-2019,Standard Class
SC-2019-09-144974,CA-2019-144974,30-09-2019,Standard Class
SC-2019-10-115049,CA-2019-115049,01-10-2019,Standard Class
FC-2019-09-132451,CA-2019-132451,27-09-2019,First Class
SC-2019-10-164385,CA-2019-164385,01-10-2019,Second Class
SC-2019-09-152723,US-2019-152723,26-09-2019,Same Day
SC-2019-09-127586,CA-2019-127586,30-09-2019,Standard Class
SC-2019-09-115133,CA-2019-115133,30-09-2019,Standard Class
SC-2019-10-151925,US-2019-151925,01-10-2019,Second Class
SC-2019-10-120887,CA-2019-120887,03-10-2019,Standard Class
SC-2019-10-133130,US-2019-133130,01-10-2019,Standard Class
SC-2019-10-125136,CA-2019-125136,03-10-2019,Standard Class
SC-2019-10-114335,CA-2019-114335,03-10-2019,Standard Class
SC-2019-10-107153,CA-2019-107153,03-10-2019,Standard Class
SC-2019-10-126683,CA-2019-126683,01-10-2019,Second Class
SC-2019-10-124856,CA-2019-124856,03-10-2019,Second Class
SC-2019-10-146969,CA-2019-146969,03-10-2019,Standard Class
SC-2019-10-122931,CA-2019-122931,03-10-2019,Standard Class
SC-2019-10-111962,CA-2019-111962,04-10-2019,Standard Class
SC-2019-10-159478,CA-2019-159478,06-10-2019,Standard Class
SC-2019-10-167633,US-2019-167633,05-10-2019,Standard Class
SC-2019-10-137351,CA-2019-137351,04-10-2019,Standard Class
SC-2019-10-140886,CA-2019-140886,04-10-2019,Standard Class
SC-2019-09-141649,CA-2019-141649,30-09-2019,Same Day
SC-2019-10-102008,CA-2019-102008,04-10-2019,Standard Class
SC-2019-10-132745,US-2019-132745,05-10-2019,Standard Class
FC-2019-10-108189,CA-2019-108189,05-10-2019,First Class
SC-2019-10-155817,US-2019-155817,09-10-2019,Standard Class
SC-2019-10-108903,CA-2019-108903,03-10-2019,Same Day
SC-2019-10-153976,CA-2019-153976,08-10-2019,Second Class
SC-2019-10-120775,CA-2019-120775,07-10-2019,Standard Class
SC-2019-10-157882,CA-2019-157882,08-10-2019,Second Class
SC-2019-10-102085,CA-2019-102085,09-10-2019,Standard Class
SC-2019-10-153479,CA-2019-153479,08-10-2019,Standard Class
FC-2019-10-166891,CA-2019-166891,06-10-2019,First Class
SC-2019-10-152422,CA-2019-152422,10-10-2019,Second Class
FC-2019-10-152233,CA-2019-152233,06-10-2019,First Class
SC-2019-10-110611,CA-2019-110611,13-10-2019,Standard Class
FC-2019-10-109680,CA-2019-109680,09-10-2019,First Class
SC-2019-10-132542,CA-2019-132542,08-10-2019,Second Class
SC-2019-10-134677,CA-2019-134677,10-10-2019,Standard Class
SC-2019-10-132801,CA-2019-132801,12-10-2019,Standard Class
SC-2019-10-117429,CA-2019-117429,13-10-2019,Standard Class
SC-2019-10-142951,CA-2019-142951,08-10-2019,Same Day
SC-2019-10-119977,CA-2019-119977,13-10-2019,Second Class
SC-2019-10-137911,CA-2019-137911,15-10-2019,Standard Class
SC-2019-10-138240,CA-2019-138240,14-10-2019,Standard Class
SC-2019-10-103492,CA-2019-103492,15-10-2019,Standard Class
SC-2019-10-105137,US-2019-105137,10-10-2019,Same Day
SC-2019-10-134054,US-2019-134054,10-10-2019,Same Day
SC-2019-10-150329,CA-2019-150329,14-10-2019,Standard Class
SC-2019-10-140403,CA-2019-140403,10-10-2019,Same Day
SC-2019-10-116834,CA-2019-116834,16-10-2019,Standard Class
SC-2019-10-126571,US-2019-126571,15-10-2019,Standard Class
SC-2019-10-128538,CA-2019-128538,15-10-2019,Standard Class
SC-2019-10-114314,CA-2019-114314,15-10-2019,Standard Class
FC-2019-10-157924,CA-2019-157924,13-10-2019,First Class
SC-2019-10-139451,CA-2019-139451,16-10-2019,Standard Class
SC-2019-10-154655,US-2019-154655,17-10-2019,Standard Class
FC-2019-10-151995,CA-2019-151995,15-10-2019,First Class
SC-2019-10-164742,CA-2019-164742,18-10-2019,Second Class
FC-2019-10-132010,CA-2019-132010,15-10-2019,First Class
SC-2019-10-123316,CA-2019-123316,17-10-2019,Standard Class
SC-2019-10-151015,US-2019-151015,20-10-2019,Standard Class
FC-2019-10-151330,CA-2019-151330,17-10-2019,First Class
SC-2019-10-146353,US-2019-146353,16-10-2019,Second Class
SC-2019-10-163748,CA-2019-163748,18-10-2019,Standard Class
SC-2019-10-143182,CA-2019-143182,20-10-2019,Standard Class
FC-2019-10-122021,US-2019-122021,17-10-2019,First Class
SC-2019-10-109456,US-2019-109456,17-10-2019,Same Day
SC-2019-10-124394,CA-2019-124394,22-10-2019,Second Class
SC-2019-10-103086,CA-2019-103086,19-10-2019,Second Class
SC-2019-10-138450,CA-2019-138450,22-10-2019,Standard Class
SC-2019-10-143168,CA-2019-143168,23-10-2019,Second Class
SC-2019-10-115084,CA-2019-115084,22-10-2019,Standard Class
SC-2019-10-110408,CA-2019-110408,20-10-2019,Second Class
SC-2019-10-100867,CA-2019-100867,24-10-2019,Standard Class
SC-2019-10-117317,CA-2019-117317,19-10-2019,Same Day
SC-2019-10-155264,CA-2019-155264,22-10-2019,Second Class
SC-2019-10-137092,CA-2019-137092,22-10-2019,Second Class
SC-2019-10-146703,CA-2019-146703,25-10-2019,Second Class
FC-2019-10-169684,CA-2019-169684,23-10-2019,First Class
SC-2019-10-100916,CA-2019-100916,26-10-2019,Standard Class
FC-2019-10-142587,CA-2019-142587,22-10-2019,First Class
SC-2019-10-169852,CA-2019-169852,26-10-2019,Standard Class
SC-2019-10-151967,CA-2019-151967,26-10-2019,Standard Class
SC-2019-10-110072,CA-2019-110072,28-10-2019,Standard Class
SC-2019-10-130729,CA-2019-130729,29-10-2019,Standard Class
SC-2019-10-108707,CA-2019-108707,29-10-2019,Standard Class
SC-2019-10-113047,CA-2019-113047,24-10-2019,Same Day
FC-2019-10-158400,US-2019-158400,28-10-2019,First Class
SC-2019-10-139542,CA-2019-139542,29-10-2019,Standard Class
SC-2019-10-162278,CA-2019-162278,30-10-2019,Second Class
SC-2019-11-148285,CA-2019-148285,01-11-2019,Standard Class
FC-2019-10-101931,CA-2019-101931,31-10-2019,First Class
SC-2019-11-107769,CA-2019-107769,01-11-2019,Standard Class
SC-2019-11-166590,CA-2019-166590,02-11-2019,Standard Class
FC-2019-10-154627,CA-2019-154627,31-10-2019,First Class
SC-2019-11-106439,CA-2019-106439,04-11-2019,Standard Class
SC-2019-11-145387,CA-2019-145387,02-11-2019,Second Class
SC-2019-11-167262,US-2019-167262,03-11-2019,Second Class
SC-2019-11-120313,US-2019-120313,02-11-2019,Second Class
SC-2019-11-108609,CA-2019-108609,02-11-2019,Second Class
SC-2019-11-126907,CA-2019-126907,08-11-2019,Standard Class
SC-2019-11-102673,CA-2019-102673,05-11-2019,Standard Class
SC-2019-11-137155,US-2019-137155,05-11-2019,Standard Class
FC-2019-11-114195,CA-2019-114195,03-11-2019,First Class
SC-2019-11-168305,CA-2019-168305,08-11-2019,Standard Class
SC-2019-11-148915,CA-2019-148915,05-11-2019,Standard Class
SC-2019-11-152562,CA-2019-152562,08-11-2019,Standard Class
SC-2019-11-139423,CA-2019-139423,05-11-2019,Standard Class
SC-2019-11-134313,CA-2019-134313,07-11-2019,Standard Class
SC-2019-11-129147,CA-2019-129147,06-11-2019,Standard Class
SC-2019-11-148782,CA-2019-148782,07-11-2019,Standard Class
SC-2019-11-107454,CA-2019-107454,06-11-2019,Standard Class
SC-2019-11-134726,CA-2019-134726,07-11-2019,Second Class
SC-2019-11-115889,CA-2019-115889,06-11-2019,Standard Class
SC-2019-11-120670,CA-2019-120670,06-11-2019,Standard Class
SC-2019-11-146731,CA-2019-146731,08-11-2019,Standard Class
SC-2019-11-119529,CA-2019-119529,05-11-2019,Second Class
SC-2019-11-137589,CA-2019-137589,08-11-2019,Standard Class
SC-2019-11-165764,CA-2019-165764,07-11-2019,Standard Class
SC-2019-11-124625,US-2019-124625,07-11-2019,Standard Class
SC-2019-11-121573,CA-2019-121573,07-11-2019,Standard Class
SC-2019-11-155593,CA-2019-155593,08-11-2019,Standard Class
SC-2019-11-153619,CA-2019-153619,03-11-2019,Same Day
SC-2019-11-164973,CA-2019-164973,09-11-2019,Standard Class
SC-2019-11-132227,CA-2019-132227,10-11-2019,Standard Class
SC-2019-11-121286,CA-2019-121286,08-11-2019,Second Class
SC-2019-11-125829,CA-2019-125829,11-11-2019,Standard Class
SC-2019-11-134187,US-2019-134187,11-11-2019,Standard Class
SC-2019-11-149244,CA-2019-149244,08-11-2019,Standard Class
SC-2019-11-114377,US-2019-114377,05-11-2019,Same Day
SC-2019-11-109134,CA-2019-109134,10-11-2019,Standard Class
SC-2019-11-114251,CA-2019-114251,10-11-2019,Standard Class
SC-2019-11-133634,CA-2019-133634,10-11-2019,Standard Class
SC-2019-11-120950,CA-2019-120950,11-11-2019,Standard Class
SC-2019-11-120278,CA-2019-120278,12-11-2019,Standard Class
SC-2019-11-159310,CA-2019-159310,12-11-2019,Standard Class
FC-2019-11-146990,CA-2019-146990,08-11-2019,First Class
SC-2019-11-123323,CA-2019-123323,12-11-2019,Standard Class
SC-2019-11-139640,US-2019-139640,11-11-2019,Second Class
FC-2019-11-123498,CA-2019-123498,09-11-2019,First Class
SC-2019-11-126340,US-2019-126340,14-11-2019,Standard Class
SC-2019-11-144666,CA-2019-144666,11-11-2019,Second Class
SC-2019-11-158372,CA-2019-158372,16-11-2019,Standard Class
SC-2019-11-121006,CA-2019-121006,16-11-2019,Standard Class
SC-2019-11-143287,US-2019-143287,17-11-2019,Standard Class
SC-2019-11-163419,CA-2019-163419,14-11-2019,Second Class
SC-2019-11-105270,CA-2019-105270,18-11-2019,Standard Class
SC-2019-11-165309,CA-2019-165309,15-11-2019,Standard Class
SC-2019-11-140914,US-2019-140914,15-11-2019,Standard Class
SC-2019-11-140732,CA-2019-140732,13-11-2019,Second Class
SC-2019-11-155796,CA-2019-155796,15-11-2019,Second Class
FC-2019-11-128524,CA-2019-128524,13-11-2019,First Class
SC-2019-11-105893,CA-2019-105893,18-11-2019,Standard Class
SC-2019-11-122609,CA-2019-122609,18-11-2019,Standard Class
SC-2019-11-159618,US-2019-159618,16-11-2019,Standard Class
SC-2019-11-164910,CA-2019-164910,17-11-2019,Second Class
SC-2019-11-151078,CA-2019-151078,12-11-2019,Same Day
SC-2019-11-151295,CA-2019-151295,16-11-2019,Standard Class
SC-2019-11-162362,CA-2019-162362,18-11-2019,Standard Class
FC-2019-11-151554,CA-2019-151554,15-11-2019,First Class
SC-2019-11-166989,CA-2019-166989,18-11-2019,Standard Class
SC-2019-11-125556,CA-2019-125556,16-11-2019,Second Class
SC-2019-11-161634,CA-2019-161634,20-11-2019,Standard Class
FC-2019-11-127558,CA-2019-127558,18-11-2019,First Class
SC-2019-11-128888,CA-2019-128888,22-11-2019,Standard Class
SC-2019-11-116407,CA-2019-116407,21-11-2019,Standard Class
SC-2019-11-128622,CA-2019-128622,17-11-2019,Second Class
SC-2019-11-139500,US-2019-139500,20-11-2019,Standard Class
SC-2019-11-147704,US-2019-147704,21-11-2019,Standard Class
SC-2019-11-149643,CA-2019-149643,20-11-2019,Standard Class
FC-2019-11-119144,CA-2019-119144,18-11-2019,First Class
SC-2019-11-160066,CA-2019-160066,22-11-2019,Standard Class
SC-2019-11-101833,CA-2019-101833,22-11-2019,Second Class
SC-2019-11-145926,CA-2019-145926,21-11-2019,Standard Class
SC-2019-11-159835,CA-2019-159835,24-11-2019,Standard Class
SC-2019-11-119375,CA-2019-119375,22-11-2019,Standard Class
SC-2019-11-128209,CA-2019-128209,22-11-2019,Standard Class
FC-2019-11-140662,CA-2019-140662,19-11-2019,First Class
SC-2019-11-130869,CA-2019-130869,21-11-2019,Standard Class
FC-2019-11-163468,CA-2019-163468,21-11-2019,First Class
SC-2019-11-159926,US-2019-159926,22-11-2019,Standard Class
SC-2019-11-133809,CA-2019-133809,23-11-2019,Second Class
SC-2019-11-161032,CA-2019-161032,23-11-2019,Standard Class
SC-2019-11-164210,CA-2019-164210,20-11-2019,Second Class
SC-2019-11-115336,CA-2019-115336,25-11-2019,Standard Class
SC-2019-11-141173,CA-2019-141173,20-11-2019,Second Class
SC-2019-11-124702,CA-2019-124702,25-11-2019,Standard Class
SC-2019-11-104829,CA-2019-104829,21-11-2019,Second Class
SC-2019-11-123183,US-2019-123183,25-11-2019,Standard Class
FC-2019-11-149034,US-2019-149034,21-11-2019,First Class
SC-2019-11-158274,CA-2019-158274,24-11-2019,Second Class
SC-2019-11-150518,CA-2019-150518,24-11-2019,Standard Class
SC-2019-11-144624,CA-2019-144624,23-11-2019,Standard Class
SC-2019-11-128062,CA-2019-128062,22-11-2019,Second Class
SC-2019-11-100972,CA-2019-100972,24-11-2019,Second Class
SC-2019-11-140396,CA-2019-140396,25-11-2019,Standard Class
SC-2019-11-102274,CA-2019-102274,26-11-2019,Standard Class
SC-2019-11-154781,CA-2019-154781,26-11-2019,Standard Class
SC-2019-11-103401,CA-2019-103401,26-11-2019,Standard Class
SC-2019-11-168501,US-2019-168501,27-11-2019,Standard Class
SC-2019-11-129091,CA-2019-129091,27-11-2019,Standard Class
SC-2019-11-135090,CA-2019-135090,26-11-2019,Standard Class
FC-2019-11-105340,CA-2019-105340,25-11-2019,First Class
FC-2019-11-125682,CA-2019-125682,25-11-2019,First Class
SC-2019-11-112200,US-2019-112200,28-11-2019,Standard Class
SC-2019-11-110352,CA-2019-110352,29-11-2019,Standard Class
SC-2019-11-143721,US-2019-143721,26-11-2019,Second Class
SC-2019-11-149055,CA-2019-149055,28-11-2019,Standard Class
SC-2019-11-120544,CA-2019-120544,27-11-2019,Standard Class
SC-2019-11-159625,CA-2019-159625,28-11-2019,Standard Class
FC-2019-11-157385,US-2019-157385,25-11-2019,First Class
SC-2019-11-139283,CA-2019-139283,27-11-2019,Standard Class
SC-2019-11-167360,CA-2019-167360,29-11-2019,Second Class
SC-2019-11-105984,CA-2019-105984,24-11-2019,Same Day
SC-2019-11-102295,CA-2019-102295,26-11-2019,Second Class
SC-2019-11-127131,CA-2019-127131,30-11-2019,Standard Class
SC-2019-11-163034,CA-2019-163034,28-11-2019,Standard Class
FC-2019-11-115973,CA-2019-115973,26-11-2019,First Class
SC-2019-11-100762,CA-2019-100762,29-11-2019,Standard Class
FC-2019-11-158540,CA-2019-158540,26-11-2019,First Class
SC-2019-11-111360,CA-2019-111360,30-11-2019,Standard Class
SC-2019-11-122217,CA-2019-122217,29-11-2019,Standard Class
SC-2019-11-153850,CA-2019-153850,29-11-2019,Standard Class
SC-2019-11-107993,US-2019-107993,30-11-2019,Standard Class
SC-2019-11-127446,CA-2019-127446,30-11-2019,Standard Class
SC-2019-11-164721,CA-2019-164721,27-11-2019,Second Class
SC-2019-11-144078,US-2019-144078,29-11-2019,Standard Class
SC-2019-11-119151,CA-2019-119151,29-11-2019,Second Class
SC-2019-11-122588,CA-2019-122588,27-11-2019,Second Class
SC-2019-11-124730,CA-2019-124730,26-11-2019,Same Day
SC-2019-12-147648,US-2019-147648,01-12-2019,Standard Class
SC-2019-12-168984,CA-2019-168984,02-12-2019,Standard Class
SC-2019-12-141110,CA-2019-141110,01-12-2019,Standard Class
SC-2019-12-147606,US-2019-147606,01-12-2019,Second Class
SC-2019-12-167486,CA-2019-167486,01-12-2019,Standard Class
SC-2019-12-119032,CA-2019-119032,03-12-2019,Standard Class
SC-2019-12-121629,CA-2019-121629,02-12-2019,Standard Class
FC-2019-12-159800,CA-2019-159800,01-12-2019,First Class
SC-2019-12-101560,CA-2019-101560,01-12-2019,Second Class
SC-2019-11-105249,CA-2019-105249,28-11-2019,Same Day
SC-2019-11-121167,CA-2019-121167,30-11-2019,Second Class
SC-2019-12-120145,US-2019-120145,03-12-2019,Standard Class
SC-2019-12-163013,CA-2019-163013,04-12-2019,Standard Class
SC-2019-12-153983,CA-2019-153983,06-12-2019,Standard Class
SC-2019-12-136280,CA-2019-136280,06-12-2019,Standard Class
SC-2019-12-111353,US-2019-111353,06-12-2019,Standard Class
SC-2019-12-134712,US-2019-134712,04-12-2019,Standard Class
SC-2019-12-148425,CA-2019-148425,04-12-2019,Standard Class
SC-2019-12-146843,CA-2019-146843,06-12-2019,Standard Class
SC-2019-12-103590,CA-2019-103590,04-12-2019,Standard Class
SC-2019-12-150798,CA-2019-150798,03-12-2019,Second Class
FC-2019-12-143210,CA-2019-143210,03-12-2019,First Class
FC-2019-12-120474,CA-2019-120474,03-12-2019,First Class
SC-2019-12-161613,US-2019-161613,03-12-2019,Second Class
SC-2019-12-131527,CA-2019-131527,07-12-2019,Standard Class
SC-2019-12-131051,CA-2019-131051,05-12-2019,Standard Class
SC-2019-12-154095,CA-2019-154095,07-12-2019,Standard Class
FC-2019-12-112158,CA-2019-112158,04-12-2019,First Class
SC-2019-12-103807,CA-2019-103807,09-12-2019,Standard Class
FC-2019-12-101147,CA-2019-101147,04-12-2019,First Class
SC-2019-12-117744,US-2019-117744,06-12-2019,Standard Class
SC-2019-12-132864,CA-2019-132864,07-12-2019,Standard Class
SC-2019-12-122749,CA-2019-122749,09-12-2019,Standard Class
SC-2019-12-164861,CA-2019-164861,06-12-2019,Second Class
SC-2019-12-127187,CA-2019-127187,08-12-2019,Standard Class
SC-2019-12-133830,CA-2019-133830,10-12-2019,Standard Class
SC-2019-12-151162,CA-2019-151162,09-12-2019,Standard Class
FC-2019-12-150203,CA-2019-150203,07-12-2019,First Class
SC-2019-12-106376,CA-2019-106376,10-12-2019,Standard Class
SC-2019-12-166191,CA-2019-166191,09-12-2019,Second Class
FC-2019-12-125542,CA-2019-125542,07-12-2019,First Class
SC-2019-12-138296,CA-2019-138296,12-12-2019,Standard Class
SC-2019-12-155390,CA-2019-155390,11-12-2019,Standard Class
SC-2019-12-140452,US-2019-140452,10-12-2019,Standard Class
SC-2019-12-110030,CA-2019-110030,08-12-2019,Second Class
FC-2019-12-106726,CA-2019-106726,08-12-2019,First Class
SC-2019-12-112872,US-2019-112872,11-12-2019,Second Class
SC-2019-12-101392,CA-2019-101392,13-12-2019,Standard Class
FC-2019-12-138737,CA-2019-138737,10-12-2019,First Class
FC-2019-12-154592,CA-2019-154592,08-12-2019,First Class
SC-2019-12-159681,CA-2019-159681,13-12-2019,Standard Class
SC-2019-12-135608,CA-2019-135608,10-12-2019,Second Class
SC-2019-12-129364,CA-2019-129364,13-12-2019,Standard Class
SC-2019-12-144071,CA-2019-144071,15-12-2019,Standard Class
SC-2019-12-104773,CA-2019-104773,13-12-2019,Standard Class
SC-2019-12-101175,CA-2019-101175,14-12-2019,Standard Class
SC-2019-12-138128,CA-2019-138128,15-12-2019,Standard Class
FC-2019-12-109932,CA-2019-109932,11-12-2019,First Class
SC-2019-12-169649,CA-2019-169649,15-12-2019,Standard Class
SC-2019-12-104976,CA-2019-104976,16-12-2019,Standard Class
SC-2019-12-112991,US-2019-112991,14-12-2019,Standard Class
SC-2019-12-148488,CA-2019-148488,15-12-2019,Standard Class
SC-2019-12-107573,CA-2019-107573,17-12-2019,Standard Class
SC-2019-12-122959,US-2019-122959,12-12-2019,Same Day
SC-2019-12-168494,CA-2019-168494,14-12-2019,Second Class
SC-2019-12-113320,CA-2019-113320,15-12-2019,Second Class
SC-2019-12-141607,CA-2019-141607,17-12-2019,Standard Class
SC-2019-12-124079,CA-2019-124079,17-12-2019,Standard Class
SC-2019-12-154186,CA-2019-154186,15-12-2019,Second Class
SC-2019-12-113579,CA-2019-113579,15-12-2019,Second Class
SC-2019-12-102631,US-2019-102631,17-12-2019,Standard Class
SC-2019-12-129819,CA-2019-129819,15-12-2019,Second Class
SC-2019-12-116568,CA-2019-116568,20-12-2019,Standard Class
SC-2019-12-148950,CA-2019-148950,19-12-2019,Standard Class
SC-2019-12-123519,US-2019-123519,21-12-2019,Standard Class
SC-2019-12-145541,CA-2019-145541,21-12-2019,Standard Class
FC-2019-12-130575,CA-2019-130575,16-12-2019,First Class
SC-2019-12-116673,CA-2019-116673,19-12-2019,Second Class
FC-2019-12-101602,CA-2019-101602,18-12-2019,First Class
SC-2019-12-129938,CA-2019-129938,17-12-2019,Second Class
SC-2019-12-119466,CA-2019-119466,21-12-2019,Standard Class
SC-2019-12-108273,CA-2019-108273,21-12-2019,Standard Class
SC-2019-12-113257,CA-2019-113257,18-12-2019,Second Class
SC-2019-12-112718,CA-2019-112718,21-12-2019,Standard Class
SC-2019-12-151379,CA-2019-151379,20-12-2019,Standard Class
FC-2019-12-136399,CA-2019-136399,17-12-2019,First Class
SC-2019-12-153913,CA-2019-153913,20-12-2019,Second Class
SC-2019-12-124247,CA-2019-124247,21-12-2019,Standard Class
SC-2019-12-100706,CA-2019-100706,18-12-2019,Second Class
SC-2019-12-123925,CA-2019-123925,19-12-2019,Second Class
SC-2019-12-139633,CA-2019-139633,24-12-2019,Standard Class
FC-2019-12-162992,CA-2019-162992,21-12-2019,First Class
SC-2019-12-150574,US-2019-150574,25-12-2019,Standard Class
SC-2019-12-120768,CA-2019-120768,21-12-2019,Second Class
SC-2019-12-169446,CA-2019-169446,25-12-2019,Standard Class
SC-2019-12-134551,CA-2019-134551,25-12-2019,Standard Class
SC-2019-12-140816,CA-2019-140816,20-12-2019,Same Day
FC-2019-12-138681,CA-2019-138681,22-12-2019,First Class
SC-2019-12-160157,CA-2019-160157,27-12-2019,Standard Class
SC-2019-12-163412,CA-2019-163412,23-12-2019,Second Class
SC-2019-12-156594,CA-2019-156594,23-12-2019,Second Class
FC-2019-12-103100,CA-2019-103100,23-12-2019,First Class
FC-2019-12-136567,CA-2019-136567,21-12-2019,First Class
SC-2019-12-109036,US-2019-109036,25-12-2019,Standard Class
SC-2019-12-120852,CA-2019-120852,25-12-2019,Standard Class
SC-2019-12-109127,CA-2019-109127,25-12-2019,Standard Class
SC-2019-12-154893,CA-2019-154893,27-12-2019,Standard Class
SC-2019-12-134621,CA-2019-134621,28-12-2019,Standard Class
SC-2019-12-142510,CA-2019-142510,29-12-2019,Standard Class
SC-2019-12-133543,CA-2019-133543,26-12-2019,Standard Class
SC-2019-12-101364,CA-2019-101364,26-12-2019,Standard Class
SC-2019-12-146864,CA-2019-146864,26-12-2019,Standard Class
SC-2019-12-142314,CA-2019-142314,28-12-2019,Standard Class
SC-2019-12-154158,CA-2019-154158,27-12-2019,Second Class
SC-2019-12-126333,CA-2019-126333,28-12-2019,Standard Class
SC-2019-12-114517,CA-2019-114517,27-12-2019,Standard Class
SC-2019-12-138247,US-2019-138247,29-12-2019,Standard Class
FC-2019-12-113166,CA-2019-113166,26-12-2019,First Class
FC-2019-12-156314,CA-2019-156314,26-12-2019,First Class
FC-2019-12-132913,CA-2019-132913,26-12-2019,First Class
SC-2019-12-167738,US-2019-167738,29-12-2019,Standard Class
SC-2020-01-168473,CA-2019-168473,01-01-2020,Standard Class
FC-2019-12-111451,CA-2019-111451,28-12-2019,First Class
SC-2019-12-106264,CA-2019-106264,30-12-2019,Standard Class
SC-2019-12-101427,CA-2019-101427,30-12-2019,Standard Class
SC-2019-12-152030,US-2019-152030,28-12-2019,Second Class
SC-2019-12-111171,US-2019-111171,31-12-2019,Standard Class
SC-2019-12-139598,CA-2019-139598,31-12-2019,Standard Class
SC-2020-01-159611,US-2019-159611,01-01-2020,Second Class
SC-2019-12-162866,CA-2019-162866,31-12-2019,Standard Class
SC-2020-01-106334,US-2019-106334,02-01-2020,Standard Class
SC-2019-12-148383,CA-2019-148383,31-12-2019,Standard Class
SC-2019-12-166961,CA-2019-166961,31-12-2019,Standard Class
SC-2019-12-120243,CA-2019-120243,30-12-2019,Second Class
FC-2019-12-165393,CA-2019-165393,30-12-2019,First Class
SC-2020-01-153087,CA-2019-153087,03-01-2020,Standard Class
SC-2019-12-163447,CA-2019-163447,31-12-2019,Standard Class
SC-2020-01-141313,CA-2019-141313,01-01-2020,Standard Class
FC-2019-12-164259,CA-2019-164259,30-12-2019,First Class
SC-2020-01-143371,CA-2019-143371,03-01-2020,Standard Class
SC-2020-01-110786,CA-2019-110786,02-01-2020,Standard Class
SC-2020-01-102330,CA-2019-102330,03-01-2020,Standard Class
SC-2020-01-126802,CA-2019-126802,05-01-2020,Standard Class
SC-2020-01-152345,CA-2019-152345,03-01-2020,Second Class
SC-2019-12-165477,CA-2019-165477,31-12-2019,Second Class
SC-2020-01-118276,CA-2019-118276,02-01-2020,Standard Class
SC-2020-01-106803,CA-2019-106803,02-01-2020,Standard Class
FC-2020-01-166730,CA-2019-166730,01-01-2020,First Class
SC-2020-01-104738,CA-2019-104738,01-01-2020,Second Class
SC-2020-01-131800,CA-2019-131800,04-01-2020,Standard Class
SC-2020-01-169789,US-2019-169789,04-01-2020,Standard Class
SC-2020-01-115189,US-2019-115189,03-01-2020,Second Class
SC-2020-01-130960,CA-2019-130960,04-01-2020,Standard Class
SC-2020-01-138072,CA-2019-138072,03-01-2020,Standard Class
SC-2020-01-150245,CA-2019-150245,04-01-2020,Second Class
FC-2020-01-143231,US-2019-143231,03-01-2020,First Class
SC-2020-01-127383,CA-2019-127383,05-01-2020,Standard Class
SC-2020-01-111150,CA-2019-111150,04-01-2020,Standard Class
SC-2019-12-133949,US-2019-133949,31-12-2019,Same Day
FC-2020-01-157644,CA-2019-157644,01-01-2020,First Class
SC-2020-01-133592,CA-2019-133592,07-01-2020,Standard Class
SC-2020-01-146262,CA-2020-146262,09-01-2020,Standard Class
SC-2020-01-104514,CA-2020-104514,04-01-2020,Second Class
SC-2020-01-141243,CA-2020-141243,08-01-2020,Second Class
SC-2020-01-121097,CA-2020-121097,08-01-2020,Standard Class
SC-2020-01-149811,CA-2020-149811,10-01-2020,Standard Class
SC-2020-01-154970,CA-2020-154970,10-01-2020,Standard Class
SC-2020-01-108588,CA-2020-108588,10-01-2020,Standard Class
SC-2020-01-158701,CA-2020-158701,10-01-2020,Standard Class
SC-2020-01-149636,CA-2020-149636,12-01-2020,Standard Class
SC-2020-01-119480,CA-2020-119480,13-01-2020,Standard Class
SC-2020-01-157154,US-2020-157154,15-01-2020,Standard Class
SC-2020-01-128608,CA-2020-128608,17-01-2020,Standard Class
SC-2020-01-156755,CA-2020-156755,18-01-2020,Standard Class
SC-2020-01-169677,CA-2020-169677,15-01-2020,Second Class
SC-2020-01-137526,CA-2020-137526,17-01-2020,Standard Class
SC-2020-01-151547,CA-2020-151547,23-01-2020,Standard Class
SC-2020-01-152681,CA-2020-152681,22-01-2020,Standard Class
SC-2020-01-101399,US-2020-101399,24-01-2020,Standard Class
SC-2020-01-141250,CA-2020-141250,23-01-2020,Standard Class
SC-2020-01-119214,CA-2020-119214,27-01-2020,Standard Class
SC-2020-01-128958,CA-2020-128958,28-01-2020,Standard Class
SC-2020-02-109603,CA-2020-109603,01-02-2020,Standard Class
FC-2020-01-164777,CA-2020-164777,29-01-2020,First Class
SC-2020-01-168746,CA-2020-168746,29-01-2020,Second Class
SC-2020-01-116638,CA-2020-116638,31-01-2020,Second Class
SC-2020-02-145401,CA-2020-145401,04-02-2020,Standard Class
SC-2020-02-121797,CA-2020-121797,06-02-2020,Standard Class
SC-2020-02-149587,CA-2020-149587,05-02-2020,Second Class
SC-2020-02-127327,CA-2020-127327,07-02-2020,Standard Class
FC-2020-02-157959,CA-2020-157959,04-02-2020,First Class
FC-2020-02-140921,CA-2020-140921,05-02-2020,First Class
SC-2020-02-103093,CA-2020-103093,07-02-2020,Standard Class
SC-2020-02-132633,CA-2020-132633,05-02-2020,Second Class
SC-2020-02-156482,CA-2020-156482,13-02-2020,Standard Class
SC-2020-02-137064,CA-2020-137064,13-02-2020,Standard Class
FC-2020-02-104038,CA-2020-104038,08-02-2020,First Class
SC-2020-02-111507,CA-2020-111507,13-02-2020,Standard Class
SC-2020-02-147529,CA-2020-147529,11-02-2020,Standard Class
FC-2020-02-130491,US-2020-130491,11-02-2020,First Class
SC-2020-02-114923,CA-2020-114923,13-02-2020,Standard Class
SC-2020-02-135391,CA-2020-135391,11-02-2020,Second Class
SC-2020-02-101007,CA-2020-101007,13-02-2020,Second Class
SC-2020-02-153374,US-2020-153374,13-02-2020,Second Class
SC-2020-02-146038,CA-2020-146038,16-02-2020,Standard Class
SC-2020-02-101126,CA-2020-101126,14-02-2020,Second Class
SC-2020-02-147662,US-2020-147662,19-02-2020,Standard Class
SC-2020-02-116876,CA-2020-116876,21-02-2020,Standard Class
SC-2020-02-116092,CA-2020-116092,18-02-2020,Second Class
SC-2020-02-154326,CA-2020-154326,19-02-2020,Standard Class
SC-2020-02-121776,CA-2020-121776,21-02-2020,Standard Class
SC-2020-02-156923,CA-2020-156923,20-02-2020,Standard Class
SC-2020-02-111234,CA-2020-111234,22-02-2020,Standard Class
SC-2020-02-105725,CA-2020-105725,24-02-2020,Standard Class
SC-2020-02-152611,CA-2020-152611,23-02-2020,Second Class
SC-2020-02-169740,CA-2020-169740,25-02-2020,Standard Class
SC-2020-02-162782,CA-2020-162782,27-02-2020,Standard Class
SC-2020-02-129770,CA-2020-129770,23-02-2020,Second Class
SC-2020-02-132374,CA-2020-132374,24-02-2020,Second Class
SC-2020-02-132276,CA-2020-132276,28-02-2020,Standard Class
SC-2020-03-154900,CA-2020-154900,01-03-2020,Standard Class
FC-2020-02-111325,CA-2020-111325,28-02-2020,First Class
SC-2020-03-104129,CA-2020-104129,02-03-2020,Standard Class
SC-2020-03-138485,CA-2020-138485,01-03-2020,Second Class
SC-2020-03-145436,US-2020-145436,04-03-2020,Standard Class
SC-2020-03-153325,CA-2020-153325,02-03-2020,Second Class
SC-2020-03-102316,CA-2020-102316,03-03-2020,Second Class
FC-2020-03-104052,CA-2020-104052,02-03-2020,First Class
SC-2020-03-133494,CA-2020-133494,05-03-2020,Standard Class
FC-2020-03-133585,CA-2020-133585,04-03-2020,First Class
SC-2020-03-110457,CA-2020-110457,06-03-2020,Standard Class
SC-2020-03-105970,CA-2020-105970,07-03-2020,Standard Class
SC-2020-03-140221,CA-2020-140221,09-03-2020,Second Class
SC-2020-03-120320,CA-2020-120320,09-03-2020,Standard Class
SC-2020-03-109001,CA-2020-109001,09-03-2020,Standard Class
SC-2020-03-109512,CA-2020-109512,05-03-2020,Same Day
SC-2020-03-125185,CA-2020-125185,07-03-2020,Second Class
SC-2020-03-151785,CA-2020-151785,10-03-2020,Standard Class
SC-2020-03-153108,CA-2020-153108,09-03-2020,Standard Class
SC-2020-03-142944,CA-2020-142944,11-03-2020,Standard Class
FC-2020-03-146255,CA-2020-146255,10-03-2020,First Class
SC-2020-03-132136,CA-2020-132136,12-03-2020,Standard Class
SC-2020-03-105627,CA-2020-105627,12-03-2020,Standard Class
FC-2020-03-107741,CA-2020-107741,10-03-2020,First Class
SC-2020-03-160213,CA-2020-160213,13-03-2020,Standard Class
FC-2020-03-123155,CA-2020-123155,12-03-2020,First Class
SC-2020-03-110345,CA-2020-110345,11-03-2020,Second Class
SC-2020-03-118906,US-2020-118906,10-03-2020,Same Day
SC-2020-03-146829,CA-2020-146829,10-03-2020,Same Day
SC-2020-03-128083,CA-2020-128083,17-03-2020,Standard Class
SC-2020-03-148705,CA-2020-148705,18-03-2020,Standard Class
SC-2020-03-139675,US-2020-139675,18-03-2020,Second Class
FC-2020-03-114237,CA-2020-114237,15-03-2020,First Class
SC-2020-03-163587,CA-2020-163587,18-03-2020,Standard Class
SC-2020-03-167479,CA-2020-167479,19-03-2020,Standard Class
SC-2020-03-155124,CA-2020-155124,21-03-2020,Standard Class
SC-2020-03-153906,CA-2020-153906,20-03-2020,Standard Class
SC-2020-03-145352,CA-2020-145352,22-03-2020,Standard Class
SC-2020-03-112116,CA-2020-112116,18-03-2020,Second Class
SC-2020-03-150231,US-2020-150231,20-03-2020,Second Class
SC-2020-03-134257,CA-2020-134257,19-03-2020,Second Class
SC-2020-03-144722,CA-2020-144722,23-03-2020,Standard Class
SC-2020-03-110632,CA-2020-110632,22-03-2020,Second Class
FC-2020-03-149993,CA-2020-149993,20-03-2020,First Class
FC-2020-03-111829,CA-2020-111829,20-03-2020,First Class
SC-2020-03-163104,CA-2020-163104,26-03-2020,Standard Class
SC-2020-03-113110,CA-2020-113110,23-03-2020,Standard Class
SC-2020-03-143532,CA-2020-143532,24-03-2020,Standard Class
SC-2020-03-132101,CA-2020-132101,25-03-2020,Standard Class
FC-2020-03-168088,CA-2020-168088,22-03-2020,First Class
FC-2020-03-159534,CA-2020-159534,23-03-2020,First Class
SC-2020-03-165813,CA-2020-165813,22-03-2020,Second Class
SC-2020-03-127607,CA-2020-127607,26-03-2020,Standard Class
FC-2020-03-106565,CA-2020-106565,23-03-2020,First Class
SC-2020-03-120621,CA-2020-120621,26-03-2020,Standard Class
SC-2020-03-117884,CA-2020-117884,22-03-2020,Same Day
SC-2020-03-163279,US-2020-163279,26-03-2020,Standard Class
SC-2020-03-157812,CA-2020-157812,26-03-2020,Standard Class
SC-2020-03-121552,CA-2020-121552,27-03-2020,Standard Class
FC-2020-03-163440,CA-2020-163440,24-03-2020,First Class
FC-2020-03-130218,CA-2020-130218,26-03-2020,First Class
SC-2020-03-125374,US-2020-125374,29-03-2020,Standard Class
SC-2020-03-138219,CA-2020-138219,30-03-2020,Standard Class
FC-2020-03-107944,US-2020-107944,25-03-2020,First Class
SC-2020-03-112508,US-2020-112508,30-03-2020,Standard Class
SC-2020-03-145457,CA-2020-145457,27-03-2020,Second Class
FC-2020-03-118423,CA-2020-118423,27-03-2020,First Class
SC-2020-03-167374,CA-2020-167374,30-03-2020,Second Class
SC-2020-03-164301,CA-2020-164301,30-03-2020,Standard Class
SC-2020-03-116981,US-2020-116981,28-03-2020,Second Class
SC-2020-03-103793,CA-2020-103793,31-03-2020,Standard Class
SC-2020-04-132948,CA-2020-132948,03-04-2020,Standard Class
SC-2020-03-133536,CA-2020-133536,30-03-2020,Second Class
SC-2020-04-135363,CA-2020-135363,02-04-2020,Standard Class
SC-2020-04-131534,CA-2020-131534,02-04-2020,Standard Class
SC-2020-04-121272,CA-2020-121272,04-04-2020,Standard Class
SC-2020-04-150749,CA-2020-150749,03-04-2020,Second Class
SC-2020-03-103996,US-2020-103996,31-03-2020,Second Class
SC-2020-04-105361,CA-2020-105361,04-04-2020,Standard Class
SC-2020-03-153549,CA-2020-153549,31-03-2020,Second Class
SC-2020-04-121405,CA-2020-121405,04-04-2020,Standard Class
SC-2020-04-104871,CA-2020-104871,03-04-2020,Standard Class
SC-2020-04-128125,CA-2020-128125,05-04-2020,Standard Class
SC-2020-04-137106,CA-2020-137106,04-04-2020,Standard Class
SC-2020-04-159513,US-2020-159513,09-04-2020,Standard Class
SC-2020-04-136378,CA-2020-136378,07-04-2020,Standard Class
SC-2020-04-142811,US-2020-142811,07-04-2020,Standard Class
SC-2020-04-122140,US-2020-122140,07-04-2020,Standard Class
SC-2020-04-110667,CA-2020-110667,08-04-2020,Standard Class
SC-2020-04-112452,CA-2020-112452,04-04-2020,Same Day
SC-2020-04-136476,US-2020-136476,10-04-2020,Standard Class
SC-2020-04-102855,CA-2020-102855,06-04-2020,Same Day
SC-2020-04-161452,CA-2020-161452,11-04-2020,Standard Class
SC-2020-04-167010,CA-2020-167010,10-04-2020,Standard Class
FC-2020-04-119942,CA-2020-119942,07-04-2020,First Class
SC-2020-04-124541,CA-2020-124541,10-04-2020,Standard Class
SC-2020-04-100888,CA-2020-100888,10-04-2020,Standard Class
SC-2020-04-140025,CA-2020-140025,11-04-2020,Standard Class
FC-2020-04-130554,CA-2020-130554,09-04-2020,First Class
FC-2020-04-166492,CA-2020-166492,10-04-2020,First Class
SC-2020-04-101000,CA-2020-101000,14-04-2020,Standard Class
SC-2020-04-116512,CA-2020-116512,14-04-2020,Standard Class
SC-2020-04-142027,CA-2020-142027,14-04-2020,Standard Class
SC-2020-04-134201,CA-2020-134201,16-04-2020,Standard Class
SC-2020-04-168767,CA-2020-168767,15-04-2020,Standard Class
SC-2020-04-125563,CA-2020-125563,17-04-2020,Standard Class
SC-2020-04-111164,CA-2020-111164,15-04-2020,Standard Class
SC-2020-04-136987,US-2020-136987,14-04-2020,Second Class
SC-2020-04-145415,CA-2020-145415,17-04-2020,Second Class
SC-2020-04-168704,US-2020-168704,17-04-2020,Standard Class
SC-2020-04-106257,CA-2020-106257,17-04-2020,Second Class
SC-2020-04-133452,CA-2020-133452,19-04-2020,Standard Class
SC-2020-04-133837,CA-2020-133837,18-04-2020,Standard Class
FC-2020-04-100216,CA-2020-100216,14-04-2020,First Class
SC-2020-04-120502,US-2020-120502,19-04-2020,Standard Class
SC-2020-04-120551,CA-2020-120551,20-04-2020,Standard Class
SC-2020-04-149678,CA-2020-149678,15-04-2020,Second Class
SC-2020-04-116841,CA-2020-116841,18-04-2020,Standard Class
FC-2020-04-137974,CA-2020-137974,18-04-2020,First Class
SC-2020-04-161263,CA-2020-161263,21-04-2020,Standard Class
SC-2020-04-146675,CA-2020-146675,20-04-2020,Standard Class
SC-2020-04-106215,CA-2020-106215,21-04-2020,Standard Class
SC-2020-04-142734,CA-2020-142734,21-04-2020,Standard Class
SC-2020-04-155306,CA-2020-155306,21-04-2020,Standard Class
SC-2020-04-148712,CA-2020-148712,23-04-2020,Standard Class
FC-2020-04-102722,CA-2020-102722,19-04-2020,First Class
SC-2020-04-163433,US-2020-163433,22-04-2020,Second Class
SC-2020-04-142601,CA-2020-142601,20-04-2020,Second Class
FC-2020-04-113593,US-2020-113593,20-04-2020,First Class
SC-2020-04-134271,US-2020-134271,23-04-2020,Second Class
SC-2020-04-115742,CA-2020-115742,22-04-2020,Standard Class
SC-2020-04-155369,US-2020-155369,25-04-2020,Standard Class
SC-2020-04-149342,CA-2020-149342,25-04-2020,Standard Class
SC-2020-04-142433,CA-2020-142433,25-04-2020,Standard Class
SC-2020-04-109169,CA-2020-109169,24-04-2020,Standard Class
SC-2020-04-107678,CA-2020-107678,28-04-2020,Standard Class
SC-2020-04-151253,CA-2020-151253,26-04-2020,Standard Class
SC-2020-04-118227,CA-2020-118227,28-04-2020,Standard Class
SC-2020-05-115420,CA-2020-115420,02-05-2020,Standard Class
SC-2020-04-143602,CA-2020-143602,28-04-2020,Second Class
SC-2020-04-153878,CA-2020-153878,30-04-2020,Standard Class
SC-2020-04-130365,CA-2020-130365,29-04-2020,Standard Class
FC-2020-04-112557,CA-2020-112557,28-04-2020,First Class
SC-2020-05-137302,CA-2020-137302,01-05-2020,Standard Class
SC-2020-04-114839,US-2020-114839,30-04-2020,Standard Class
SC-2020-05-134026,US-2020-134026,02-05-2020,Standard Class
SC-2020-04-122266,CA-2020-122266,30-04-2020,Standard Class
SC-2020-05-124450,CA-2020-124450,03-05-2020,Standard Class
SC-2020-05-151841,CA-2020-151841,02-05-2020,Standard Class
SC-2020-05-130792,CA-2020-130792,05-05-2020,Standard Class
FC-2020-05-120782,CA-2020-120782,01-05-2020,First Class
SC-2020-05-157434,CA-2020-157434,04-05-2020,Second Class
SC-2020-05-135174,CA-2020-135174,02-05-2020,Second Class
SC-2020-05-103716,CA-2020-103716,06-05-2020,Standard Class
SC-2020-05-115238,US-2020-115238,04-05-2020,Standard Class
SC-2020-05-161998,CA-2020-161998,05-05-2020,Standard Class
SC-2020-05-104486,CA-2020-104486,06-05-2020,Standard Class
SC-2020-05-145821,CA-2020-145821,07-05-2020,Standard Class
SC-2020-05-116687,CA-2020-116687,07-05-2020,Standard Class
SC-2020-05-112130,CA-2020-112130,07-05-2020,Standard Class
FC-2020-05-150770,CA-2020-150770,06-05-2020,First Class
SC-2020-05-107937,CA-2020-107937,08-05-2020,Standard Class
FC-2020-05-160864,CA-2020-160864,06-05-2020,First Class
FC-2020-05-129700,CA-2020-129700,05-05-2020,First Class
SC-2020-05-146290,CA-2020-146290,11-05-2020,Standard Class
SC-2020-05-144253,CA-2020-144253,09-05-2020,Second Class
SC-2020-05-110548,CA-2020-110548,08-05-2020,Standard Class
SC-2020-05-147879,CA-2020-147879,12-05-2020,Standard Class
SC-2020-05-137512,CA-2020-137512,12-05-2020,Standard Class
SC-2020-05-160857,US-2020-160857,15-05-2020,Standard Class
FC-2020-05-142055,CA-2020-142055,10-05-2020,First Class
SC-2020-05-136798,CA-2020-136798,12-05-2020,Standard Class
SC-2020-05-113971,CA-2020-113971,14-05-2020,Standard Class
SC-2020-05-109939,CA-2020-109939,12-05-2020,Standard Class
SC-2020-05-155635,CA-2020-155635,13-05-2020,Standard Class
SC-2020-05-129217,CA-2020-129217,10-05-2020,Same Day
SC-2020-05-144043,CA-2020-144043,15-05-2020,Standard Class
SC-2020-05-135727,CA-2020-135727,16-05-2020,Second Class
SC-2020-05-159380,CA-2020-159380,16-05-2020,Standard Class
SC-2020-05-122910,US-2020-122910,16-05-2020,Standard Class
SC-2020-05-131856,CA-2020-131856,17-05-2020,Standard Class
SC-2020-05-162607,CA-2020-162607,18-05-2020,Standard Class
SC-2020-05-130876,CA-2020-130876,16-05-2020,Second Class
SC-2020-05-145835,CA-2020-145835,18-05-2020,Second Class
SC-2020-05-165162,CA-2020-165162,21-05-2020,Standard Class
FC-2020-05-119291,CA-2020-119291,17-05-2020,First Class
SC-2020-05-100146,CA-2020-100146,19-05-2020,Standard Class
SC-2020-05-166604,CA-2020-166604,20-05-2020,Second Class
SC-2020-05-138492,CA-2020-138492,22-05-2020,Standard Class
SC-2020-05-100769,CA-2020-100769,16-05-2020,Same Day
SC-2020-05-100251,CA-2020-100251,23-05-2020,Standard Class
SC-2020-05-117184,US-2020-117184,21-05-2020,Standard Class
SC-2020-05-165554,CA-2020-165554,22-05-2020,Standard Class
SC-2020-05-153535,CA-2020-153535,24-05-2020,Standard Class
SC-2020-05-169278,CA-2020-169278,25-05-2020,Standard Class
SC-2020-05-102806,CA-2020-102806,28-05-2020,Standard Class
SC-2020-05-168914,US-2020-168914,27-05-2020,Standard Class
SC-2020-05-149846,CA-2020-149846,26-05-2020,Standard Class
SC-2020-05-136805,CA-2020-136805,27-05-2020,Second Class
SC-2020-05-154921,CA-2020-154921,28-05-2020,Standard Class
SC-2020-05-110569,US-2020-110569,30-05-2020,Standard Class
SC-2020-05-119102,CA-2020-119102,27-05-2020,Standard Class
SC-2020-05-165512,US-2020-165512,26-05-2020,Second Class
FC-2020-05-132941,CA-2020-132941,28-05-2020,First Class
SC-2020-05-109708,CA-2020-109708,28-05-2020,Second Class
SC-2020-05-138898,CA-2020-138898,29-05-2020,Standard Class
SC-2020-05-141768,CA-2020-141768,27-05-2020,Second Class
SC-2020-05-152128,US-2020-152128,27-05-2020,Second Class
SC-2020-05-143147,CA-2020-143147,28-05-2020,Second Class
SC-2020-05-113327,US-2020-113327,29-05-2020,Second Class
SC-2020-05-148964,CA-2020-148964,31-05-2020,Standard Class
SC-2020-06-131758,CA-2020-131758,01-06-2020,Standard Class
SC-2020-06-118948,CA-2020-118948,03-06-2020,Standard Class
SC-2020-06-135020,CA-2020-135020,02-06-2020,Standard Class
SC-2020-06-149601,CA-2020-149601,03-06-2020,Standard Class
SC-2020-06-120880,CA-2020-120880,03-06-2020,Standard Class
FC-2020-05-111339,CA-2020-111339,31-05-2020,First Class
FC-2020-05-104297,CA-2020-104297,31-05-2020,First Class
SC-2020-06-168277,CA-2020-168277,03-06-2020,Standard Class
FC-2020-06-103177,CA-2020-103177,01-06-2020,First Class
SC-2020-06-163923,CA-2020-163923,03-06-2020,Standard Class
SC-2020-06-147788,CA-2020-147788,04-06-2020,Standard Class
SC-2020-06-133627,CA-2020-133627,07-06-2020,Standard Class
SC-2020-06-100818,CA-2020-100818,05-06-2020,Second Class
SC-2020-06-149748,CA-2020-149748,02-06-2020,Second Class
SC-2020-06-120677,CA-2020-120677,04-06-2020,Standard Class
SC-2020-06-156153,CA-2020-156153,02-06-2020,Second Class
FC-2020-06-124919,CA-2020-124919,02-06-2020,First Class
SC-2020-05-136224,CA-2020-136224,31-05-2020,Same Day
SC-2020-06-161242,CA-2020-161242,08-06-2020,Standard Class
SC-2020-06-132836,US-2020-132836,05-06-2020,Standard Class
SC-2020-06-163685,US-2020-163685,05-06-2020,Standard Class
SC-2020-06-158491,CA-2020-158491,09-06-2020,Second Class
SC-2020-06-142020,US-2020-142020,08-06-2020,Second Class
SC-2020-06-164833,CA-2020-164833,04-06-2020,Same Day
SC-2020-06-166947,CA-2020-166947,10-06-2020,Standard Class
SC-2020-06-115168,CA-2020-115168,09-06-2020,Standard Class
SC-2020-06-157343,CA-2020-157343,11-06-2020,Standard Class
SC-2020-06-142041,CA-2020-142041,09-06-2020,Second Class
SC-2020-06-162201,CA-2020-162201,12-06-2020,Standard Class
SC-2020-06-164007,CA-2020-164007,12-06-2020,Standard Class
SC-2020-06-144190,CA-2020-144190,13-06-2020,Standard Class
SC-2020-06-101868,CA-2020-101868,16-06-2020,Standard Class
SC-2020-06-110947,CA-2020-110947,15-06-2020,Standard Class
SC-2020-06-141012,CA-2020-141012,11-06-2020,Second Class
FC-2020-06-121720,CA-2020-121720,12-06-2020,First Class
SC-2020-06-123960,US-2020-123960,16-06-2020,Standard Class
SC-2020-06-139850,CA-2020-139850,17-06-2020,Standard Class
SC-2020-06-104115,CA-2020-104115,16-06-2020,Standard Class
SC-2020-06-136105,CA-2020-136105,16-06-2020,Standard Class
SC-2020-06-131779,CA-2020-131779,17-06-2020,Standard Class
SC-2020-06-155054,CA-2020-155054,19-06-2020,Standard Class
SC-2020-06-104941,CA-2020-104941,19-06-2020,Standard Class
SC-2020-06-137281,CA-2020-137281,17-06-2020,Standard Class
FC-2020-06-127418,CA-2020-127418,14-06-2020,First Class
SC-2020-06-104059,CA-2020-104059,15-06-2020,Second Class
SC-2020-06-120439,CA-2020-120439,18-06-2020,Standard Class
SC-2020-06-129896,CA-2020-129896,20-06-2020,Standard Class
FC-2020-06-106495,US-2020-106495,17-06-2020,First Class
SC-2020-06-164567,CA-2020-164567,19-06-2020,Standard Class
SC-2020-06-167269,CA-2020-167269,20-06-2020,Standard Class
SC-2020-06-118955,CA-2020-118955,20-06-2020,Standard Class
FC-2020-06-163825,US-2020-163825,19-06-2020,First Class
SC-2020-06-133242,CA-2020-133242,24-06-2020,Standard Class
SC-2020-06-122287,CA-2020-122287,23-06-2020,Standard Class
SC-2020-06-147011,CA-2020-147011,22-06-2020,Standard Class
SC-2020-06-154200,CA-2020-154200,22-06-2020,Standard Class
FC-2020-06-156734,CA-2020-156734,20-06-2020,First Class
SC-2020-06-111864,CA-2020-111864,19-06-2020,Same Day
SC-2020-06-121965,CA-2020-121965,23-06-2020,Standard Class
SC-2020-06-163734,CA-2020-163734,24-06-2020,Standard Class
SC-2020-06-144302,CA-2020-144302,23-06-2020,Standard Class
SC-2020-06-158351,CA-2020-158351,24-06-2020,Second Class
SC-2020-06-140144,CA-2020-140144,25-06-2020,Second Class
FC-2020-06-136427,US-2020-136427,23-06-2020,First Class
SC-2020-06-123330,CA-2020-123330,27-06-2020,Standard Class
SC-2020-06-153423,CA-2020-153423,27-06-2020,Standard Class
SC-2020-06-128167,CA-2020-128167,26-06-2020,Second Class
FC-2020-06-124975,CA-2020-124975,25-06-2020,First Class
SC-2020-06-122826,CA-2020-122826,25-06-2020,Second Class
SC-2020-06-139164,CA-2020-139164,28-06-2020,Standard Class
SC-2020-06-106187,CA-2020-106187,29-06-2020,Standard Class
SC-2020-07-127110,CA-2020-127110,01-07-2020,Standard Class
SC-2020-07-115945,CA-2020-115945,01-07-2020,Standard Class
SC-2020-06-137750,CA-2020-137750,30-06-2020,Standard Class
FC-2020-06-119690,CA-2020-119690,28-06-2020,First Class
SC-2020-06-115938,CA-2020-115938,30-06-2020,Standard Class
SC-2020-06-166583,CA-2020-166583,30-06-2020,Standard Class
SC-2020-06-143882,CA-2020-143882,30-06-2020,Standard Class
SC-2020-06-125395,CA-2020-125395,29-06-2020,Second Class
SC-2020-07-162950,CA-2020-162950,03-07-2020,Second Class
SC-2020-07-112144,CA-2020-112144,02-07-2020,Standard Class
SC-2020-07-103772,CA-2020-103772,02-07-2020,Standard Class
SC-2020-07-141684,US-2020-141684,04-07-2020,Standard Class
SC-2020-07-100069,US-2020-100069,03-07-2020,Standard Class
FC-2020-07-165799,CA-2020-165799,02-07-2020,First Class
SC-2020-07-157322,CA-2020-157322,06-07-2020,Standard Class
FC-2020-07-140718,CA-2020-140718,04-07-2020,First Class
SC-2020-07-120397,CA-2020-120397,02-07-2020,Same Day
SC-2020-07-111703,CA-2020-111703,09-07-2020,Standard Class
FC-2020-07-150196,CA-2020-150196,03-07-2020,First Class
SC-2020-07-128139,CA-2020-128139,09-07-2020,Standard Class
FC-2020-07-153500,US-2020-153500,05-07-2020,First Class
SC-2020-07-124268,CA-2020-124268,08-07-2020,Standard Class
SC-2020-07-152513,CA-2020-152513,08-07-2020,Second Class
SC-2020-07-154956,CA-2020-154956,09-07-2020,Standard Class
SC-2020-07-158911,US-2020-158911,11-07-2020,Standard Class
SC-2020-07-130610,CA-2020-130610,10-07-2020,Standard Class
SC-2020-07-164336,CA-2020-164336,10-07-2020,Standard Class
SC-2020-07-116750,CA-2020-116750,10-07-2020,Second Class
SC-2020-07-108665,CA-2020-108665,10-07-2020,Standard Class
SC-2020-07-146087,CA-2020-146087,11-07-2020,Standard Class
SC-2020-07-161627,CA-2020-161627,11-07-2020,Standard Class
SC-2020-07-116260,CA-2020-116260,12-07-2020,Standard Class
SC-2020-07-129392,CA-2020-129392,08-07-2020,Same Day
SC-2020-07-132626,CA-2020-132626,14-07-2020,Standard Class
SC-2020-07-123456,CA-2020-123456,13-07-2020,Standard Class
SC-2020-07-135314,CA-2020-135314,14-07-2020,Second Class
SC-2020-07-111094,CA-2020-111094,13-07-2020,Standard Class
SC-2020-07-153626,CA-2020-153626,14-07-2020,Standard Class
SC-2020-07-107020,CA-2020-107020,14-07-2020,Standard Class
SC-2020-07-149384,CA-2020-149384,10-07-2020,Same Day
SC-2020-07-142419,CA-2020-142419,13-07-2020,Second Class
FC-2020-07-142237,CA-2020-142237,13-07-2020,First Class
FC-2020-07-136469,CA-2020-136469,12-07-2020,First Class
SC-2020-07-126557,CA-2020-126557,17-07-2020,Second Class
SC-2020-07-112711,CA-2020-112711,18-07-2020,Standard Class
SC-2020-07-114069,CA-2020-114069,15-07-2020,Second Class
FC-2020-07-107349,US-2020-107349,15-07-2020,First Class
SC-2020-07-140851,US-2020-140851,15-07-2020,Second Class
SC-2020-07-143364,CA-2020-143364,19-07-2020,Second Class
SC-2020-07-146948,CA-2020-146948,20-07-2020,Standard Class
SC-2020-07-113404,CA-2020-113404,16-07-2020,Same Day
FC-2020-07-166520,US-2020-166520,19-07-2020,First Class
SC-2020-07-121132,CA-2020-121132,24-07-2020,Standard Class
SC-2020-07-149629,US-2020-149629,20-07-2020,Second Class
SC-2020-07-138534,CA-2020-138534,19-07-2020,Second Class
SC-2020-07-122973,CA-2020-122973,20-07-2020,Second Class
FC-2020-07-159590,CA-2020-159590,21-07-2020,First Class
SC-2020-07-111206,CA-2020-111206,22-07-2020,Standard Class
FC-2020-07-160150,US-2020-160150,20-07-2020,First Class
SC-2020-07-160472,CA-2020-160472,25-07-2020,Second Class
SC-2020-07-122784,US-2020-122784,27-07-2020,Standard Class
SC-2020-07-120810,CA-2020-120810,27-07-2020,Standard Class
SC-2020-07-124044,CA-2020-124044,26-07-2020,Second Class
SC-2020-07-103135,CA-2020-103135,28-07-2020,Standard Class
SC-2020-07-148635,CA-2020-148635,27-07-2020,Second Class
SC-2020-07-150161,US-2020-150161,29-07-2020,Standard Class
SC-2020-07-154291,CA-2020-154291,29-07-2020,Standard Class
SC-2020-07-139248,CA-2020-139248,30-07-2020,Standard Class
SC-2020-07-148180,CA-2020-148180,31-07-2020,Standard Class
SC-2020-07-127754,CA-2020-127754,31-07-2020,Standard Class
SC-2020-08-136735,CA-2020-136735,02-08-2020,Standard Class
SC-2020-07-143700,CA-2020-143700,26-07-2020,Same Day
FC-2020-07-140200,US-2020-140200,28-07-2020,First Class
SC-2020-08-129553,US-2020-129553,02-08-2020,Standard Class
FC-2020-07-155334,CA-2020-155334,31-07-2020,First Class
FC-2020-08-164966,US-2020-164966,01-08-2020,First Class
SC-2020-08-132507,CA-2020-132507,03-08-2020,Second Class
SC-2020-07-124891,CA-2020-124891,31-07-2020,Same Day
SC-2020-08-111017,CA-2020-111017,06-08-2020,Standard Class
SC-2020-08-164427,CA-2020-164427,06-08-2020,Standard Class
SC-2020-08-153388,CA-2020-153388,07-08-2020,Standard Class
SC-2020-08-147501,CA-2020-147501,06-08-2020,Standard Class
SC-2020-08-122406,CA-2020-122406,05-08-2020,Second Class
SC-2020-08-112767,CA-2020-112767,06-08-2020,Standard Class
SC-2020-08-112214,CA-2020-112214,11-08-2020,Standard Class
FC-2020-08-160794,CA-2020-160794,08-08-2020,First Class
SC-2020-08-135251,CA-2020-135251,10-08-2020,Standard Class
SC-2020-08-138331,CA-2020-138331,12-08-2020,Standard Class
SC-2020-08-163237,CA-2020-163237,09-08-2020,Second Class
FC-2020-08-117492,US-2020-117492,09-08-2020,First Class
FC-2020-08-124219,US-2020-124219,08-08-2020,First Class
SC-2020-08-141936,CA-2020-141936,12-08-2020,Standard Class
SC-2020-08-163895,CA-2020-163895,11-08-2020,Standard Class
SC-2020-08-129322,CA-2020-129322,10-08-2020,Second Class
SC-2020-08-168564,CA-2020-168564,08-08-2020,Same Day
SC-2020-08-127544,CA-2020-127544,12-08-2020,Standard Class
FC-2020-08-131338,CA-2020-131338,12-08-2020,First Class
SC-2020-08-163055,CA-2020-163055,16-08-2020,Standard Class
SC-2020-08-128013,CA-2020-128013,16-08-2020,Standard Class
SC-2020-08-103954,CA-2020-103954,13-08-2020,Second Class
SC-2020-08-155453,CA-2020-155453,14-08-2020,Standard Class
SC-2020-08-156496,US-2020-156496,16-08-2020,Standard Class
SC-2020-08-130022,CA-2020-130022,16-08-2020,Standard Class
SC-2020-08-121699,CA-2020-121699,14-08-2020,Standard Class
SC-2020-08-156797,US-2020-156797,15-08-2020,Standard Class
SC-2020-08-119634,CA-2020-119634,16-08-2020,Standard Class
FC-2020-08-133396,CA-2020-133396,15-08-2020,First Class
SC-2020-08-150441,CA-2020-150441,17-08-2020,Second Class
SC-2020-08-120516,CA-2020-120516,17-08-2020,Standard Class
SC-2020-08-148495,CA-2020-148495,13-08-2020,Same Day
SC-2020-08-112011,CA-2020-112011,20-08-2020,Standard Class
FC-2020-08-169656,CA-2020-169656,16-08-2020,First Class
SC-2020-08-162369,CA-2020-162369,19-08-2020,Standard Class
SC-2020-08-142454,CA-2020-142454,19-08-2020,Standard Class
SC-2020-08-128090,US-2020-128090,22-08-2020,Standard Class
SC-2020-08-164238,US-2020-164238,20-08-2020,Standard Class
SC-2020-08-126753,US-2020-126753,20-08-2020,Standard Class
SC-2020-08-119627,CA-2020-119627,23-08-2020,Standard Class
SC-2020-08-111297,CA-2020-111297,21-08-2020,Standard Class
SC-2020-08-130512,US-2020-130512,25-08-2020,Standard Class
SC-2020-08-130456,CA-2020-130456,26-08-2020,Standard Class
FC-2020-08-144267,CA-2020-144267,23-08-2020,First Class
SC-2020-08-122168,CA-2020-122168,26-08-2020,Standard Class
SC-2020-08-154823,CA-2020-154823,25-08-2020,Standard Class
SC-2020-08-129854,CA-2020-129854,26-08-2020,Standard Class
FC-2020-08-132080,CA-2020-132080,25-08-2020,First Class
SC-2020-08-114468,CA-2020-114468,23-08-2020,Same Day
SC-2020-08-165624,CA-2020-165624,28-08-2020,Standard Class
SC-2020-08-102491,CA-2020-102491,28-08-2020,Standard Class
SC-2020-08-123939,CA-2020-123939,26-08-2020,Second Class
SC-2020-08-146563,CA-2020-146563,28-08-2020,Standard Class
SC-2020-08-113740,CA-2020-113740,28-08-2020,Second Class
SC-2020-08-139584,CA-2020-139584,28-08-2020,Standard Class
FC-2020-08-169299,CA-2020-169299,26-08-2020,First Class
SC-2020-08-139759,US-2020-139759,30-08-2020,Standard Class
SC-2020-08-168809,CA-2020-168809,25-08-2020,Same Day
SC-2020-08-126445,CA-2020-126445,31-08-2020,Standard Class
SC-2020-09-101707,CA-2020-101707,01-09-2020,Standard Class
SC-2020-08-113040,CA-2020-113040,31-08-2020,Standard Class
SC-2020-09-121188,CA-2020-121188,04-09-2020,Standard Class
SC-2020-09-166219,CA-2020-166219,01-09-2020,Standard Class
SC-2020-09-100377,US-2020-100377,01-09-2020,Standard Class
SC-2020-09-107902,CA-2020-107902,02-09-2020,Standard Class
SC-2020-09-108532,CA-2020-108532,02-09-2020,Standard Class
FC-2020-09-111514,CA-2020-111514,02-09-2020,First Class
SC-2020-09-112319,CA-2020-112319,05-09-2020,Standard Class
SC-2020-09-157805,CA-2020-157805,04-09-2020,Standard Class
SC-2020-09-142139,CA-2020-142139,05-09-2020,Standard Class
SC-2020-09-104626,CA-2020-104626,08-09-2020,Standard Class
SC-2020-09-137946,CA-2020-137946,04-09-2020,Second Class
SC-2020-09-130204,CA-2020-130204,09-09-2020,Standard Class
SC-2020-09-113215,CA-2020-113215,08-09-2020,Standard Class
SC-2020-09-146745,US-2020-146745,08-09-2020,Standard Class
FC-2020-09-121608,CA-2020-121608,05-09-2020,First Class
SC-2020-09-138303,US-2020-138303,07-09-2020,Standard Class
SC-2020-09-104185,US-2020-104185,08-09-2020,Second Class
SC-2020-09-149734,CA-2020-149734,08-09-2020,Standard Class
SC-2020-09-169537,CA-2020-169537,07-09-2020,Second Class
SC-2020-09-142755,CA-2020-142755,08-09-2020,Standard Class
SC-2020-09-101924,CA-2020-101924,09-09-2020,Standard Class
SC-2020-09-113523,CA-2020-113523,08-09-2020,Standard Class
SC-2020-09-159863,CA-2020-159863,07-09-2020,Second Class
SC-2020-09-135510,CA-2020-135510,12-09-2020,Standard Class
SC-2020-09-105158,CA-2020-105158,10-09-2020,Standard Class
SC-2020-09-162621,CA-2020-162621,11-09-2020,Standard Class
SC-2020-09-130785,CA-2020-130785,09-09-2020,Standard Class
SC-2020-09-150791,CA-2020-150791,13-09-2020,Standard Class
SC-2020-09-109015,US-2020-109015,12-09-2020,Standard Class
SC-2020-09-138002,CA-2020-138002,12-09-2020,Standard Class
SC-2020-09-151435,US-2020-151435,09-09-2020,Second Class
SC-2020-09-160696,CA-2020-160696,10-09-2020,Standard Class
SC-2020-09-169572,CA-2020-169572,12-09-2020,Standard Class
FC-2020-09-143238,CA-2020-143238,08-09-2020,First Class
SC-2020-09-133977,CA-2020-133977,08-09-2020,Second Class
SC-2020-09-105599,CA-2020-105599,07-09-2020,Same Day
SC-2020-09-140557,CA-2020-140557,11-09-2020,Standard Class
SC-2020-09-164084,CA-2020-164084,12-09-2020,Standard Class
SC-2020-09-161445,CA-2020-161445,09-09-2020,Second Class
SC-2020-09-122623,CA-2020-122623,11-09-2020,Standard Class
SC-2020-09-110744,CA-2020-110744,12-09-2020,Standard Class
SC-2020-09-102876,CA-2020-102876,14-09-2020,Standard Class
SC-2020-09-151624,CA-2020-151624,14-09-2020,Standard Class
FC-2020-09-162166,CA-2020-162166,11-09-2020,First Class
SC-2020-09-168186,CA-2020-168186,15-09-2020,Standard Class
SC-2020-09-147242,US-2020-147242,14-09-2020,Standard Class
SC-2020-09-132906,CA-2020-132906,14-09-2020,Standard Class
SC-2020-09-136658,CA-2020-136658,17-09-2020,Standard Class
SC-2020-09-117772,CA-2020-117772,12-09-2020,Second Class
SC-2020-09-108672,CA-2020-108672,16-09-2020,Standard Class
SC-2020-09-139374,CA-2020-139374,14-09-2020,Standard Class
SC-2020-09-165057,CA-2020-165057,15-09-2020,Standard Class
SC-2020-09-132465,CA-2020-132465,15-09-2020,Second Class
SC-2020-09-125934,CA-2020-125934,18-09-2020,Standard Class
FC-2020-09-126186,CA-2020-126186,12-09-2020,First Class
SC-2020-09-153794,CA-2020-153794,16-09-2020,Standard Class
SC-2020-09-166464,CA-2020-166464,17-09-2020,Standard Class
SC-2020-09-102015,CA-2020-102015,18-09-2020,Standard Class
SC-2020-09-128993,CA-2020-128993,17-09-2020,Second Class
SC-2020-09-161347,US-2020-161347,19-09-2020,Standard Class
FC-2020-09-129007,US-2020-129007,15-09-2020,First Class
SC-2020-09-115567,CA-2020-115567,18-09-2020,Standard Class
SC-2020-09-118843,CA-2020-118843,20-09-2020,Standard Class
SC-2020-09-136728,CA-2020-136728,17-09-2020,Second Class
SC-2020-09-138457,CA-2020-138457,17-09-2020,Standard Class
SC-2020-09-140984,CA-2020-140984,18-09-2020,Standard Class
SC-2020-09-131597,CA-2020-131597,18-09-2020,Standard Class
SC-2020-09-115924,CA-2020-115924,18-09-2020,Second Class
SC-2020-09-120362,CA-2020-120362,19-09-2020,Standard Class
SC-2020-09-128027,CA-2020-128027,17-09-2020,Second Class
SC-2020-09-105102,CA-2020-105102,19-09-2020,Second Class
SC-2020-09-100734,CA-2020-100734,20-09-2020,Standard Class
SC-2020-09-145849,CA-2020-145849,17-09-2020,Second Class
SC-2020-09-130519,US-2020-130519,15-09-2020,Same Day
SC-2020-09-102582,CA-2020-102582,19-09-2020,Standard Class
SC-2020-09-167696,CA-2020-167696,21-09-2020,Standard Class
SC-2020-09-150630,US-2020-150630,21-09-2020,Standard Class
SC-2020-09-143077,CA-2020-143077,21-09-2020,Standard Class
SC-2020-09-126977,US-2020-126977,23-09-2020,Standard Class
SC-2020-09-133025,CA-2020-133025,19-09-2020,Second Class
FC-2020-09-138716,US-2020-138716,20-09-2020,First Class
SC-2020-09-138919,US-2020-138919,21-09-2020,Standard Class
SC-2020-09-141145,CA-2020-141145,23-09-2020,Standard Class
SC-2020-09-167745,CA-2020-167745,23-09-2020,Standard Class
SC-2020-09-149713,CA-2020-149713,22-09-2020,Second Class
SC-2020-09-142202,CA-2020-142202,23-09-2020,Second Class
FC-2020-09-101154,CA-2020-101154,21-09-2020,First Class
SC-2020-09-109575,CA-2020-109575,23-09-2020,Standard Class
SC-2020-09-150511,CA-2020-150511,24-09-2020,Standard Class
SC-2020-09-135489,CA-2020-135489,22-09-2020,Second Class
SC-2020-09-149517,CA-2020-149517,23-09-2020,Standard Class
SC-2020-09-137603,CA-2020-137603,24-09-2020,Standard Class
SC-2020-09-132815,CA-2020-132815,22-09-2020,Second Class
SC-2020-09-115847,CA-2020-115847,24-09-2020,Second Class
SC-2020-09-147102,CA-2020-147102,26-09-2020,Standard Class
SC-2020-09-156013,CA-2020-156013,26-09-2020,Standard Class
SC-2020-09-151470,CA-2020-151470,26-09-2020,Standard Class
FC-2020-09-153738,CA-2020-153738,22-09-2020,First Class
SC-2020-09-141565,CA-2020-141565,24-09-2020,Standard Class
SC-2020-09-126970,CA-2020-126970,24-09-2020,Standard Class
SC-2020-09-158421,CA-2020-158421,26-09-2020,Standard Class
SC-2020-09-117800,CA-2020-117800,26-09-2020,Standard Class
FC-2020-09-126697,CA-2020-126697,24-09-2020,First Class
SC-2020-09-102036,CA-2020-102036,27-09-2020,Standard Class
SC-2020-09-168480,CA-2020-168480,27-09-2020,Standard Class
SC-2020-09-127593,CA-2020-127593,21-09-2020,Same Day
FC-2020-09-149972,CA-2020-149972,23-09-2020,First Class
SC-2020-09-102260,CA-2020-102260,26-09-2020,Standard Class
SC-2020-09-134992,CA-2020-134992,26-09-2020,Second Class
SC-2020-09-112571,CA-2020-112571,22-09-2020,Same Day
SC-2020-09-168760,CA-2020-168760,26-09-2020,Second Class
FC-2020-09-115343,US-2020-115343,25-09-2020,First Class
FC-2020-09-164308,US-2020-164308,27-09-2020,First Class
SC-2020-09-113131,CA-2020-113131,24-09-2020,Same Day
SC-2020-09-106873,US-2020-106873,29-09-2020,Second Class
SC-2020-09-161466,US-2020-161466,27-09-2020,Second Class
SC-2020-09-161830,CA-2020-161830,26-09-2020,Second Class
SC-2020-09-143119,CA-2020-143119,30-09-2020,Standard Class
SC-2020-09-153381,CA-2020-153381,28-09-2020,Standard Class
SC-2020-09-105508,CA-2020-105508,29-09-2020,Standard Class
SC-2020-09-147816,CA-2020-147816,26-09-2020,Second Class
SC-2020-09-103835,CA-2020-103835,28-09-2020,Standard Class
SC-2020-09-139738,CA-2020-139738,29-09-2020,Standard Class
SC-2020-09-159779,CA-2020-159779,29-09-2020,Standard Class
SC-2020-10-120845,CA-2020-120845,02-10-2020,Standard Class
SC-2020-09-160787,CA-2020-160787,25-09-2020,Same Day
SC-2020-09-156510,CA-2020-156510,29-09-2020,Standard Class
SC-2020-09-149083,CA-2020-149083,30-09-2020,Standard Class
SC-2020-09-106320,CA-2020-106320,30-09-2020,Standard Class
SC-2020-09-151869,CA-2020-151869,25-09-2020,Same Day
FC-2020-09-103933,CA-2020-103933,27-09-2020,First Class
SC-2020-10-100573,CA-2020-100573,01-10-2020,Standard Class
SC-2020-09-156335,CA-2020-156335,28-09-2020,Second Class
SC-2020-09-124800,CA-2020-124800,30-09-2020,Standard Class
SC-2020-10-127173,CA-2020-127173,03-10-2020,Standard Class
SC-2020-10-122371,CA-2020-122371,01-10-2020,Standard Class
SC-2020-09-161991,US-2020-161991,28-09-2020,Second Class
SC-2020-09-111458,CA-2020-111458,30-09-2020,Standard Class
SC-2020-10-130883,CA-2020-130883,02-10-2020,Standard Class
SC-2020-09-120341,CA-2020-120341,29-09-2020,Second Class
SC-2020-09-167255,CA-2020-167255,29-09-2020,Second Class
FC-2020-09-100531,US-2020-100531,29-09-2020,First Class
SC-2020-10-125976,CA-2020-125976,02-10-2020,Standard Class
SC-2020-09-143616,CA-2020-143616,29-09-2020,Second Class
SC-2020-09-103072,CA-2020-103072,30-09-2020,Second Class
SC-2020-10-120915,CA-2020-120915,03-10-2020,Second Class
SC-2020-10-106978,CA-2020-106978,04-10-2020,Standard Class
SC-2020-10-129546,CA-2020-129546,05-10-2020,Standard Class
FC-2020-10-169201,CA-2020-169201,01-10-2020,First Class
SC-2020-10-166135,CA-2020-166135,06-10-2020,Standard Class
SC-2020-10-148873,CA-2020-148873,05-10-2020,Standard Class
FC-2020-10-156566,CA-2020-156566,04-10-2020,First Class
SC-2020-10-115392,CA-2020-115392,04-10-2020,Second Class
FC-2020-10-129917,CA-2020-129917,03-10-2020,First Class
SC-2020-10-128356,CA-2020-128356,07-10-2020,Standard Class
SC-2020-10-137008,US-2020-137008,08-10-2020,Standard Class
SC-2020-10-140375,CA-2020-140375,05-10-2020,Second Class
SC-2020-10-145121,US-2020-145121,06-10-2020,Standard Class
FC-2020-10-144771,US-2020-144771,04-10-2020,First Class
SC-2020-10-125696,CA-2020-125696,06-10-2020,Standard Class
SC-2020-10-104493,CA-2020-104493,08-10-2020,Standard Class
SC-2020-10-119312,US-2020-119312,07-10-2020,Second Class
SC-2020-10-157014,US-2020-157014,06-10-2020,Second Class
SC-2020-10-126137,CA-2020-126137,08-10-2020,Standard Class
SC-2020-10-125178,CA-2020-125178,09-10-2020,Standard Class
SC-2020-10-134859,CA-2020-134859,09-10-2020,Standard Class
SC-2020-10-168004,CA-2020-168004,09-10-2020,Second Class
FC-2020-10-121391,CA-2020-121391,07-10-2020,First Class
FC-2020-10-145828,CA-2020-145828,07-10-2020,First Class
SC-2020-10-151722,CA-2020-151722,09-10-2020,Standard Class
SC-2020-10-115091,CA-2020-115091,09-10-2020,Standard Class
SC-2020-10-161214,CA-2020-161214,08-10-2020,Second Class
SC-2020-10-133445,CA-2020-133445,09-10-2020,Standard Class
SC-2020-10-125710,CA-2020-125710,13-10-2020,Standard Class
SC-2020-10-168529,CA-2020-168529,12-10-2020,Standard Class
SC-2020-10-131352,CA-2020-131352,13-10-2020,Standard Class
SC-2020-10-124499,CA-2020-124499,13-10-2020,Standard Class
SC-2020-10-162761,CA-2020-162761,13-10-2020,Standard Class
SC-2020-10-124107,CA-2020-124107,12-10-2020,Second Class
SC-2020-10-141040,CA-2020-141040,13-10-2020,Second Class
SC-2020-10-129098,CA-2020-129098,13-10-2020,Standard Class
SC-2020-10-134719,CA-2020-134719,15-10-2020,Standard Class
FC-2020-10-132388,CA-2020-132388,12-10-2020,First Class
FC-2020-10-109736,CA-2020-109736,11-10-2020,First Class
SC-2020-10-112522,CA-2020-112522,17-10-2020,Standard Class
SC-2020-10-108966,US-2020-108966,18-10-2020,Standard Class
SC-2020-10-112053,CA-2020-112053,13-10-2020,Second Class
SC-2020-10-159786,CA-2020-159786,17-10-2020,Second Class
SC-2020-10-142993,CA-2020-142993,17-10-2020,Standard Class
FC-2020-10-102281,CA-2020-102281,14-10-2020,First Class
SC-2020-10-134747,CA-2020-134747,17-10-2020,Second Class
SC-2020-10-114300,CA-2020-114300,17-10-2020,Standard Class
SC-2020-10-123918,US-2020-123918,15-10-2020,Same Day
SC-2020-10-126235,US-2020-126235,15-10-2020,Same Day
SC-2020-10-118766,US-2020-118766,22-10-2020,Standard Class
SC-2020-10-129476,CA-2020-129476,20-10-2020,Standard Class
SC-2020-10-139731,CA-2020-139731,15-10-2020,Same Day
SC-2020-10-110765,CA-2020-110765,20-10-2020,Second Class
SC-2020-10-152527,CA-2020-152527,17-10-2020,Same Day
SC-2020-10-105613,CA-2020-105613,22-10-2020,Standard Class
SC-2020-10-127824,CA-2020-127824,22-10-2020,Standard Class
SC-2020-10-160171,CA-2020-160171,24-10-2020,Standard Class
FC-2020-10-131128,CA-2020-131128,20-10-2020,First Class
SC-2020-10-113901,CA-2020-113901,24-10-2020,Standard Class
SC-2020-10-150413,CA-2020-150413,24-10-2020,Second Class
SC-2020-10-149097,CA-2020-149097,24-10-2020,Standard Class
SC-2020-10-160563,US-2020-160563,24-10-2020,Standard Class
FC-2020-10-164623,CA-2020-164623,22-10-2020,First Class
SC-2020-10-104430,US-2020-104430,26-10-2020,Standard Class
SC-2020-10-169733,CA-2020-169733,26-10-2020,Second Class
SC-2020-10-109190,CA-2020-109190,28-10-2020,Standard Class
SC-2020-10-132486,CA-2020-132486,27-10-2020,Second Class
SC-2020-10-142692,CA-2020-142692,28-10-2020,Standard Class
SC-2020-10-155068,CA-2020-155068,23-10-2020,Same Day
FC-2020-10-110877,CA-2020-110877,26-10-2020,First Class
SC-2020-10-118738,CA-2020-118738,30-10-2020,Standard Class
FC-2020-10-149650,CA-2020-149650,27-10-2020,First Class
SC-2020-10-156608,CA-2020-156608,29-10-2020,Standard Class
SC-2020-10-130848,CA-2020-130848,25-10-2020,Same Day
SC-2020-10-105844,CA-2020-105844,27-10-2020,Second Class
SC-2020-10-152891,CA-2020-152891,30-10-2020,Standard Class
SC-2020-10-109862,CA-2020-109862,30-10-2020,Standard Class
SC-2020-11-150714,CA-2020-150714,01-11-2020,Standard Class
SC-2020-10-156146,CA-2020-156146,30-10-2020,Second Class
SC-2020-10-139290,CA-2020-139290,30-10-2020,Standard Class
SC-2020-11-162537,CA-2020-162537,03-11-2020,Standard Class
SC-2020-11-110289,CA-2020-110289,02-11-2020,Standard Class
SC-2020-11-131359,US-2020-131359,02-11-2020,Second Class
FC-2020-11-132318,CA-2020-132318,02-11-2020,First Class
SC-2020-10-145758,CA-2020-145758,30-10-2020,Same Day
SC-2020-11-123673,CA-2020-123673,01-11-2020,Second Class
SC-2020-11-164448,US-2020-164448,04-11-2020,Second Class
SC-2020-11-132570,CA-2020-132570,02-11-2020,Second Class
SC-2020-11-131457,CA-2020-131457,06-11-2020,Standard Class
SC-2020-10-164882,CA-2020-164882,31-10-2020,Same Day
SC-2020-11-122259,CA-2020-122259,04-11-2020,Standard Class
FC-2020-11-105221,CA-2020-105221,03-11-2020,First Class
SC-2020-11-108119,CA-2020-108119,08-11-2020,Standard Class
FC-2020-11-110163,US-2020-110163,04-11-2020,First Class
SC-2020-11-126739,CA-2020-126739,03-11-2020,Second Class
SC-2020-11-113145,CA-2020-113145,05-11-2020,Standard Class
SC-2020-11-141740,CA-2020-141740,05-11-2020,Standard Class
SC-2020-11-130995,CA-2020-130995,06-11-2020,Standard Class
SC-2020-11-141810,CA-2020-141810,07-11-2020,Standard Class
SC-2020-11-168207,CA-2020-168207,06-11-2020,Standard Class
SC-2020-11-130890,CA-2020-130890,06-11-2020,Standard Class
FC-2020-11-160227,CA-2020-160227,04-11-2020,First Class
SC-2020-11-100657,CA-2020-100657,07-11-2020,Standard Class
SC-2020-11-125416,CA-2020-125416,02-11-2020,Same Day
FC-2020-11-138625,CA-2020-138625,05-11-2020,First Class
SC-2020-11-121041,CA-2020-121041,10-11-2020,Standard Class
FC-2020-11-162047,CA-2020-162047,05-11-2020,First Class
SC-2020-11-140410,CA-2020-140410,07-11-2020,Standard Class
SC-2020-11-103961,CA-2020-103961,09-11-2020,Standard Class
SC-2020-11-144386,CA-2020-144386,11-11-2020,Standard Class
SC-2020-11-145485,CA-2020-145485,05-11-2020,Same Day
FC-2020-11-136259,US-2020-136259,08-11-2020,First Class
SC-2020-11-118444,CA-2020-118444,09-11-2020,Standard Class
SC-2020-11-131072,CA-2020-131072,05-11-2020,Same Day
SC-2020-11-131422,CA-2020-131422,09-11-2020,Standard Class
FC-2020-11-105312,CA-2020-105312,09-11-2020,First Class
SC-2020-11-105571,CA-2020-105571,11-11-2020,Standard Class
SC-2020-11-163181,CA-2020-163181,12-11-2020,Standard Class
SC-2020-11-102848,CA-2020-102848,09-11-2020,Second Class
SC-2020-11-134922,CA-2020-134922,11-11-2020,Standard Class
SC-2020-11-162887,CA-2020-162887,09-11-2020,Second Class
SC-2020-11-126669,CA-2020-126669,13-11-2020,Standard Class
SC-2020-11-148432,CA-2020-148432,10-11-2020,Second Class
SC-2020-11-114811,CA-2020-114811,08-11-2020,Same Day
SC-2020-11-108259,CA-2020-108259,15-11-2020,Standard Class
SC-2020-11-123568,CA-2020-123568,14-11-2020,Standard Class
SC-2020-11-154886,CA-2020-154886,12-11-2020,Standard Class
SC-2020-11-109386,CA-2020-109386,13-11-2020,Second Class
SC-2020-11-164441,CA-2020-164441,13-11-2020,Standard Class
SC-2020-11-111990,CA-2020-111990,13-11-2020,Standard Class
SC-2020-11-117611,CA-2020-117611,10-11-2020,Second Class
SC-2020-11-151407,US-2020-151407,12-11-2020,Standard Class
SC-2020-11-117086,CA-2020-117086,12-11-2020,Standard Class
SC-2020-11-105634,CA-2020-105634,14-11-2020,Standard Class
SC-2020-11-146486,CA-2020-146486,14-11-2020,Second Class
SC-2020-11-126466,CA-2020-126466,13-11-2020,Standard Class
SC-2020-11-127509,CA-2020-127509,13-11-2020,Standard Class
SC-2020-11-169796,CA-2020-169796,14-11-2020,Standard Class
SC-2020-11-158554,CA-2020-158554,09-11-2020,Same Day
SC-2020-11-113222,CA-2020-113222,09-11-2020,Same Day
SC-2020-11-121783,CA-2020-121783,14-11-2020,Standard Class
SC-2020-11-155040,CA-2020-155040,15-11-2020,Standard Class
SC-2020-11-158659,CA-2020-158659,14-11-2020,Second Class
SC-2020-11-147690,CA-2020-147690,14-11-2020,Standard Class
SC-2020-11-111948,CA-2020-111948,11-11-2020,Same Day
SC-2020-11-153283,US-2020-153283,18-11-2020,Standard Class
SC-2020-11-162964,CA-2020-162964,18-11-2020,Standard Class
FC-2020-11-153220,CA-2020-153220,14-11-2020,First Class
SC-2020-11-113628,CA-2020-113628,19-11-2020,Standard Class
SC-2020-11-156867,US-2020-156867,17-11-2020,Standard Class
SC-2020-11-149909,CA-2020-149909,17-11-2020,Standard Class
SC-2020-11-115798,CA-2020-115798,19-11-2020,Standard Class
SC-2020-11-136147,CA-2020-136147,18-11-2020,Standard Class
SC-2020-11-114503,CA-2020-114503,17-11-2020,Standard Class
SC-2020-11-111199,CA-2020-111199,17-11-2020,Standard Class
SC-2020-11-144519,CA-2020-144519,17-11-2020,Standard Class
SC-2020-11-104948,CA-2020-104948,17-11-2020,Standard Class
SC-2020-11-130183,CA-2020-130183,17-11-2020,Standard Class
SC-2020-11-153073,CA-2020-153073,13-11-2020,Same Day
FC-2020-11-154746,CA-2020-154746,17-11-2020,First Class
FC-2020-11-138674,CA-2020-138674,17-11-2020,First Class
SC-2020-11-111927,US-2020-111927,19-11-2020,Standard Class
SC-2020-11-151043,CA-2020-151043,20-11-2020,Standard Class
SC-2020-11-123141,CA-2020-123141,19-11-2020,Standard Class
SC-2020-11-137897,CA-2020-137897,19-11-2020,Standard Class
SC-2020-11-129525,CA-2020-129525,20-11-2020,Standard Class
SC-2020-11-145324,CA-2020-145324,19-11-2020,Standard Class
SC-2020-11-113173,CA-2020-113173,17-11-2020,Second Class
FC-2020-11-138954,CA-2020-138954,17-11-2020,First Class
SC-2020-11-150875,CA-2020-150875,20-11-2020,Standard Class
SC-2020-11-135685,CA-2020-135685,18-11-2020,Second Class
SC-2020-11-164539,CA-2020-164539,22-11-2020,Standard Class
SC-2020-11-145394,CA-2020-145394,20-11-2020,Standard Class
FC-2020-11-120446,CA-2020-120446,18-11-2020,First Class
SC-2020-11-126725,CA-2020-126725,21-11-2020,Standard Class
SC-2020-11-110863,CA-2020-110863,24-11-2020,Standard Class
SC-2020-11-163090,CA-2020-163090,21-11-2020,Second Class
SC-2020-11-166800,CA-2020-166800,26-11-2020,Standard Class
SC-2020-11-145814,CA-2020-145814,24-11-2020,Standard Class
SC-2020-11-151680,CA-2020-151680,21-11-2020,Second Class
SC-2020-11-163965,CA-2020-163965,27-11-2020,Standard Class
SC-2020-11-116484,CA-2020-116484,26-11-2020,Standard Class
SC-2020-11-112305,CA-2020-112305,25-11-2020,Standard Class
SC-2020-11-124058,CA-2020-124058,24-11-2020,Standard Class
SC-2020-11-144652,CA-2020-144652,26-11-2020,Standard Class
SC-2020-11-156524,CA-2020-156524,26-11-2020,Standard Class
FC-2020-11-136420,CA-2020-136420,21-11-2020,First Class
SC-2020-11-146465,CA-2020-146465,24-11-2020,Standard Class
SC-2020-11-165743,US-2020-165743,23-11-2020,Second Class
SC-2020-11-100454,CA-2020-100454,25-11-2020,Standard Class
SC-2020-11-158589,US-2020-158589,24-11-2020,Standard Class
SC-2020-11-110891,CA-2020-110891,24-11-2020,Standard Class
SC-2020-11-161767,CA-2020-161767,24-11-2020,Standard Class
SC-2020-11-101511,US-2020-101511,23-11-2020,Second Class
SC-2020-11-109337,CA-2020-109337,23-11-2020,Second Class
SC-2020-11-115511,CA-2020-115511,25-11-2020,Standard Class
SC-2020-11-105690,CA-2020-105690,26-11-2020,Second Class
SC-2020-11-159499,US-2020-159499,23-11-2020,Second Class
SC-2020-11-119879,CA-2020-119879,25-11-2020,Standard Class
SC-2020-11-107083,CA-2020-107083,27-11-2020,Standard Class
FC-2020-11-102778,CA-2020-102778,24-11-2020,First Class
SC-2020-11-139094,CA-2020-139094,27-11-2020,Standard Class
SC-2020-11-118983,US-2020-118983,26-11-2020,Standard Class
SC-2020-11-165449,US-2020-165449,26-11-2020,Standard Class
SC-2020-11-100545,CA-2020-100545,26-11-2020,Standard Class
SC-2020-11-123505,CA-2020-123505,26-11-2020,Standard Class
SC-2020-11-137708,CA-2020-137708,25-11-2020,Second Class
FC-2020-11-149300,CA-2020-149300,23-11-2020,First Class
SC-2020-11-162376,CA-2020-162376,25-11-2020,Second Class
SC-2020-11-168459,CA-2020-168459,27-11-2020,Standard Class
SC-2020-11-144274,CA-2020-144274,25-11-2020,Second Class
SC-2020-11-111395,CA-2020-111395,27-11-2020,Standard Class
SC-2020-11-123113,CA-2020-123113,27-11-2020,Second Class
SC-2020-11-153416,CA-2020-153416,29-11-2020,Standard Class
SC-2020-11-135545,CA-2020-135545,30-11-2020,Standard Class
SC-2020-11-105347,CA-2020-105347,28-11-2020,Standard Class
SC-2020-11-164357,US-2020-164357,29-11-2020,Standard Class
SC-2020-11-117961,CA-2020-117961,30-11-2020,Standard Class
SC-2020-12-158939,CA-2020-158939,01-12-2020,Standard Class
SC-2020-11-166975,CA-2020-166975,30-11-2020,Standard Class
FC-2020-11-145184,CA-2020-145184,29-11-2020,First Class
SC-2020-11-130974,CA-2020-130974,29-11-2020,Second Class
SC-2020-12-168935,US-2020-168935,02-12-2020,Standard Class
SC-2020-12-160059,CA-2020-160059,01-12-2020,Standard Class
SC-2020-12-101910,CA-2020-101910,03-12-2020,Standard Class
SC-2020-12-125234,CA-2020-125234,01-12-2020,Standard Class
SC-2020-12-154389,US-2020-154389,03-12-2020,Standard Class
SC-2020-12-163762,CA-2020-163762,01-12-2020,Standard Class
SC-2020-12-157028,CA-2020-157028,03-12-2020,Standard Class
SC-2020-12-157133,CA-2020-157133,03-12-2020,Standard Class
FC-2020-11-164497,CA-2020-164497,30-11-2020,First Class
SC-2020-12-161711,CA-2020-161711,03-12-2020,Standard Class
SC-2020-12-111612,CA-2020-111612,02-12-2020,Standard Class
SC-2020-12-159982,US-2020-159982,04-12-2020,Standard Class
SC-2020-12-142930,CA-2020-142930,02-12-2020,Standard Class
FC-2020-11-129112,CA-2020-129112,30-11-2020,First Class
FC-2020-11-154340,CA-2020-154340,30-11-2020,First Class
SC-2020-12-138009,CA-2020-138009,03-12-2020,Standard Class
SC-2020-12-110016,CA-2020-110016,04-12-2020,Standard Class
SC-2020-11-144099,CA-2020-144099,30-11-2020,Same Day
FC-2020-12-158323,CA-2020-158323,03-12-2020,First Class
SC-2020-12-107685,CA-2020-107685,02-12-2020,Second Class
FC-2020-12-141327,CA-2020-141327,03-12-2020,First Class
SC-2020-12-122210,CA-2020-122210,04-12-2020,Standard Class
SC-2020-12-140830,CA-2020-140830,02-12-2020,Second Class
SC-2020-12-137925,CA-2020-137925,04-12-2020,Standard Class
SC-2020-12-156328,CA-2020-156328,05-12-2020,Standard Class
SC-2020-12-141453,US-2020-141453,03-12-2020,Second Class
SC-2020-12-103723,CA-2020-103723,06-12-2020,Standard Class
SC-2020-12-119907,CA-2020-119907,08-12-2020,Standard Class
SC-2020-12-137113,CA-2020-137113,05-12-2020,Second Class
SC-2020-12-111038,CA-2020-111038,06-12-2020,Standard Class
SC-2020-12-105676,US-2020-105676,02-12-2020,Same Day
SC-2020-12-148817,US-2020-148817,07-12-2020,Standard Class
SC-2020-12-110324,CA-2020-110324,05-12-2020,Standard Class
SC-2020-12-123092,CA-2020-123092,07-12-2020,Standard Class
SC-2020-12-156853,CA-2020-156853,05-12-2020,Second Class
SC-2020-12-122756,CA-2020-122756,07-12-2020,Standard Class
SC-2020-12-110093,CA-2020-110093,08-12-2020,Standard Class
SC-2020-12-147851,CA-2020-147851,08-12-2020,Standard Class
SC-2020-12-142475,CA-2020-142475,07-12-2020,Standard Class
SC-2020-12-142377,CA-2020-142377,09-12-2020,Standard Class
SC-2020-12-119508,CA-2020-119508,09-12-2020,Standard Class
SC-2020-12-130659,CA-2020-130659,09-12-2020,Second Class
SC-2020-12-110247,CA-2020-110247,08-12-2020,Standard Class
SC-2020-12-118871,CA-2020-118871,09-12-2020,Second Class
SC-2020-12-161718,CA-2020-161718,10-12-2020,Standard Class
SC-2020-12-155600,CA-2020-155600,07-12-2020,Second Class
SC-2020-12-110814,CA-2020-110814,09-12-2020,Second Class
SC-2020-12-149566,CA-2020-149566,10-12-2020,Standard Class
SC-2020-12-101091,CA-2020-101091,09-12-2020,Second Class
SC-2020-12-117898,CA-2020-117898,11-12-2020,Standard Class
FC-2020-12-131842,US-2020-131842,08-12-2020,First Class
SC-2020-12-156440,CA-2020-156440,09-12-2020,Standard Class
FC-2020-12-142937,CA-2020-142937,06-12-2020,First Class
FC-2020-12-134943,CA-2020-134943,06-12-2020,First Class
SC-2020-12-127040,US-2020-127040,10-12-2020,Standard Class
SC-2020-12-148628,CA-2020-148628,11-12-2020,Standard Class
SC-2020-12-136700,CA-2020-136700,11-12-2020,Second Class
SC-2020-12-114741,US-2020-114741,10-12-2020,Standard Class
SC-2020-12-143490,CA-2020-143490,13-12-2020,Standard Class
SC-2020-12-131884,CA-2020-131884,06-12-2020,Same Day
SC-2020-12-144806,CA-2020-144806,11-12-2020,Standard Class
SC-2020-12-153752,CA-2020-153752,11-12-2020,Second Class
SC-2020-12-156104,CA-2020-156104,08-12-2020,Second Class
SC-2020-12-149692,US-2020-149692,12-12-2020,Standard Class
SC-2020-12-168634,CA-2020-168634,11-12-2020,Standard Class
FC-2020-12-166338,CA-2020-166338,07-12-2020,First Class
FC-2020-12-165050,CA-2020-165050,09-12-2020,First Class
SC-2020-12-120957,US-2020-120957,07-12-2020,Same Day
SC-2020-12-134894,CA-2020-134894,11-12-2020,Standard Class
SC-2020-12-135272,CA-2020-135272,12-12-2020,Standard Class
FC-2020-12-130736,CA-2020-130736,09-12-2020,First Class
SC-2020-12-135622,CA-2020-135622,11-12-2020,Second Class
SC-2020-12-129532,CA-2020-129532,12-12-2020,Standard Class
SC-2020-12-103205,CA-2020-103205,10-12-2020,Second Class
SC-2020-12-156118,CA-2020-156118,12-12-2020,Standard Class
FC-2020-12-157035,CA-2020-157035,12-12-2020,First Class
SC-2020-12-143105,CA-2020-143105,10-12-2020,Same Day
SC-2020-12-168732,US-2020-168732,16-12-2020,Standard Class
SC-2020-12-106208,CA-2020-106208,15-12-2020,Standard Class
SC-2020-12-115693,CA-2020-115693,15-12-2020,Standard Class
SC-2020-12-121650,CA-2020-121650,16-12-2020,Standard Class
SC-2020-12-138093,US-2020-138093,16-12-2020,Standard Class
SC-2020-12-112823,CA-2020-112823,16-12-2020,Standard Class
SC-2020-12-127502,CA-2020-127502,14-12-2020,Standard Class
SC-2020-12-104346,CA-2020-104346,16-12-2020,Standard Class
FC-2020-12-135853,CA-2020-135853,14-12-2020,First Class
SC-2020-12-106362,CA-2020-106362,15-12-2020,Standard Class
SC-2020-12-155761,CA-2020-155761,11-12-2020,Same Day
FC-2020-12-150560,CA-2020-150560,12-12-2020,First Class
SC-2020-12-120572,US-2020-120572,15-12-2020,Standard Class
SC-2020-12-134082,CA-2020-134082,17-12-2020,Standard Class
SC-2020-12-154620,CA-2020-154620,16-12-2020,Standard Class
SC-2020-12-155586,CA-2020-155586,16-12-2020,Second Class
FC-2020-12-110870,CA-2020-110870,15-12-2020,First Class
FC-2020-12-145065,CA-2020-145065,15-12-2020,First Class
SC-2020-12-167220,US-2020-167220,16-12-2020,Standard Class
SC-2020-12-129042,CA-2020-129042,17-12-2020,Standard Class
SC-2020-12-127481,CA-2020-127481,15-12-2020,Second Class
SC-2020-12-134075,CA-2020-134075,16-12-2020,Standard Class
SC-2020-12-148250,CA-2020-148250,17-12-2020,Standard Class
SC-2020-12-125423,CA-2020-125423,15-12-2020,Second Class
FC-2020-12-157770,CA-2020-157770,15-12-2020,First Class
SC-2020-12-139962,CA-2020-139962,20-12-2020,Standard Class
SC-2020-12-146696,CA-2020-146696,19-12-2020,Standard Class
SC-2020-12-125066,CA-2020-125066,18-12-2020,Standard Class
SC-2020-12-141593,CA-2020-141593,16-12-2020,Second Class
SC-2020-12-114048,CA-2020-114048,18-12-2020,Standard Class
SC-2020-12-126347,CA-2020-126347,19-12-2020,Second Class
SC-2020-12-130253,CA-2020-130253,18-12-2020,Standard Class
SC-2020-12-123232,CA-2020-123232,16-12-2020,Second Class
SC-2020-12-119592,CA-2020-119592,16-12-2020,Second Class
SC-2020-12-109638,CA-2020-109638,22-12-2020,Standard Class
SC-2020-12-137225,CA-2020-137225,19-12-2020,Standard Class
FC-2020-12-147830,CA-2020-147830,18-12-2020,First Class
SC-2020-12-150308,CA-2020-150308,20-12-2020,Standard Class
FC-2020-12-162544,CA-2020-162544,19-12-2020,First Class
SC-2020-12-138121,US-2020-138121,17-12-2020,Same Day
SC-2020-12-129637,US-2020-129637,22-12-2020,Standard Class
SC-2020-12-134117,CA-2020-134117,19-12-2020,Second Class
SC-2020-12-137533,US-2020-137533,18-12-2020,Same Day
SC-2020-12-120131,US-2020-120131,23-12-2020,Standard Class
SC-2020-12-107468,CA-2020-107468,22-12-2020,Standard Class
SC-2020-12-153038,CA-2020-153038,25-12-2020,Standard Class
SC-2020-12-137960,US-2020-137960,18-12-2020,Same Day
SC-2020-12-157084,CA-2020-157084,24-12-2020,Standard Class
SC-2020-12-134558,US-2020-134558,24-12-2020,Second Class
SC-2020-12-109113,CA-2020-109113,23-12-2020,Standard Class
SC-2020-12-100685,CA-2020-100685,21-12-2020,Second Class
FC-2020-12-115399,CA-2020-115399,22-12-2020,First Class
FC-2020-12-127453,CA-2020-127453,20-12-2020,First Class
SC-2020-12-110261,US-2020-110261,23-12-2020,Second Class
SC-2020-12-154144,CA-2020-154144,24-12-2020,Standard Class
FC-2020-12-137071,CA-2020-137071,21-12-2020,First Class
SC-2020-12-154795,CA-2020-154795,24-12-2020,Standard Class
SC-2020-12-123218,US-2020-123218,25-12-2020,Standard Class
SC-2020-12-141754,CA-2020-141754,25-12-2020,Standard Class
SC-2020-12-120712,US-2020-120712,24-12-2020,Standard Class
SC-2020-12-158918,CA-2020-158918,25-12-2020,Second Class
SC-2020-12-158148,CA-2020-158148,26-12-2020,Standard Class
FC-2020-12-165414,CA-2020-165414,24-12-2020,First Class
SC-2020-12-126214,US-2020-126214,24-12-2020,Second Class
SC-2020-12-154284,CA-2020-154284,26-12-2020,Second Class
SC-2020-12-112375,CA-2020-112375,27-12-2020,Standard Class
SC-2020-12-161795,CA-2020-161795,23-12-2020,Second Class
SC-2020-12-127019,CA-2020-127019,25-12-2020,Standard Class
FC-2020-12-157287,CA-2020-157287,23-12-2020,First Class
SC-2020-12-153612,CA-2020-153612,27-12-2020,Standard Class
FC-2020-12-117828,CA-2020-117828,26-12-2020,First Class
SC-2020-12-128587,US-2020-128587,30-12-2020,Standard Class
FC-2020-12-169397,CA-2020-169397,27-12-2020,First Class
FC-2020-12-124653,CA-2020-124653,26-12-2020,First Class
SC-2020-12-120103,CA-2020-120103,29-12-2020,Standard Class
SC-2020-12-103471,US-2020-103471,28-12-2020,Standard Class
SC-2020-12-135538,CA-2020-135538,28-12-2020,Standard Class
SC-2020-12-158456,CA-2020-158456,29-12-2020,Standard Class
SC-2020-12-147739,US-2020-147739,29-12-2020,Standard Class
SC-2020-12-113152,CA-2020-113152,30-12-2020,Standard Class
SC-2021-01-153717,CA-2020-153717,01-01-2021,Standard Class
SC-2020-12-136749,US-2020-136749,27-12-2020,Second Class
SC-2020-12-111780,CA-2020-111780,30-12-2020,Second Class
SC-2020-12-143980,CA-2020-143980,29-12-2020,Standard Class
SC-2020-12-144890,CA-2020-144890,29-12-2020,Standard Class
SC-2020-12-144288,CA-2020-144288,31-12-2020,Standard Class
SC-2020-12-119550,CA-2020-119550,31-12-2020,Standard Class
SC-2021-01-158792,CA-2020-158792,02-01-2021,Standard Class
SC-2020-12-111073,CA-2020-111073,30-12-2020,Standard Class
SC-2020-12-124933,CA-2020-124933,30-12-2020,Second Class
SC-2020-12-130113,CA-2020-130113,31-12-2020,Standard Class
SC-2020-12-101889,CA-2020-101889,31-12-2020,Standard Class
SC-2020-12-103870,CA-2020-103870,31-12-2020,Standard Class
SC-2020-12-117415,CA-2020-117415,31-12-2020,Standard Class
SC-2020-12-148376,CA-2020-148376,31-12-2020,Standard Class
FC-2020-12-151589,CA-2020-151589,30-12-2020,First Class
SC-2021-01-163783,US-2020-163783,01-01-2021,Standard Class
SC-2020-12-155145,CA-2020-155145,29-12-2020,Second Class
SC-2020-12-165085,CA-2020-165085,31-12-2020,Standard Class
SC-2020-12-134782,CA-2020-134782,31-12-2020,Standard Class
SC-2020-12-119697,CA-2020-119697,31-12-2020,Second Class
SC-2021-01-148859,CA-2020-148859,01-01-2021,Standard Class
SC-2021-01-130855,CA-2020-130855,05-01-2021,Standard Class
SC-2021-01-135580,CA-2020-135580,03-01-2021,Standard Class
SC-2021-01-109197,CA-2020-109197,04-01-2021,Standard Class
SC-2021-01-109470,CA-2020-109470,03-01-2021,Second Class
SC-2021-01-156377,CA-2020-156377,05-01-2021,Standard Class
SC-2021-01-120901,CA-2020-120901,04-01-2021,Standard Class
SC-2021-01-139780,CA-2020-139780,02-01-2021,Second Class
SC-2021-01-160304,CA-2021-160304,07-01-2021,Standard Class
SC-2021-01-105207,CA-2021-105207,08-01-2021,Standard Class
SC-2021-01-116365,US-2021-116365,08-01-2021,Standard Class
FC-2021-01-125206,CA-2021-125206,05-01-2021,First Class
SC-2021-01-158211,CA-2021-158211,08-01-2021,Standard Class
SC-2021-01-164630,US-2021-164630,09-01-2021,Standard Class
SC-2021-01-134474,CA-2021-134474,07-01-2021,Second Class
SC-2021-01-101938,CA-2021-101938,12-01-2021,Standard Class
SC-2021-01-158806,CA-2021-158806,11-01-2021,Standard Class
SC-2021-01-137295,US-2021-137295,13-01-2021,Standard Class
SC-2021-01-100461,US-2021-100461,12-01-2021,Standard Class
SC-2021-01-108882,CA-2021-108882,15-01-2021,Standard Class
SC-2021-01-126543,CA-2021-126543,13-01-2021,Second Class
SC-2021-01-116547,CA-2021-116547,17-01-2021,Standard Class
SC-2021-01-163937,CA-2021-163937,13-01-2021,Second Class
SC-2021-01-141887,CA-2021-141887,15-01-2021,Standard Class
SC-2021-01-126529,CA-2021-126529,13-01-2021,Second Class
SC-2021-01-133368,CA-2021-133368,20-01-2021,Standard Class
FC-2021-01-166912,CA-2021-166912,17-01-2021,First Class
SC-2021-01-152072,CA-2021-152072,19-01-2021,Standard Class
SC-2021-01-140746,CA-2021-140746,15-01-2021,Same Day
SC-2021-01-137848,CA-2021-137848,21-01-2021,Standard Class
SC-2021-01-121755,CA-2021-121755,20-01-2021,Second Class
SC-2021-01-116736,CA-2021-116736,21-01-2021,Standard Class
SC-2021-01-106558,CA-2021-106558,21-01-2021,Standard Class
SC-2021-01-167339,US-2021-167339,23-01-2021,Second Class
SC-2021-01-148208,CA-2021-148208,27-01-2021,Standard Class
SC-2021-01-155180,US-2021-155180,29-01-2021,Standard Class
SC-2021-01-125850,CA-2021-125850,28-01-2021,Standard Class
SC-2021-01-111010,CA-2021-111010,28-01-2021,Standard Class
SC-2021-01-135923,US-2021-135923,28-01-2021,Standard Class
SC-2021-01-146318,CA-2021-146318,27-01-2021,Standard Class
SC-2021-01-138079,CA-2021-138079,28-01-2021,Standard Class
SC-2021-01-165505,US-2021-165505,27-01-2021,Standard Class
SC-2021-01-113656,CA-2021-113656,29-01-2021,Standard Class
SC-2021-01-109407,CA-2021-109407,26-01-2021,Second Class
FC-2021-01-153346,CA-2021-153346,27-01-2021,First Class
SC-2021-01-168046,CA-2021-168046,28-01-2021,Second Class
SC-2021-02-146437,CA-2021-146437,01-02-2021,Second Class
SC-2021-02-164483,CA-2021-164483,03-02-2021,Standard Class
SC-2021-02-166660,US-2021-166660,01-02-2021,Second Class
SC-2021-02-168032,CA-2021-168032,03-02-2021,Standard Class
FC-2021-01-153661,CA-2021-153661,31-01-2021,First Class
SC-2021-02-114944,CA-2021-114944,04-02-2021,Standard Class
SC-2021-02-158043,CA-2021-158043,04-02-2021,Second Class
SC-2021-02-159891,CA-2021-159891,06-02-2021,Standard Class
SC-2021-02-129238,CA-2021-129238,04-02-2021,Standard Class
SC-2021-02-147970,CA-2021-147970,02-02-2021,Second Class
SC-2021-02-154067,CA-2021-154067,07-02-2021,Standard Class
FC-2021-02-140809,US-2021-140809,03-02-2021,First Class
SC-2021-02-158841,CA-2021-158841,04-02-2021,Second Class
SC-2021-02-147431,CA-2021-147431,07-02-2021,Standard Class
SC-2021-02-144645,CA-2021-144645,08-02-2021,Standard Class
SC-2021-02-118514,CA-2021-118514,10-02-2021,Standard Class
SC-2021-02-150077,CA-2021-150077,10-02-2021,Standard Class
SC-2021-02-117912,CA-2021-117912,08-02-2021,Standard Class
SC-2021-02-101189,CA-2021-101189,09-02-2021,Standard Class
SC-2021-02-100993,CA-2021-100993,10-02-2021,Standard Class
SC-2021-02-108504,US-2021-108504,05-02-2021,Same Day
SC-2021-02-125017,CA-2021-125017,11-02-2021,Standard Class
SC-2021-02-106894,CA-2021-106894,07-02-2021,Same Day
SC-2021-02-135461,CA-2021-135461,10-02-2021,Second Class
FC-2021-02-161662,CA-2021-161662,09-02-2021,First Class
SC-2021-02-163048,CA-2021-163048,15-02-2021,Standard Class
SC-2021-02-109344,CA-2021-109344,11-02-2021,Second Class
SC-2021-02-112396,US-2021-112396,13-02-2021,Standard Class
FC-2021-02-164938,CA-2021-164938,13-02-2021,First Class
FC-2021-02-110492,CA-2021-110492,14-02-2021,First Class
SC-2021-02-112942,CA-2021-112942,18-02-2021,Standard Class
FC-2021-02-134334,CA-2021-134334,15-02-2021,First Class
SC-2021-02-146150,CA-2021-146150,19-02-2021,Standard Class
SC-2021-02-162859,US-2021-162859,22-02-2021,Standard Class
SC-2021-02-105781,CA-2021-105781,20-02-2021,Standard Class
SC-2021-02-168956,CA-2021-168956,20-02-2021,Standard Class
SC-2021-02-108105,CA-2021-108105,23-02-2021,Standard Class
SC-2021-02-134138,CA-2021-134138,20-02-2021,Standard Class
SC-2021-02-106460,CA-2021-106460,22-02-2021,Second Class
SC-2021-02-101630,CA-2021-101630,23-02-2021,Second Class
SC-2021-02-123274,CA-2021-123274,24-02-2021,Standard Class
SC-2021-02-166485,CA-2021-166485,27-02-2021,Standard Class
FC-2021-02-121447,CA-2021-121447,22-02-2021,First Class
SC-2021-02-139262,US-2021-139262,25-02-2021,Standard Class
SC-2021-02-168410,US-2021-168410,26-02-2021,Standard Class
SC-2021-02-139010,CA-2021-139010,26-02-2021,Second Class
SC-2021-02-119025,CA-2021-119025,28-02-2021,Standard Class
SC-2021-02-143280,US-2021-143280,26-02-2021,Standard Class
SC-2021-02-144400,CA-2021-144400,27-02-2021,Standard Class
SC-2021-02-165015,CA-2021-165015,27-02-2021,Second Class
FC-2021-03-102456,CA-2021-102456,02-03-2021,First Class
SC-2021-03-128706,CA-2021-128706,03-03-2021,Standard Class
SC-2021-03-101448,CA-2021-101448,02-03-2021,Second Class
SC-2021-03-101623,CA-2021-101623,07-03-2021,Standard Class
SC-2021-03-111283,CA-2021-111283,05-03-2021,Standard Class
SC-2021-03-151862,US-2021-151862,09-03-2021,Standard Class
SC-2021-03-143819,US-2021-143819,06-03-2021,Standard Class
SC-2021-03-120005,CA-2021-120005,04-03-2021,Same Day
FC-2021-03-116799,CA-2021-116799,07-03-2021,First Class
SC-2021-03-167759,CA-2021-167759,09-03-2021,Second Class
SC-2021-03-145730,CA-2021-145730,09-03-2021,Standard Class
SC-2021-03-103982,CA-2021-103982,09-03-2021,Standard Class
SC-2021-03-112123,CA-2021-112123,09-03-2021,Standard Class
SC-2021-03-158358,CA-2021-158358,09-03-2021,Standard Class
SC-2021-03-164637,CA-2021-164637,09-03-2021,Standard Class
SC-2021-03-154053,CA-2021-154053,11-03-2021,Standard Class
SC-2021-03-122518,CA-2021-122518,09-03-2021,Second Class
SC-2021-03-165218,CA-2021-165218,12-03-2021,Standard Class
SC-2021-03-110898,CA-2021-110898,13-03-2021,Standard Class
SC-2021-03-155173,US-2021-155173,11-03-2021,Standard Class
SC-2021-03-137547,US-2021-137547,13-03-2021,Standard Class
SC-2021-03-137337,CA-2021-137337,13-03-2021,Standard Class
SC-2021-03-169103,CA-2021-169103,14-03-2021,Standard Class
SC-2021-03-140172,US-2021-140172,14-03-2021,Standard Class
SC-2021-03-111976,CA-2021-111976,13-03-2021,Standard Class
SC-2021-03-130400,CA-2021-130400,13-03-2021,Standard Class
SC-2021-03-106306,CA-2021-106306,09-03-2021,Same Day
SC-2021-03-120803,CA-2021-120803,14-03-2021,Standard Class
FC-2021-03-153269,CA-2021-153269,13-03-2021,First Class
FC-2021-03-159016,CA-2021-159016,12-03-2021,First Class
SC-2021-03-112977,US-2021-112977,17-03-2021,Standard Class
FC-2021-03-169663,CA-2021-169663,14-03-2021,First Class
SC-2021-03-122182,US-2021-122182,15-03-2021,Standard Class
SC-2021-03-108959,CA-2021-108959,15-03-2021,Second Class
SC-2021-03-146171,CA-2021-146171,16-03-2021,Standard Class
SC-2021-03-122511,CA-2021-122511,12-03-2021,Same Day
FC-2021-03-118255,CA-2021-118255,14-03-2021,First Class
SC-2021-03-128902,US-2021-128902,16-03-2021,Standard Class
SC-2021-03-127138,CA-2021-127138,16-03-2021,Second Class
SC-2021-03-119270,US-2021-119270,17-03-2021,Standard Class
SC-2021-03-115504,CA-2021-115504,18-03-2021,Standard Class
SC-2021-03-119683,CA-2021-119683,17-03-2021,Second Class
FC-2021-03-158834,CA-2021-158834,17-03-2021,First Class
SC-2021-03-108637,US-2021-108637,19-03-2021,Standard Class
SC-2021-03-136301,CA-2021-136301,16-03-2021,Second Class
SC-2021-03-159373,CA-2021-159373,19-03-2021,Standard Class
SC-2021-03-114013,US-2021-114013,16-03-2021,Second Class
SC-2021-03-119123,CA-2021-119123,19-03-2021,Standard Class
FC-2021-03-162082,CA-2021-162082,18-03-2021,First Class
SC-2021-03-133802,CA-2021-133802,21-03-2021,Standard Class
SC-2021-03-154361,US-2021-154361,20-03-2021,Standard Class
SC-2021-03-102134,CA-2021-102134,20-03-2021,Standard Class
FC-2021-03-124793,CA-2021-124793,17-03-2021,First Class
SC-2021-03-149272,CA-2021-149272,20-03-2021,Standard Class
FC-2021-03-138968,CA-2021-138968,17-03-2021,First Class
SC-2021-03-113509,US-2021-113509,20-03-2021,Standard Class
SC-2021-03-140571,CA-2021-140571,20-03-2021,Standard Class
SC-2021-03-131737,CA-2021-131737,18-03-2021,Same Day
SC-2021-03-115476,CA-2021-115476,18-03-2021,Same Day
SC-2021-03-128111,CA-2021-128111,24-03-2021,Standard Class
SC-2021-03-134544,CA-2021-134544,20-03-2021,Second Class
SC-2021-03-120929,US-2021-120929,22-03-2021,Second Class
SC-2021-03-113292,CA-2021-113292,21-03-2021,Second Class
SC-2021-03-106383,CA-2021-106383,22-03-2021,Second Class
SC-2021-03-136371,CA-2021-136371,22-03-2021,Second Class
SC-2021-03-118178,CA-2021-118178,25-03-2021,Standard Class
SC-2021-03-162747,CA-2021-162747,26-03-2021,Second Class
SC-2021-03-127670,CA-2021-127670,25-03-2021,Standard Class
SC-2021-03-156986,US-2021-156986,25-03-2021,Standard Class
SC-2021-03-150889,CA-2021-150889,23-03-2021,Second Class
SC-2021-03-133879,US-2021-133879,29-03-2021,Standard Class
SC-2021-03-163153,CA-2021-163153,26-03-2021,Standard Class
SC-2021-03-118899,CA-2021-118899,23-03-2021,Same Day
FC-2021-03-107615,CA-2021-107615,26-03-2021,First Class
SC-2021-03-164189,US-2021-164189,29-03-2021,Standard Class
SC-2021-03-130911,CA-2021-130911,27-03-2021,Second Class
FC-2021-03-113803,CA-2021-113803,27-03-2021,First Class
SC-2021-03-120082,CA-2021-120082,28-03-2021,Second Class
SC-2021-03-134887,CA-2021-134887,26-03-2021,Same Day
SC-2021-03-123666,CA-2021-123666,31-03-2021,Standard Class
SC-2021-03-161361,CA-2021-161361,29-03-2021,Second Class
FC-2021-03-162677,US-2021-162677,28-03-2021,First Class
SC-2021-04-119074,CA-2021-119074,01-04-2021,Standard Class
SC-2021-04-131380,CA-2021-131380,01-04-2021,Second Class
FC-2021-04-162901,CA-2021-162901,01-04-2021,First Class
SC-2021-04-127236,CA-2021-127236,03-04-2021,Standard Class
SC-2021-04-152555,CA-2021-152555,03-04-2021,Second Class
SC-2021-04-167556,CA-2021-167556,03-04-2021,Standard Class
FC-2021-04-128258,CA-2021-128258,02-04-2021,First Class
SC-2021-04-151827,US-2021-151827,03-04-2021,Second Class
SC-2021-04-124100,CA-2021-124100,07-04-2021,Standard Class
SC-2021-04-149902,CA-2021-149902,07-04-2021,Standard Class
SC-2021-04-127985,CA-2021-127985,06-04-2021,Second Class
SC-2021-04-161473,CA-2021-161473,06-04-2021,Standard Class
SC-2021-04-111213,CA-2021-111213,06-04-2021,Standard Class
SC-2021-04-103947,CA-2021-103947,09-04-2021,Standard Class
SC-2021-04-166674,CA-2021-166674,04-04-2021,Second Class
SC-2021-04-160206,US-2021-160206,08-04-2021,Standard Class
SC-2021-04-123540,CA-2021-123540,07-04-2021,Second Class
SC-2021-04-162222,CA-2021-162222,04-04-2021,Same Day
SC-2021-04-167682,CA-2021-167682,10-04-2021,Standard Class
SC-2021-04-120796,CA-2021-120796,08-04-2021,Standard Class
SC-2021-04-123050,CA-2021-123050,09-04-2021,Second Class
FC-2021-04-159142,CA-2021-159142,06-04-2021,First Class
SC-2021-04-167115,CA-2021-167115,10-04-2021,Standard Class
SC-2021-04-161907,CA-2021-161907,10-04-2021,Standard Class
SC-2021-04-159695,CA-2021-159695,11-04-2021,Second Class
SC-2021-04-150140,US-2021-150140,11-04-2021,Standard Class
SC-2021-04-132899,CA-2021-132899,12-04-2021,Standard Class
SC-2021-04-120530,CA-2021-120530,13-04-2021,Standard Class
SC-2021-04-114405,CA-2021-114405,13-04-2021,Standard Class
FC-2021-04-110499,CA-2021-110499,10-04-2021,First Class
FC-2021-04-154998,CA-2021-154998,10-04-2021,First Class
SC-2021-04-138520,CA-2021-138520,14-04-2021,Standard Class
SC-2021-04-130477,CA-2021-130477,13-04-2021,Standard Class
SC-2021-04-134789,CA-2021-134789,16-04-2021,Standard Class
SC-2021-04-124233,CA-2021-124233,15-04-2021,Standard Class
SC-2021-04-104969,CA-2021-104969,15-04-2021,Standard Class
FC-2021-04-106600,US-2021-106600,12-04-2021,First Class
SC-2021-04-150000,CA-2021-150000,15-04-2021,Standard Class
SC-2021-04-130946,CA-2021-130946,13-04-2021,Standard Class
SC-2021-04-128517,CA-2021-128517,15-04-2021,Second Class
SC-2021-04-117681,CA-2021-117681,15-04-2021,Standard Class
SC-2021-04-126809,CA-2021-126809,14-04-2021,Standard Class
SC-2021-04-123358,CA-2021-123358,18-04-2021,Standard Class
FC-2021-04-114622,US-2021-114622,13-04-2021,First Class
SC-2021-04-109652,CA-2021-109652,16-04-2021,Standard Class
SC-2021-04-124814,CA-2021-124814,17-04-2021,Standard Class
SC-2021-04-124254,CA-2021-124254,18-04-2021,Standard Class
SC-2021-04-112102,CA-2021-112102,17-04-2021,Standard Class
FC-2021-04-163594,CA-2021-163594,15-04-2021,First Class
SC-2021-04-142398,CA-2021-142398,17-04-2021,Standard Class
FC-2021-04-152800,CA-2021-152800,16-04-2021,First Class
SC-2021-04-164735,CA-2021-164735,20-04-2021,Second Class
SC-2021-04-112669,CA-2021-112669,15-04-2021,Same Day
FC-2021-04-166625,CA-2021-166625,18-04-2021,First Class
SC-2021-04-148796,CA-2021-148796,19-04-2021,Standard Class
SC-2021-04-132423,US-2021-132423,20-04-2021,Standard Class
SC-2021-04-117849,CA-2021-117849,18-04-2021,Second Class
SC-2021-04-136406,CA-2021-136406,18-04-2021,Second Class
SC-2021-04-123750,US-2021-123750,22-04-2021,Standard Class
SC-2021-04-164588,US-2021-164588,24-04-2021,Standard Class
SC-2021-04-107440,US-2021-107440,21-04-2021,Standard Class
SC-2021-04-166282,CA-2021-166282,23-04-2021,Standard Class
SC-2021-04-105473,CA-2021-105473,19-04-2021,Second Class
SC-2021-04-133508,US-2021-133508,22-04-2021,Standard Class
SC-2021-04-108735,CA-2021-108735,22-04-2021,Standard Class
SC-2021-04-149111,CA-2021-149111,22-04-2021,Second Class
SC-2021-04-159415,US-2021-159415,23-04-2021,Standard Class
SC-2021-04-144785,CA-2021-144785,24-04-2021,Standard Class
SC-2021-04-139381,CA-2021-139381,23-04-2021,Standard Class
SC-2021-04-125087,CA-2021-125087,24-04-2021,Standard Class
SC-2021-04-155551,CA-2021-155551,24-04-2021,Standard Class
SC-2021-04-161396,US-2021-161396,26-04-2021,Standard Class
SC-2021-04-115819,US-2021-115819,25-04-2021,Second Class
SC-2021-04-109666,CA-2021-109666,27-04-2021,Standard Class
SC-2021-04-146423,CA-2021-146423,22-04-2021,Same Day
SC-2021-04-103646,US-2021-103646,27-04-2021,Standard Class
FC-2021-04-151498,CA-2021-151498,25-04-2021,First Class
SC-2021-04-109869,CA-2021-109869,30-04-2021,Standard Class
SC-2021-04-109057,CA-2021-109057,28-04-2021,Standard Class
SC-2021-04-113061,CA-2021-113061,27-04-2021,Standard Class
SC-2021-04-147578,CA-2021-147578,27-04-2021,Second Class
SC-2021-04-101329,CA-2021-101329,30-04-2021,Standard Class
SC-2021-04-130001,CA-2021-130001,29-04-2021,Standard Class
FC-2021-04-124149,CA-2021-124149,27-04-2021,First Class
SC-2021-04-126270,CA-2021-126270,28-04-2021,Standard Class
SC-2021-04-162138,CA-2021-162138,28-04-2021,Standard Class
FC-2021-04-138933,CA-2021-138933,28-04-2021,First Class
SC-2021-04-168081,CA-2021-168081,28-04-2021,Second Class
SC-2021-04-149279,CA-2021-149279,29-04-2021,Standard Class
SC-2021-04-150147,US-2021-150147,30-04-2021,Second Class
SC-2021-05-139556,CA-2021-139556,02-05-2021,Standard Class
FC-2021-05-161816,CA-2021-161816,02-05-2021,First Class
SC-2021-05-137204,CA-2021-137204,06-05-2021,Standard Class
SC-2021-05-152814,CA-2021-152814,03-05-2021,Standard Class
SC-2021-05-167605,CA-2021-167605,01-05-2021,Second Class
SC-2021-05-120460,US-2021-120460,06-05-2021,Standard Class
SC-2021-05-144792,CA-2021-144792,05-05-2021,Standard Class
SC-2021-05-154788,CA-2021-154788,05-05-2021,Standard Class
FC-2021-05-164784,CA-2021-164784,05-05-2021,First Class
SC-2021-05-101525,CA-2021-101525,05-05-2021,Second Class
SC-2021-05-148698,CA-2021-148698,08-05-2021,Standard Class
SC-2021-05-158155,CA-2021-158155,07-05-2021,Standard Class
SC-2021-05-104311,CA-2021-104311,07-05-2021,Standard Class
SC-2021-05-109400,CA-2021-109400,07-05-2021,Standard Class
SC-2021-05-146836,CA-2021-146836,03-05-2021,Same Day
SC-2021-05-154060,CA-2021-154060,09-05-2021,Standard Class
SC-2021-05-163398,CA-2021-163398,09-05-2021,Standard Class
FC-2021-05-129280,CA-2021-129280,06-05-2021,First Class
FC-2021-05-160500,CA-2021-160500,09-05-2021,First Class
SC-2021-05-105662,CA-2021-105662,10-05-2021,Standard Class
SC-2021-05-147991,US-2021-147991,10-05-2021,Standard Class
SC-2021-05-137729,CA-2021-137729,10-05-2021,Standard Class
FC-2021-05-102239,US-2021-102239,07-05-2021,First Class
FC-2021-05-145247,CA-2021-145247,08-05-2021,First Class
SC-2021-05-126165,CA-2021-126165,08-05-2021,Second Class
FC-2021-05-112676,CA-2021-112676,09-05-2021,First Class
SC-2021-05-146857,US-2021-146857,09-05-2021,Second Class
SC-2021-05-118052,CA-2021-118052,11-05-2021,Standard Class
SC-2021-05-139234,CA-2021-139234,11-05-2021,Standard Class
SC-2021-05-137393,CA-2021-137393,11-05-2021,Standard Class
SC-2021-05-128818,CA-2021-128818,12-05-2021,Standard Class
FC-2021-05-111696,CA-2021-111696,11-05-2021,First Class
SC-2021-05-106530,CA-2021-106530,09-05-2021,Same Day
SC-2021-05-164672,CA-2021-164672,14-05-2021,Second Class
SC-2021-05-144057,US-2021-144057,14-05-2021,Standard Class
SC-2021-05-161158,CA-2021-161158,14-05-2021,Standard Class
SC-2021-05-169166,CA-2021-169166,15-05-2021,Standard Class
SC-2021-05-109176,CA-2021-109176,16-05-2021,Standard Class
SC-2021-05-159093,US-2021-159093,15-05-2021,Standard Class
SC-2021-05-159765,CA-2021-159765,13-05-2021,Second Class
SC-2021-05-112382,CA-2021-112382,14-05-2021,Standard Class
SC-2021-05-117625,CA-2021-117625,16-05-2021,Standard Class
SC-2021-05-133816,CA-2021-133816,14-05-2021,Second Class
SC-2021-05-161543,CA-2021-161543,17-05-2021,Standard Class
FC-2021-05-162733,CA-2021-162733,13-05-2021,First Class
SC-2021-05-100510,CA-2021-100510,18-05-2021,Standard Class
SC-2021-05-109911,CA-2021-109911,17-05-2021,Standard Class
SC-2021-05-123610,US-2021-123610,17-05-2021,Standard Class
SC-2021-05-167416,CA-2021-167416,18-05-2021,Standard Class
SC-2021-05-101196,US-2021-101196,18-05-2021,Standard Class
SC-2021-05-148901,US-2021-148901,20-05-2021,Standard Class
SC-2021-05-141019,CA-2021-141019,15-05-2021,Same Day
SC-2021-05-108224,CA-2021-108224,15-05-2021,Same Day
SC-2021-05-152408,CA-2021-152408,22-05-2021,Standard Class
SC-2021-05-141180,CA-2021-141180,20-05-2021,Second Class
SC-2021-05-165673,CA-2021-165673,20-05-2021,Second Class
SC-2021-05-146570,US-2021-146570,21-05-2021,Standard Class
SC-2021-05-122133,CA-2021-122133,24-05-2021,Standard Class
SC-2021-05-133144,CA-2021-133144,22-05-2021,Second Class
SC-2021-05-130638,CA-2021-130638,20-05-2021,Second Class
FC-2021-05-117037,US-2021-117037,21-05-2021,First Class
FC-2021-05-158435,CA-2021-158435,19-05-2021,First Class
SC-2021-05-150567,US-2021-150567,22-05-2021,Standard Class
SC-2021-05-122728,CA-2021-122728,25-05-2021,Standard Class
SC-2021-05-152835,US-2021-152835,24-05-2021,Standard Class
SC-2021-05-138282,CA-2021-138282,24-05-2021,Standard Class
SC-2021-05-126935,CA-2021-126935,25-05-2021,Standard Class
SC-2021-05-157245,CA-2021-157245,25-05-2021,Standard Class
SC-2021-05-169943,CA-2021-169943,25-05-2021,Standard Class
SC-2021-05-105256,CA-2021-105256,21-05-2021,Same Day
SC-2021-05-115917,CA-2021-115917,26-05-2021,Standard Class
FC-2021-05-146010,CA-2021-146010,24-05-2021,First Class
SC-2021-05-108567,CA-2021-108567,25-05-2021,Standard Class
SC-2021-05-114209,CA-2021-114209,27-05-2021,Standard Class
FC-2021-05-139486,US-2021-139486,24-05-2021,First Class
FC-2021-05-127642,CA-2021-127642,24-05-2021,First Class
SC-2021-05-125920,CA-2021-125920,29-05-2021,Standard Class
SC-2021-05-107202,CA-2021-107202,29-05-2021,Standard Class
SC-2021-05-146934,CA-2021-146934,28-05-2021,Standard Class
SC-2021-05-154081,CA-2021-154081,30-05-2021,Standard Class
SC-2021-05-159653,CA-2021-159653,23-05-2021,Same Day
SC-2021-05-142762,CA-2021-142762,28-05-2021,Standard Class
SC-2021-05-143714,CA-2021-143714,28-05-2021,Standard Class
SC-2021-05-133725,CA-2021-133725,29-05-2021,Standard Class
SC-2021-05-154403,CA-2021-154403,28-05-2021,Standard Class
SC-2021-05-136126,CA-2021-136126,25-05-2021,Same Day
SC-2021-05-138583,CA-2021-138583,29-05-2021,Standard Class
SC-2021-05-139269,CA-2021-139269,31-05-2021,Standard Class
SC-2021-06-157266,CA-2021-157266,02-06-2021,Standard Class
SC-2021-06-148852,CA-2021-148852,01-06-2021,Standard Class
SC-2021-05-113236,CA-2021-113236,30-05-2021,Second Class
SC-2021-05-149237,CA-2021-149237,31-05-2021,Standard Class
SC-2021-06-132409,CA-2021-132409,02-06-2021,Standard Class
SC-2021-05-119186,CA-2021-119186,27-05-2021,Same Day
SC-2021-06-101791,CA-2021-101791,01-06-2021,Standard Class
SC-2021-05-122903,CA-2021-122903,30-05-2021,Second Class
SC-2021-06-136994,CA-2021-136994,03-06-2021,Standard Class
SC-2021-06-121377,CA-2021-121377,03-06-2021,Standard Class
SC-2021-06-134803,CA-2021-134803,04-06-2021,Standard Class
SC-2021-06-138695,CA-2021-138695,04-06-2021,Standard Class
SC-2021-06-113747,CA-2021-113747,05-06-2021,Standard Class
SC-2021-05-155565,CA-2021-155565,29-05-2021,Same Day
SC-2021-06-156573,CA-2021-156573,03-06-2021,Standard Class
SC-2021-06-168753,CA-2021-168753,02-06-2021,Second Class
SC-2021-06-105578,US-2021-105578,05-06-2021,Standard Class
SC-2021-06-166380,CA-2021-166380,04-06-2021,Standard Class
FC-2021-06-153682,CA-2021-153682,02-06-2021,First Class
SC-2021-06-152730,CA-2021-152730,05-06-2021,Standard Class
SC-2021-06-113831,CA-2021-113831,04-06-2021,Standard Class
SC-2021-06-129728,CA-2021-129728,07-06-2021,Standard Class
SC-2021-06-108210,CA-2021-108210,01-06-2021,Same Day
SC-2021-06-147473,CA-2021-147473,04-06-2021,Standard Class
SC-2021-06-158547,CA-2021-158547,05-06-2021,Standard Class
FC-2021-06-145499,CA-2021-145499,01-06-2021,First Class
SC-2021-06-168844,CA-2021-168844,07-06-2021,Standard Class
SC-2021-06-150483,CA-2021-150483,05-06-2021,Standard Class
SC-2021-06-119046,US-2021-119046,07-06-2021,Standard Class
FC-2021-06-128293,US-2021-128293,06-06-2021,First Class
SC-2021-06-164889,CA-2021-164889,07-06-2021,Second Class
SC-2021-06-165848,CA-2021-165848,05-06-2021,Same Day
SC-2021-06-157749,CA-2021-157749,10-06-2021,Second Class
FC-2021-06-119823,CA-2021-119823,07-06-2021,First Class
FC-2021-06-110982,CA-2021-110982,08-06-2021,First Class
SC-2021-06-165169,CA-2021-165169,12-06-2021,Standard Class
SC-2021-06-134908,US-2021-134908,10-06-2021,Standard Class
SC-2021-06-149671,CA-2021-149671,10-06-2021,Standard Class
SC-2021-06-160717,CA-2021-160717,12-06-2021,Standard Class
SC-2021-06-125318,CA-2021-125318,14-06-2021,Standard Class
SC-2021-06-108350,CA-2021-108350,10-06-2021,Second Class
SC-2021-06-155971,US-2021-155971,13-06-2021,Standard Class
FC-2021-06-127369,CA-2021-127369,08-06-2021,First Class
FC-2021-06-167472,US-2021-167472,08-06-2021,First Class
SC-2021-06-112830,CA-2021-112830,11-06-2021,Standard Class
SC-2021-06-103163,CA-2021-103163,12-06-2021,Standard Class
FC-2021-06-120558,CA-2021-120558,11-06-2021,First Class
SC-2021-06-107475,CA-2021-107475,12-06-2021,Standard Class
SC-2021-06-122448,CA-2021-122448,15-06-2021,Standard Class
SC-2021-06-139710,US-2021-139710,16-06-2021,Standard Class
FC-2021-06-147368,CA-2021-147368,13-06-2021,First Class
SC-2021-06-154662,CA-2021-154662,17-06-2021,Standard Class
FC-2021-06-121993,CA-2021-121993,13-06-2021,First Class
SC-2021-06-113243,CA-2021-113243,16-06-2021,Standard Class
SC-2021-06-169922,CA-2021-169922,18-06-2021,Standard Class
SC-2021-06-118745,CA-2021-118745,17-06-2021,Standard Class
SC-2021-06-142405,CA-2021-142405,16-06-2021,Standard Class
SC-2021-06-127775,CA-2021-127775,14-06-2021,Second Class
FC-2021-06-103730,CA-2021-103730,16-06-2021,First Class
SC-2021-06-120824,CA-2021-120824,17-06-2021,Second Class
FC-2021-06-127208,CA-2021-127208,16-06-2021,First Class
SC-2021-06-138688,CA-2021-138688,17-06-2021,Second Class
SC-2021-06-164035,CA-2021-164035,18-06-2021,Standard Class
SC-2021-06-139941,CA-2021-139941,18-06-2021,Standard Class
SC-2021-06-104633,CA-2021-104633,17-06-2021,Standard Class
SC-2021-06-147375,CA-2021-147375,15-06-2021,Second Class
SC-2021-06-155005,CA-2021-155005,16-06-2021,Second Class
SC-2021-06-126795,CA-2021-126795,17-06-2021,Second Class
SC-2021-06-136287,CA-2021-136287,18-06-2021,Standard Class
SC-2021-06-155747,CA-2021-155747,22-06-2021,Standard Class
SC-2021-06-128223,CA-2021-128223,15-06-2021,Same Day
FC-2021-06-133872,CA-2021-133872,18-06-2021,First Class
FC-2021-06-107216,CA-2021-107216,18-06-2021,First Class
SC-2021-06-132304,CA-2021-132304,19-06-2021,Standard Class
SC-2021-06-108497,US-2021-108497,15-06-2021,Same Day
FC-2021-06-152765,CA-2021-152765,19-06-2021,First Class
SC-2021-06-148593,CA-2021-148593,19-06-2021,Second Class
SC-2021-06-137127,CA-2021-137127,23-06-2021,Standard Class
SC-2021-06-140977,CA-2021-140977,20-06-2021,Second Class
FC-2021-06-123512,CA-2021-123512,20-06-2021,First Class
FC-2021-06-107146,CA-2021-107146,20-06-2021,First Class
SC-2021-06-145842,CA-2021-145842,21-06-2021,Second Class
SC-2021-06-133613,CA-2021-133613,23-06-2021,Standard Class
SC-2021-06-129861,CA-2021-129861,24-06-2021,Standard Class
FC-2021-06-111682,CA-2021-111682,19-06-2021,First Class
SC-2021-06-159345,CA-2021-159345,23-06-2021,Standard Class
SC-2021-06-131744,CA-2021-131744,21-06-2021,Second Class
FC-2021-06-163461,US-2021-163461,22-06-2021,First Class
FC-2021-06-105760,CA-2021-105760,21-06-2021,First Class
FC-2021-06-141397,CA-2021-141397,22-06-2021,First Class
SC-2021-06-140081,CA-2021-140081,25-06-2021,Standard Class
SC-2021-06-152534,CA-2021-152534,26-06-2021,Second Class
SC-2021-06-108581,CA-2021-108581,27-06-2021,Standard Class
SC-2021-06-169194,CA-2021-169194,26-06-2021,Standard Class
SC-2021-06-149965,CA-2021-149965,26-06-2021,Standard Class
SC-2021-06-119865,CA-2021-119865,27-06-2021,Standard Class
SC-2021-06-168361,CA-2021-168361,26-06-2021,Standard Class
SC-2021-06-140501,CA-2021-140501,29-06-2021,Standard Class
SC-2021-06-140382,CA-2021-140382,26-06-2021,Second Class
SC-2021-07-142685,US-2021-142685,01-07-2021,Standard Class
SC-2021-06-154256,US-2021-154256,28-06-2021,Second Class
SC-2021-06-100300,CA-2021-100300,27-06-2021,Second Class
SC-2021-07-101987,CA-2021-101987,01-07-2021,Standard Class
SC-2021-06-130680,CA-2021-130680,30-06-2021,Standard Class
SC-2021-06-166240,CA-2021-166240,29-06-2021,Standard Class
SC-2021-06-152051,US-2021-152051,30-06-2021,Standard Class
SC-2021-06-101693,CA-2021-101693,28-06-2021,Second Class
SC-2021-06-118913,CA-2021-118913,30-06-2021,Standard Class
SC-2021-06-118101,CA-2021-118101,27-06-2021,Same Day
SC-2021-07-152331,CA-2021-152331,01-07-2021,Standard Class
SC-2021-07-100790,CA-2021-100790,03-07-2021,Standard Class
SC-2021-06-158708,US-2021-158708,30-06-2021,Second Class
SC-2021-06-144015,CA-2021-144015,27-06-2021,Same Day
SC-2021-07-114951,CA-2021-114951,04-07-2021,Standard Class
SC-2021-07-119445,CA-2021-119445,04-07-2021,Standard Class
SC-2021-07-102127,CA-2021-102127,03-07-2021,Standard Class
SC-2021-07-160234,CA-2021-160234,04-07-2021,Standard Class
SC-2021-07-153577,CA-2021-153577,02-07-2021,Standard Class
SC-2021-06-161928,CA-2021-161928,30-06-2021,Second Class
SC-2021-07-154767,CA-2021-154767,01-07-2021,Second Class
SC-2021-06-161095,CA-2021-161095,29-06-2021,Same Day
SC-2021-07-110044,CA-2021-110044,03-07-2021,Second Class
SC-2021-07-140543,CA-2021-140543,04-07-2021,Second Class
SC-2021-07-162355,CA-2021-162355,03-07-2021,Second Class
SC-2021-07-135594,CA-2021-135594,04-07-2021,Second Class
FC-2021-07-139997,CA-2021-139997,04-07-2021,First Class
SC-2021-07-152163,CA-2021-152163,02-07-2021,Same Day
SC-2021-07-126431,US-2021-126431,02-07-2021,Same Day
FC-2021-07-158680,US-2021-158680,03-07-2021,First Class
SC-2021-07-149314,CA-2021-149314,08-07-2021,Second Class
SC-2021-07-101469,CA-2021-101469,09-07-2021,Standard Class
FC-2021-07-102813,CA-2021-102813,04-07-2021,First Class
SC-2021-07-104983,CA-2021-104983,04-07-2021,Same Day
FC-2021-07-130029,CA-2021-130029,07-07-2021,First Class
SC-2021-07-168543,CA-2021-168543,08-07-2021,Standard Class
FC-2021-07-147137,CA-2021-147137,07-07-2021,First Class
SC-2021-07-103107,CA-2021-103107,05-07-2021,Same Day
SC-2021-07-129308,CA-2021-129308,14-07-2021,Standard Class
SC-2021-07-159940,CA-2021-159940,12-07-2021,Second Class
SC-2021-07-106397,CA-2021-106397,14-07-2021,Standard Class
SC-2021-07-114713,CA-2021-114713,13-07-2021,Standard Class
SC-2021-07-135265,CA-2021-135265,10-07-2021,Second Class
SC-2021-07-100965,CA-2021-100965,12-07-2021,Standard Class
SC-2021-07-112109,CA-2021-112109,13-07-2021,Standard Class
SC-2021-07-156685,CA-2021-156685,11-07-2021,Second Class
SC-2021-07-155474,CA-2021-155474,15-07-2021,Standard Class
SC-2021-07-152471,CA-2021-152471,09-07-2021,Same Day
SC-2021-07-152520,CA-2021-152520,13-07-2021,Standard Class
SC-2021-07-136329,CA-2021-136329,14-07-2021,Standard Class
SC-2021-07-126613,CA-2021-126613,17-07-2021,Standard Class
SC-2021-07-164924,CA-2021-164924,11-07-2021,Same Day
SC-2021-07-131149,US-2021-131149,15-07-2021,Standard Class
SC-2021-07-134222,CA-2021-134222,12-07-2021,Same Day
SC-2021-07-103891,CA-2021-103891,20-07-2021,Standard Class
SC-2021-07-115483,CA-2021-115483,19-07-2021,Second Class
FC-2021-07-120180,CA-2021-120180,17-07-2021,First Class
SC-2021-07-137050,CA-2021-137050,19-07-2021,Second Class
SC-2021-07-169215,CA-2021-169215,19-07-2021,Second Class
SC-2021-07-157588,CA-2021-157588,20-07-2021,Standard Class
SC-2021-07-109953,CA-2021-109953,19-07-2021,Standard Class
SC-2021-07-101378,CA-2021-101378,15-07-2021,Same Day
FC-2021-07-136924,CA-2021-136924,18-07-2021,First Class
SC-2021-07-117282,CA-2021-117282,19-07-2021,Standard Class
SC-2021-07-101966,CA-2021-101966,17-07-2021,Second Class
SC-2021-07-122322,CA-2021-122322,22-07-2021,Standard Class
SC-2021-07-168095,US-2021-168095,21-07-2021,Standard Class
SC-2021-07-157161,CA-2021-157161,21-07-2021,Second Class
SC-2021-07-130050,CA-2021-130050,19-07-2021,Second Class
SC-2021-07-157000,CA-2021-157000,23-07-2021,Standard Class
SC-2021-07-100720,US-2021-100720,22-07-2021,Standard Class
SC-2021-07-131835,CA-2021-131835,22-07-2021,Standard Class
SC-2021-07-116603,CA-2021-116603,23-07-2021,Standard Class
SC-2021-07-121671,CA-2021-121671,23-07-2021,Standard Class
SC-2021-07-139087,US-2021-139087,23-07-2021,Second Class
SC-2021-07-101343,CA-2021-101343,23-07-2021,Standard Class
SC-2021-07-157763,CA-2021-157763,24-07-2021,Standard Class
SC-2021-07-114727,CA-2021-114727,25-07-2021,Standard Class
SC-2021-07-161676,CA-2021-161676,24-07-2021,Standard Class
SC-2021-07-102561,CA-2021-102561,23-07-2021,Standard Class
SC-2021-07-162110,CA-2021-162110,23-07-2021,Standard Class
SC-2021-07-124681,CA-2021-124681,24-07-2021,Second Class
SC-2021-07-163776,CA-2021-163776,26-07-2021,Standard Class
FC-2021-07-157217,CA-2021-157217,22-07-2021,First Class
SC-2021-07-137939,CA-2021-137939,24-07-2021,Second Class
SC-2021-07-142895,CA-2021-142895,27-07-2021,Standard Class
SC-2021-07-141957,CA-2021-141957,22-07-2021,Same Day
SC-2021-07-160941,CA-2021-160941,27-07-2021,Standard Class
SC-2021-07-146521,CA-2021-146521,24-07-2021,Second Class
SC-2021-07-140613,CA-2021-140613,30-07-2021,Standard Class
SC-2021-07-111290,US-2021-111290,27-07-2021,Standard Class
SC-2021-07-114307,CA-2021-114307,27-07-2021,Standard Class
SC-2021-07-144855,CA-2021-144855,25-07-2021,Second Class
SC-2021-07-122392,CA-2021-122392,28-07-2021,Standard Class
SC-2021-07-112256,CA-2021-112256,29-07-2021,Standard Class
SC-2021-07-162404,CA-2021-162404,28-07-2021,Standard Class
SC-2021-07-165316,CA-2021-165316,28-07-2021,Standard Class
FC-2021-07-111318,CA-2021-111318,27-07-2021,First Class
SC-2021-07-162943,CA-2021-162943,27-07-2021,Second Class
FC-2021-07-102498,CA-2021-102498,26-07-2021,First Class
SC-2021-08-126158,CA-2021-126158,01-08-2021,Standard Class
SC-2021-07-128307,CA-2021-128307,30-07-2021,Standard Class
SC-2021-07-149335,CA-2021-149335,26-07-2021,Same Day
FC-2021-07-149454,CA-2021-149454,27-07-2021,First Class
SC-2021-07-115525,CA-2021-115525,30-07-2021,Standard Class
SC-2021-07-104157,CA-2021-104157,30-07-2021,Standard Class
FC-2021-07-147417,CA-2021-147417,28-07-2021,First Class
SC-2021-07-115441,US-2021-115441,29-07-2021,Second Class
SC-2021-07-111115,CA-2021-111115,28-07-2021,Second Class
SC-2021-07-103037,CA-2021-103037,30-07-2021,Standard Class
FC-2021-07-107783,CA-2021-107783,30-07-2021,First Class
SC-2021-08-143924,CA-2021-143924,04-08-2021,Standard Class
SC-2021-08-140046,CA-2021-140046,04-08-2021,Standard Class
SC-2021-08-105452,US-2021-105452,02-08-2021,Standard Class
FC-2021-08-131891,US-2021-131891,01-08-2021,First Class
SC-2021-08-164574,CA-2021-164574,04-08-2021,Standard Class
SC-2021-08-116344,CA-2021-116344,03-08-2021,Standard Class
SC-2021-08-137743,CA-2021-137743,05-08-2021,Standard Class
FC-2021-08-112585,CA-2021-112585,03-08-2021,First Class
SC-2021-08-112025,CA-2021-112025,05-08-2021,Standard Class
SC-2021-08-133550,CA-2021-133550,07-08-2021,Standard Class
SC-2021-08-144148,CA-2021-144148,06-08-2021,Standard Class
SC-2021-08-155978,CA-2021-155978,02-08-2021,Same Day
SC-2021-08-144337,CA-2021-144337,06-08-2021,Second Class
SC-2021-08-132990,CA-2021-132990,04-08-2021,Second Class
SC-2021-08-156265,CA-2021-156265,05-08-2021,Second Class
SC-2021-08-104150,CA-2021-104150,06-08-2021,Second Class
SC-2021-08-111913,CA-2021-111913,07-08-2021,Second Class
SC-2021-08-110254,CA-2021-110254,09-08-2021,Standard Class
FC-2021-08-128195,US-2021-128195,06-08-2021,First Class
SC-2021-08-102232,US-2021-102232,12-08-2021,Standard Class
SC-2021-08-151092,CA-2021-151092,14-08-2021,Standard Class
SC-2021-08-105263,CA-2021-105263,12-08-2021,Standard Class
FC-2021-08-158869,CA-2021-158869,08-08-2021,First Class
SC-2021-08-148516,CA-2021-148516,12-08-2021,Standard Class
SC-2021-08-130078,CA-2021-130078,15-08-2021,Standard Class
SC-2021-08-107328,CA-2021-107328,16-08-2021,Standard Class
SC-2021-08-121034,CA-2021-121034,11-08-2021,Second Class
SC-2021-08-169026,CA-2021-169026,14-08-2021,Standard Class
SC-2021-08-118934,CA-2021-118934,15-08-2021,Standard Class
FC-2021-08-113649,US-2021-113649,13-08-2021,First Class
SC-2021-08-128671,CA-2021-128671,17-08-2021,Standard Class
SC-2021-08-155845,CA-2021-155845,16-08-2021,Second Class
SC-2021-08-167584,CA-2021-167584,13-08-2021,Same Day
SC-2021-08-105459,CA-2021-105459,18-08-2021,Second Class
SC-2021-08-144477,US-2021-144477,15-08-2021,Second Class
SC-2021-08-118073,CA-2021-118073,17-08-2021,Standard Class
SC-2021-08-143910,CA-2021-143910,17-08-2021,Standard Class
SC-2021-08-156692,US-2021-156692,14-08-2021,Same Day
SC-2021-08-141264,US-2021-141264,20-08-2021,Standard Class
SC-2021-08-155670,CA-2021-155670,18-08-2021,Second Class
SC-2021-08-156251,CA-2021-156251,19-08-2021,Second Class
FC-2021-08-125843,CA-2021-125843,17-08-2021,First Class
FC-2021-08-119515,CA-2021-119515,17-08-2021,First Class
SC-2021-08-136021,CA-2021-136021,19-08-2021,Standard Class
SC-2021-08-136770,CA-2021-136770,19-08-2021,Standard Class
SC-2021-08-123470,US-2021-123470,22-08-2021,Standard Class
SC-2021-08-166163,CA-2021-166163,21-08-2021,Second Class
SC-2021-08-118626,CA-2021-118626,21-08-2021,Standard Class
SC-2021-08-167241,CA-2021-167241,23-08-2021,Standard Class
SC-2021-08-154690,CA-2021-154690,18-08-2021,Second Class
SC-2021-08-150343,CA-2021-150343,21-08-2021,Standard Class
SC-2021-08-113117,CA-2021-113117,23-08-2021,Standard Class
FC-2021-08-148096,CA-2021-148096,20-08-2021,First Class
SC-2021-08-157308,US-2021-157308,22-08-2021,Standard Class
SC-2021-08-153353,CA-2021-153353,25-08-2021,Standard Class
SC-2021-08-128916,CA-2021-128916,21-08-2021,Second Class
FC-2021-08-113551,CA-2021-113551,21-08-2021,First Class
SC-2021-08-136133,CA-2021-136133,24-08-2021,Second Class
FC-2021-08-101980,CA-2021-101980,21-08-2021,First Class
FC-2021-08-151141,CA-2021-151141,24-08-2021,First Class
SC-2021-08-167983,CA-2021-167983,25-08-2021,Second Class
SC-2021-08-122581,CA-2021-122581,26-08-2021,Standard Class
SC-2021-08-126452,US-2021-126452,29-08-2021,Standard Class
SC-2021-08-123414,CA-2021-123414,28-08-2021,Standard Class
SC-2021-08-146066,US-2021-146066,24-08-2021,Second Class
SC-2021-08-137239,CA-2021-137239,29-08-2021,Standard Class
SC-2021-08-106313,US-2021-106313,27-08-2021,Standard Class
SC-2021-08-148334,US-2021-148334,27-08-2021,Standard Class
FC-2021-08-141880,US-2021-141880,24-08-2021,First Class
SC-2021-08-140256,CA-2021-140256,30-08-2021,Standard Class
SC-2021-08-130484,CA-2021-130484,28-08-2021,Standard Class
SC-2021-08-150350,CA-2021-150350,31-08-2021,Standard Class
SC-2021-08-117793,US-2021-117793,30-08-2021,Standard Class
SC-2021-08-160528,US-2021-160528,31-08-2021,Standard Class
SC-2021-08-158001,CA-2021-158001,28-08-2021,Standard Class
SC-2021-09-114601,CA-2021-114601,03-09-2021,Standard Class
FC-2021-08-160598,CA-2021-160598,29-08-2021,First Class
FC-2021-08-105585,CA-2021-105585,28-08-2021,First Class
FC-2021-08-152289,CA-2021-152289,29-08-2021,First Class
SC-2021-08-100405,US-2021-100405,29-08-2021,Second Class
FC-2021-08-128594,CA-2021-128594,30-08-2021,First Class
SC-2021-08-148201,CA-2021-148201,30-08-2021,Second Class
SC-2021-09-127425,US-2021-127425,01-09-2021,Standard Class
SC-2021-09-132094,CA-2021-132094,03-09-2021,Standard Class
SC-2021-08-163174,CA-2021-163174,31-08-2021,Standard Class
SC-2021-08-163538,US-2021-163538,31-08-2021,Standard Class
SC-2021-09-102141,US-2021-102141,01-09-2021,Standard Class
SC-2021-09-145982,CA-2021-145982,02-09-2021,Second Class
SC-2021-09-146710,US-2021-146710,02-09-2021,Standard Class
SC-2021-09-116764,CA-2021-116764,03-09-2021,Standard Class
SC-2021-08-117919,CA-2021-117919,30-08-2021,Second Class
FC-2021-09-145303,CA-2021-145303,01-09-2021,First Class
FC-2021-08-137652,CA-2021-137652,31-08-2021,First Class
SC-2021-09-144211,US-2021-144211,03-09-2021,Standard Class
SC-2021-09-159912,CA-2021-159912,04-09-2021,Standard Class
SC-2021-09-158568,CA-2021-158568,03-09-2021,Standard Class
SC-2021-09-128727,CA-2021-128727,05-09-2021,Standard Class
SC-2021-09-161207,CA-2021-161207,04-09-2021,Standard Class
SC-2021-09-165995,CA-2021-165995,07-09-2021,Standard Class
FC-2021-09-141544,US-2021-141544,02-09-2021,First Class
SC-2021-09-117408,CA-2021-117408,07-09-2021,Standard Class
SC-2021-09-151561,CA-2021-151561,08-09-2021,Standard Class
SC-2021-09-116526,CA-2021-116526,06-09-2021,Standard Class
SC-2021-09-124583,CA-2021-124583,04-09-2021,Second Class
FC-2021-09-129714,CA-2021-129714,04-09-2021,First Class
SC-2021-09-155481,CA-2021-155481,06-09-2021,Standard Class
FC-2021-09-120859,CA-2021-120859,05-09-2021,First Class
SC-2021-09-130407,CA-2021-130407,07-09-2021,Standard Class
SC-2021-09-112739,CA-2021-112739,08-09-2021,Second Class
SC-2021-09-106950,CA-2021-106950,07-09-2021,Standard Class
SC-2021-09-144764,CA-2021-144764,09-09-2021,Standard Class
SC-2021-09-116540,CA-2021-116540,03-09-2021,Same Day
SC-2021-09-126732,CA-2021-126732,07-09-2021,Standard Class
FC-2021-09-129847,CA-2021-129847,05-09-2021,First Class
SC-2021-09-166429,CA-2021-166429,09-09-2021,Standard Class
SC-2021-09-106278,CA-2021-106278,06-09-2021,Second Class
FC-2021-09-113096,CA-2021-113096,05-09-2021,First Class
FC-2021-09-158099,CA-2021-158099,06-09-2021,First Class
SC-2021-09-147711,US-2021-147711,09-09-2021,Second Class
FC-2021-09-101616,US-2021-101616,07-09-2021,First Class
SC-2021-09-163986,CA-2021-163986,11-09-2021,Standard Class
SC-2021-09-100566,US-2021-100566,10-09-2021,Standard Class
SC-2021-09-153185,CA-2021-153185,09-09-2021,Standard Class
SC-2021-09-159737,CA-2021-159737,10-09-2021,Standard Class
SC-2021-09-104815,US-2021-104815,08-09-2021,Standard Class
FC-2021-09-132143,CA-2021-132143,06-09-2021,First Class
SC-2021-09-149783,CA-2021-149783,08-09-2021,Second Class
SC-2021-09-129630,CA-2021-129630,05-09-2021,Same Day
SC-2021-09-131205,CA-2021-131205,09-09-2021,Standard Class
SC-2021-09-123120,CA-2021-123120,09-09-2021,Standard Class
SC-2021-09-142524,CA-2021-142524,09-09-2021,Standard Class
SC-2021-09-168774,CA-2021-168774,10-09-2021,Standard Class
SC-2021-09-169971,CA-2021-169971,10-09-2021,Standard Class
SC-2021-09-117604,CA-2021-117604,10-09-2021,Standard Class
SC-2021-09-140774,CA-2021-140774,11-09-2021,Standard Class
FC-2021-09-139409,CA-2021-139409,08-09-2021,First Class
SC-2021-09-136231,CA-2021-136231,08-09-2021,Second Class
SC-2021-09-137673,CA-2021-137673,11-09-2021,Standard Class
SC-2021-09-144540,CA-2021-144540,11-09-2021,Standard Class
SC-2021-09-115756,CA-2021-115756,08-09-2021,Second Class
SC-2021-09-154536,CA-2021-154536,10-09-2021,Standard Class
SC-2021-09-133319,CA-2021-133319,12-09-2021,Standard Class
SC-2021-09-121013,US-2021-121013,11-09-2021,Standard Class
SC-2021-09-158778,CA-2021-158778,10-09-2021,Standard Class
SC-2021-09-162383,CA-2021-162383,12-09-2021,Standard Class
FC-2021-09-151372,CA-2021-151372,07-09-2021,First Class
SC-2021-09-149195,CA-2021-149195,08-09-2021,Second Class
FC-2021-09-160815,CA-2021-160815,07-09-2021,First Class
SC-2021-09-152373,US-2021-152373,12-09-2021,Standard Class
SC-2021-09-164490,CA-2021-164490,11-09-2021,Second Class
FC-2021-09-136595,CA-2021-136595,08-09-2021,First Class
SC-2021-09-110366,CA-2021-110366,08-09-2021,Second Class
SC-2021-09-148110,US-2021-148110,12-09-2021,Standard Class
SC-2021-09-133123,CA-2021-133123,12-09-2021,Standard Class
SC-2021-09-123932,CA-2021-123932,13-09-2021,Standard Class
SC-2021-09-102981,CA-2021-102981,10-09-2021,Second Class
FC-2021-09-145240,CA-2021-145240,09-09-2021,First Class
SC-2021-09-149223,CA-2021-149223,12-09-2021,Standard Class
SC-2021-09-103709,CA-2021-103709,16-09-2021,Standard Class
SC-2021-09-114174,US-2021-114174,15-09-2021,Standard Class
SC-2021-09-108987,CA-2021-108987,11-09-2021,Second Class
SC-2021-09-108868,CA-2021-108868,13-09-2021,Standard Class
SC-2021-09-110009,CA-2021-110009,14-09-2021,Standard Class
SC-2021-09-113516,CA-2021-113516,11-09-2021,Second Class
SC-2021-09-153101,CA-2021-153101,09-09-2021,Same Day
FC-2021-09-131499,CA-2021-131499,11-09-2021,First Class
SC-2021-09-115455,US-2021-115455,15-09-2021,Standard Class
SC-2021-09-155138,CA-2021-155138,13-09-2021,Standard Class
FC-2021-09-110023,CA-2021-110023,12-09-2021,First Class
SC-2021-09-137176,CA-2021-137176,15-09-2021,Second Class
SC-2021-09-112893,CA-2021-112893,14-09-2021,Second Class
SC-2021-09-165918,CA-2021-165918,15-09-2021,Standard Class
SC-2021-09-146206,CA-2021-146206,15-09-2021,Second Class
SC-2021-09-164350,CA-2021-164350,13-09-2021,Second Class
SC-2021-09-126102,CA-2021-126102,13-09-2021,Second Class
SC-2021-09-118780,US-2021-118780,15-09-2021,Second Class
SC-2021-09-112277,CA-2021-112277,16-09-2021,Standard Class
SC-2021-09-145625,CA-2021-145625,18-09-2021,Standard Class
SC-2021-09-102162,CA-2021-102162,17-09-2021,Standard Class
SC-2021-09-116561,CA-2021-116561,18-09-2021,Standard Class
SC-2021-09-164154,CA-2021-164154,18-09-2021,Standard Class
SC-2021-09-130225,CA-2021-130225,18-09-2021,Standard Class
SC-2021-09-150007,CA-2021-150007,17-09-2021,Standard Class
FC-2021-09-143476,CA-2021-143476,14-09-2021,First Class
SC-2021-09-121223,CA-2021-121223,14-09-2021,Second Class
FC-2021-09-153157,CA-2021-153157,15-09-2021,First Class
SC-2021-09-113082,CA-2021-113082,17-09-2021,Standard Class
SC-2021-09-151148,CA-2021-151148,14-09-2021,Same Day
SC-2021-09-142902,CA-2021-142902,15-09-2021,Second Class
SC-2021-09-152457,CA-2021-152457,19-09-2021,Standard Class
SC-2021-09-123946,CA-2021-123946,18-09-2021,Standard Class
SC-2021-09-128811,CA-2021-128811,17-09-2021,Standard Class
SC-2021-09-105732,CA-2021-105732,19-09-2021,Standard Class
SC-2021-09-155439,CA-2021-155439,19-09-2021,Standard Class
SC-2021-09-153178,CA-2021-153178,19-09-2021,Standard Class
SC-2021-09-149370,CA-2021-149370,20-09-2021,Standard Class
SC-2021-09-128678,US-2021-128678,21-09-2021,Standard Class
SC-2021-09-116911,CA-2021-116911,21-09-2021,Standard Class
SC-2021-09-149797,CA-2021-149797,21-09-2021,Standard Class
SC-2021-09-160479,CA-2021-160479,21-09-2021,Standard Class
SC-2021-09-123337,CA-2021-123337,23-09-2021,Standard Class
SC-2021-09-134369,US-2021-134369,23-09-2021,Standard Class
SC-2021-09-152415,US-2021-152415,23-09-2021,Standard Class
SC-2021-09-131093,CA-2021-131093,21-09-2021,Second Class
SC-2021-09-105900,CA-2021-105900,24-09-2021,Standard Class
SC-2021-09-164091,CA-2021-164091,23-09-2021,Standard Class
SC-2021-09-148957,US-2021-148957,24-09-2021,Standard Class
SC-2021-09-109806,CA-2021-109806,23-09-2021,Standard Class
SC-2021-09-134208,CA-2021-134208,24-09-2021,Standard Class
SC-2021-09-159730,CA-2021-159730,22-09-2021,Standard Class
SC-2021-09-111416,CA-2021-111416,23-09-2021,Standard Class
SC-2021-09-120355,CA-2021-120355,26-09-2021,Standard Class
SC-2021-09-111409,CA-2021-111409,23-09-2021,Standard Class
SC-2021-09-140928,CA-2021-140928,23-09-2021,Standard Class
SC-2021-09-106075,CA-2021-106075,24-09-2021,Standard Class
SC-2021-09-133935,CA-2021-133935,23-09-2021,Standard Class
SC-2021-09-145905,CA-2021-145905,24-09-2021,Standard Class
FC-2021-09-157511,CA-2021-157511,21-09-2021,First Class
SC-2021-09-110086,CA-2021-110086,23-09-2021,Standard Class
FC-2021-09-168354,CA-2021-168354,22-09-2021,First Class
SC-2021-09-130267,CA-2021-130267,24-09-2021,Standard Class
FC-2021-09-158610,CA-2021-158610,23-09-2021,First Class
SC-2021-09-114888,US-2021-114888,25-09-2021,Second Class
SC-2021-09-156097,US-2021-156097,20-09-2021,Same Day
SC-2021-09-102932,CA-2021-102932,24-09-2021,Second Class
SC-2021-09-142370,CA-2021-142370,24-09-2021,Standard Class
FC-2021-09-120250,CA-2021-120250,23-09-2021,First Class
SC-2021-09-168557,CA-2021-168557,24-09-2021,Standard Class
SC-2021-09-100244,CA-2021-100244,25-09-2021,Standard Class
SC-2021-09-145611,CA-2021-145611,25-09-2021,Standard Class
SC-2021-09-166772,CA-2021-166772,25-09-2021,Standard Class
SC-2021-09-134516,CA-2021-134516,26-09-2021,Standard Class
SC-2021-09-126284,CA-2021-126284,25-09-2021,Standard Class
SC-2021-09-158617,CA-2021-158617,29-09-2021,Standard Class
SC-2021-09-125724,CA-2021-125724,28-09-2021,Standard Class
SC-2021-09-120257,CA-2021-120257,29-09-2021,Standard Class
SC-2021-09-155404,US-2021-155404,29-09-2021,Standard Class
SC-2021-09-166653,CA-2021-166653,25-09-2021,Second Class
SC-2021-09-116232,CA-2021-116232,27-09-2021,Standard Class
SC-2021-09-109743,CA-2021-109743,30-09-2021,Standard Class
SC-2021-09-151974,CA-2021-151974,30-09-2021,Standard Class
SC-2021-09-119641,CA-2021-119641,27-09-2021,Standard Class
FC-2021-09-135965,CA-2021-135965,26-09-2021,First Class
SC-2021-09-157728,US-2021-157728,29-09-2021,Standard Class
SC-2021-09-124016,CA-2021-124016,27-09-2021,Second Class
SC-2021-09-110730,CA-2021-110730,27-09-2021,Second Class
SC-2021-09-159009,CA-2021-159009,28-09-2021,Standard Class
SC-2021-09-129469,US-2021-129469,28-09-2021,Standard Class
FC-2021-09-106656,CA-2021-106656,27-09-2021,First Class
SC-2021-09-149979,CA-2021-149979,29-09-2021,Second Class
SC-2021-09-101742,CA-2021-101742,29-09-2021,Second Class
SC-2021-10-141551,CA-2021-141551,01-10-2021,Standard Class
FC-2021-09-132479,CA-2021-132479,27-09-2021,First Class
SC-2021-09-100944,CA-2021-100944,29-09-2021,Standard Class
SC-2021-10-134488,US-2021-134488,02-10-2021,Standard Class
SC-2021-10-108875,CA-2021-108875,02-10-2021,Standard Class
SC-2021-09-147340,US-2021-147340,25-09-2021,Same Day
SC-2021-09-154235,CA-2021-154235,29-09-2021,Standard Class
SC-2021-09-155187,CA-2021-155187,27-09-2021,Second Class
SC-2021-10-101385,CA-2021-101385,02-10-2021,Standard Class
SC-2021-09-140417,CA-2021-140417,30-09-2021,Standard Class
SC-2021-10-123722,CA-2021-123722,02-10-2021,Standard Class
SC-2021-10-124163,US-2021-124163,01-10-2021,Standard Class
FC-2021-09-148747,CA-2021-148747,28-09-2021,First Class
SC-2021-09-113978,CA-2021-113978,30-09-2021,Standard Class
SC-2021-10-122245,US-2021-122245,01-10-2021,Standard Class
SC-2021-10-125402,US-2021-125402,02-10-2021,Standard Class
SC-2021-10-169957,CA-2021-169957,01-10-2021,Standard Class
SC-2021-10-149790,US-2021-149790,02-10-2021,Standard Class
SC-2021-10-143406,CA-2021-143406,01-10-2021,Standard Class
FC-2021-09-132017,CA-2021-132017,28-09-2021,First Class
SC-2021-10-157714,CA-2021-157714,02-10-2021,Second Class
SC-2021-10-146794,US-2021-146794,02-10-2021,Standard Class
SC-2021-10-109260,US-2021-109260,02-10-2021,Standard Class
SC-2021-09-145898,CA-2021-145898,27-09-2021,Same Day
SC-2021-10-157945,US-2021-157945,02-10-2021,Standard Class
SC-2021-10-165820,CA-2021-165820,01-10-2021,Standard Class
SC-2021-09-123176,CA-2021-123176,30-09-2021,Second Class
SC-2021-10-110170,US-2021-110170,04-10-2021,Standard Class
SC-2021-10-140249,CA-2021-140249,04-10-2021,Standard Class
SC-2021-10-163202,CA-2021-163202,03-10-2021,Standard Class
FC-2021-10-134656,US-2021-134656,02-10-2021,First Class
SC-2021-10-108616,CA-2021-108616,04-10-2021,Standard Class
SC-2021-10-101497,US-2021-101497,02-10-2021,Second Class
FC-2021-10-161781,CA-2021-161781,01-10-2021,First Class
SC-2021-10-108056,CA-2021-108056,04-10-2021,Standard Class
SC-2021-10-125794,CA-2021-125794,04-10-2021,Standard Class
FC-2021-10-134362,CA-2021-134362,03-10-2021,First Class
SC-2021-10-138037,CA-2021-138037,04-10-2021,Standard Class
SC-2021-10-106621,CA-2021-106621,02-10-2021,Second Class
FC-2021-10-108644,CA-2021-108644,04-10-2021,First Class
SC-2021-10-106243,CA-2021-106243,05-10-2021,Standard Class
SC-2021-10-111794,CA-2021-111794,02-10-2021,Same Day
FC-2021-10-155992,CA-2021-155992,03-10-2021,First Class
SC-2021-10-116918,CA-2021-116918,07-10-2021,Second Class
SC-2021-10-139157,CA-2021-139157,06-10-2021,Standard Class
SC-2021-10-118689,CA-2021-118689,10-10-2021,Standard Class
SC-2021-10-134376,CA-2021-134376,07-10-2021,Standard Class
FC-2021-10-118969,CA-2021-118969,04-10-2021,First Class
SC-2021-10-144939,CA-2021-144939,09-10-2021,Standard Class
SC-2021-10-101672,CA-2021-101672,08-10-2021,Standard Class
SC-2021-10-140634,CA-2021-140634,07-10-2021,Second Class
SC-2021-10-103919,CA-2021-103919,08-10-2021,Standard Class
SC-2021-10-140158,US-2021-140158,09-10-2021,Standard Class
SC-2021-10-145709,CA-2021-145709,09-10-2021,Standard Class
SC-2021-10-131296,CA-2021-131296,10-10-2021,Standard Class
SC-2021-10-121601,CA-2021-121601,05-10-2021,Same Day
FC-2021-10-157490,US-2021-157490,08-10-2021,First Class
SC-2021-10-115952,US-2021-115952,07-10-2021,Same Day
FC-2021-10-127649,CA-2021-127649,10-10-2021,First Class
SC-2021-10-155033,CA-2021-155033,13-10-2021,Standard Class
SC-2021-10-139808,CA-2021-139808,12-10-2021,Standard Class
FC-2021-10-163216,CA-2021-163216,11-10-2021,First Class
SC-2021-10-162614,CA-2021-162614,14-10-2021,Standard Class
SC-2021-10-126844,US-2021-126844,15-10-2021,Standard Class
SC-2021-10-149685,CA-2021-149685,16-10-2021,Standard Class
SC-2021-10-162026,US-2021-162026,09-10-2021,Same Day
SC-2021-10-135636,CA-2021-135636,14-10-2021,Standard Class
SC-2021-10-116974,CA-2021-116974,16-10-2021,Standard Class
SC-2021-10-114748,CA-2021-114748,15-10-2021,Standard Class
SC-2021-10-128909,US-2021-128909,12-10-2021,Second Class
SC-2021-10-150357,US-2021-150357,15-10-2021,Standard Class
FC-2021-10-126627,CA-2021-126627,13-10-2021,First Class
FC-2021-10-157707,CA-2021-157707,13-10-2021,First Class
SC-2021-10-113390,CA-2021-113390,16-10-2021,Standard Class
SC-2021-10-145583,CA-2021-145583,20-10-2021,Standard Class
SC-2021-10-154018,CA-2021-154018,20-10-2021,Standard Class
SC-2021-10-101161,CA-2021-101161,21-10-2021,Standard Class
SC-2021-10-100839,US-2021-100839,18-10-2021,Standard Class
SC-2021-10-125220,CA-2021-125220,20-10-2021,Standard Class
SC-2021-10-113607,CA-2021-113607,19-10-2021,Standard Class
SC-2021-10-156503,CA-2021-156503,21-10-2021,Standard Class
SC-2021-10-108098,US-2021-108098,19-10-2021,Standard Class
SC-2021-10-124352,CA-2021-124352,22-10-2021,Standard Class
SC-2021-10-142097,CA-2021-142097,21-10-2021,Standard Class
SC-2021-10-125738,CA-2021-125738,22-10-2021,Standard Class
SC-2021-10-132066,CA-2021-132066,21-10-2021,Standard Class
FC-2021-10-152688,CA-2021-152688,21-10-2021,First Class
FC-2021-10-141586,CA-2021-141586,21-10-2021,First Class
SC-2021-10-147256,CA-2021-147256,22-10-2021,Second Class
SC-2021-10-163972,CA-2021-163972,22-10-2021,Standard Class
SC-2021-10-159856,US-2021-159856,23-10-2021,Standard Class
SC-2021-10-133697,CA-2021-133697,25-10-2021,Second Class
SC-2021-10-105753,CA-2021-105753,27-10-2021,Standard Class
SC-2021-10-160220,CA-2021-160220,27-10-2021,Standard Class
SC-2021-10-139549,CA-2021-139549,26-10-2021,Standard Class
FC-2021-10-106341,CA-2021-106341,24-10-2021,First Class
FC-2021-10-168921,CA-2021-168921,23-10-2021,First Class
SC-2021-10-151169,CA-2021-151169,27-10-2021,Standard Class
SC-2021-10-133669,CA-2021-133669,28-10-2021,Standard Class
SC-2021-10-125080,CA-2021-125080,27-10-2021,Standard Class
SC-2021-10-144729,CA-2021-144729,26-10-2021,Standard Class
FC-2021-10-111493,CA-2021-111493,23-10-2021,First Class
SC-2021-10-136322,CA-2021-136322,27-10-2021,Standard Class
SC-2021-10-155516,CA-2021-155516,22-10-2021,Same Day
SC-2021-10-169334,CA-2021-169334,25-10-2021,Second Class
SC-2021-10-138478,CA-2021-138478,27-10-2021,Second Class
SC-2021-10-112340,CA-2021-112340,28-10-2021,Standard Class
SC-2021-10-161746,CA-2021-161746,28-10-2021,Standard Class
SC-2021-10-166373,CA-2021-166373,26-10-2021,Standard Class
SC-2021-10-169887,CA-2021-169887,23-10-2021,Same Day
FC-2021-10-116400,US-2021-116400,25-10-2021,First Class
FC-2021-10-165148,CA-2021-165148,25-10-2021,First Class
SC-2021-10-165484,CA-2021-165484,30-10-2021,Standard Class
SC-2021-10-151323,CA-2021-151323,29-10-2021,Standard Class
SC-2021-10-132661,CA-2021-132661,30-10-2021,Standard Class
SC-2021-10-121748,CA-2021-121748,29-10-2021,Second Class
SC-2021-11-121020,CA-2021-121020,01-11-2021,Standard Class
SC-2021-10-158925,CA-2021-158925,29-10-2021,Standard Class
SC-2021-10-166275,CA-2021-166275,25-10-2021,Same Day
SC-2021-10-118311,CA-2021-118311,29-10-2021,Standard Class
FC-2021-10-153318,CA-2021-153318,29-10-2021,First Class
SC-2021-11-116596,CA-2021-116596,01-11-2021,Standard Class
SC-2021-11-152632,CA-2021-152632,03-11-2021,Standard Class
SC-2021-11-156811,CA-2021-156811,03-11-2021,Standard Class
SC-2021-11-120873,CA-2021-120873,02-11-2021,Second Class
SC-2021-11-117387,US-2021-117387,01-11-2021,Standard Class
SC-2021-11-142545,CA-2021-142545,04-11-2021,Standard Class
SC-2021-11-130162,CA-2021-130162,02-11-2021,Standard Class
SC-2021-11-140641,CA-2021-140641,03-11-2021,Standard Class
SC-2021-10-144344,CA-2021-144344,29-10-2021,Same Day
FC-2021-10-134775,CA-2021-134775,30-10-2021,First Class
SC-2021-11-144393,US-2021-144393,05-11-2021,Standard Class
SC-2021-11-125815,CA-2021-125815,02-11-2021,Second Class
SC-2021-10-120369,CA-2021-120369,29-10-2021,Same Day
FC-2021-11-146682,CA-2021-146682,01-11-2021,First Class
SC-2021-11-131912,US-2021-131912,02-11-2021,Second Class
SC-2021-11-112389,CA-2021-112389,03-11-2021,Standard Class
SC-2021-11-153836,CA-2021-153836,04-11-2021,Standard Class
SC-2021-11-167290,CA-2021-167290,05-11-2021,Standard Class
SC-2021-11-105291,CA-2021-105291,05-11-2021,Standard Class
SC-2021-11-146913,CA-2021-146913,06-11-2021,Standard Class
SC-2021-11-140130,CA-2021-140130,06-11-2021,Standard Class
SC-2021-11-144218,CA-2021-144218,05-11-2021,Standard Class
SC-2021-11-119165,CA-2021-119165,07-11-2021,Standard Class
SC-2021-11-142251,US-2021-142251,05-11-2021,Second Class
SC-2021-11-159212,CA-2021-159212,06-11-2021,Standard Class
FC-2021-11-100671,CA-2021-100671,05-11-2021,First Class
SC-2021-11-129196,CA-2021-129196,08-11-2021,Standard Class
SC-2021-11-109365,CA-2021-109365,09-11-2021,Standard Class
SC-2021-11-128867,CA-2021-128867,11-11-2021,Standard Class
SC-2021-11-160136,CA-2021-160136,10-11-2021,Standard Class
SC-2021-11-127250,CA-2021-127250,08-11-2021,Standard Class
SC-2021-11-168893,CA-2021-168893,09-11-2021,Second Class
FC-2021-11-114972,CA-2021-114972,07-11-2021,First Class
SC-2021-11-134180,CA-2021-134180,08-11-2021,Standard Class
FC-2021-11-159023,CA-2021-159023,06-11-2021,First Class
SC-2021-11-158260,CA-2021-158260,09-11-2021,Standard Class
SC-2021-11-163328,CA-2021-163328,07-11-2021,Second Class
SC-2021-11-143308,CA-2021-143308,05-11-2021,Same Day
SC-2021-11-163755,CA-2021-163755,09-11-2021,Second Class
SC-2021-11-119018,CA-2021-119018,09-11-2021,Standard Class
SC-2021-11-165827,CA-2021-165827,10-11-2021,Standard Class
SC-2021-11-111563,US-2021-111563,09-11-2021,Standard Class
SC-2021-11-146766,CA-2021-146766,05-11-2021,Same Day
FC-2021-11-166443,CA-2021-166443,06-11-2021,First Class
SC-2021-11-162236,CA-2021-162236,07-11-2021,Second Class
FC-2021-11-148908,CA-2021-148908,09-11-2021,First Class
SC-2021-11-131611,US-2021-131611,10-11-2021,Standard Class
FC-2021-11-157280,CA-2021-157280,08-11-2021,First Class
SC-2021-11-144092,CA-2021-144092,08-11-2021,Second Class
SC-2021-11-106677,US-2021-106677,11-11-2021,Standard Class
SC-2021-11-140207,CA-2021-140207,11-11-2021,Standard Class
SC-2021-11-165078,US-2021-165078,11-11-2021,Standard Class
SC-2021-11-143441,CA-2021-143441,06-11-2021,Same Day
SC-2021-11-125094,CA-2021-125094,10-11-2021,Standard Class
FC-2021-11-153815,US-2021-153815,10-11-2021,First Class
SC-2021-11-109925,CA-2021-109925,11-11-2021,Second Class
SC-2021-11-125969,US-2021-125969,11-11-2021,Second Class
SC-2021-11-152247,CA-2021-152247,13-11-2021,Standard Class
SC-2021-11-147585,CA-2021-147585,13-11-2021,Standard Class
FC-2021-11-132997,CA-2021-132997,10-11-2021,First Class
SC-2021-11-113817,CA-2021-113817,12-11-2021,Standard Class
SC-2021-11-116337,CA-2021-116337,13-11-2021,Standard Class
SC-2021-11-144554,CA-2021-144554,13-11-2021,Standard Class
SC-2021-11-116379,CA-2021-116379,13-11-2021,Standard Class
FC-2021-11-161669,CA-2021-161669,10-11-2021,First Class
FC-2021-11-139388,US-2021-139388,10-11-2021,First Class
SC-2021-11-164896,CA-2021-164896,13-11-2021,Standard Class
SC-2021-11-168830,CA-2021-168830,14-11-2021,Standard Class
SC-2021-11-152156,CA-2021-152156,12-11-2021,Second Class
SC-2021-11-138233,CA-2021-138233,15-11-2021,Standard Class
SC-2021-11-158694,CA-2021-158694,14-11-2021,Second Class
FC-2021-11-163384,CA-2021-163384,13-11-2021,First Class
SC-2021-11-145177,CA-2021-145177,15-11-2021,Standard Class
SC-2021-11-127761,CA-2021-127761,15-11-2021,Standard Class
SC-2021-11-137736,CA-2021-137736,16-11-2021,Standard Class
SC-2021-11-125164,CA-2021-125164,15-11-2021,Standard Class
FC-2021-11-140935,CA-2021-140935,13-11-2021,First Class
SC-2021-11-162348,CA-2021-162348,16-11-2021,Standard Class
SC-2021-11-115588,CA-2021-115588,13-11-2021,Second Class
FC-2021-11-152940,CA-2021-152940,14-11-2021,First Class
SC-2021-11-144547,US-2021-144547,15-11-2021,Standard Class
SC-2021-11-119935,CA-2021-119935,15-11-2021,Standard Class
FC-2021-11-105494,CA-2021-105494,13-11-2021,First Class
FC-2021-11-136581,US-2021-136581,13-11-2021,First Class
SC-2021-11-131968,CA-2021-131968,16-11-2021,Standard Class
SC-2021-11-124667,CA-2021-124667,17-11-2021,Standard Class
SC-2021-11-164196,US-2021-164196,18-11-2021,Standard Class
SC-2021-11-145548,CA-2021-145548,17-11-2021,Standard Class
SC-2021-11-116722,CA-2021-116722,17-11-2021,Standard Class
SC-2021-11-124506,CA-2021-124506,18-11-2021,Standard Class
SC-2021-11-103128,CA-2021-103128,16-11-2021,Standard Class
SC-2021-11-139878,CA-2021-139878,17-11-2021,Standard Class
SC-2021-11-130799,CA-2021-130799,17-11-2021,Second Class
SC-2021-11-134348,CA-2021-134348,20-11-2021,Standard Class
SC-2021-11-124590,CA-2021-124590,17-11-2021,Standard Class
SC-2021-11-152170,CA-2021-152170,16-11-2021,Second Class
FC-2021-11-149349,CA-2021-149349,14-11-2021,First Class
FC-2021-11-164399,CA-2021-164399,16-11-2021,First Class
SC-2021-11-101336,CA-2021-101336,19-11-2021,Standard Class
SC-2021-11-118570,CA-2021-118570,18-11-2021,Standard Class
SC-2021-11-162103,US-2021-162103,18-11-2021,Standard Class
SC-2021-11-121958,CA-2021-121958,18-11-2021,Standard Class
SC-2021-11-147683,CA-2021-147683,18-11-2021,Standard Class
SC-2021-11-155488,CA-2021-155488,18-11-2021,Standard Class
SC-2021-11-149461,CA-2021-149461,20-11-2021,Standard Class
SC-2021-11-113677,US-2021-113677,20-11-2021,Standard Class
SC-2021-11-128972,CA-2021-128972,18-11-2021,Standard Class
SC-2021-11-166618,CA-2021-166618,19-11-2021,Standard Class
SC-2021-11-117541,US-2021-117541,21-11-2021,Standard Class
SC-2021-11-144351,US-2021-144351,19-11-2021,Standard Class
SC-2021-11-131065,CA-2021-131065,17-11-2021,Second Class
FC-2021-11-118759,CA-2021-118759,18-11-2021,First Class
SC-2021-11-121370,CA-2021-121370,20-11-2021,Second Class
SC-2021-11-149482,CA-2021-149482,20-11-2021,Standard Class
FC-2021-11-112970,US-2021-112970,16-11-2021,First Class
SC-2021-11-134691,CA-2021-134691,19-11-2021,Standard Class
SC-2021-11-148740,CA-2021-148740,20-11-2021,Standard Class
SC-2021-11-130820,CA-2021-130820,16-11-2021,Same Day
SC-2021-11-146633,CA-2021-146633,18-11-2021,Second Class
SC-2021-11-105963,CA-2021-105963,23-11-2021,Standard Class
SC-2021-11-154508,CA-2021-154508,21-11-2021,Standard Class
FC-2021-11-124527,CA-2021-124527,18-11-2021,First Class
FC-2021-11-118500,CA-2021-118500,19-11-2021,First Class
FC-2021-11-134110,CA-2021-134110,19-11-2021,First Class
SC-2021-11-150658,CA-2021-150658,23-11-2021,Standard Class
SC-2021-11-108630,CA-2021-108630,19-11-2021,Same Day
SC-2021-11-158575,CA-2021-158575,25-11-2021,Standard Class
SC-2021-11-138408,US-2021-138408,22-11-2021,Second Class
SC-2021-11-119963,CA-2021-119963,23-11-2021,Standard Class
SC-2021-11-136812,CA-2021-136812,24-11-2021,Standard Class
SC-2021-11-115378,CA-2021-115378,24-11-2021,Second Class
SC-2021-11-166226,CA-2021-166226,23-11-2021,Standard Class
SC-2021-11-103464,CA-2021-103464,23-11-2021,Standard Class
SC-2021-11-110156,US-2021-110156,25-11-2021,Standard Class
SC-2021-11-113138,CA-2021-113138,26-11-2021,Standard Class
SC-2021-11-126858,CA-2021-126858,24-11-2021,Standard Class
SC-2021-11-164511,CA-2021-164511,25-11-2021,Standard Class
FC-2021-11-111143,CA-2021-111143,23-11-2021,First Class
SC-2021-11-130778,CA-2021-130778,26-11-2021,Standard Class
FC-2021-11-157364,CA-2021-157364,22-11-2021,First Class
SC-2021-11-145492,CA-2021-145492,28-11-2021,Standard Class
SC-2021-11-114104,CA-2021-114104,25-11-2021,Standard Class
FC-2021-11-109820,CA-2021-109820,23-11-2021,First Class
SC-2021-11-107790,CA-2021-107790,25-11-2021,Standard Class
SC-2021-11-110772,CA-2021-110772,25-11-2021,Second Class
SC-2021-11-121356,CA-2021-121356,25-11-2021,Standard Class
SC-2021-11-113845,CA-2021-113845,26-11-2021,Standard Class
SC-2021-11-142615,CA-2021-142615,25-11-2021,Standard Class
SC-2021-11-100041,CA-2021-100041,26-11-2021,Standard Class
SC-2021-11-127971,US-2021-127971,28-11-2021,Standard Class
SC-2021-11-114293,US-2021-114293,27-11-2021,Standard Class
SC-2021-11-114482,CA-2021-114482,26-11-2021,Second Class
SC-2021-11-146157,CA-2021-146157,27-11-2021,Standard Class
SC-2021-11-113425,CA-2021-113425,22-11-2021,Same Day
SC-2021-11-114895,CA-2021-114895,29-11-2021,Standard Class
SC-2021-11-140018,CA-2021-140018,27-11-2021,Standard Class
SC-2021-11-152646,CA-2021-152646,27-11-2021,Standard Class
SC-2021-11-154711,CA-2021-154711,27-11-2021,Standard Class
SC-2021-11-164945,US-2021-164945,28-11-2021,Standard Class
SC-2021-11-131576,CA-2021-131576,27-11-2021,Standard Class
SC-2021-11-132577,US-2021-132577,28-11-2021,Standard Class
SC-2021-11-160129,CA-2021-160129,24-11-2021,Same Day
SC-2021-12-163881,US-2021-163881,01-12-2021,Standard Class
SC-2021-11-128531,CA-2021-128531,27-11-2021,Second Class
SC-2021-11-100083,CA-2021-100083,30-11-2021,Standard Class
SC-2021-12-113726,CA-2021-113726,02-12-2021,Standard Class
SC-2021-12-123533,CA-2021-123533,01-12-2021,Standard Class
SC-2021-11-132731,CA-2021-132731,29-11-2021,Standard Class
FC-2021-11-125661,CA-2021-125661,27-11-2021,First Class
FC-2021-11-124485,CA-2021-124485,27-11-2021,First Class
SC-2021-11-123806,CA-2021-123806,28-11-2021,Second Class
SC-2021-12-100468,CA-2021-100468,02-12-2021,Standard Class
SC-2021-11-165561,CA-2021-165561,29-11-2021,Standard Class
FC-2021-11-163573,CA-2021-163573,28-11-2021,First Class
SC-2021-12-105284,CA-2021-105284,02-12-2021,Standard Class
SC-2021-11-113341,CA-2021-113341,30-11-2021,Standard Class
SC-2021-12-160535,CA-2021-160535,01-12-2021,Standard Class
FC-2021-11-119298,US-2021-119298,29-11-2021,First Class
SC-2021-12-165470,CA-2021-165470,01-12-2021,Standard Class
SC-2021-11-169838,CA-2021-169838,30-11-2021,Standard Class
SC-2021-12-108196,CA-2021-108196,03-12-2021,Standard Class
SC-2021-12-132549,CA-2021-132549,01-12-2021,Standard Class
SC-2021-12-107104,CA-2021-107104,01-12-2021,Standard Class
SC-2021-11-158288,US-2021-158288,29-11-2021,Second Class
FC-2021-11-145135,CA-2021-145135,29-11-2021,First Class
SC-2021-12-129693,CA-2021-129693,03-12-2021,Standard Class
FC-2021-11-133711,CA-2021-133711,30-11-2021,First Class
SC-2021-12-130288,CA-2021-130288,01-12-2021,Second Class
SC-2021-12-106915,CA-2021-106915,03-12-2021,Standard Class
FC-2021-11-158309,US-2021-158309,30-11-2021,First Class
SC-2021-12-126893,US-2021-126893,02-12-2021,Standard Class
FC-2021-12-144911,CA-2021-144911,01-12-2021,First Class
SC-2021-12-104276,CA-2021-104276,04-12-2021,Standard Class
FC-2021-12-117583,CA-2021-117583,01-12-2021,First Class
SC-2021-12-159639,CA-2021-159639,03-12-2021,Standard Class
FC-2021-12-162313,CA-2021-162313,01-12-2021,First Class
SC-2021-12-114230,US-2021-114230,02-12-2021,Standard Class
SC-2021-11-129686,CA-2021-129686,30-11-2021,Second Class
SC-2021-11-152121,CA-2021-152121,30-11-2021,Second Class
SC-2021-12-163167,CA-2021-163167,02-12-2021,Second Class
SC-2021-12-127243,CA-2021-127243,05-12-2021,Standard Class
SC-2021-12-105018,CA-2021-105018,03-12-2021,Standard Class
SC-2021-12-123617,CA-2021-123617,04-12-2021,Standard Class
SC-2021-12-160241,CA-2021-160241,05-12-2021,Second Class
SC-2021-12-131674,US-2021-131674,02-12-2021,Second Class
SC-2021-12-156748,CA-2021-156748,07-12-2021,Standard Class
SC-2021-12-134761,US-2021-134761,01-12-2021,Same Day
SC-2021-12-155768,US-2021-155768,02-12-2021,Same Day
SC-2021-12-129903,CA-2021-129903,05-12-2021,Second Class
SC-2021-12-104689,CA-2021-104689,06-12-2021,Standard Class
SC-2021-12-150035,US-2021-150035,06-12-2021,Standard Class
SC-2021-12-136434,CA-2021-136434,08-12-2021,Standard Class
SC-2021-12-157336,CA-2021-157336,06-12-2021,Second Class
SC-2021-12-113621,CA-2021-113621,06-12-2021,Standard Class
SC-2021-12-142594,CA-2021-142594,07-12-2021,Second Class
SC-2021-12-136483,CA-2021-136483,07-12-2021,Standard Class
SC-2021-12-130393,CA-2021-130393,04-12-2021,Second Class
SC-2021-12-127698,CA-2021-127698,02-12-2021,Same Day
SC-2021-12-143805,CA-2021-143805,04-12-2021,Second Class
SC-2021-12-105354,CA-2021-105354,07-12-2021,Standard Class
SC-2021-12-164770,CA-2021-164770,05-12-2021,Second Class
SC-2021-12-163804,CA-2021-163804,09-12-2021,Standard Class
SC-2021-12-108455,US-2021-108455,09-12-2021,Standard Class
SC-2021-12-143154,CA-2021-143154,09-12-2021,Standard Class
SC-2021-12-155103,US-2021-155103,08-12-2021,Standard Class
SC-2021-12-113985,US-2021-113985,08-12-2021,Standard Class
SC-2021-12-161683,US-2021-161683,09-12-2021,Standard Class
FC-2021-12-153598,CA-2021-153598,07-12-2021,First Class
FC-2021-12-150861,US-2021-150861,07-12-2021,First Class
SC-2021-12-122063,CA-2021-122063,08-12-2021,Standard Class
SC-2021-12-149762,CA-2021-149762,08-12-2021,Standard Class
SC-2021-12-161025,CA-2021-161025,10-12-2021,Standard Class
FC-2021-12-126004,CA-2021-126004,06-12-2021,First Class
SC-2021-12-112060,CA-2021-112060,10-12-2021,Standard Class
SC-2021-12-139885,CA-2021-139885,09-12-2021,Standard Class
SC-2021-12-105277,CA-2021-105277,09-12-2021,Standard Class
FC-2021-12-143749,CA-2021-143749,08-12-2021,First Class
SC-2021-12-114489,CA-2021-114489,10-12-2021,Standard Class
SC-2021-12-163636,CA-2021-163636,10-12-2021,Second Class
SC-2021-12-146374,CA-2021-146374,11-12-2021,Second Class
SC-2021-12-145009,CA-2021-145009,09-12-2021,Second Class
SC-2021-12-109722,CA-2021-109722,08-12-2021,Second Class
SC-2021-12-140564,CA-2021-140564,11-12-2021,Second Class
SC-2021-12-161389,CA-2021-161389,11-12-2021,Standard Class
SC-2021-12-108434,CA-2021-108434,08-12-2021,Second Class
FC-2021-12-124772,CA-2021-124772,07-12-2021,First Class
SC-2021-12-103674,US-2021-103674,11-12-2021,Standard Class
SC-2021-12-169040,US-2021-169040,13-12-2021,Standard Class
SC-2021-12-162390,CA-2021-162390,13-12-2021,Standard Class
FC-2021-12-114776,US-2021-114776,08-12-2021,First Class
SC-2021-12-115224,CA-2021-115224,12-12-2021,Second Class
FC-2021-12-117590,CA-2021-117590,11-12-2021,First Class
SC-2021-12-131289,CA-2021-131289,15-12-2021,Standard Class
SC-2021-12-124562,CA-2021-124562,13-12-2021,Standard Class
SC-2021-12-113733,CA-2021-113733,13-12-2021,Standard Class
SC-2021-12-160108,CA-2021-160108,13-12-2021,Standard Class
SC-2021-12-158302,CA-2021-158302,13-12-2021,Second Class
SC-2021-12-134425,CA-2021-134425,13-12-2021,Second Class
SC-2021-12-131114,US-2021-131114,14-12-2021,Second Class
SC-2021-12-137330,CA-2021-137330,14-12-2021,Standard Class
FC-2021-12-149503,CA-2021-149503,13-12-2021,First Class
SC-2021-12-141082,CA-2021-141082,14-12-2021,Standard Class
SC-2021-12-133340,CA-2021-133340,14-12-2021,Standard Class
SC-2021-12-128923,CA-2021-128923,14-12-2021,Standard Class
SC-2021-12-161844,US-2021-161844,15-12-2021,Second Class
SC-2021-12-159989,CA-2021-159989,14-12-2021,Standard Class
FC-2021-12-102092,CA-2021-102092,12-12-2021,First Class
SC-2021-12-128412,CA-2021-128412,18-12-2021,Standard Class
SC-2021-12-144309,CA-2021-144309,17-12-2021,Standard Class
SC-2021-12-100587,CA-2021-100587,15-12-2021,Standard Class
SC-2021-12-154739,CA-2021-154739,16-12-2021,Second Class
SC-2021-12-143448,US-2021-143448,11-12-2021,Same Day
FC-2021-12-147123,CA-2021-147123,13-12-2021,First Class
FC-2021-12-146941,CA-2021-146941,14-12-2021,First Class
SC-2021-12-127194,CA-2021-127194,17-12-2021,Standard Class
FC-2021-12-151260,US-2021-151260,15-12-2021,First Class
SC-2021-12-105816,CA-2021-105816,18-12-2021,Standard Class
SC-2021-12-165330,CA-2021-165330,12-12-2021,Same Day
SC-2021-12-162187,CA-2021-162187,12-12-2021,Same Day
SC-2021-12-135720,US-2021-135720,14-12-2021,Second Class
SC-2021-12-160745,CA-2021-160745,17-12-2021,Second Class
SC-2021-12-132857,US-2021-132857,18-12-2021,Standard Class
SC-2021-12-148803,US-2021-148803,12-12-2021,Same Day
FC-2021-12-143609,CA-2021-143609,14-12-2021,First Class
SC-2021-12-139395,CA-2021-139395,19-12-2021,Standard Class
SC-2021-12-136686,CA-2021-136686,17-12-2021,Standard Class
SC-2021-12-169369,US-2021-169369,19-12-2021,Standard Class
SC-2021-12-169824,CA-2021-169824,18-12-2021,Standard Class
SC-2021-12-108777,US-2021-108777,13-12-2021,Same Day
SC-2021-12-102792,CA-2021-102792,20-12-2021,Standard Class
SC-2021-12-142958,CA-2021-142958,21-12-2021,Standard Class
SC-2021-12-100153,CA-2021-100153,18-12-2021,Standard Class
SC-2021-12-146143,CA-2021-146143,20-12-2021,Standard Class
FC-2021-12-146325,CA-2021-146325,18-12-2021,First Class
SC-2021-12-129126,CA-2021-129126,20-12-2021,Standard Class
SC-2021-12-127334,US-2021-127334,22-12-2021,Standard Class
SC-2021-12-142335,CA-2021-142335,20-12-2021,Standard Class
SC-2021-12-100307,CA-2021-100307,20-12-2021,Standard Class
SC-2021-12-113600,CA-2021-113600,18-12-2021,Second Class
SC-2021-12-116442,US-2021-116442,23-12-2021,Standard Class
SC-2021-12-118332,CA-2021-118332,24-12-2021,Standard Class
FC-2021-12-130442,CA-2021-130442,20-12-2021,First Class
SC-2021-12-100419,US-2021-100419,21-12-2021,Second Class
FC-2021-12-104794,US-2021-104794,20-12-2021,First Class
SC-2021-12-155446,CA-2021-155446,24-12-2021,Standard Class
SC-2021-12-155383,CA-2021-155383,23-12-2021,Standard Class
SC-2021-12-155530,CA-2021-155530,22-12-2021,Standard Class
SC-2021-12-131639,CA-2021-131639,24-12-2021,Standard Class
SC-2021-12-147109,CA-2021-147109,22-12-2021,Standard Class
SC-2021-12-117121,CA-2021-117121,22-12-2021,Standard Class
SC-2021-12-133795,CA-2021-133795,25-12-2021,Standard Class
SC-2021-12-147067,CA-2021-147067,23-12-2021,Standard Class
FC-2021-12-145261,CA-2021-145261,22-12-2021,First Class
SC-2021-12-112697,CA-2021-112697,21-12-2021,Second Class
FC-2021-12-139934,CA-2021-139934,21-12-2021,First Class
SC-2021-12-150945,CA-2021-150945,21-12-2021,Second Class
FC-2021-12-138597,CA-2021-138597,22-12-2021,First Class
SC-2021-12-145919,CA-2021-145919,24-12-2021,Standard Class
SC-2021-12-101546,CA-2021-101546,25-12-2021,Standard Class
SC-2021-12-134936,CA-2021-134936,26-12-2021,Standard Class
SC-2021-12-108364,CA-2021-108364,25-12-2021,Standard Class
SC-2021-12-141523,CA-2021-141523,25-12-2021,Second Class
SC-2021-12-118129,CA-2021-118129,22-12-2021,Second Class
SC-2021-12-168536,CA-2021-168536,25-12-2021,Standard Class
SC-2021-12-157840,US-2021-157840,24-12-2021,Second Class
SC-2021-12-151155,CA-2021-151155,25-12-2021,Standard Class
SC-2021-12-149916,CA-2021-149916,25-12-2021,Second Class
SC-2021-12-114860,CA-2021-114860,29-12-2021,Standard Class
SC-2021-12-167507,CA-2021-167507,29-12-2021,Standard Class
SC-2021-12-103359,CA-2021-103359,27-12-2021,Standard Class
SC-2021-12-137043,CA-2021-137043,26-12-2021,Second Class
SC-2021-12-132829,CA-2021-132829,27-12-2021,Second Class
SC-2021-12-135776,CA-2021-135776,31-12-2021,Standard Class
FC-2021-12-115574,CA-2021-115574,25-12-2021,First Class
SC-2021-12-157868,CA-2021-157868,30-12-2021,Standard Class
SC-2021-12-114867,CA-2021-114867,29-12-2021,Standard Class
SC-2021-12-157791,CA-2021-157791,29-12-2021,Second Class
SC-2021-12-136049,CA-2021-136049,29-12-2021,Standard Class
SC-2021-12-168620,US-2021-168620,29-12-2021,Second Class
SC-2021-12-157259,CA-2021-157259,29-12-2021,Standard Class
SC-2021-12-140438,CA-2021-140438,28-12-2021,Second Class
SC-2021-12-101651,CA-2021-101651,31-12-2021,Standard Class
FC-2021-12-123526,CA-2021-123526,26-12-2021,First Class
SC-2022-01-109827,CA-2021-109827,02-01-2022,Standard Class
SC-2021-12-148684,CA-2021-148684,30-12-2021,Standard Class
SC-2021-12-105081,CA-2021-105081,31-12-2021,Standard Class
SC-2021-12-111941,CA-2021-111941,29-12-2021,Second Class
SC-2021-12-110975,CA-2021-110975,31-12-2021,Standard Class
SC-2022-01-101168,CA-2021-101168,02-01-2022,Standard Class
FC-2021-12-116729,US-2021-116729,29-12-2021,First Class
SC-2022-01-169670,CA-2021-169670,01-01-2022,Standard Class
SC-2022-01-155166,CA-2021-155166,03-01-2022,Standard Class
SC-2022-01-147536,CA-2021-147536,01-01-2022,Standard Class
FC-2021-12-114538,CA-2021-114538,28-12-2021,First Class
SC-2021-12-123015,CA-2021-123015,31-12-2021,Standard Class
SC-2021-12-153129,US-2021-153129,31-12-2021,Standard Class
SC-2022-01-129868,CA-2021-129868,01-01-2022,Standard Class
SC-2022-01-151512,CA-2021-151512,03-01-2022,Standard Class
FC-2021-12-102596,CA-2021-102596,31-12-2021,First Class
SC-2022-01-111605,CA-2021-111605,03-01-2022,Standard Class
SC-2022-01-131058,US-2021-131058,01-01-2022,Standard Class
SC-2022-01-162726,CA-2021-162726,03-01-2022,Standard Class
SC-2022-01-162852,US-2021-162852,01-01-2022,Standard Class
SC-2021-12-138667,CA-2021-138667,31-12-2021,Second Class
SC-2022-01-135209,US-2021-135209,01-01-2022,Second Class
SC-2022-01-112578,CA-2021-112578,03-01-2022,Standard Class
FC-2021-12-124051,CA-2021-124051,31-12-2021,First Class
SC-2022-01-163258,US-2021-163258,03-01-2022,Standard Class
SC-2022-01-122014,CA-2021-122014,03-01-2022,Standard Class
SC-2022-01-157742,CA-2021-157742,01-01-2022,Second Class
SC-2022-01-139689,CA-2021-139689,04-01-2022,Standard Class
SC-2022-01-156300,CA-2021-156300,03-01-2022,Standard Class
FC-2022-01-117226,CA-2021-117226,02-01-2022,First Class
SC-2021-12-111528,US-2021-111528,31-12-2021,Same Day
FC-2022-01-105746,CA-2021-105746,02-01-2022,First Class
FC-2022-01-163951,CA-2021-163951,03-01-2022,First Class
SC-2022-01-160486,CA-2021-160486,05-01-2022,Standard Class
SC-2022-01-117660,CA-2021-117660,05-01-2022,Standard Class
SC-2022-01-160395,CA-2022-160395,07-01-2022,Standard Class
FC-2022-01-105830,US-2022-105830,03-01-2022,First Class
SC-2022-01-165953,US-2022-165953,07-01-2022,Standard Class
SC-2022-01-100202,CA-2022-100202,06-01-2022,Standard Class
SC-2022-01-156139,CA-2022-156139,07-01-2022,Standard Class
FC-2022-01-154466,CA-2022-154466,03-01-2022,First Class
SC-2022-01-107503,CA-2022-107503,07-01-2022,Standard Class
SC-2022-01-144463,CA-2022-144463,06-01-2022,Standard Class
SC-2022-01-151750,CA-2022-151750,06-01-2022,Standard Class
SC-2022-01-147207,CA-2022-147207,05-01-2022,Second Class
SC-2022-01-118668,CA-2022-118668,05-01-2022,Second Class
FC-2022-01-113481,CA-2022-113481,05-01-2022,First Class
SC-2022-01-114034,US-2022-114034,09-01-2022,Standard Class
SC-2022-01-111738,CA-2022-111738,08-01-2022,Standard Class
SC-2022-01-150931,CA-2022-150931,14-01-2022,Standard Class
SC-2022-01-123862,US-2022-123862,10-01-2022,Second Class
SC-2022-01-168690,US-2022-168690,14-01-2022,Standard Class
FC-2022-01-159366,CA-2022-159366,11-01-2022,First Class
FC-2022-01-115154,CA-2022-115154,12-01-2022,First Class
SC-2022-01-154760,CA-2022-154760,14-01-2022,Standard Class
SC-2022-01-158512,US-2022-158512,18-01-2022,Second Class
SC-2022-01-108000,CA-2022-108000,17-01-2022,Standard Class
SC-2022-01-148551,US-2022-148551,17-01-2022,Standard Class
SC-2022-01-167402,US-2022-167402,19-01-2022,Second Class
FC-2022-01-138779,CA-2022-138779,16-01-2022,First Class
SC-2022-01-113278,CA-2022-113278,21-01-2022,Standard Class
SC-2022-01-127306,CA-2022-127306,19-01-2022,Standard Class
SC-2022-01-149076,CA-2022-149076,20-01-2022,Standard Class
FC-2022-01-106131,US-2022-106131,17-01-2022,First Class
SC-2022-01-152961,CA-2022-152961,20-01-2022,Standard Class
FC-2022-01-167752,CA-2022-167752,19-01-2022,First Class
FC-2022-01-104661,US-2022-104661,19-01-2022,First Class
SC-2022-01-160934,CA-2022-160934,20-01-2022,Standard Class
SC-2022-01-125913,CA-2022-125913,17-01-2022,Same Day
SC-2022-01-138289,CA-2022-138289,19-01-2022,Second Class
SC-2022-01-127292,US-2022-127292,24-01-2022,Standard Class
SC-2022-01-154718,CA-2022-154718,24-01-2022,Second Class
SC-2022-01-153045,CA-2022-153045,25-01-2022,Second Class
SC-2022-01-161809,CA-2022-161809,27-01-2022,Standard Class
SC-2022-01-144589,CA-2022-144589,26-01-2022,Standard Class
FC-2022-01-152079,CA-2022-152079,22-01-2022,First Class
SC-2022-01-120649,US-2022-120649,27-01-2022,Standard Class
SC-2022-01-157252,CA-2022-157252,24-01-2022,Second Class
SC-2022-01-131954,CA-2022-131954,26-01-2022,Standard Class
SC-2022-01-141782,CA-2022-141782,26-01-2022,Standard Class
SC-2022-01-160423,CA-2022-160423,27-01-2022,Standard Class
SC-2022-01-127026,CA-2022-127026,28-01-2022,Standard Class
SC-2022-01-127432,CA-2022-127432,28-01-2022,Standard Class
SC-2022-01-152499,CA-2022-152499,26-01-2022,Second Class
FC-2022-01-145142,CA-2022-145142,26-01-2022,First Class
SC-2022-01-139080,CA-2022-139080,29-01-2022,Standard Class
SC-2022-01-161893,CA-2022-161893,28-01-2022,Standard Class
SC-2022-01-104619,CA-2022-104619,30-01-2022,Standard Class
SC-2022-01-119669,CA-2022-119669,31-01-2022,Standard Class
SC-2022-02-105935,US-2022-105935,01-02-2022,Standard Class
FC-2022-01-164098,CA-2022-164098,28-01-2022,First Class
SC-2022-01-150469,CA-2022-150469,31-01-2022,Standard Class
SC-2022-02-134649,CA-2022-134649,01-02-2022,Second Class
SC-2022-01-117870,CA-2022-117870,31-01-2022,Second Class
SC-2022-02-104437,US-2022-104437,01-02-2022,Standard Class
SC-2022-02-166037,US-2022-166037,02-02-2022,Standard Class
SC-2022-02-115994,CA-2022-115994,01-02-2022,Second Class
SC-2022-02-147984,US-2022-147984,02-02-2022,Standard Class
SC-2022-02-139304,CA-2022-139304,03-02-2022,Standard Class
SC-2022-02-160927,CA-2022-160927,01-02-2022,Second Class
FC-2022-02-145338,CA-2022-145338,02-02-2022,First Class
SC-2022-02-131653,CA-2022-131653,06-02-2022,Standard Class
SC-2022-02-127341,US-2022-127341,03-02-2022,Standard Class
SC-2022-01-164329,CA-2022-164329,31-01-2022,Same Day
SC-2022-02-148999,CA-2022-148999,05-02-2022,Standard Class
SC-2022-02-121790,CA-2022-121790,07-02-2022,Standard Class
SC-2022-02-112725,CA-2022-112725,07-02-2022,Standard Class
SC-2022-02-104220,CA-2022-104220,06-02-2022,Standard Class
FC-2022-02-157273,CA-2022-157273,03-02-2022,First Class
SC-2022-02-128076,CA-2022-128076,08-02-2022,Standard Class
SC-2022-02-161333,CA-2022-161333,08-02-2022,Standard Class
FC-2022-02-164147,US-2022-164147,06-02-2022,First Class
SC-2022-02-126354,CA-2022-126354,09-02-2022,Standard Class
SC-2022-02-127474,CA-2022-127474,08-02-2022,Second Class
SC-2022-02-167703,CA-2022-167703,09-02-2022,Standard Class
SC-2022-02-169474,CA-2022-169474,10-02-2022,Standard Class
SC-2022-02-131282,CA-2022-131282,09-02-2022,Second Class
SC-2022-02-107517,CA-2022-107517,10-02-2022,Standard Class
FC-2022-02-122994,CA-2022-122994,10-02-2022,First Class
SC-2022-02-115105,CA-2022-115105,12-02-2022,Standard Class
SC-2022-02-101840,US-2022-101840,13-02-2022,Standard Class
SC-2022-02-154102,CA-2022-154102,14-02-2022,Standard Class
SC-2022-02-145807,CA-2022-145807,14-02-2022,Standard Class
SC-2022-02-118773,CA-2022-118773,15-02-2022,Standard Class
SC-2022-02-150602,CA-2022-150602,15-02-2022,Second Class
SC-2022-02-124086,CA-2022-124086,15-02-2022,Standard Class
FC-2022-02-123659,CA-2022-123659,14-02-2022,First Class
SC-2022-02-131828,CA-2022-131828,14-02-2022,Second Class
SC-2022-02-118535,US-2022-118535,16-02-2022,Standard Class
SC-2022-02-116204,CA-2022-116204,15-02-2022,Second Class
FC-2022-02-138156,CA-2022-138156,15-02-2022,First Class
SC-2022-02-104801,CA-2022-104801,20-02-2022,Standard Class
SC-2022-02-154809,CA-2022-154809,18-02-2022,Standard Class
SC-2022-02-151176,CA-2022-151176,21-02-2022,Standard Class
SC-2022-02-104906,CA-2022-104906,18-02-2022,Standard Class
SC-2022-02-163265,CA-2022-163265,22-02-2022,Standard Class
SC-2022-02-118521,CA-2022-118521,21-02-2022,Standard Class
SC-2022-02-120019,CA-2022-120019,22-02-2022,Standard Class
SC-2022-02-132647,CA-2022-132647,24-02-2022,Standard Class
FC-2022-02-109085,CA-2022-109085,21-02-2022,First Class
FC-2022-02-159149,CA-2022-159149,20-02-2022,First Class
SC-2022-02-154039,CA-2022-154039,23-02-2022,Standard Class
SC-2022-02-163195,US-2022-163195,22-02-2022,Second Class
SC-2022-02-164707,CA-2022-164707,22-02-2022,Second Class
SC-2022-02-166415,CA-2022-166415,24-02-2022,Standard Class
SC-2022-02-122693,CA-2022-122693,22-02-2022,Second Class
FC-2022-02-134838,CA-2022-134838,21-02-2022,First Class
SC-2022-02-150525,CA-2022-150525,26-02-2022,Standard Class
SC-2022-02-105445,CA-2022-105445,26-02-2022,Second Class
SC-2022-02-135937,CA-2022-135937,28-02-2022,Standard Class
FC-2022-02-105809,CA-2022-105809,24-02-2022,First Class
SC-2022-02-124940,CA-2022-124940,27-02-2022,Standard Class
SC-2022-03-104647,CA-2022-104647,02-03-2022,Standard Class
SC-2022-03-136007,CA-2022-136007,03-03-2022,Standard Class
SC-2022-03-127397,CA-2022-127397,01-03-2022,Standard Class
SC-2022-03-111374,CA-2022-111374,01-03-2022,Standard Class
SC-2022-03-125878,CA-2022-125878,03-03-2022,Standard Class
SC-2022-03-134642,US-2022-134642,02-03-2022,Standard Class
SC-2022-03-117212,CA-2022-117212,01-03-2022,Second Class
SC-2022-03-121706,CA-2022-121706,03-03-2022,Standard Class
SC-2022-03-121258,CA-2022-121258,04-03-2022,Standard Class
SC-2022-03-101959,CA-2022-101959,07-03-2022,Standard Class
SC-2022-03-163902,CA-2022-163902,09-03-2022,Standard Class
SC-2022-03-104885,CA-2022-104885,09-03-2022,Standard Class
SC-2022-03-155712,CA-2022-155712,09-03-2022,Standard Class
SC-2022-03-124114,CA-2022-124114,03-03-2022,Same Day
SC-2022-03-146024,CA-2022-146024,09-03-2022,Standard Class
SC-2022-03-152261,CA-2022-152261,07-03-2022,Standard Class
SC-2022-03-123085,CA-2022-123085,09-03-2022,Standard Class
SC-2022-03-111815,CA-2022-111815,11-03-2022,Standard Class
SC-2022-03-121804,CA-2022-121804,09-03-2022,Standard Class
SC-2022-03-127621,CA-2022-127621,08-03-2022,Standard Class
SC-2022-03-117513,CA-2022-117513,09-03-2022,Standard Class
SC-2022-03-119816,US-2022-119816,07-03-2022,Second Class
SC-2022-03-142174,CA-2022-142174,10-03-2022,Standard Class
SC-2022-03-110478,CA-2022-110478,10-03-2022,Standard Class
SC-2022-03-147753,CA-2022-147753,06-03-2022,Same Day
SC-2022-03-168123,CA-2022-168123,06-03-2022,Same Day
SC-2022-03-161046,CA-2022-161046,06-03-2022,Same Day
SC-2022-03-148642,CA-2022-148642,13-03-2022,Standard Class
SC-2022-03-168193,CA-2022-168193,12-03-2022,Second Class
SC-2022-03-167640,CA-2022-167640,11-03-2022,Standard Class
SC-2022-03-125101,CA-2022-125101,11-03-2022,Second Class
SC-2022-03-119039,US-2022-119039,11-03-2022,Standard Class
SC-2022-03-136672,CA-2022-136672,13-03-2022,Standard Class
SC-2022-03-110884,CA-2022-110884,13-03-2022,Standard Class
SC-2022-03-104080,CA-2022-104080,16-03-2022,Standard Class
FC-2022-03-155698,CA-2022-155698,12-03-2022,First Class
SC-2022-03-147354,CA-2022-147354,14-03-2022,Standard Class
SC-2022-03-102834,CA-2022-102834,14-03-2022,Standard Class
SC-2022-03-132290,CA-2022-132290,15-03-2022,Standard Class
SC-2022-03-155824,CA-2022-155824,16-03-2022,Standard Class
SC-2022-03-144638,CA-2022-144638,15-03-2022,Standard Class
SC-2022-03-140494,CA-2022-140494,16-03-2022,Second Class
SC-2022-03-130967,CA-2022-130967,17-03-2022,Standard Class
SC-2022-03-141558,US-2022-141558,17-03-2022,Standard Class
SC-2022-03-133081,US-2022-133081,16-03-2022,Standard Class
SC-2022-03-147291,CA-2022-147291,18-03-2022,Standard Class
SC-2022-03-116288,CA-2022-116288,18-03-2022,Standard Class
SC-2022-03-152786,CA-2022-152786,18-03-2022,Standard Class
SC-2022-03-159352,CA-2022-159352,18-03-2022,Standard Class
SC-2022-03-146906,US-2022-146906,18-03-2022,Standard Class
SC-2022-03-105851,CA-2022-105851,21-03-2022,Standard Class
SC-2022-03-166296,CA-2022-166296,20-03-2022,Standard Class
SC-2022-03-157966,CA-2022-157966,14-03-2022,Same Day
SC-2022-03-107713,CA-2022-107713,18-03-2022,Standard Class
FC-2022-03-153843,CA-2022-153843,16-03-2022,First Class
SC-2022-03-106859,CA-2022-106859,19-03-2022,Second Class
FC-2022-03-162474,CA-2022-162474,17-03-2022,First Class
SC-2022-03-114370,CA-2022-114370,18-03-2022,Second Class
SC-2022-03-101539,US-2022-101539,19-03-2022,Second Class
SC-2022-03-161172,CA-2022-161172,17-03-2022,Same Day
SC-2022-03-152135,CA-2022-152135,19-03-2022,Second Class
SC-2022-03-129294,CA-2022-129294,22-03-2022,Standard Class
SC-2022-03-142867,CA-2022-142867,22-03-2022,Standard Class
SC-2022-03-140949,CA-2022-140949,23-03-2022,Second Class
SC-2022-03-129567,CA-2022-129567,22-03-2022,Second Class
SC-2022-03-129224,US-2022-129224,24-03-2022,Standard Class
SC-2022-03-162075,CA-2022-162075,25-03-2022,Standard Class
SC-2022-03-148145,CA-2022-148145,24-03-2022,Standard Class
SC-2022-03-119438,US-2022-119438,24-03-2022,Standard Class
SC-2022-03-122007,CA-2022-122007,21-03-2022,Second Class
SC-2022-03-160087,CA-2022-160087,23-03-2022,Standard Class
SC-2022-03-143084,CA-2022-143084,23-03-2022,Standard Class
SC-2022-03-124436,CA-2022-124436,23-03-2022,Second Class
SC-2022-03-104955,US-2022-104955,25-03-2022,Standard Class
SC-2022-03-140515,CA-2022-140515,25-03-2022,Standard Class
FC-2022-03-166499,CA-2022-166499,21-03-2022,First Class
FC-2022-03-105410,CA-2022-105410,23-03-2022,First Class
SC-2022-03-122763,CA-2022-122763,21-03-2022,Same Day
SC-2022-03-154214,CA-2022-154214,26-03-2022,Second Class
SC-2022-03-165491,CA-2022-165491,25-03-2022,Standard Class
SC-2022-03-143770,US-2022-143770,25-03-2022,Standard Class
SC-2022-03-108539,CA-2022-108539,24-03-2022,Second Class
SC-2022-03-117156,CA-2022-117156,24-03-2022,Second Class
SC-2022-03-111591,CA-2022-111591,26-03-2022,Standard Class
SC-2022-03-169285,CA-2022-169285,26-03-2022,Standard Class
SC-2022-03-119452,CA-2022-119452,28-03-2022,Standard Class
SC-2022-03-156272,CA-2022-156272,28-03-2022,Standard Class
SC-2022-03-135650,CA-2022-135650,28-03-2022,Standard Class
SC-2022-03-136511,CA-2022-136511,26-03-2022,Second Class
FC-2022-03-140151,CA-2022-140151,26-03-2022,First Class
FC-2022-03-155985,CA-2022-155985,26-03-2022,First Class
FC-2022-03-120719,CA-2022-120719,27-03-2022,First Class
SC-2022-03-140074,US-2022-140074,30-03-2022,Standard Class
SC-2022-03-101637,CA-2022-101637,26-03-2022,Same Day
SC-2022-03-167101,CA-2022-167101,29-03-2022,Second Class
SC-2022-03-122308,CA-2022-122308,29-03-2022,Standard Class
FC-2022-03-166184,CA-2022-166184,28-03-2022,First Class
SC-2022-04-155880,CA-2022-155880,01-04-2022,Standard Class
SC-2022-03-112039,CA-2022-112039,30-03-2022,Standard Class
SC-2022-03-143651,CA-2022-143651,31-03-2022,Standard Class
FC-2022-03-117534,US-2022-117534,27-03-2022,First Class
SC-2022-03-101077,CA-2022-101077,31-03-2022,Second Class
SC-2022-04-105193,CA-2022-105193,01-04-2022,Standard Class
SC-2022-03-141677,US-2022-141677,31-03-2022,Standard Class
FC-2022-03-121251,US-2022-121251,28-03-2022,First Class
SC-2022-04-113208,CA-2022-113208,03-04-2022,Standard Class
SC-2022-04-162033,CA-2022-162033,03-04-2022,Standard Class
FC-2022-03-147144,CA-2022-147144,29-03-2022,First Class
SC-2022-04-144491,CA-2022-144491,02-04-2022,Standard Class
SC-2022-03-113705,CA-2022-113705,30-03-2022,Second Class
SC-2022-03-139416,CA-2022-139416,30-03-2022,Second Class
SC-2022-04-124716,CA-2022-124716,01-04-2022,Standard Class
FC-2022-04-147886,US-2022-147886,01-04-2022,First Class
SC-2022-04-166611,US-2022-166611,03-04-2022,Standard Class
SC-2022-04-126550,CA-2022-126550,03-04-2022,Second Class
SC-2022-04-126634,CA-2022-126634,02-04-2022,Second Class
SC-2022-03-120117,US-2022-120117,31-03-2022,Same Day
SC-2022-04-129910,CA-2022-129910,04-04-2022,Standard Class
FC-2022-04-113474,CA-2022-113474,01-04-2022,First Class
SC-2022-04-154851,US-2022-154851,04-04-2022,Standard Class
SC-2022-04-159205,US-2022-159205,03-04-2022,Second Class
SC-2022-04-133263,CA-2022-133263,03-04-2022,Second Class
FC-2022-04-144680,CA-2022-144680,03-04-2022,First Class
SC-2022-04-160143,US-2022-160143,08-04-2022,Standard Class
SC-2022-04-114524,CA-2022-114524,06-04-2022,Second Class
SC-2022-04-102771,CA-2022-102771,06-04-2022,Standard Class
SC-2022-04-100524,CA-2022-100524,03-04-2022,Second Class
SC-2022-04-154907,CA-2022-154907,05-04-2022,Standard Class
SC-2022-04-134495,CA-2022-134495,05-04-2022,Second Class
FC-2022-04-129028,CA-2022-129028,04-04-2022,First Class
SC-2022-04-147942,CA-2022-147942,06-04-2022,Standard Class
SC-2022-04-145877,CA-2022-145877,05-04-2022,Second Class
SC-2022-04-118360,CA-2022-118360,08-04-2022,Standard Class
FC-2022-04-149881,CA-2022-149881,04-04-2022,First Class
SC-2022-04-145275,CA-2022-145275,07-04-2022,Standard Class
FC-2022-04-121419,CA-2022-121419,05-04-2022,First Class
FC-2022-04-106355,CA-2022-106355,06-04-2022,First Class
SC-2022-04-123281,US-2022-123281,08-04-2022,Standard Class
SC-2022-04-131156,CA-2022-131156,08-04-2022,Standard Class
FC-2022-04-127264,CA-2022-127264,06-04-2022,First Class
SC-2022-04-157903,CA-2022-157903,09-04-2022,Standard Class
FC-2022-04-144848,CA-2022-144848,06-04-2022,First Class
FC-2022-04-140536,CA-2022-140536,06-04-2022,First Class
SC-2022-04-109211,CA-2022-109211,11-04-2022,Standard Class
SC-2022-04-107265,CA-2022-107265,13-04-2022,Standard Class
SC-2022-04-161592,CA-2022-161592,11-04-2022,Standard Class
SC-2022-04-100930,US-2022-100930,13-04-2022,Standard Class
SC-2022-04-165904,CA-2022-165904,12-04-2022,Standard Class
SC-2022-04-136721,US-2022-136721,13-04-2022,Standard Class
SC-2022-04-157854,CA-2022-157854,16-04-2022,Standard Class
SC-2022-04-150987,CA-2022-150987,13-04-2022,Standard Class
SC-2022-04-112333,CA-2022-112333,15-04-2022,Standard Class
SC-2022-04-169404,CA-2022-169404,15-04-2022,Standard Class
FC-2022-04-122154,CA-2022-122154,12-04-2022,First Class
FC-2022-04-135279,CA-2022-135279,12-04-2022,First Class
SC-2022-04-112900,CA-2022-112900,13-04-2022,Second Class
SC-2022-04-115070,CA-2022-115070,15-04-2022,Second Class
SC-2022-04-161984,CA-2022-161984,16-04-2022,Standard Class
SC-2022-04-135069,CA-2022-135069,15-04-2022,Standard Class
SC-2022-04-150623,CA-2022-150623,15-04-2022,Standard Class
SC-2022-04-125115,CA-2022-125115,11-04-2022,Same Day
SC-2022-04-100482,US-2022-100482,16-04-2022,Standard Class
SC-2022-04-166128,CA-2022-166128,19-04-2022,Standard Class
SC-2022-04-130904,CA-2022-130904,17-04-2022,Standard Class
SC-2022-04-143028,US-2022-143028,19-04-2022,Standard Class
SC-2022-04-122735,CA-2022-122735,16-04-2022,Second Class
FC-2022-04-155460,CA-2022-155460,16-04-2022,First Class
SC-2022-04-135076,CA-2022-135076,18-04-2022,Standard Class
SC-2022-04-141663,CA-2022-141663,18-04-2022,Standard Class
SC-2022-04-131233,CA-2022-131233,20-04-2022,Standard Class
FC-2022-04-144932,CA-2022-144932,18-04-2022,First Class
SC-2022-04-126060,US-2022-126060,19-04-2022,Standard Class
SC-2022-04-127117,CA-2022-127117,20-04-2022,Standard Class
FC-2022-04-159604,CA-2022-159604,16-04-2022,First Class
FC-2022-04-126774,CA-2022-126774,18-04-2022,First Class
FC-2022-04-161851,CA-2022-161851,18-04-2022,First Class
FC-2022-04-118857,CA-2022-118857,19-04-2022,First Class
SC-2022-04-134635,CA-2022-134635,18-04-2022,Second Class
SC-2022-04-114412,CA-2022-114412,21-04-2022,Standard Class
SC-2022-04-141698,US-2022-141698,22-04-2022,Standard Class
SC-2022-04-136497,CA-2022-136497,21-04-2022,Standard Class
SC-2022-04-138086,US-2022-138086,21-04-2022,Standard Class
FC-2022-04-122707,CA-2022-122707,19-04-2022,First Class
SC-2022-04-156356,US-2022-156356,23-04-2022,Standard Class
SC-2022-04-108070,CA-2022-108070,21-04-2022,Standard Class
SC-2022-04-109946,CA-2022-109946,22-04-2022,Standard Class
SC-2022-04-128965,CA-2022-128965,23-04-2022,Standard Class
SC-2022-04-134845,CA-2022-134845,24-04-2022,Standard Class
SC-2022-04-129203,US-2022-129203,23-04-2022,Standard Class
SC-2022-04-119655,CA-2022-119655,25-04-2022,Standard Class
FC-2022-04-151484,CA-2022-151484,24-04-2022,First Class
SC-2022-04-166849,CA-2022-166849,27-04-2022,Standard Class
SC-2022-04-100615,CA-2022-100615,25-04-2022,Standard Class
FC-2022-04-166324,US-2022-166324,22-04-2022,First Class
SC-2022-04-145863,US-2022-145863,28-04-2022,Standard Class
SC-2022-04-152366,US-2022-152366,26-04-2022,Second Class
FC-2022-04-166198,CA-2022-166198,25-04-2022,First Class
FC-2022-04-128853,CA-2022-128853,24-04-2022,First Class
FC-2022-04-140802,CA-2022-140802,24-04-2022,First Class
SC-2022-04-169054,CA-2022-169054,27-04-2022,Standard Class
FC-2022-04-135783,CA-2022-135783,25-04-2022,First Class
SC-2022-04-146192,CA-2022-146192,27-04-2022,Standard Class
SC-2022-04-132031,US-2022-132031,28-04-2022,Standard Class
FC-2022-04-104010,CA-2022-104010,26-04-2022,First Class
SC-2022-04-146360,CA-2022-146360,26-04-2022,Second Class
FC-2022-04-157112,CA-2022-157112,27-04-2022,First Class
SC-2022-04-108553,CA-2022-108553,30-04-2022,Standard Class
SC-2022-04-136651,CA-2022-136651,26-04-2022,Second Class
FC-2022-04-101700,CA-2022-101700,27-04-2022,First Class
FC-2022-04-149489,CA-2022-149489,28-04-2022,First Class
SC-2022-05-168102,CA-2022-168102,01-05-2022,Standard Class
FC-2022-04-116953,CA-2022-116953,26-04-2022,First Class
SC-2022-05-125269,CA-2022-125269,01-05-2022,Standard Class
FC-2022-04-128832,US-2022-128832,28-04-2022,First Class
SC-2022-04-166933,CA-2022-166933,29-04-2022,Standard Class
SC-2022-04-125381,CA-2022-125381,28-04-2022,Second Class
SC-2022-05-120222,CA-2022-120222,03-05-2022,Standard Class
SC-2022-04-129707,CA-2022-129707,30-04-2022,Standard Class
FC-2022-04-132213,CA-2022-132213,27-04-2022,First Class
SC-2022-04-151071,CA-2022-151071,30-04-2022,Second Class
SC-2022-04-159226,CA-2022-159226,28-04-2022,Second Class
SC-2022-05-143665,CA-2022-143665,02-05-2022,Standard Class
FC-2022-04-160045,CA-2022-160045,28-04-2022,First Class
SC-2022-05-135692,CA-2022-135692,02-05-2022,Standard Class
SC-2022-05-151281,CA-2022-151281,03-05-2022,Standard Class
FC-2022-04-168228,CA-2022-168228,30-04-2022,First Class
SC-2022-05-160962,CA-2022-160962,03-05-2022,Standard Class
SC-2022-05-120894,CA-2022-120894,03-05-2022,Standard Class
SC-2022-05-137631,CA-2022-137631,03-05-2022,Standard Class
SC-2022-05-164056,US-2022-164056,05-05-2022,Second Class
SC-2022-05-126718,CA-2022-126718,05-05-2022,Standard Class
SC-2022-05-150609,CA-2022-150609,05-05-2022,Standard Class
SC-2022-05-108322,CA-2022-108322,06-05-2022,Standard Class
SC-2022-05-137876,CA-2022-137876,06-05-2022,Standard Class
SC-2022-05-108315,US-2022-108315,05-05-2022,Standard Class
SC-2022-05-144526,CA-2022-144526,07-05-2022,Standard Class
SC-2022-05-150847,US-2022-150847,07-05-2022,Standard Class
SC-2022-05-151911,CA-2022-151911,06-05-2022,Second Class
FC-2022-05-107636,US-2022-107636,03-05-2022,First Class
SC-2022-05-154501,CA-2022-154501,06-05-2022,Standard Class
SC-2022-05-144582,US-2022-144582,06-05-2022,Standard Class
SC-2022-05-136784,US-2022-136784,06-05-2022,Standard Class
SC-2022-05-124597,CA-2022-124597,06-05-2022,Standard Class
FC-2022-05-110198,CA-2022-110198,03-05-2022,First Class
SC-2022-05-102204,CA-2022-102204,07-05-2022,Standard Class
SC-2022-05-110212,CA-2022-110212,06-05-2022,Standard Class
SC-2022-05-123134,CA-2022-123134,08-05-2022,Standard Class
SC-2022-05-147844,CA-2022-147844,07-05-2022,Standard Class
SC-2022-05-128398,US-2022-128398,06-05-2022,Second Class
SC-2022-05-132199,CA-2022-132199,09-05-2022,Standard Class
SC-2022-05-163209,CA-2022-163209,08-05-2022,Standard Class
SC-2022-05-132178,CA-2022-132178,09-05-2022,Second Class
SC-2022-05-133067,CA-2022-133067,11-05-2022,Standard Class
SC-2022-05-119914,CA-2022-119914,10-05-2022,Second Class
SC-2022-05-162978,CA-2022-162978,10-05-2022,Standard Class
SC-2022-05-128755,CA-2022-128755,09-05-2022,Standard Class
SC-2022-05-168900,CA-2022-168900,10-05-2022,Standard Class
SC-2022-05-107552,CA-2022-107552,06-05-2022,Same Day
SC-2022-05-160724,CA-2022-160724,11-05-2022,Standard Class
FC-2022-05-105991,CA-2022-105991,07-05-2022,First Class
SC-2022-05-141943,US-2022-141943,10-05-2022,Standard Class
SC-2022-05-133200,US-2022-133200,12-05-2022,Standard Class
FC-2022-05-167668,CA-2022-167668,09-05-2022,First Class
SC-2022-05-140242,CA-2022-140242,12-05-2022,Standard Class
SC-2022-05-133487,CA-2022-133487,10-05-2022,Second Class
SC-2022-05-162124,US-2022-162124,11-05-2022,Standard Class
FC-2022-05-156769,CA-2022-156769,10-05-2022,First Class
SC-2022-05-144498,CA-2022-144498,07-05-2022,Same Day
SC-2022-05-145779,CA-2022-145779,11-05-2022,Standard Class
SC-2022-05-102820,CA-2022-102820,12-05-2022,Standard Class
SC-2022-05-159688,CA-2022-159688,13-05-2022,Standard Class
SC-2022-05-141733,CA-2022-141733,12-05-2022,Standard Class
SC-2022-05-156895,CA-2022-156895,13-05-2022,Standard Class
SC-2022-05-104451,US-2022-104451,13-05-2022,Second Class
SC-2022-05-133865,CA-2022-133865,13-05-2022,Standard Class
SC-2022-05-107797,CA-2022-107797,12-05-2022,Second Class
SC-2022-05-149181,CA-2022-149181,13-05-2022,Standard Class
FC-2022-05-118199,CA-2022-118199,12-05-2022,First Class
FC-2022-05-134810,CA-2022-134810,11-05-2022,First Class
FC-2022-05-139647,US-2022-139647,14-05-2022,First Class
SC-2022-05-140298,CA-2022-140298,18-05-2022,Standard Class
SC-2022-05-133823,CA-2022-133823,13-05-2022,Same Day
SC-2022-05-115322,CA-2022-115322,17-05-2022,Second Class
SC-2022-05-158218,US-2022-158218,16-05-2022,Second Class
SC-2022-05-117632,CA-2022-117632,19-05-2022,Standard Class
SC-2022-05-122175,CA-2022-122175,15-05-2022,Second Class
SC-2022-05-106796,US-2022-106796,20-05-2022,Standard Class
SC-2022-05-104577,CA-2022-104577,18-05-2022,Standard Class
SC-2022-05-152226,CA-2022-152226,17-05-2022,Standard Class
SC-2022-05-149048,CA-2022-149048,18-05-2022,Standard Class
SC-2022-05-161655,CA-2022-161655,19-05-2022,Second Class
SC-2022-05-104318,CA-2022-104318,19-05-2022,Standard Class
SC-2022-05-137785,CA-2022-137785,18-05-2022,Standard Class
SC-2022-05-100748,CA-2022-100748,21-05-2022,Standard Class
SC-2022-05-143686,CA-2022-143686,15-05-2022,Same Day
FC-2022-05-133361,US-2022-133361,18-05-2022,First Class
FC-2022-05-161774,CA-2022-161774,16-05-2022,First Class
SC-2022-05-115546,CA-2022-115546,19-05-2022,Standard Class
SC-2022-05-129357,CA-2022-129357,20-05-2022,Standard Class
SC-2022-05-154872,US-2022-154872,19-05-2022,Standard Class
SC-2022-05-133641,CA-2022-133641,22-05-2022,Standard Class
SC-2022-05-102414,CA-2022-102414,19-05-2022,Second Class
SC-2022-05-110604,US-2022-110604,21-05-2022,Standard Class
SC-2022-05-152569,US-2022-152569,21-05-2022,Standard Class
FC-2022-05-166576,CA-2022-166576,19-05-2022,First Class
SC-2022-05-117863,CA-2022-117863,24-05-2022,Standard Class
SC-2022-05-112536,CA-2022-112536,24-05-2022,Standard Class
SC-2022-05-112865,CA-2022-112865,23-05-2022,Standard Class
FC-2022-05-121643,CA-2022-121643,21-05-2022,First Class
FC-2022-05-159464,CA-2022-159464,20-05-2022,First Class
SC-2022-05-117401,CA-2022-117401,23-05-2022,Second Class
SC-2022-05-155642,CA-2022-155642,23-05-2022,Standard Class
SC-2022-05-138975,CA-2022-138975,24-05-2022,Standard Class
SC-2022-05-100048,US-2022-100048,25-05-2022,Standard Class
SC-2022-05-113530,CA-2022-113530,22-05-2022,Second Class
SC-2022-05-127803,CA-2022-127803,24-05-2022,Standard Class
SC-2022-05-122077,CA-2022-122077,26-05-2022,Standard Class
SC-2022-05-145702,CA-2022-145702,25-05-2022,Second Class
SC-2022-05-153787,CA-2022-153787,24-05-2022,Standard Class
SC-2022-05-108700,US-2022-108700,24-05-2022,Standard Class
SC-2022-05-147998,US-2022-147998,25-05-2022,Standard Class
SC-2022-05-120607,US-2022-120607,20-05-2022,Same Day
SC-2022-05-111332,CA-2022-111332,23-05-2022,Second Class
SC-2022-05-166688,US-2022-166688,27-05-2022,Standard Class
SC-2022-05-166695,CA-2022-166695,25-05-2022,Standard Class
SC-2022-05-149468,CA-2022-149468,21-05-2022,Same Day
SC-2022-05-167899,CA-2022-167899,27-05-2022,Standard Class
FC-2022-05-151127,US-2022-151127,26-05-2022,First Class
SC-2022-05-153080,CA-2022-153080,26-05-2022,Second Class
SC-2022-05-130106,CA-2022-130106,27-05-2022,Standard Class
SC-2022-05-150595,US-2022-150595,27-05-2022,Standard Class
SC-2022-05-164042,CA-2022-164042,28-05-2022,Standard Class
SC-2022-05-167003,CA-2022-167003,30-05-2022,Standard Class
SC-2022-06-112473,CA-2022-112473,02-06-2022,Standard Class
SC-2022-05-120138,CA-2022-120138,26-05-2022,Same Day
SC-2022-05-161088,CA-2022-161088,30-05-2022,Standard Class
SC-2022-05-152968,CA-2022-152968,31-05-2022,Standard Class
SC-2022-06-107853,CA-2022-107853,01-06-2022,Standard Class
FC-2022-05-123687,CA-2022-123687,30-05-2022,First Class
SC-2022-06-134152,CA-2022-134152,01-06-2022,Standard Class
SC-2022-06-136882,CA-2022-136882,04-06-2022,Standard Class
FC-2022-05-116897,US-2022-116897,30-05-2022,First Class
SC-2022-06-151855,CA-2022-151855,04-06-2022,Standard Class
SC-2022-06-132297,US-2022-132297,03-06-2022,Standard Class
SC-2022-05-160458,CA-2022-160458,30-05-2022,Second Class
SC-2022-06-145765,CA-2022-145765,03-06-2022,Standard Class
SC-2022-06-112613,US-2022-112613,02-06-2022,Standard Class
SC-2022-06-100055,CA-2022-100055,02-06-2022,Standard Class
SC-2022-06-161340,CA-2022-161340,02-06-2022,Standard Class
SC-2022-06-118556,US-2022-118556,03-06-2022,Second Class
SC-2022-06-141572,CA-2022-141572,01-06-2022,Second Class
SC-2022-05-140088,CA-2022-140088,31-05-2022,Second Class
SC-2022-06-121580,CA-2022-121580,05-06-2022,Standard Class
SC-2022-06-144568,CA-2022-144568,03-06-2022,Standard Class
SC-2022-06-104745,CA-2022-104745,05-06-2022,Standard Class
SC-2022-06-168739,CA-2022-168739,06-06-2022,Standard Class
SC-2022-06-142461,CA-2022-142461,04-06-2022,Second Class
SC-2022-06-120614,CA-2022-120614,05-06-2022,Standard Class
SC-2022-06-121125,CA-2022-121125,04-06-2022,Standard Class
FC-2022-06-125472,CA-2022-125472,01-06-2022,First Class
SC-2022-06-116498,CA-2022-116498,04-06-2022,Standard Class
SC-2022-07-109393,CA-2022-109393,03-07-2022,Second Class
SC-2022-07-102946,CA-2022-102946,06-07-2022,Standard Class
SC-2022-07-125745,CA-2022-125745,05-07-2022,Standard Class
SC-2022-07-113201,US-2022-113201,06-07-2022,Standard Class
SC-2022-07-163006,CA-2022-163006,05-07-2022,Second Class
SC-2022-07-102890,US-2022-102890,01-07-2022,Same Day
SC-2022-07-131695,CA-2022-131695,07-07-2022,Standard Class
SC-2022-07-164112,CA-2022-164112,05-07-2022,Standard Class
SC-2022-07-148362,US-2022-148362,09-07-2022,Standard Class
FC-2022-07-107958,CA-2022-107958,06-07-2022,First Class
SC-2022-07-139437,CA-2022-139437,09-07-2022,Standard Class
SC-2022-07-140053,CA-2022-140053,11-07-2022,Standard Class
SC-2022-07-129777,US-2022-129777,10-07-2022,Standard Class
SC-2022-07-126179,US-2022-126179,08-07-2022,Standard Class
SC-2022-07-111647,CA-2022-111647,08-07-2022,Standard Class
SC-2022-07-168109,CA-2022-168109,04-07-2022,Same Day
SC-2022-07-121503,CA-2022-121503,07-07-2022,Second Class
FC-2022-07-124828,CA-2022-124828,05-07-2022,First Class
SC-2022-07-169124,CA-2022-169124,11-07-2022,Standard Class
SC-2022-07-111024,US-2022-111024,07-07-2022,Second Class
SC-2022-07-166233,US-2022-166233,10-07-2022,Standard Class
FC-2022-07-106747,CA-2022-106747,05-07-2022,First Class
SC-2022-07-100223,CA-2022-100223,11-07-2022,Standard Class
FC-2022-07-104388,CA-2022-104388,08-07-2022,First Class
SC-2022-07-152492,US-2022-152492,07-07-2022,Same Day
SC-2022-07-124303,US-2022-124303,14-07-2022,Standard Class
FC-2022-07-169551,US-2022-169551,10-07-2022,First Class
SC-2022-07-155152,CA-2022-155152,10-07-2022,Second Class
SC-2022-07-105053,CA-2022-105053,10-07-2022,Second Class
SC-2022-07-106824,CA-2022-106824,12-07-2022,Standard Class
SC-2022-07-138464,CA-2022-138464,13-07-2022,Standard Class
FC-2022-07-150189,CA-2022-150189,11-07-2022,First Class
SC-2022-07-134306,CA-2022-134306,13-07-2022,Standard Class
SC-2022-07-108560,CA-2022-108560,16-07-2022,Standard Class
SC-2022-07-140480,CA-2022-140480,13-07-2022,Standard Class
FC-2022-07-133249,CA-2022-133249,12-07-2022,First Class
SC-2022-07-111759,CA-2022-111759,13-07-2022,Standard Class
SC-2022-07-121083,CA-2022-121083,16-07-2022,Standard Class
FC-2022-07-115651,CA-2022-115651,13-07-2022,First Class
SC-2022-07-100209,US-2022-100209,16-07-2022,Standard Class
SC-2022-07-145128,CA-2022-145128,15-07-2022,Standard Class
SC-2022-07-132122,CA-2022-132122,15-07-2022,Standard Class
SC-2022-07-169012,CA-2022-169012,15-07-2022,Standard Class
SC-2022-07-128629,CA-2022-128629,15-07-2022,Second Class
SC-2022-07-127460,CA-2022-127460,15-07-2022,Standard Class
SC-2022-07-162012,CA-2022-162012,19-07-2022,Standard Class
SC-2022-07-164959,CA-2022-164959,16-07-2022,Standard Class
SC-2022-07-136623,CA-2022-136623,17-07-2022,Standard Class
SC-2022-07-156818,CA-2022-156818,14-07-2022,Second Class
SC-2022-07-127656,CA-2022-127656,18-07-2022,Standard Class
SC-2022-07-106047,CA-2022-106047,19-07-2022,Standard Class
SC-2022-07-102155,CA-2022-102155,18-07-2022,Standard Class
SC-2022-07-136364,CA-2022-136364,18-07-2022,Second Class
SC-2022-07-161935,US-2022-161935,19-07-2022,Standard Class
SC-2022-07-121048,CA-2022-121048,19-07-2022,Standard Class
SC-2022-07-166142,CA-2022-166142,20-07-2022,Standard Class
FC-2022-07-128951,US-2022-128951,18-07-2022,First Class
SC-2022-07-164378,CA-2022-164378,19-07-2022,Second Class
SC-2022-07-109778,CA-2022-109778,22-07-2022,Standard Class
SC-2022-07-156909,US-2022-156909,19-07-2022,Second Class
SC-2022-07-152842,US-2022-152842,24-07-2022,Standard Class
SC-2022-07-105046,US-2022-105046,24-07-2022,Standard Class
SC-2022-07-126662,CA-2022-126662,22-07-2022,Standard Class
SC-2022-07-142342,CA-2022-142342,20-07-2022,Second Class
SC-2022-07-139948,CA-2022-139948,23-07-2022,Standard Class
SC-2022-07-142573,US-2022-142573,24-07-2022,Standard Class
SC-2022-07-165358,US-2022-165358,24-07-2022,Standard Class
SC-2022-07-150497,CA-2022-150497,25-07-2022,Standard Class
SC-2022-07-122035,CA-2022-122035,26-07-2022,Standard Class
SC-2022-07-118640,CA-2022-118640,27-07-2022,Standard Class
SC-2022-07-108343,US-2022-108343,26-07-2022,Standard Class
SC-2022-07-103478,CA-2022-103478,25-07-2022,Second Class
SC-2022-07-158505,US-2022-158505,22-07-2022,Same Day
SC-2022-07-145429,CA-2022-145429,26-07-2022,Standard Class
SC-2022-07-118724,CA-2022-118724,26-07-2022,Second Class
SC-2022-07-104731,CA-2022-104731,28-07-2022,Standard Class
SC-2022-07-127719,US-2022-127719,26-07-2022,Standard Class
SC-2022-07-123834,US-2022-123834,26-07-2022,Standard Class
SC-2022-07-145093,CA-2022-145093,27-07-2022,Standard Class
SC-2022-07-160465,US-2022-160465,27-07-2022,Standard Class
SC-2022-07-123204,US-2022-123204,28-07-2022,Standard Class
SC-2022-07-106551,US-2022-106551,28-07-2022,Standard Class
SC-2022-07-109750,CA-2022-109750,29-07-2022,Standard Class
SC-2022-07-101721,US-2022-101721,28-07-2022,Standard Class
SC-2022-07-117240,CA-2022-117240,29-07-2022,Standard Class
FC-2022-07-133718,CA-2022-133718,27-07-2022,First Class
SC-2022-07-125367,CA-2022-125367,31-07-2022,Standard Class
SC-2022-07-103506,CA-2022-103506,28-07-2022,Standard Class
SC-2022-07-169320,US-2022-169320,26-07-2022,Second Class
SC-2022-07-110940,CA-2022-110940,29-07-2022,Standard Class
FC-2022-07-118346,CA-2022-118346,25-07-2022,First Class
SC-2022-07-135013,US-2022-135013,25-07-2022,Same Day
SC-2022-07-121293,CA-2022-121293,29-07-2022,Second Class
SC-2022-07-125640,CA-2022-125640,30-07-2022,Standard Class
SC-2022-08-169810,CA-2022-169810,01-08-2022,Standard Class
FC-2022-07-167549,CA-2022-167549,28-07-2022,First Class
SC-2022-08-167318,US-2022-167318,02-08-2022,Standard Class
SC-2022-08-108791,CA-2022-108791,01-08-2022,Standard Class
SC-2022-08-123239,CA-2022-123239,01-08-2022,Second Class
SC-2022-08-133046,CA-2022-133046,02-08-2022,Second Class
SC-2022-08-130841,CA-2022-130841,02-08-2022,Standard Class
SC-2022-08-130953,US-2022-130953,04-08-2022,Standard Class
SC-2022-08-146031,CA-2022-146031,02-08-2022,Second Class
SC-2022-08-115301,US-2022-115301,03-08-2022,Standard Class
SC-2022-08-130771,CA-2022-130771,04-08-2022,Standard Class
SC-2022-08-101483,CA-2022-101483,02-08-2022,Second Class
SC-2022-08-113852,US-2022-113852,03-08-2022,Standard Class
FC-2022-08-155740,CA-2022-155740,03-08-2022,First Class
SC-2022-08-141103,CA-2022-141103,07-08-2022,Standard Class
SC-2022-08-167913,CA-2022-167913,04-08-2022,Second Class
SC-2022-08-165869,US-2022-165869,06-08-2022,Standard Class
SC-2022-08-125752,CA-2022-125752,05-08-2022,Standard Class
SC-2022-08-147032,CA-2022-147032,05-08-2022,Standard Class
SC-2022-08-115805,CA-2022-115805,01-08-2022,Same Day
SC-2022-08-121909,CA-2022-121909,06-08-2022,Standard Class
FC-2022-08-161102,CA-2022-161102,04-08-2022,First Class
SC-2022-08-126144,CA-2022-126144,06-08-2022,Standard Class
SC-2022-08-162691,CA-2022-162691,08-08-2022,Standard Class
FC-2022-08-135034,CA-2022-135034,04-08-2022,First Class
FC-2022-08-133235,CA-2022-133235,05-08-2022,First Class
SC-2022-08-124576,CA-2022-124576,05-08-2022,Second Class
SC-2022-08-168942,CA-2022-168942,06-08-2022,Second Class
FC-2022-08-165386,CA-2022-165386,05-08-2022,First Class
SC-2022-08-168396,CA-2022-168396,09-08-2022,Second Class
SC-2022-08-141747,CA-2022-141747,09-08-2022,Second Class
SC-2022-08-140781,CA-2022-140781,08-08-2022,Standard Class
SC-2022-08-143175,US-2022-143175,07-08-2022,Second Class
FC-2022-08-163566,CA-2022-163566,07-08-2022,First Class
SC-2022-08-146367,CA-2022-146367,09-08-2022,Standard Class
FC-2022-08-132738,CA-2022-132738,08-08-2022,First Class
FC-2022-08-154676,CA-2022-154676,09-08-2022,First Class
FC-2022-08-117695,CA-2022-117695,09-08-2022,First Class
SC-2022-08-128328,CA-2022-128328,10-08-2022,Standard Class
SC-2022-08-151981,CA-2022-151981,13-08-2022,Standard Class
SC-2022-08-161200,CA-2022-161200,11-08-2022,Second Class
SC-2022-08-136609,CA-2022-136609,12-08-2022,Standard Class
SC-2022-08-168172,CA-2022-168172,11-08-2022,Standard Class
SC-2022-08-156776,CA-2022-156776,12-08-2022,Standard Class
SC-2022-08-155999,US-2022-155999,14-08-2022,Standard Class
SC-2022-08-115175,CA-2022-115175,13-08-2022,Standard Class
SC-2022-08-117023,CA-2022-117023,13-08-2022,Standard Class
FC-2022-08-110821,CA-2022-110821,09-08-2022,First Class
SC-2022-08-158344,CA-2022-158344,12-08-2022,Standard Class
SC-2022-08-163321,CA-2022-163321,12-08-2022,Second Class
SC-2022-08-143063,CA-2022-143063,16-08-2022,Standard Class
SC-2022-08-145443,CA-2022-145443,16-08-2022,Second Class
FC-2022-08-139311,CA-2022-139311,14-08-2022,First Class
SC-2022-08-160899,CA-2022-160899,14-08-2022,Second Class
SC-2022-08-100433,CA-2022-100433,17-08-2022,Standard Class
SC-2022-08-152310,CA-2022-152310,20-08-2022,Standard Class
FC-2022-08-158169,CA-2022-158169,16-08-2022,First Class
SC-2022-08-118941,US-2022-118941,13-08-2022,Same Day
SC-2022-08-106537,CA-2022-106537,18-08-2022,Standard Class
SC-2022-08-128363,CA-2022-128363,19-08-2022,Standard Class
SC-2022-08-103828,US-2022-103828,14-08-2022,Same Day
SC-2022-08-100580,CA-2022-100580,21-08-2022,Standard Class
SC-2022-08-167542,CA-2022-167542,21-08-2022,Standard Class
SC-2022-08-169264,CA-2022-169264,17-08-2022,Second Class
SC-2022-08-105921,CA-2022-105921,22-08-2022,Standard Class
SC-2022-08-117723,US-2022-117723,19-08-2022,Second Class
SC-2022-08-144883,CA-2022-144883,20-08-2022,Standard Class
SC-2022-08-138548,CA-2022-138548,22-08-2022,Standard Class
SC-2022-08-122987,CA-2022-122987,17-08-2022,Same Day
FC-2022-08-111423,US-2022-111423,20-08-2022,First Class
SC-2022-08-166093,CA-2022-166093,25-08-2022,Standard Class
SC-2022-08-133102,CA-2022-133102,25-08-2022,Standard Class
SC-2022-08-151211,CA-2022-151211,24-08-2022,Standard Class
SC-2022-08-118892,CA-2022-118892,23-08-2022,Second Class
SC-2022-08-151358,CA-2022-151358,23-08-2022,Standard Class
SC-2022-08-121027,CA-2022-121027,23-08-2022,Standard Class
SC-2022-08-117947,CA-2022-117947,24-08-2022,Second Class
SC-2022-08-112809,CA-2022-112809,23-08-2022,Standard Class
SC-2022-08-162936,CA-2022-162936,23-08-2022,Standard Class
SC-2022-08-122028,CA-2022-122028,26-08-2022,Standard Class
SC-2022-08-119809,CA-2022-119809,26-08-2022,Standard Class
SC-2022-08-163069,CA-2022-163069,22-08-2022,Second Class
SC-2022-08-100398,US-2022-100398,24-08-2022,Standard Class
SC-2022-08-132339,CA-2022-132339,24-08-2022,Standard Class
SC-2022-08-115777,CA-2022-115777,25-08-2022,Standard Class
SC-2022-08-101728,CA-2022-101728,24-08-2022,Standard Class
SC-2022-08-114356,US-2022-114356,27-08-2022,Standard Class
SC-2022-08-105326,CA-2022-105326,28-08-2022,Standard Class
SC-2022-08-137344,CA-2022-137344,21-08-2022,Same Day
SC-2022-08-119011,CA-2022-119011,26-08-2022,Standard Class
SC-2022-08-111241,US-2022-111241,23-08-2022,Second Class
SC-2022-08-117646,CA-2022-117646,26-08-2022,Standard Class
SC-2022-08-144750,CA-2022-144750,22-08-2022,Same Day
SC-2022-08-112956,CA-2022-112956,28-08-2022,Standard Class
FC-2022-08-109253,US-2022-109253,23-08-2022,First Class
SC-2022-08-102183,US-2022-102183,29-08-2022,Standard Class
SC-2022-08-155705,CA-2022-155705,24-08-2022,Second Class
SC-2022-08-121489,CA-2022-121489,26-08-2022,Second Class
SC-2022-08-126956,CA-2022-126956,29-08-2022,Standard Class
FC-2022-08-132381,US-2022-132381,25-08-2022,First Class
FC-2022-08-131037,CA-2022-131037,24-08-2022,First Class
SC-2022-08-129021,CA-2022-129021,27-08-2022,Second Class
SC-2022-08-123043,CA-2022-123043,30-08-2022,Standard Class
SC-2022-08-139717,CA-2022-139717,27-08-2022,Second Class
SC-2022-08-114636,CA-2022-114636,30-08-2022,Standard Class
SC-2022-08-101210,CA-2022-101210,29-08-2022,Second Class
FC-2022-08-105697,US-2022-105697,28-08-2022,First Class
SC-2022-08-159793,CA-2022-159793,30-08-2022,Standard Class
FC-2022-08-132584,CA-2022-132584,28-08-2022,First Class
SC-2022-09-128475,CA-2022-128475,02-09-2022,Standard Class
SC-2022-09-157350,CA-2022-157350,02-09-2022,Standard Class
SC-2022-08-161956,CA-2022-161956,30-08-2022,Second Class
FC-2022-08-139465,US-2022-139465,31-08-2022,First Class
SC-2022-08-130036,CA-2022-130036,28-08-2022,Same Day
FC-2022-08-155047,CA-2022-155047,31-08-2022,First Class
SC-2022-09-163097,CA-2022-163097,01-09-2022,Standard Class
SC-2022-09-134481,US-2022-134481,02-09-2022,Standard Class
FC-2022-08-162208,US-2022-162208,31-08-2022,First Class
SC-2022-08-101273,CA-2022-101273,31-08-2022,Second Class
SC-2022-09-133501,CA-2022-133501,02-09-2022,Standard Class
SC-2022-09-169502,US-2022-169502,02-09-2022,Standard Class
SC-2022-09-126067,CA-2022-126067,04-09-2022,Standard Class
SC-2022-09-146920,CA-2022-146920,02-09-2022,Standard Class
SC-2022-09-101014,CA-2022-101014,05-09-2022,Standard Class
FC-2022-09-144064,CA-2022-144064,02-09-2022,First Class
SC-2022-09-104024,CA-2022-104024,04-09-2022,Second Class
SC-2022-09-107321,CA-2022-107321,05-09-2022,Standard Class
SC-2022-09-133004,CA-2022-133004,06-09-2022,Standard Class
SC-2022-09-135062,US-2022-135062,05-09-2022,Second Class
SC-2022-09-132619,CA-2022-132619,06-09-2022,Standard Class
SC-2022-09-127712,CA-2022-127712,06-09-2022,Standard Class
SC-2022-09-159884,CA-2022-159884,06-09-2022,Standard Class
SC-2022-09-154074,CA-2022-154074,03-09-2022,Second Class
SC-2022-09-117198,CA-2022-117198,06-09-2022,Standard Class
SC-2022-09-135230,US-2022-135230,08-09-2022,Standard Class
SC-2022-09-128041,CA-2022-128041,02-09-2022,Same Day
SC-2022-09-145653,CA-2022-145653,02-09-2022,Same Day
SC-2022-09-131625,CA-2022-131625,06-09-2022,Second Class
SC-2022-09-107909,CA-2022-107909,07-09-2022,Standard Class
SC-2022-09-123001,CA-2022-123001,09-09-2022,Standard Class
SC-2022-09-163657,US-2022-163657,07-09-2022,Standard Class
SC-2022-09-145037,CA-2022-145037,08-09-2022,Second Class
SC-2022-09-114216,CA-2022-114216,07-09-2022,Standard Class
SC-2022-09-169327,CA-2022-169327,05-09-2022,Second Class
SC-2022-09-110380,CA-2022-110380,08-09-2022,Standard Class
SC-2022-09-137596,CA-2022-137596,08-09-2022,Standard Class
SC-2022-09-157987,CA-2022-157987,07-09-2022,Standard Class
SC-2022-09-146983,CA-2022-146983,07-09-2022,Standard Class
SC-2022-09-102218,CA-2022-102218,05-09-2022,Second Class
SC-2022-09-113075,CA-2022-113075,07-09-2022,Standard Class
SC-2022-09-111388,CA-2022-111388,03-09-2022,Same Day
SC-2022-09-111220,CA-2022-111220,09-09-2022,Standard Class
SC-2022-09-114552,CA-2022-114552,09-09-2022,Standard Class
SC-2022-09-153255,US-2022-153255,08-09-2022,Second Class
SC-2022-09-161067,CA-2022-161067,07-09-2022,Second Class
SC-2022-09-122637,US-2022-122637,09-09-2022,Second Class
SC-2022-09-123022,CA-2022-123022,09-09-2022,Standard Class
SC-2022-09-167626,CA-2022-167626,08-09-2022,Standard Class
SC-2022-09-161557,CA-2022-161557,09-09-2022,Standard Class
SC-2022-09-146136,CA-2022-146136,08-09-2022,Standard Class
SC-2022-09-161823,CA-2022-161823,09-09-2022,Standard Class
SC-2022-09-147410,CA-2022-147410,09-09-2022,Standard Class
FC-2022-09-101182,CA-2022-101182,06-09-2022,First Class
SC-2022-09-117450,US-2022-117450,09-09-2022,Standard Class
FC-2022-09-140326,CA-2022-140326,07-09-2022,First Class
SC-2022-09-117261,CA-2022-117261,11-09-2022,Standard Class
SC-2022-09-102750,CA-2022-102750,09-09-2022,Second Class
SC-2022-09-152485,CA-2022-152485,09-09-2022,Standard Class
SC-2022-09-100783,CA-2022-100783,09-09-2022,Second Class
SC-2022-09-117394,CA-2022-117394,11-09-2022,Standard Class
SC-2022-09-141929,CA-2022-141929,09-09-2022,Standard Class
SC-2022-09-109757,CA-2022-109757,10-09-2022,Second Class
SC-2022-09-137582,CA-2022-137582,09-09-2022,Standard Class
SC-2022-09-120761,CA-2022-120761,09-09-2022,Standard Class
FC-2022-09-147655,US-2022-147655,06-09-2022,First Class
SC-2022-09-166394,US-2022-166394,07-09-2022,Second Class
SC-2022-09-116680,CA-2022-116680,07-09-2022,Second Class
SC-2022-09-120705,CA-2022-120705,12-09-2022,Standard Class
FC-2022-09-107293,CA-2022-107293,07-09-2022,First Class
SC-2022-09-102736,CA-2022-102736,10-09-2022,Standard Class
SC-2022-09-148929,CA-2022-148929,12-09-2022,Standard Class
FC-2022-09-151008,CA-2022-151008,09-09-2022,First Class
FC-2022-09-169488,US-2022-169488,10-09-2022,First Class
SC-2022-09-100335,CA-2022-100335,14-09-2022,Standard Class
SC-2022-09-103877,CA-2022-103877,15-09-2022,Standard Class
SC-2022-09-107244,CA-2022-107244,12-09-2022,Standard Class
SC-2022-09-124401,CA-2022-124401,13-09-2022,Standard Class
SC-2022-09-100160,CA-2022-100160,12-09-2022,Standard Class
SC-2022-09-128783,CA-2022-128783,08-09-2022,Same Day
FC-2022-09-130687,US-2022-130687,11-09-2022,First Class
FC-2022-09-163692,CA-2022-163692,10-09-2022,First Class
SC-2022-09-129441,US-2022-129441,12-09-2022,Standard Class
SC-2022-09-128769,CA-2022-128769,13-09-2022,Standard Class
SC-2022-09-150070,US-2022-150070,13-09-2022,Standard Class
SC-2022-09-104094,US-2022-104094,12-09-2022,Standard Class
FC-2022-09-124779,US-2022-124779,12-09-2022,First Class
SC-2022-09-152856,CA-2022-152856,11-09-2022,Second Class
SC-2022-09-149895,CA-2022-149895,13-09-2022,Standard Class
SC-2022-09-132437,CA-2022-132437,14-09-2022,Second Class
SC-2022-09-158036,CA-2022-158036,15-09-2022,Standard Class
FC-2022-09-144456,CA-2022-144456,10-09-2022,First Class
SC-2022-09-124968,US-2022-124968,14-09-2022,Second Class
SC-2022-09-126396,CA-2022-126396,13-09-2022,Second Class
SC-2022-09-159562,US-2022-159562,16-09-2022,Standard Class
FC-2022-09-152198,CA-2022-152198,11-09-2022,First Class
SC-2022-09-155929,CA-2022-155929,14-09-2022,Standard Class
SC-2022-09-118087,US-2022-118087,14-09-2022,Standard Class
SC-2022-09-147228,CA-2022-147228,15-09-2022,Standard Class
SC-2022-09-100825,CA-2022-100825,15-09-2022,Standard Class
SC-2022-09-137498,CA-2022-137498,15-09-2022,Second Class
SC-2022-09-169439,CA-2022-169439,14-09-2022,Standard Class
SC-2022-09-147361,CA-2022-147361,16-09-2022,Standard Class
SC-2022-09-139444,CA-2022-139444,16-09-2022,Standard Class
SC-2022-09-146213,US-2022-146213,15-09-2022,Standard Class
SC-2022-09-168403,CA-2022-168403,16-09-2022,Standard Class
FC-2022-09-126438,CA-2022-126438,14-09-2022,First Class
SC-2022-09-110905,CA-2022-110905,16-09-2022,Second Class
SC-2022-09-128370,CA-2022-128370,11-09-2022,Same Day
SC-2022-09-159954,CA-2022-159954,15-09-2022,Standard Class
SC-2022-09-122280,CA-2022-122280,11-09-2022,Same Day
SC-2022-09-120999,CA-2022-120999,16-09-2022,Standard Class
SC-2022-09-123036,CA-2022-123036,18-09-2022,Standard Class
FC-2022-09-147403,CA-2022-147403,14-09-2022,First Class
SC-2022-09-152093,CA-2022-152093,16-09-2022,Standard Class
SC-2022-09-152898,US-2022-152898,16-09-2022,Standard Class
SC-2022-09-142188,US-2022-142188,12-09-2022,Same Day
SC-2022-09-166898,CA-2022-166898,14-09-2022,Second Class
SC-2022-09-149559,CA-2022-149559,13-09-2022,Same Day
SC-2022-09-127726,CA-2022-127726,14-09-2022,Second Class
FC-2022-09-112774,CA-2022-112774,13-09-2022,First Class
SC-2022-09-160836,US-2022-160836,17-09-2022,Standard Class
SC-2022-09-117044,CA-2022-117044,14-09-2022,Second Class
SC-2022-09-124898,CA-2022-124898,16-09-2022,Standard Class
SC-2022-09-144484,CA-2022-144484,12-09-2022,Same Day
FC-2022-09-140676,CA-2022-140676,16-09-2022,First Class
FC-2022-09-108749,CA-2022-108749,16-09-2022,First Class
SC-2022-09-109582,US-2022-109582,18-09-2022,Second Class
FC-2022-09-103611,CA-2022-103611,16-09-2022,First Class
SC-2022-09-139493,CA-2022-139493,20-09-2022,Standard Class
FC-2022-09-152975,CA-2022-152975,17-09-2022,First Class
SC-2022-09-147725,CA-2022-147725,15-09-2022,Same Day
SC-2022-09-157224,US-2022-157224,19-09-2022,Second Class
SC-2022-09-130302,CA-2022-130302,20-09-2022,Standard Class
FC-2022-09-156237,CA-2022-156237,16-09-2022,First Class
SC-2022-09-108931,CA-2022-108931,20-09-2022,Standard Class
SC-2022-09-114440,CA-2022-114440,18-09-2022,Second Class
FC-2022-09-115882,CA-2022-115882,18-09-2022,First Class
SC-2022-09-165008,CA-2022-165008,18-09-2022,Second Class
SC-2022-09-124205,CA-2022-124205,20-09-2022,Standard Class
SC-2022-09-163300,US-2022-163300,22-09-2022,Standard Class
SC-2022-09-116652,US-2022-116652,20-09-2022,Standard Class
SC-2022-09-130043,CA-2022-130043,20-09-2022,Standard Class
SC-2022-09-139822,CA-2022-139822,22-09-2022,Standard Class
SC-2022-09-145737,CA-2022-145737,21-09-2022,Standard Class
SC-2022-09-121888,CA-2022-121888,18-09-2022,Second Class
FC-2022-09-132353,CA-2022-132353,18-09-2022,First Class
SC-2022-09-127096,CA-2022-127096,18-09-2022,Second Class
SC-2022-09-134418,CA-2022-134418,21-09-2022,Standard Class
SC-2022-09-146185,CA-2022-146185,20-09-2022,Standard Class
SC-2022-09-163020,CA-2022-163020,20-09-2022,Standard Class
SC-2022-09-112984,CA-2022-112984,19-09-2022,Second Class
SC-2022-09-141446,CA-2022-141446,19-09-2022,Second Class
FC-2022-09-118136,CA-2022-118136,18-09-2022,First Class
FC-2022-09-136448,CA-2022-136448,19-09-2022,First Class
SC-2022-09-130715,CA-2022-130715,21-09-2022,Standard Class
SC-2022-09-134173,CA-2022-134173,22-09-2022,Standard Class
SC-2022-09-144113,CA-2022-144113,21-09-2022,Standard Class
FC-2022-09-142293,CA-2022-142293,21-09-2022,First Class
SC-2022-09-137470,CA-2022-137470,18-09-2022,Same Day
SC-2022-09-126928,CA-2022-126928,24-09-2022,Standard Class
SC-2022-09-157931,CA-2022-157931,23-09-2022,Second Class
SC-2022-09-112515,CA-2022-112515,22-09-2022,Second Class
SC-2022-09-105669,CA-2022-105669,23-09-2022,Second Class
SC-2022-09-164756,CA-2022-164756,23-09-2022,Standard Class
FC-2022-09-131016,CA-2022-131016,21-09-2022,First Class
SC-2022-09-166856,CA-2022-166856,23-09-2022,Standard Class
SC-2022-09-134439,CA-2022-134439,24-09-2022,Second Class
SC-2022-09-133333,CA-2022-133333,23-09-2022,Standard Class
SC-2022-09-148068,CA-2022-148068,26-09-2022,Standard Class
FC-2022-09-140508,CA-2022-140508,22-09-2022,First Class
SC-2022-09-106180,CA-2022-106180,24-09-2022,Standard Class
SC-2022-09-139787,CA-2022-139787,24-09-2022,Standard Class
SC-2022-09-153822,CA-2022-153822,26-09-2022,Standard Class
SC-2022-09-160801,CA-2022-160801,20-09-2022,Same Day
SC-2022-09-102974,CA-2022-102974,25-09-2022,Standard Class
SC-2022-09-143378,CA-2022-143378,26-09-2022,Standard Class
SC-2022-09-139619,CA-2022-139619,24-09-2022,Standard Class
SC-2022-09-148866,US-2022-148866,25-09-2022,Standard Class
SC-2022-09-100111,CA-2022-100111,27-09-2022,Standard Class
SC-2022-09-133074,CA-2022-133074,26-09-2022,Standard Class
SC-2022-09-169817,CA-2022-169817,26-09-2022,Standard Class
FC-2022-09-165155,CA-2022-165155,24-09-2022,First Class
FC-2022-09-132262,CA-2022-132262,24-09-2022,First Class
SC-2022-09-151428,CA-2022-151428,27-09-2022,Standard Class
SC-2022-09-146878,US-2022-146878,28-09-2022,Standard Class
SC-2022-09-123351,CA-2022-123351,26-09-2022,Standard Class
SC-2022-09-166317,CA-2022-166317,27-09-2022,Standard Class
SC-2022-09-102967,CA-2022-102967,27-09-2022,Standard Class
SC-2022-09-117009,CA-2022-117009,29-09-2022,Standard Class
SC-2022-09-103226,US-2022-103226,29-09-2022,Standard Class
SC-2022-09-158379,CA-2022-158379,27-09-2022,Second Class
SC-2022-09-162789,CA-2022-162789,25-09-2022,Second Class
SC-2022-09-161970,CA-2022-161970,28-09-2022,Standard Class
SC-2022-09-167381,CA-2022-167381,25-09-2022,Second Class
SC-2022-09-108245,US-2022-108245,28-09-2022,Standard Class
FC-2022-09-122196,CA-2022-122196,25-09-2022,First Class
FC-2022-09-161053,CA-2022-161053,24-09-2022,First Class
SC-2022-09-136000,CA-2022-136000,26-09-2022,Second Class
FC-2022-09-103520,CA-2022-103520,26-09-2022,First Class
SC-2022-09-121853,CA-2022-121853,30-09-2022,Standard Class
SC-2022-09-102309,CA-2022-102309,26-09-2022,Second Class
SC-2022-09-121412,CA-2022-121412,28-09-2022,Standard Class
SC-2022-09-117485,CA-2022-117485,30-09-2022,Standard Class
SC-2022-09-132059,US-2022-132059,30-09-2022,Standard Class
SC-2022-10-123778,CA-2022-123778,01-10-2022,Standard Class
SC-2022-09-132521,CA-2022-132521,26-09-2022,Second Class
SC-2022-09-125647,US-2022-125647,29-09-2022,Standard Class
FC-2022-09-121314,CA-2022-121314,27-09-2022,First Class
FC-2022-09-138422,CA-2022-138422,27-09-2022,First Class
SC-2022-09-122364,CA-2022-122364,30-09-2022,Standard Class
SC-2022-09-108910,CA-2022-108910,30-09-2022,Standard Class
FC-2022-09-163335,CA-2022-163335,28-09-2022,First Class
SC-2022-09-130148,CA-2022-130148,29-09-2022,Second Class
FC-2022-09-148411,CA-2022-148411,27-09-2022,First Class
SC-2022-09-121839,CA-2022-121839,29-09-2022,Standard Class
SC-2022-09-134096,CA-2022-134096,30-09-2022,Standard Class
SC-2022-09-144694,CA-2022-144694,27-09-2022,Second Class
SC-2022-09-142034,CA-2022-142034,29-09-2022,Standard Class
SC-2022-09-132675,US-2022-132675,29-09-2022,Standard Class
SC-2022-09-160325,CA-2022-160325,25-09-2022,Same Day
SC-2022-09-142391,CA-2022-142391,25-09-2022,Same Day
SC-2022-10-144904,CA-2022-144904,02-10-2022,Standard Class
FC-2022-09-169929,CA-2022-169929,29-09-2022,First Class
SC-2022-09-122112,CA-2022-122112,30-09-2022,Standard Class
FC-2022-09-112004,CA-2022-112004,29-09-2022,First Class
SC-2022-09-162572,CA-2022-162572,28-09-2022,Second Class
SC-2022-09-116939,CA-2022-116939,30-09-2022,Standard Class
SC-2022-09-162481,CA-2022-162481,30-09-2022,Standard Class
FC-2022-09-156391,CA-2022-156391,29-09-2022,First Class
SC-2022-09-106145,US-2022-106145,27-09-2022,Same Day
SC-2022-10-129490,CA-2022-129490,01-10-2022,Standard Class
SC-2022-10-160017,CA-2022-160017,03-10-2022,Standard Class
SC-2022-10-139955,US-2022-139955,01-10-2022,Second Class
SC-2022-10-152205,CA-2022-152205,06-10-2022,Standard Class
SC-2022-10-101574,CA-2022-101574,05-10-2022,Standard Class
FC-2022-10-125717,US-2022-125717,02-10-2022,First Class
SC-2022-09-121300,CA-2022-121300,30-09-2022,Same Day
SC-2022-10-137918,CA-2022-137918,07-10-2022,Standard Class
FC-2022-10-140186,CA-2022-140186,03-10-2022,First Class
FC-2022-10-141509,US-2022-141509,02-10-2022,First Class
SC-2022-10-100314,CA-2022-100314,06-10-2022,Standard Class
SC-2022-10-118402,CA-2022-118402,05-10-2022,Standard Class
FC-2022-10-126676,CA-2022-126676,02-10-2022,First Class
SC-2022-10-128335,CA-2022-128335,06-10-2022,Standard Class
SC-2022-10-148138,CA-2022-148138,04-10-2022,Standard Class
SC-2022-10-130603,US-2022-130603,07-10-2022,Standard Class
FC-2022-10-147452,CA-2022-147452,04-10-2022,First Class
SC-2022-10-144225,CA-2022-144225,03-10-2022,Second Class
SC-2022-10-123029,CA-2022-123029,03-10-2022,Second Class
FC-2022-10-120908,US-2022-120908,03-10-2022,First Class
SC-2022-10-156951,CA-2022-156951,09-10-2022,Standard Class
FC-2022-10-129378,CA-2022-129378,03-10-2022,First Class
SC-2022-10-139577,US-2022-139577,07-10-2022,Standard Class
SC-2022-10-152275,CA-2022-152275,09-10-2022,Standard Class
SC-2022-10-117807,CA-2022-117807,08-10-2022,Standard Class
FC-2022-10-113418,CA-2022-113418,04-10-2022,First Class
FC-2022-10-162558,US-2022-162558,06-10-2022,First Class
SC-2022-10-101308,CA-2022-101308,08-10-2022,Standard Class
SC-2022-10-105914,CA-2022-105914,09-10-2022,Standard Class
SC-2022-10-147564,CA-2022-147564,07-10-2022,Standard Class
SC-2022-10-152926,CA-2022-152926,05-10-2022,Second Class
SC-2022-10-141117,CA-2022-141117,09-10-2022,Standard Class
SC-2022-10-137414,CA-2022-137414,07-10-2022,Standard Class
SC-2022-10-123981,CA-2022-123981,09-10-2022,Standard Class
SC-2022-10-116113,CA-2022-116113,07-10-2022,Second Class
SC-2022-10-126074,CA-2022-126074,07-10-2022,Standard Class
SC-2022-10-134607,CA-2022-134607,09-10-2022,Second Class
SC-2022-10-144820,CA-2022-144820,08-10-2022,Second Class
SC-2022-10-149853,CA-2022-149853,10-10-2022,Standard Class
FC-2022-10-141789,CA-2022-141789,07-10-2022,First Class
SC-2022-10-143035,CA-2022-143035,06-10-2022,Second Class
SC-2022-10-101749,CA-2022-101749,09-10-2022,Standard Class
SC-2022-10-163818,CA-2022-163818,09-10-2022,Standard Class
SC-2022-10-131807,CA-2022-131807,11-10-2022,Standard Class
SC-2022-10-103247,US-2022-103247,09-10-2022,Second Class
SC-2022-10-143112,CA-2022-143112,10-10-2022,Standard Class
SC-2022-10-167661,CA-2022-167661,11-10-2022,Standard Class
FC-2022-10-157672,CA-2022-157672,08-10-2022,First Class
SC-2022-10-136868,US-2022-136868,13-10-2022,Standard Class
SC-2022-10-109099,CA-2022-109099,12-10-2022,Standard Class
SC-2022-10-137421,CA-2022-137421,12-10-2022,Standard Class
SC-2022-10-118577,CA-2022-118577,12-10-2022,Standard Class
SC-2022-10-146269,CA-2022-146269,07-10-2022,Same Day
SC-2022-10-148054,US-2022-148054,12-10-2022,Standard Class
SC-2022-10-108574,CA-2022-108574,12-10-2022,Standard Class
SC-2022-10-148404,CA-2022-148404,12-10-2022,Standard Class
SC-2022-10-104003,CA-2022-104003,14-10-2022,Standard Class
SC-2022-10-152709,CA-2022-152709,13-10-2022,Standard Class
SC-2022-10-128426,CA-2022-128426,12-10-2022,Standard Class
SC-2022-10-105487,CA-2022-105487,15-10-2022,Standard Class
SC-2022-10-168613,US-2022-168613,15-10-2022,Standard Class
FC-2022-10-151596,CA-2022-151596,12-10-2022,First Class
FC-2022-10-162635,CA-2022-162635,11-10-2022,First Class
SC-2022-10-141873,CA-2022-141873,15-10-2022,Standard Class
FC-2022-10-115595,US-2022-115595,12-10-2022,First Class
FC-2022-10-132430,CA-2022-132430,12-10-2022,First Class
SC-2022-10-117247,US-2022-117247,15-10-2022,Standard Class
SC-2022-10-163125,CA-2022-163125,12-10-2022,Second Class
SC-2022-10-111717,CA-2022-111717,17-10-2022,Standard Class
SC-2022-10-152933,CA-2022-152933,17-10-2022,Standard Class
SC-2022-10-152702,CA-2022-152702,17-10-2022,Standard Class
SC-2022-10-130505,CA-2022-130505,13-10-2022,Same Day
SC-2022-10-112431,CA-2022-112431,15-10-2022,Second Class
SC-2022-10-149146,CA-2022-149146,13-10-2022,Same Day
FC-2022-10-126536,CA-2022-126536,15-10-2022,First Class
SC-2022-10-168655,CA-2022-168655,19-10-2022,Standard Class
FC-2022-10-169362,CA-2022-169362,16-10-2022,First Class
FC-2022-10-169607,CA-2022-169607,16-10-2022,First Class
SC-2022-10-150091,CA-2022-150091,17-10-2022,Standard Class
SC-2022-10-132976,CA-2022-132976,18-10-2022,Standard Class
FC-2022-10-116519,CA-2022-116519,16-10-2022,First Class
FC-2022-10-163160,CA-2022-163160,17-10-2022,First Class
FC-2022-10-103212,CA-2022-103212,15-10-2022,First Class
SC-2022-10-135909,CA-2022-135909,21-10-2022,Standard Class
FC-2022-10-148831,US-2022-148831,16-10-2022,First Class
SC-2022-10-126123,CA-2022-126123,19-10-2022,Standard Class
SC-2022-10-150707,CA-2022-150707,20-10-2022,Standard Class
FC-2022-10-168837,CA-2022-168837,18-10-2022,First Class
SC-2022-10-151183,CA-2022-151183,20-10-2022,Standard Class
FC-2022-10-113670,CA-2022-113670,18-10-2022,First Class
SC-2022-10-154949,CA-2022-154949,20-10-2022,Standard Class
SC-2022-10-142643,CA-2022-142643,21-10-2022,Standard Class
SC-2022-10-164819,CA-2022-164819,20-10-2022,Second Class
SC-2022-10-100237,CA-2022-100237,20-10-2022,Standard Class
SC-2022-10-106033,CA-2022-106033,19-10-2022,Second Class
SC-2022-10-111577,CA-2022-111577,22-10-2022,Standard Class
SC-2022-10-159100,CA-2022-159100,22-10-2022,Standard Class
FC-2022-10-132234,CA-2022-132234,19-10-2022,First Class
SC-2022-10-159282,CA-2022-159282,22-10-2022,Standard Class
SC-2022-10-158386,CA-2022-158386,22-10-2022,Standard Class
SC-2022-10-165603,CA-2022-165603,20-10-2022,Second Class
SC-2022-10-123246,CA-2022-123246,20-10-2022,Second Class
SC-2022-10-114804,CA-2022-114804,20-10-2022,Second Class
SC-2022-10-125199,CA-2022-125199,26-10-2022,Standard Class
SC-2022-10-106432,CA-2022-106432,25-10-2022,Standard Class
SC-2022-10-107727,CA-2022-107727,24-10-2022,Second Class
SC-2022-10-159457,CA-2022-159457,27-10-2022,Standard Class
SC-2022-10-120390,US-2022-120390,27-10-2022,Standard Class
SC-2022-10-117653,CA-2022-117653,24-10-2022,Standard Class
SC-2022-10-125388,CA-2022-125388,24-10-2022,Standard Class
SC-2022-10-131492,CA-2022-131492,25-10-2022,Second Class
SC-2022-10-125990,CA-2022-125990,24-10-2022,Standard Class
SC-2022-10-103065,CA-2022-103065,21-10-2022,Same Day
SC-2022-10-147277,CA-2022-147277,25-10-2022,Standard Class
SC-2022-10-158722,CA-2022-158722,27-10-2022,Standard Class
SC-2022-10-115252,US-2022-115252,26-10-2022,Standard Class
SC-2022-10-104822,CA-2022-104822,21-10-2022,Same Day
SC-2022-10-146416,US-2022-146416,23-10-2022,Second Class
SC-2022-10-158743,CA-2022-158743,28-10-2022,Standard Class
FC-2022-10-167094,CA-2022-167094,23-10-2022,First Class
SC-2022-10-148166,CA-2022-148166,27-10-2022,Standard Class
SC-2022-10-117422,CA-2022-117422,26-10-2022,Standard Class
SC-2022-10-142125,CA-2022-142125,28-10-2022,Standard Class
SC-2022-10-145884,CA-2022-145884,22-10-2022,Same Day
SC-2022-10-100356,CA-2022-100356,26-10-2022,Standard Class
FC-2022-10-154410,CA-2022-154410,25-10-2022,First Class
SC-2022-10-113453,CA-2022-113453,29-10-2022,Standard Class
SC-2022-10-113558,CA-2022-113558,27-10-2022,Standard Class
SC-2022-10-117331,US-2022-117331,29-10-2022,Standard Class
SC-2022-10-130211,CA-2022-130211,23-10-2022,Same Day
FC-2022-10-127180,CA-2022-127180,25-10-2022,First Class
SC-2022-10-111920,US-2022-111920,27-10-2022,Standard Class
SC-2022-10-130141,CA-2022-130141,25-10-2022,Second Class
SC-2022-10-156363,CA-2022-156363,29-10-2022,Standard Class
SC-2022-10-101581,CA-2022-101581,28-10-2022,Standard Class
FC-2022-10-125451,CA-2022-125451,25-10-2022,First Class
SC-2022-10-117079,CA-2022-117079,28-10-2022,Standard Class
SC-2022-10-105389,US-2022-105389,29-10-2022,Second Class
SC-2022-10-139913,CA-2022-139913,30-10-2022,Standard Class
SC-2022-10-106068,CA-2022-106068,29-10-2022,Standard Class
SC-2022-10-144365,CA-2022-144365,31-10-2022,Standard Class
FC-2022-10-141705,CA-2022-141705,27-10-2022,First Class
SC-2022-11-155558,CA-2022-155558,03-11-2022,Standard Class
SC-2022-11-162173,CA-2022-162173,02-11-2022,Standard Class
SC-2022-11-110646,US-2022-110646,01-11-2022,Standard Class
SC-2022-10-115119,CA-2022-115119,31-10-2022,Standard Class
SC-2022-11-102729,CA-2022-102729,01-11-2022,Standard Class
SC-2022-11-110310,CA-2022-110310,03-11-2022,Standard Class
SC-2022-11-134880,CA-2022-134880,02-11-2022,Standard Class
SC-2022-11-127922,CA-2022-127922,04-11-2022,Standard Class
FC-2022-10-151225,CA-2022-151225,30-10-2022,First Class
FC-2022-10-130764,CA-2022-130764,29-10-2022,First Class
SC-2022-10-110373,CA-2022-110373,31-10-2022,Second Class
SC-2022-10-139353,CA-2022-139353,31-10-2022,Second Class
SC-2022-11-111262,CA-2022-111262,02-11-2022,Second Class
SC-2022-11-118367,CA-2022-118367,03-11-2022,Second Class
SC-2022-11-160661,CA-2022-160661,02-11-2022,Standard Class
SC-2022-11-160983,CA-2022-160983,01-11-2022,Second Class
FC-2022-11-155292,CA-2022-155292,02-11-2022,First Class
SC-2022-10-152583,CA-2022-152583,31-10-2022,Same Day
FC-2022-11-142622,CA-2022-142622,03-11-2022,First Class
SC-2022-11-152807,CA-2022-152807,04-11-2022,Standard Class
SC-2022-11-127285,CA-2022-127285,07-11-2022,Standard Class
SC-2022-11-123491,CA-2022-123491,06-11-2022,Standard Class
SC-2022-11-139661,CA-2022-139661,04-11-2022,Standard Class
SC-2022-11-131632,CA-2022-131632,05-11-2022,Standard Class
SC-2022-11-117114,CA-2022-117114,06-11-2022,Standard Class
SC-2022-11-104136,CA-2022-104136,05-11-2022,Second Class
SC-2022-11-123967,CA-2022-123967,04-11-2022,Second Class
SC-2022-11-127782,CA-2022-127782,07-11-2022,Standard Class
SC-2022-11-143567,CA-2022-143567,06-11-2022,Second Class
FC-2022-11-145597,US-2022-145597,06-11-2022,First Class
SC-2022-11-116358,CA-2022-116358,07-11-2022,Standard Class
SC-2022-11-115609,US-2022-115609,08-11-2022,Standard Class
SC-2022-11-164049,CA-2022-164049,07-11-2022,Standard Class
SC-2022-11-169005,CA-2022-169005,07-11-2022,Standard Class
FC-2022-11-167227,CA-2022-167227,06-11-2022,First Class
SC-2022-11-120061,CA-2022-120061,08-11-2022,Second Class
SC-2022-11-141425,CA-2022-141425,07-11-2022,Second Class
SC-2022-11-168179,CA-2022-168179,08-11-2022,Standard Class
SC-2022-11-163790,US-2022-163790,05-11-2022,Second Class
SC-2022-11-168802,US-2022-168802,08-11-2022,Standard Class
SC-2022-11-135419,CA-2022-135419,10-11-2022,Standard Class
SC-2022-11-126046,CA-2022-126046,08-11-2022,Standard Class
SC-2022-11-110989,US-2022-110989,06-11-2022,Second Class
FC-2022-11-105998,US-2022-105998,06-11-2022,First Class
SC-2022-11-130834,CA-2022-130834,07-11-2022,Second Class
SC-2022-11-110429,CA-2022-110429,09-11-2022,Standard Class
SC-2022-11-100622,CA-2022-100622,08-11-2022,Standard Class
SC-2022-11-121615,CA-2022-121615,10-11-2022,Standard Class
SC-2022-11-143329,CA-2022-143329,09-11-2022,Standard Class
SC-2022-11-103009,CA-2022-103009,06-11-2022,Second Class
SC-2022-11-153339,CA-2022-153339,06-11-2022,Second Class
SC-2022-11-148320,CA-2022-148320,09-11-2022,Standard Class
SC-2022-11-101518,US-2022-101518,09-11-2022,Standard Class
SC-2022-11-161130,CA-2022-161130,09-11-2022,Standard Class
SC-2022-11-142636,CA-2022-142636,08-11-2022,Standard Class
SC-2022-11-122672,US-2022-122672,10-11-2022,Standard Class
FC-2022-11-147760,CA-2022-147760,06-11-2022,First Class
SC-2022-11-168116,US-2022-168116,05-11-2022,Same Day
SC-2022-11-159135,CA-2022-159135,09-11-2022,Standard Class
SC-2022-11-105144,CA-2022-105144,12-11-2022,Standard Class
SC-2022-11-156083,US-2022-156083,12-11-2022,Standard Class
SC-2022-11-102610,CA-2022-102610,09-11-2022,Standard Class
SC-2022-11-121160,CA-2022-121160,05-11-2022,Same Day
SC-2022-11-102925,CA-2022-102925,11-11-2022,Second Class
FC-2022-11-118213,CA-2022-118213,08-11-2022,First Class
FC-2022-11-154732,CA-2022-154732,08-11-2022,First Class
SC-2022-11-107272,US-2022-107272,13-11-2022,Standard Class
SC-2022-11-157196,CA-2022-157196,10-11-2022,Standard Class
SC-2022-11-114258,CA-2022-114258,11-11-2022,Second Class
SC-2022-11-116225,CA-2022-116225,10-11-2022,Standard Class
FC-2022-11-111745,US-2022-111745,07-11-2022,First Class
SC-2022-11-144596,CA-2022-144596,11-11-2022,Standard Class
SC-2022-11-167941,CA-2022-167941,10-11-2022,Second Class
SC-2022-11-106691,CA-2022-106691,13-11-2022,Standard Class
SC-2022-11-119319,US-2022-119319,10-11-2022,Second Class
SC-2022-11-154109,CA-2022-154109,12-11-2022,Standard Class
SC-2022-11-153948,US-2022-153948,07-11-2022,Same Day
SC-2022-11-125290,CA-2022-125290,11-11-2022,Second Class
SC-2022-11-100013,CA-2022-100013,12-11-2022,Standard Class
SC-2022-11-107720,CA-2022-107720,14-11-2022,Standard Class
SC-2022-11-107174,CA-2022-107174,14-11-2022,Standard Class
SC-2022-11-150504,CA-2022-150504,13-11-2022,Standard Class
SC-2022-11-154816,CA-2022-154816,11-11-2022,Standard Class
SC-2022-11-109484,US-2022-109484,13-11-2022,Standard Class
SC-2022-11-132346,CA-2022-132346,12-11-2022,Standard Class
SC-2022-11-152737,CA-2022-152737,13-11-2022,Standard Class
SC-2022-11-149888,CA-2022-149888,14-11-2022,Standard Class
SC-2022-11-163188,CA-2022-163188,08-11-2022,Same Day
SC-2022-11-122504,CA-2022-122504,13-11-2022,Second Class
SC-2022-11-113572,CA-2022-113572,12-11-2022,Standard Class
SC-2022-11-113460,CA-2022-113460,10-11-2022,Second Class
SC-2022-11-155621,CA-2022-155621,14-11-2022,Standard Class
SC-2022-11-143658,CA-2022-143658,14-11-2022,Second Class
SC-2022-11-152912,CA-2022-152912,13-11-2022,Second Class
SC-2022-11-141852,US-2022-141852,15-11-2022,Standard Class
FC-2022-11-158246,CA-2022-158246,12-11-2022,First Class
SC-2022-11-159667,CA-2022-159667,14-11-2022,Standard Class
SC-2022-11-159597,CA-2022-159597,15-11-2022,Standard Class
SC-2022-11-161018,CA-2022-161018,12-11-2022,Second Class
SC-2022-11-119494,CA-2022-119494,14-11-2022,Standard Class
SC-2022-11-128447,US-2022-128447,18-11-2022,Standard Class
SC-2022-11-163874,CA-2022-163874,13-11-2022,Second Class
SC-2022-11-137624,CA-2022-137624,18-11-2022,Standard Class
FC-2022-11-155425,US-2022-155425,12-11-2022,First Class
SC-2022-11-141138,CA-2022-141138,17-11-2022,Standard Class
SC-2022-11-142671,CA-2022-142671,15-11-2022,Second Class
SC-2022-11-104640,CA-2022-104640,17-11-2022,Standard Class
SC-2022-11-162096,CA-2022-162096,11-11-2022,Same Day
SC-2022-11-161739,CA-2022-161739,16-11-2022,Second Class
SC-2022-11-167976,CA-2022-167976,15-11-2022,Second Class
SC-2022-11-158561,CA-2022-158561,17-11-2022,Second Class
SC-2022-11-143455,CA-2022-143455,19-11-2022,Standard Class
FC-2022-11-115448,CA-2022-115448,15-11-2022,First Class
SC-2022-11-110842,CA-2022-110842,17-11-2022,Standard Class
FC-2022-11-150959,CA-2022-150959,14-11-2022,First Class
SC-2022-11-154137,CA-2022-154137,18-11-2022,Standard Class
FC-2022-11-116491,US-2022-116491,14-11-2022,First Class
SC-2022-11-120327,CA-2022-120327,17-11-2022,Standard Class
SC-2022-11-157483,CA-2022-157483,19-11-2022,Standard Class
SC-2022-11-143217,CA-2022-143217,18-11-2022,Standard Class
SC-2022-11-148985,CA-2022-148985,16-11-2022,Second Class
SC-2022-11-164168,CA-2022-164168,19-11-2022,Standard Class
SC-2022-11-166835,CA-2022-166835,15-11-2022,Second Class
SC-2022-11-134915,CA-2022-134915,13-11-2022,Same Day
SC-2022-11-122644,CA-2022-122644,18-11-2022,Standard Class
SC-2022-11-116659,US-2022-116659,13-11-2022,Same Day
SC-2022-11-164364,CA-2022-164364,17-11-2022,Standard Class
FC-2022-11-136707,US-2022-136707,16-11-2022,First Class
SC-2022-11-149944,CA-2022-149944,17-11-2022,Second Class
SC-2022-11-154088,CA-2022-154088,18-11-2022,Standard Class
SC-2022-11-134978,CA-2022-134978,16-11-2022,Second Class
SC-2022-11-125808,US-2022-125808,16-11-2022,Second Class
SC-2022-11-130386,CA-2022-130386,19-11-2022,Standard Class
SC-2022-11-160514,CA-2022-160514,17-11-2022,Standard Class
SC-2022-11-132220,US-2022-132220,17-11-2022,Standard Class
FC-2022-11-165344,US-2022-165344,16-11-2022,First Class
SC-2022-11-153633,US-2022-153633,19-11-2022,Second Class
SC-2022-11-113873,CA-2022-113873,20-11-2022,Standard Class
SC-2022-11-140312,US-2022-140312,20-11-2022,Standard Class
FC-2022-11-159156,CA-2022-159156,17-11-2022,First Class
SC-2022-11-122490,CA-2022-122490,19-11-2022,Standard Class
SC-2022-11-165204,CA-2022-165204,17-11-2022,Second Class
SC-2022-11-124926,US-2022-124926,19-11-2022,Second Class
SC-2022-11-123624,CA-2022-123624,18-11-2022,Second Class
SC-2022-11-112844,CA-2022-112844,17-11-2022,Second Class
SC-2022-11-160416,CA-2022-160416,19-11-2022,Second Class
SC-2022-11-133620,CA-2022-133620,19-11-2022,Standard Class
FC-2022-11-119662,US-2022-119662,17-11-2022,First Class
SC-2022-11-102904,US-2022-102904,21-11-2022,Standard Class
SC-2022-11-137323,CA-2022-137323,19-11-2022,Second Class
SC-2022-11-136679,US-2022-136679,19-11-2022,Standard Class
FC-2022-11-118157,US-2022-118157,18-11-2022,First Class
SC-2022-11-152142,CA-2022-152142,20-11-2022,Standard Class
SC-2022-11-106943,CA-2022-106943,20-11-2022,Standard Class
SC-2022-11-142489,CA-2022-142489,17-11-2022,Second Class
SC-2022-11-138611,CA-2022-138611,18-11-2022,Second Class
SC-2022-11-124261,CA-2022-124261,20-11-2022,Standard Class
SC-2022-11-108112,CA-2022-108112,21-11-2022,Standard Class
SC-2022-11-137022,CA-2022-137022,23-11-2022,Standard Class
SC-2022-11-121678,CA-2022-121678,21-11-2022,Second Class
FC-2022-11-107888,US-2022-107888,20-11-2022,First Class
SC-2022-11-157896,US-2022-157896,17-11-2022,Same Day
SC-2022-11-160633,CA-2022-160633,22-11-2022,Standard Class
SC-2022-11-114657,US-2022-114657,22-11-2022,Standard Class
SC-2022-11-100601,CA-2022-100601,21-11-2022,Standard Class
SC-2022-11-122945,CA-2022-122945,23-11-2022,Standard Class
SC-2022-11-118598,US-2022-118598,17-11-2022,Same Day
SC-2022-11-108091,CA-2022-108091,22-11-2022,Standard Class
SC-2022-11-157448,CA-2022-157448,21-11-2022,Standard Class
SC-2022-11-136308,CA-2022-136308,17-11-2022,Same Day
SC-2022-11-118122,CA-2022-118122,25-11-2022,Standard Class
SC-2022-11-158120,CA-2022-158120,22-11-2022,Standard Class
SC-2022-11-116505,US-2022-116505,22-11-2022,Second Class
SC-2022-11-100902,CA-2022-100902,22-11-2022,Standard Class
FC-2022-11-138163,CA-2022-138163,21-11-2022,First Class
SC-2022-11-163629,CA-2022-163629,22-11-2022,Standard Class
SC-2022-11-165687,CA-2022-165687,24-11-2022,Standard Class
SC-2022-11-141719,CA-2022-141719,22-11-2022,Second Class
SC-2022-11-166709,CA-2022-166709,23-11-2022,Standard Class
SC-2022-11-128265,CA-2022-128265,23-11-2022,Second Class
SC-2022-11-155866,US-2022-155866,22-11-2022,Standard Class
SC-2022-11-124674,CA-2022-124674,24-11-2022,Standard Class
SC-2022-11-160122,CA-2022-160122,24-11-2022,Standard Class
SC-2022-11-104864,CA-2022-104864,24-11-2022,Second Class
FC-2022-11-132444,US-2022-132444,22-11-2022,First Class
SC-2022-11-158946,US-2022-158946,24-11-2022,Standard Class
SC-2022-11-107825,CA-2022-107825,19-11-2022,Same Day
SC-2022-11-143434,CA-2022-143434,25-11-2022,Standard Class
SC-2022-11-104913,CA-2022-104913,23-11-2022,Standard Class
SC-2022-11-167871,CA-2022-167871,24-11-2022,Standard Class
SC-2022-11-168858,CA-2022-168858,24-11-2022,Standard Class
SC-2022-11-143021,CA-2022-143021,20-11-2022,Same Day
FC-2022-11-112529,CA-2022-112529,22-11-2022,First Class
SC-2022-11-152380,US-2022-152380,24-11-2022,Standard Class
SC-2022-11-158876,CA-2022-158876,22-11-2022,Second Class
FC-2022-11-162929,CA-2022-162929,23-11-2022,First Class
SC-2022-11-126242,CA-2022-126242,25-11-2022,Standard Class
FC-2022-11-131254,CA-2022-131254,22-11-2022,First Class
SC-2022-11-110926,CA-2022-110926,24-11-2022,Standard Class
SC-2022-11-146458,CA-2022-146458,23-11-2022,Second Class
FC-2022-11-121468,CA-2022-121468,21-11-2022,First Class
SC-2022-11-101042,CA-2022-101042,24-11-2022,Standard Class
SC-2022-11-137491,US-2022-137491,26-11-2022,Standard Class
SC-2022-11-139969,US-2022-139969,27-11-2022,Standard Class
SC-2022-11-108014,US-2022-108014,26-11-2022,Standard Class
FC-2022-11-111556,CA-2022-111556,23-11-2022,First Class
SC-2022-11-118731,CA-2022-118731,23-11-2022,Second Class
SC-2022-11-120404,CA-2022-120404,25-11-2022,Second Class
SC-2022-11-110996,US-2022-110996,26-11-2022,Standard Class
SC-2022-11-103499,CA-2022-103499,25-11-2022,Standard Class
SC-2022-11-146724,CA-2022-146724,28-11-2022,Standard Class
SC-2022-11-161193,US-2022-161193,27-11-2022,Standard Class
FC-2022-11-121818,CA-2022-121818,22-11-2022,First Class
SC-2022-11-154123,CA-2022-154123,26-11-2022,Standard Class
SC-2022-11-110443,CA-2022-110443,26-11-2022,Standard Class
SC-2022-11-103380,CA-2022-103380,26-11-2022,Standard Class
SC-2022-11-157420,CA-2022-157420,22-11-2022,Same Day
SC-2022-11-142888,CA-2022-142888,26-11-2022,Standard Class
SC-2022-11-105130,CA-2022-105130,26-11-2022,Standard Class
SC-2022-11-107874,CA-2022-107874,26-11-2022,Standard Class
FC-2022-11-100811,CA-2022-100811,25-11-2022,First Class
SC-2022-11-144036,CA-2022-144036,27-11-2022,Standard Class
SC-2022-11-166919,CA-2022-166919,28-11-2022,Standard Class
SC-2022-11-149160,CA-2022-149160,27-11-2022,Second Class
FC-2022-11-156622,CA-2022-156622,27-11-2022,First Class
FC-2022-11-167017,CA-2022-167017,26-11-2022,First Class
SC-2022-11-119004,CA-2022-119004,29-11-2022,Standard Class
FC-2022-11-103156,CA-2022-103156,25-11-2022,First Class
SC-2022-11-119746,CA-2022-119746,28-11-2022,Standard Class
SC-2022-11-148992,CA-2022-148992,28-11-2022,Standard Class
SC-2022-11-107832,CA-2022-107832,27-11-2022,Second Class
SC-2022-12-168641,CA-2022-168641,02-12-2022,Standard Class
SC-2022-11-101945,CA-2022-101945,29-11-2022,Standard Class
SC-2022-11-131366,CA-2022-131366,30-11-2022,Standard Class
SC-2022-12-128118,US-2022-128118,02-12-2022,Standard Class
SC-2022-11-169894,CA-2022-169894,30-11-2022,Second Class
SC-2022-12-103765,CA-2022-103765,01-12-2022,Standard Class
SC-2022-11-137505,CA-2022-137505,25-11-2022,Same Day
SC-2022-12-146535,CA-2022-146535,01-12-2022,Standard Class
SC-2022-11-166436,CA-2022-166436,29-11-2022,Standard Class
SC-2022-11-128300,CA-2022-128300,27-11-2022,Second Class
SC-2022-11-105543,CA-2022-105543,25-11-2022,Same Day
SC-2022-11-162250,CA-2022-162250,25-11-2022,Same Day
SC-2022-11-153654,CA-2022-153654,27-11-2022,Second Class
SC-2022-12-164028,CA-2022-164028,01-12-2022,Standard Class
FC-2022-11-123701,CA-2022-123701,28-11-2022,First Class
SC-2022-11-155159,CA-2022-155159,30-11-2022,Second Class
SC-2022-12-150266,CA-2022-150266,01-12-2022,Standard Class
SC-2022-12-101665,CA-2022-101665,02-12-2022,Standard Class
SC-2022-11-161459,CA-2022-161459,30-11-2022,Second Class
SC-2022-12-124765,CA-2022-124765,01-12-2022,Standard Class
SC-2022-11-129000,CA-2022-129000,28-11-2022,Second Class
SC-2022-12-109610,US-2022-109610,01-12-2022,Second Class
SC-2022-11-133312,US-2022-133312,30-11-2022,Standard Class
SC-2022-12-155957,CA-2022-155957,01-12-2022,Standard Class
SC-2022-12-141439,CA-2022-141439,02-12-2022,Standard Class
FC-2022-11-135307,CA-2022-135307,28-11-2022,First Class
SC-2022-12-155607,CA-2022-155607,01-12-2022,Standard Class
SC-2022-11-100097,CA-2022-100097,30-11-2022,Second Class
SC-2022-12-122700,CA-2022-122700,01-12-2022,Standard Class
FC-2022-11-130526,CA-2022-130526,30-11-2022,First Class
SC-2022-12-165029,CA-2022-165029,01-12-2022,Standard Class
SC-2022-12-159506,CA-2022-159506,03-12-2022,Standard Class
SC-2022-12-101245,CA-2022-101245,04-12-2022,Standard Class
SC-2022-12-107125,CA-2022-107125,03-12-2022,Standard Class
SC-2022-12-103352,CA-2022-103352,01-12-2022,Second Class
SC-2022-12-132185,CA-2022-132185,03-12-2022,Standard Class
FC-2022-11-102519,CA-2022-102519,30-11-2022,First Class
SC-2022-12-133207,CA-2022-133207,04-12-2022,Standard Class
SC-2022-12-117702,CA-2022-117702,05-12-2022,Standard Class
SC-2022-12-110576,US-2022-110576,03-12-2022,Standard Class
FC-2022-12-121538,CA-2022-121538,02-12-2022,First Class
SC-2022-12-123372,CA-2022-123372,03-12-2022,Standard Class
SC-2022-12-131303,CA-2022-131303,03-12-2022,Standard Class
SC-2022-12-108035,CA-2022-108035,04-12-2022,Standard Class
SC-2022-06-121559,CA-2022-121559,04-06-2022,Second Class
FC-2022-06-106831,CA-2022-106831,04-06-2022,First Class
SC-2022-06-146493,CA-2022-146493,06-06-2022,Standard Class
SC-2022-06-112928,US-2022-112928,06-06-2022,Second Class
SC-2022-06-157413,CA-2022-157413,07-06-2022,Standard Class
SC-2022-06-143294,CA-2022-143294,09-06-2022,Standard Class
SC-2022-06-127705,CA-2022-127705,07-06-2022,Standard Class
SC-2022-06-158883,CA-2022-158883,04-06-2022,Same Day
SC-2022-06-140760,CA-2022-140760,06-06-2022,Second Class
SC-2022-06-140872,CA-2022-140872,11-06-2022,Standard Class
SC-2022-06-145772,CA-2022-145772,08-06-2022,Standard Class
SC-2022-06-145506,CA-2022-145506,08-06-2022,Standard Class
SC-2022-06-126382,CA-2022-126382,08-06-2022,Standard Class
SC-2022-06-150420,CA-2022-150420,09-06-2022,Standard Class
SC-2022-06-113908,CA-2022-113908,10-06-2022,Standard Class
SC-2022-06-158953,CA-2022-158953,09-06-2022,Standard Class
SC-2022-06-149720,CA-2022-149720,08-06-2022,Second Class
SC-2022-06-133095,CA-2022-133095,05-06-2022,Same Day
SC-2022-06-158106,CA-2022-158106,11-06-2022,Standard Class
SC-2022-06-100426,CA-2022-100426,09-06-2022,Standard Class
SC-2022-06-158407,CA-2022-158407,11-06-2022,Standard Class
SC-2022-06-141614,CA-2022-141614,10-06-2022,Standard Class
FC-2022-06-126788,CA-2022-126788,07-06-2022,First Class
SC-2022-06-131849,US-2022-131849,11-06-2022,Standard Class
FC-2022-06-109316,US-2022-109316,11-06-2022,First Class
SC-2022-06-132682,CA-2022-132682,11-06-2022,Second Class
SC-2022-06-106579,US-2022-106579,14-06-2022,Standard Class
SC-2022-06-155299,US-2022-155299,13-06-2022,Standard Class
SC-2022-06-117436,CA-2022-117436,15-06-2022,Standard Class
SC-2022-06-107979,US-2022-107979,14-06-2022,Standard Class
FC-2022-06-100951,CA-2022-100951,11-06-2022,First Class
SC-2022-06-146822,US-2022-146822,15-06-2022,Standard Class
SC-2022-06-106663,US-2022-106663,14-06-2022,Standard Class
FC-2022-06-143343,CA-2022-143343,14-06-2022,First Class
SC-2022-06-137001,CA-2022-137001,14-06-2022,Second Class
SC-2022-06-167080,CA-2022-167080,15-06-2022,Standard Class
SC-2022-06-106103,CA-2022-106103,16-06-2022,Standard Class
SC-2022-06-107167,CA-2022-107167,15-06-2022,Standard Class
FC-2022-06-140963,CA-2022-140963,14-06-2022,First Class
SC-2022-06-158071,CA-2022-158071,16-06-2022,Standard Class
SC-2022-06-112172,CA-2022-112172,15-06-2022,Second Class
SC-2022-06-131583,US-2022-131583,11-06-2022,Same Day
FC-2022-06-120418,US-2022-120418,13-06-2022,First Class
SC-2022-06-102554,CA-2022-102554,16-06-2022,Standard Class
SC-2022-06-133928,CA-2022-133928,18-06-2022,Standard Class
FC-2022-06-141481,CA-2022-141481,15-06-2022,First Class
SC-2022-06-134565,CA-2022-134565,14-06-2022,Second Class
SC-2022-06-152002,US-2022-152002,12-06-2022,Same Day
SC-2022-06-108441,CA-2022-108441,19-06-2022,Standard Class
SC-2022-06-143861,CA-2022-143861,20-06-2022,Standard Class
SC-2022-06-148474,CA-2022-148474,20-06-2022,Standard Class
SC-2022-06-119424,CA-2022-119424,15-06-2022,Second Class
SC-2022-06-117821,CA-2022-117821,17-06-2022,Standard Class
SC-2022-06-124191,CA-2022-124191,15-06-2022,Second Class
FC-2022-06-102337,CA-2022-102337,17-06-2022,First Class
SC-2022-06-122056,CA-2022-122056,18-06-2022,Standard Class
SC-2022-06-104850,CA-2022-104850,20-06-2022,Standard Class
SC-2022-06-126914,CA-2022-126914,20-06-2022,Standard Class
SC-2022-06-111178,CA-2022-111178,23-06-2022,Standard Class
SC-2022-06-119284,CA-2022-119284,21-06-2022,Standard Class
SC-2022-06-135167,CA-2022-135167,21-06-2022,Standard Class
SC-2022-06-169901,CA-2022-169901,20-06-2022,Standard Class
FC-2022-06-169691,CA-2022-169691,19-06-2022,First Class
SC-2022-06-118864,CA-2022-118864,20-06-2022,Second Class
SC-2022-06-155873,CA-2022-155873,22-06-2022,Standard Class
SC-2022-06-111269,CA-2022-111269,19-06-2022,Second Class
SC-2022-06-136826,CA-2022-136826,21-06-2022,Standard Class
SC-2022-06-132206,US-2022-132206,22-06-2022,Standard Class
SC-2022-06-129462,CA-2022-129462,22-06-2022,Second Class
FC-2022-06-105214,CA-2022-105214,20-06-2022,First Class
SC-2022-06-165323,CA-2022-165323,22-06-2022,Standard Class
SC-2022-06-118437,CA-2022-118437,22-06-2022,Second Class
FC-2022-06-157833,CA-2022-157833,21-06-2022,First Class
FC-2022-06-146346,CA-2022-146346,21-06-2022,First Class
FC-2022-06-131618,CA-2022-131618,21-06-2022,First Class
SC-2022-06-112753,CA-2022-112753,24-06-2022,Standard Class
SC-2022-06-162712,CA-2022-162712,21-06-2022,Second Class
SC-2022-06-169999,CA-2022-169999,27-06-2022,Standard Class
SC-2022-06-140844,CA-2022-140844,24-06-2022,Standard Class
SC-2022-06-138870,CA-2022-138870,24-06-2022,Standard Class
SC-2022-06-154011,CA-2022-154011,27-06-2022,Standard Class
SC-2022-06-102288,US-2022-102288,24-06-2022,Standard Class
SC-2022-06-128944,CA-2022-128944,22-06-2022,Second Class
SC-2022-06-141992,CA-2022-141992,26-06-2022,Standard Class
FC-2022-06-151218,CA-2022-151218,24-06-2022,First Class
SC-2022-06-101434,CA-2022-101434,28-06-2022,Standard Class
SC-2022-06-132934,CA-2022-132934,27-06-2022,Standard Class
SC-2022-06-135986,US-2022-135986,28-06-2022,Standard Class
SC-2022-06-106852,CA-2022-106852,28-06-2022,Standard Class
SC-2022-06-124744,CA-2022-124744,26-06-2022,Standard Class
SC-2022-06-101049,CA-2022-101049,26-06-2022,Second Class
SC-2022-06-165757,CA-2022-165757,29-06-2022,Standard Class
SC-2022-06-105823,CA-2022-105823,27-06-2022,Standard Class
FC-2022-06-133781,US-2022-133781,24-06-2022,First Class
SC-2022-06-155936,CA-2022-155936,30-06-2022,Standard Class
SC-2022-06-159107,CA-2022-159107,27-06-2022,Second Class
SC-2022-07-100384,CA-2022-100384,02-07-2022,Standard Class
SC-2022-06-132955,CA-2022-132955,29-06-2022,Standard Class
SC-2022-07-151316,US-2022-151316,01-07-2022,Standard Class
SC-2022-06-105074,CA-2022-105074,30-06-2022,Standard Class
SC-2022-06-136350,CA-2022-136350,27-06-2022,Second Class
SC-2022-06-122105,CA-2022-122105,29-06-2022,Standard Class
SC-2022-07-133648,CA-2022-133648,03-07-2022,Standard Class
SC-2022-06-124821,US-2022-124821,30-06-2022,Second Class
SC-2022-07-134796,CA-2022-134796,02-07-2022,Standard Class
SC-2022-07-163531,CA-2022-163531,01-07-2022,Standard Class
SC-2022-07-107132,CA-2022-107132,01-07-2022,Standard Class
FC-2022-06-133256,CA-2022-133256,28-06-2022,First Class
SC-2022-07-157091,CA-2022-157091,02-07-2022,Standard Class
SC-2022-07-115364,CA-2022-115364,03-07-2022,Standard Class
SC-2022-07-138310,CA-2022-138310,01-07-2022,Standard Class
SC-2022-07-100636,CA-2022-100636,01-07-2022,Standard Class
SC-2022-07-161410,CA-2022-161410,04-07-2022,Standard Class
SC-2022-07-148810,CA-2022-148810,02-07-2022,Standard Class
SC-2022-07-123638,CA-2022-123638,05-07-2022,Standard Class
SC-2022-06-116988,CA-2022-116988,30-06-2022,Second Class
SC-2022-07-151190,CA-2022-151190,02-07-2022,Standard Class
FC-2022-07-138149,CA-2022-138149,01-07-2022,First Class
SC-2022-07-137085,CA-2022-137085,07-07-2022,Standard Class
FC-2022-07-137449,CA-2022-137449,01-07-2022,First Class
SC-2022-07-126081,US-2022-126081,05-07-2022,Standard Class
SC-2022-07-147039,CA-2022-147039,05-07-2022,Standard Class
FC-2022-07-143574,CA-2022-143574,03-07-2022,First Class
SC-2022-07-100650,CA-2022-100650,04-07-2022,Second Class
